Calories (kcal),Carbohydrates (g),Protein (g),Fats (g),Free Sugar (g),Fibre (g),Sodium (mg),Breakfast,Lunch,Dinner,Snack,Calcium (mg),Iron (mg),Vitamin C (mg),Disease,Diet Preference
1504,170.17,89.59,49.34,10.98,19.9,1206,2 Boiled Eggs with 2 Brown Bread Toasts & Green Tea,Chicken Biryani with Mint Zeera Raita & Fresh Salad,Palak Gosht (Spinach Mutton Curry) with 1.5 Chapatis,Roasted Chickpeas (Bhuna Chana - 50g) with Green Tea,446,15.04,38.27,"Hypertension, Heart Disease, Obesity, Kidney Disease","Pakistani, Indian, Low Fat, Dash, Balanced"
1297,128.04,81.07,46.98,16.21,12.39,1131,2 Boiled Eggs with 2 Brown Bread Toasts & Green Tea,Kofta Curry (Spiced Meatballs) with 2 Chapatis,Peshawari Chapli Kabab with 1 Whole Wheat Roti & Salad,Doodh Patti Chai with 2 Whole Wheat Rusks,299,11.14,19.95,"Heart Disease, Obesity, Kidney Disease","Pakistani, Indian, Low Carb, Traditional"
1574,157.4,103.74,53.15,14.82,19.21,1502,2 Boiled Eggs with 2 Brown Bread Toasts & Green Tea,Aloo Gosht (Potato Beef Curry) with 1.5 Tandoori Rotis,Machli (Fried Spiced Fish) with 1 Roti & Fresh Lemon,"Chana Chaat with Dahi, Onion, Tomato & Tamarind Chutney",383,13.7,30.15,"Heart Disease, Obesity","Pakistani, Indian, Low Carb, Traditional"
1724,216.75,76.07,57.28,39.74,22.19,1166,Mooli Paratha with Zeera Raita & Chai,Lobia / Red Kidney Bean Curry (Kalool) with Zeera Rice,Machli (Fried Spiced Fish) with 1 Roti & Fresh Lemon,Gajar ka Halwa (100g Small Cup - Traditional Sweet),526,12.28,27.35,"Hypertension, Kidney Disease","Pakistani, Indian, Traditional, Balanced"
1592,165.61,104.42,53.82,14.72,17.02,1316,1 Whole Wheat Chapati with Fried Egg & Doodh Patti Chai,Chicken Karahi (200g) with 2 Whole Wheat Chapatis & Salad,Chicken Haleem with 1 Tandoori Naan & Brown Onions,1 Chicken Shami Kebab with Sliced Cucumber & Mint Raita,276,12.33,25.76,"Heart Disease, Obesity","Pakistani, Indian, Low Carb, Traditional"
1579,162.65,67.64,71.28,15.79,19.61,1368,Plain Desi Ghee Paratha with Shami Kabab & Chai,Bhindi Masala (Okra Curry) with 2 Whole Wheat Chapatis,Peshawari Chapli Kabab with 1 Whole Wheat Roti & Salad,1 Vegetable Potato Samosa with Mint Green Chutney,340,13.2,50.23,Kidney Disease,"Pakistani, Indian, Low Carb, Traditional"
1910,264.31,52.75,74.96,68.86,29.76,1344,Halwa Puri with Chana Masala (Sunday Special),Bhindi Masala (Okra Curry) with 2 Whole Wheat Chapatis,Palak Paneer (Spinach with Cottage Cheese) with 2 Chapatis,"Fresh Fruit Chaat (Apple, Guava, Banana & Chaat Masala)",605,15.21,117.72,Kidney Disease,"Pakistani, Indian, Traditional, Balanced"
1290,134.04,76.35,46.66,16.97,14.08,1077,Besan ka Chilla (Savory Gram Flour Pancake) with Mint Dahi,Kofta Curry (Spiced Meatballs) with 2 Chapatis,Peshawari Chapli Kabab with 1 Whole Wheat Roti & Salad,Doodh Patti Chai with 2 Whole Wheat Rusks,305,11.96,22.91,"Heart Disease, Obesity, Kidney Disease","Pakistani, Indian, Low Carb, Traditional"
1428,230.83,54.76,31.46,24.69,31.78,854,Wheat Dalia (Cracked Wheat Porridge in Buffalo Milk),Daal Channa with 2 Chapatis & Onion Salad,"Mix Sabzi (Carrot, Peas, Potatoes) with 2 Chapatis",Roasted Chickpeas (Bhuna Chana - 50g) with Green Tea,499,13.21,47.78,"Diabetes, Hypertension, Heart Disease, Obesity, Kidney Disease","Pakistani, Indian, Vegetarian, Balanced"
1906,191.75,95.53,80.65,19.4,20.64,1635,1 Whole Wheat Chapati with Fried Egg & Doodh Patti Chai,Aloo Gosht (Potato Beef Curry) with 1.5 Tandoori Rotis,Palak Gosht (Spinach Mutton Curry) with 1.5 Chapatis,1 Vegetable Potato Samosa with Mint Green Chutney,429,17.71,48.5,None,"Pakistani, Indian, Traditional, Balanced"
1752,213.96,85.17,57.69,41.11,26.22,1206,2 Boiled Eggs with 2 Brown Bread Toasts & Green Tea,Lobia / Red Kidney Bean Curry (Kalool) with Zeera Rice,Palak Gosht (Spinach Mutton Curry) with 1.5 Chapatis,Gajar ka Halwa (100g Small Cup - Traditional Sweet),582,16.99,39.86,"Hypertension, Kidney Disease","Pakistani, Indian, Traditional, Balanced"
1674,204.16,76.11,63.13,38.5,18.36,1289,Halwa Puri with Chana Masala (Sunday Special),Chicken Karahi (200g) with 2 Whole Wheat Chapatis & Salad,"Mix Sabzi (Carrot, Peas, Potatoes) with 2 Chapatis",1 Chicken Shami Kebab with Sliced Cucumber & Mint Raita,260,11.73,53.73,Kidney Disease,"Pakistani, Indian, Traditional, Balanced"
1508,224.73,59.73,40.49,25.81,24.7,1078,Wheat Dalia (Cracked Wheat Porridge in Buffalo Milk),Daal Masoor Curry with Boiled Basmati Rice & Kachumber,Palak Paneer (Spinach with Cottage Cheese) with 2 Chapatis,Dahi Bhalla (Dahi Baray) with Chaat Masala & Papdi,734,13.87,45.55,"Diabetes, Hypertension, Heart Disease, Obesity, Kidney Disease","Pakistani, Indian, Vegetarian, Balanced"
1678,168.76,106.85,61.45,19.72,11.46,1247,Plain Desi Ghee Paratha with Shami Kabab & Chai,Chicken Karahi (200g) with 2 Whole Wheat Chapatis & Salad,Balochi Sajji (Roasted Chicken) with 1 cup Zeera Rice,Doodh Patti Chai with 2 Whole Wheat Rusks,330,11.28,21.1,None,"Pakistani, Indian, Low Carb, Traditional"
1435,189.52,55.95,48.28,18.05,22.74,1236,Mooli Paratha with Zeera Raita & Chai,Aloo Gosht (Potato Beef Curry) with 1.5 Tandoori Rotis,"Mix Sabzi (Carrot, Peas, Potatoes) with 2 Chapatis","Chana Chaat with Dahi, Onion, Tomato & Tamarind Chutney",325,11.91,63.17,"Diabetes, Heart Disease, Kidney Disease","Pakistani, Indian, Low Fat, Dash, Balanced"
1274,172.14,54.85,40.08,31.64,21.77,979,1 Whole Wheat Chapati with Fried Egg & Doodh Patti Chai,Bhindi Masala (Okra Curry) with 2 Whole Wheat Chapatis,Chicken Haleem with 1 Tandoori Naan & Brown Onions,"Fresh Fruit Chaat (Apple, Guava, Banana & Chaat Masala)",300,9.79,70.88,"Diabetes, Heart Disease, Obesity, Kidney Disease","Pakistani, Indian, Low Fat, Dash, Balanced"
1415,173.24,62.75,48.12,48.12,20.02,837,Oatmeal Porridge in Cow Milk with Sliced Bananas & Almonds,Bhindi Masala (Okra Curry) with 2 Whole Wheat Chapatis,Machli (Fried Spiced Fish) with 1 Roti & Fresh Lemon,Gajar ka Halwa (100g Small Cup - Traditional Sweet),558,9.53,43.31,"Hypertension, Kidney Disease","Pakistani, Indian, Low Fat, Dash, Balanced"
1472,156.31,90.42,51.35,15.63,18.99,1263,Besan ka Chilla (Savory Gram Flour Pancake) with Mint Dahi,Chicken Karahi (200g) with 2 Whole Wheat Chapatis & Salad,Palak Gosht (Spinach Mutton Curry) with 1.5 Chapatis,Dahi Bhalla (Dahi Baray) with Chaat Masala & Papdi,450,14.81,47.26,"Hypertension, Heart Disease, Obesity","Pakistani, Indian, Low Carb, Traditional"
1921,212.64,96.03,72.02,23.66,21.04,1520,Mooli Paratha with Zeera Raita & Chai,Kofta Curry (Spiced Meatballs) with 2 Chapatis,Palak Gosht (Spinach Mutton Curry) with 1.5 Chapatis,Doodh Patti Chai with 2 Whole Wheat Rusks,577,17.15,55.45,"Diabetes, Hypertension","Pakistani, Indian, Traditional, Balanced"
1495,164.56,78.27,55.69,17.06,19.37,1355,Anda Ghotala (Spiced Scrambled Eggs) with 1 Tandoori Roti,Bhindi Masala (Okra Curry) with 2 Whole Wheat Chapatis,Machli (Fried Spiced Fish) with 1 Roti & Fresh Lemon,Dahi Bhalla (Dahi Baray) with Chaat Masala & Papdi,467,11.44,49.67,"Hypertension, Heart Disease, Obesity, Kidney Disease","Pakistani, Indian, Low Carb, Traditional"
1778,190.35,102.5,63.28,17.78,16.42,1673,2 Boiled Eggs with 2 Brown Bread Toasts & Green Tea,Chicken Biryani with Mint Zeera Raita & Fresh Salad,Peshawari Chapli Kabab with 1 Whole Wheat Roti & Salad,Dahi Bhalla (Dahi Baray) with Chaat Masala & Papdi,450,14.01,32.42,"Heart Disease, Obesity","Pakistani, Indian, Traditional, Balanced"
1494,170.41,74.68,53.61,19.15,18.0,1235,Anda Ghotala (Spiced Scrambled Eggs) with 1 Tandoori Roti,Daal Channa with 2 Chapatis & Onion Salad,Peshawari Chapli Kabab with 1 Whole Wheat Roti & Salad,Doodh Patti Chai with 2 Whole Wheat Rusks,330,12.73,27.29,"Heart Disease, Obesity, Kidney Disease","Pakistani, Indian, Traditional, Balanced"
1661,183.16,99.04,55.91,17.25,25.45,1459,Besan ka Chilla (Savory Gram Flour Pancake) with Mint Dahi,Kofta Curry (Spiced Meatballs) with 2 Chapatis,Palak Gosht (Spinach Mutton Curry) with 1.5 Chapatis,"Chana Chaat with Dahi, Onion, Tomato & Tamarind Chutney",479,18.96,55.91,"Diabetes, Hypertension, Heart Disease, Obesity","Pakistani, Indian, Traditional, Balanced"
1350,122.14,93.76,49.89,9.63,15.65,1221,2 Boiled Eggs with 2 Brown Bread Toasts & Green Tea,Kofta Curry (Spiced Meatballs) with 2 Chapatis,Palak Gosht (Spinach Mutton Curry) with 1.5 Chapatis,1 Chicken Shami Kebab with Sliced Cucumber & Mint Raita,357,14.36,36.56,"Hypertension, Heart Disease, Obesity","Pakistani, Indian, Low Carb, Traditional"
2013,211.73,139.6,64.57,16.87,19.54,1675,Anda Ghotala (Spiced Scrambled Eggs) with 1 Tandoori Roti,Chicken Karahi (200g) with 2 Whole Wheat Chapatis & Salad,Balochi Sajji (Roasted Chicken) with 1 cup Zeera Rice,"Chana Chaat with Dahi, Onion, Tomato & Tamarind Chutney",349,15.47,46.53,"Heart Disease, Obesity","Pakistani, Indian, High Protein, Traditional"
2074,233.48,106.2,78.2,24.93,18.7,1683,Wheat Dalia (Cracked Wheat Porridge in Buffalo Milk),Kofta Curry (Spiced Meatballs) with 2 Chapatis,Beef Nihari with 1 Roghani Naan & Ginger Lemon Garnish,1 Vegetable Potato Samosa with Mint Green Chutney,476,15.3,24.37,None,"Pakistani, Indian, Traditional, Balanced"
1295,161.88,70.0,39.64,18.38,21.0,836,Wheat Dalia (Cracked Wheat Porridge in Buffalo Milk),Kofta Curry (Spiced Meatballs) with 2 Chapatis,Palak Paneer (Spinach with Cottage Cheese) with 2 Chapatis,Roasted Chickpeas (Bhuna Chana - 50g) with Green Tea,573,13.21,31.94,"Diabetes, Hypertension, Heart Disease, Obesity, Kidney Disease","Pakistani, Indian, Low Carb, Traditional"
1709,202.98,80.26,59.55,18.12,19.88,1471,1 Crispy Aloo Paratha with Fresh Dahi & Mint Raita,Kofta Curry (Spiced Meatballs) with 2 Chapatis,Anda Curry with 2 Chapatis & Onion Salad,"Chana Chaat with Dahi, Onion, Tomato & Tamarind Chutney",404,14.08,37.28,"Hypertension, Heart Disease","Pakistani, Indian, Traditional, Balanced"
1830,188.63,114.2,65.91,13.64,18.98,1636,Besan ka Chilla (Savory Gram Flour Pancake) with Mint Dahi,Chicken Biryani with Mint Zeera Raita & Fresh Salad,Peshawari Chapli Kabab with 1 Whole Wheat Roti & Salad,1 Chicken Shami Kebab with Sliced Cucumber & Mint Raita,403,16.7,40.34,Obesity,"Pakistani, Indian, High Protein, Traditional"
1602,162.46,120.42,49.76,22.72,22.49,1233,Wheat Dalia (Cracked Wheat Porridge in Buffalo Milk),Aloo Gosht (Potato Beef Curry) with 1.5 Tandoori Rotis,Chicken Tikka Boti (Grilled) with Mint Raita & Fresh Salad,Roasted Chickpeas (Bhuna Chana - 50g) with Green Tea,528,14.77,34.65,"Diabetes, Heart Disease, Obesity","Pakistani, Indian, High Protein, Traditional"
1840,222.69,105.14,55.09,10.55,20.51,1489,2 Boiled Eggs with 2 Brown Bread Toasts & Green Tea,Daal Masoor Curry with Boiled Basmati Rice & Kachumber,Balochi Sajji (Roasted Chicken) with 1 cup Zeera Rice,1 Vegetable Potato Samosa with Mint Green Chutney,334,14.3,27.54,Hypertension,"Pakistani, Indian, Traditional, Balanced"
2391,260.03,116.9,95.19,48.76,18.81,1799,Mooli Paratha with Zeera Raita & Chai,Chicken Karahi (200g) with 2 Whole Wheat Chapatis & Salad,Beef Nihari with 1 Roghani Naan & Ginger Lemon Garnish,Gajar ka Halwa (100g Small Cup - Traditional Sweet),499,15.56,44.11,None,"Pakistani, Indian, High Protein, Traditional"
1774,207.76,78.78,65.36,23.93,18.67,1412,1 Crispy Aloo Paratha with Fresh Dahi & Mint Raita,Beef Shami Kebab (2 pcs) with 1 Whole Wheat Roti & Salad,Anda Curry with 2 Chapatis & Onion Salad,Doodh Patti Chai with 2 Whole Wheat Rusks,473,13.66,28.6,Hypertension,"Pakistani, Indian, Traditional, Balanced"
2015,221.51,94.26,78.94,24.98,22.62,1614,Mooli Paratha with Zeera Raita & Chai,Aloo Gosht (Potato Beef Curry) with 1.5 Tandoori Rotis,Palak Gosht (Spinach Mutton Curry) with 1.5 Chapatis,Doodh Patti Chai with 2 Whole Wheat Rusks,589,17.91,59.5,Diabetes,"Pakistani, Indian, Traditional, Balanced"
1805,217.62,63.21,75.13,58.72,12.95,1209,Halwa Puri with Chana Masala (Sunday Special),Beef Pulao Gosht with Mint Raita & Sliced Cucumbers,Anda Curry with 2 Chapatis & Onion Salad,Gajar ka Halwa (100g Small Cup - Traditional Sweet),354,11.4,16.41,Kidney Disease,"Pakistani, Indian, Traditional, Balanced"
1661,241.44,60.88,50.04,22.7,28.06,1362,Plain Desi Ghee Paratha with Shami Kabab & Chai,Daal Masoor Curry with Boiled Basmati Rice & Kachumber,"Mix Sabzi (Carrot, Peas, Potatoes) with 2 Chapatis","Chana Chaat with Dahi, Onion, Tomato & Tamarind Chutney",371,14.75,66.55,"Diabetes, Kidney Disease","Pakistani, Indian, Traditional, Balanced"
1370,153.89,73.14,47.77,14.8,18.69,1201,Plain Desi Ghee Paratha with Shami Kabab & Chai,Daal Channa with 2 Chapatis & Onion Salad,Machli (Fried Spiced Fish) with 1 Roti & Fresh Lemon,"Chana Chaat with Dahi, Onion, Tomato & Tamarind Chutney",334,11.67,22.41,Kidney Disease,"Pakistani, Indian, Low Carb, Traditional"
1864,194.27,102.78,70.59,23.72,21.69,1705,1 Whole Wheat Chapati with Fried Egg & Doodh Patti Chai,Aloo Gosht (Potato Beef Curry) with 1.5 Tandoori Rotis,Peshawari Chapli Kabab with 1 Whole Wheat Roti & Salad,"Chana Chaat with Dahi, Onion, Tomato & Tamarind Chutney",350,16.83,41.79,"Diabetes, Obesity","Pakistani, Indian, Traditional, Balanced"
1506,154.88,103.96,47.74,31.82,17.29,1347,2 Boiled Eggs with 2 Brown Bread Toasts & Green Tea,Kofta Curry (Spiced Meatballs) with 2 Chapatis,Machli (Fried Spiced Fish) with 1 Roti & Fresh Lemon,"Fresh Fruit Chaat (Apple, Guava, Banana & Chaat Masala)",355,12.31,64.18,"Hypertension, Heart Disease, Obesity","Pakistani, Indian, Low Carb, Traditional"
1924,190.57,94.56,84.4,40.84,13.34,1506,Plain Desi Ghee Paratha with Shami Kabab & Chai,Kofta Curry (Spiced Meatballs) with 2 Chapatis,Beef Nihari with 1 Roghani Naan & Ginger Lemon Garnish,Gajar ka Halwa (100g Small Cup - Traditional Sweet),368,13.88,18.6,None,"Pakistani, Indian, Traditional, Balanced"
1248,153.88,66.43,38.47,8.55,19.49,1009,Besan ka Chilla (Savory Gram Flour Pancake) with Mint Dahi,Lobia / Red Kidney Bean Curry (Kalool) with Zeera Rice,Machli (Fried Spiced Fish) with 1 Roti & Fresh Lemon,1 Vegetable Potato Samosa with Mint Green Chutney,321,11.28,17.95,"Hypertension, Kidney Disease","Pakistani, Indian, Low Carb, Traditional"
1601,199.6,72.63,55.34,21.24,23.02,1245,Anda Ghotala (Spiced Scrambled Eggs) with 1 Tandoori Roti,Bhindi Masala (Okra Curry) with 2 Whole Wheat Chapatis,Chicken Haleem with 1 Tandoori Naan & Brown Onions,Doodh Patti Chai with 2 Whole Wheat Rusks,415,12.06,45.95,"Diabetes, Heart Disease, Obesity, Kidney Disease","Pakistani, Indian, Traditional, Balanced"
1547,183.97,97.94,44.91,24.89,17.53,1266,1 Whole Wheat Chapati with Fried Egg & Doodh Patti Chai,Daal Masoor Curry with Boiled Basmati Rice & Kachumber,Chicken Tikka Boti (Grilled) with Mint Raita & Fresh Salad,Doodh Patti Chai with 2 Whole Wheat Rusks,417,12.23,36.25,"Hypertension, Heart Disease, Obesity","Pakistani, Indian, Low Fat, Dash, Balanced"
1520,146.89,103.84,51.97,10.64,19.35,1297,2 Boiled Eggs with 2 Brown Bread Toasts & Green Tea,Aloo Gosht (Potato Beef Curry) with 1.5 Tandoori Rotis,Machli (Fried Spiced Fish) with 1 Roti & Fresh Lemon,Roasted Chickpeas (Bhuna Chana - 50g) with Green Tea,365,13.88,18.74,"Heart Disease, Obesity","Pakistani, Indian, Low Carb, Traditional"
1835,250.58,74.98,59.19,34.04,23.97,1430,1 Crispy Aloo Paratha with Fresh Dahi & Mint Raita,Lobia / Red Kidney Bean Curry (Kalool) with Zeera Rice,Beef Nihari with 1 Roghani Naan & Ginger Lemon Garnish,"Fresh Fruit Chaat (Apple, Guava, Banana & Chaat Masala)",375,14.3,64.62,None,"Pakistani, Indian, Traditional, Balanced"
1358,149.2,68.9,50.29,9.22,12.41,1157,2 Boiled Eggs with 2 Brown Bread Toasts & Green Tea,Beef Pulao Gosht with Mint Raita & Sliced Cucumbers,Anda Curry with 2 Chapatis & Onion Salad,1 Vegetable Potato Samosa with Mint Green Chutney,268,10.73,16.35,Kidney Disease,"Pakistani, Indian, Low Carb, Traditional"
1522,176.85,77.43,53.94,11.44,17.6,1223,Mooli Paratha with Zeera Raita & Chai,Chicken Biryani with Mint Zeera Raita & Fresh Salad,Peshawari Chapli Kabab with 1 Whole Wheat Roti & Salad,Roasted Chickpeas (Bhuna Chana - 50g) with Green Tea,352,12.58,34.32,"Heart Disease, Kidney Disease","Pakistani, Indian, Traditional, Balanced"
1775,199.21,106.47,58.39,20.61,16.6,1385,Besan ka Chilla (Savory Gram Flour Pancake) with Mint Dahi,Beef Pulao Gosht with Mint Raita & Sliced Cucumbers,Machli (Fried Spiced Fish) with 1 Roti & Fresh Lemon,Doodh Patti Chai with 2 Whole Wheat Rusks,492,14.31,17.17,"Heart Disease, Obesity","Pakistani, Indian, Traditional, Balanced"
1410,172.11,81.93,42.11,18.31,18.31,1099,1 Crispy Aloo Paratha with Fresh Dahi & Mint Raita,Lobia / Red Kidney Bean Curry (Kalool) with Zeera Rice,Chicken Tikka Boti (Grilled) with Mint Raita & Fresh Salad,Doodh Patti Chai with 2 Whole Wheat Rusks,430,11.17,28.38,"Hypertension, Heart Disease, Kidney Disease","Pakistani, Indian, Low Fat, Dash, Balanced"
1401,155.88,75.05,49.92,34.15,19.44,1033,Besan ka Chilla (Savory Gram Flour Pancake) with Mint Dahi,Beef Shami Kebab (2 pcs) with 1 Whole Wheat Roti & Salad,Chicken Haleem with 1 Tandoori Naan & Brown Onions,Gajar ka Halwa (100g Small Cup - Traditional Sweet),342,12.09,17.95,Kidney Disease,"Pakistani, Indian, Low Carb, Traditional"
1579,165.57,114.37,48.47,26.14,21.24,1389,Wheat Dalia (Cracked Wheat Porridge in Buffalo Milk),Aloo Gosht (Potato Beef Curry) with 1.5 Tandoori Rotis,Chicken Tikka Boti (Grilled) with Mint Raita & Fresh Salad,"Chana Chaat with Dahi, Onion, Tomato & Tamarind Chutney",523,13.83,45.2,"Diabetes, Heart Disease, Obesity","Pakistani, Indian, High Protein, Traditional"
1792,214.22,76.78,68.57,45.55,17.32,1231,1 Whole Wheat Chapati with Fried Egg & Doodh Patti Chai,Chicken Biryani with Mint Zeera Raita & Fresh Salad,Palak Paneer (Spinach with Cottage Cheese) with 2 Chapatis,Gajar ka Halwa (100g Small Cup - Traditional Sweet),646,13.31,41.04,"Hypertension, Kidney Disease","Pakistani, Indian, Traditional, Balanced"
1780,162.21,123.58,67.59,12.95,16.9,1611,Mooli Paratha with Zeera Raita & Chai,Chicken Karahi (200g) with 2 Whole Wheat Chapatis & Salad,Chicken Tikka Boti (Grilled) with Mint Raita & Fresh Salad,1 Vegetable Potato Samosa with Mint Green Chutney,377,12.84,56.32,None,"Pakistani, Indian, High Protein, Traditional"
1400,159.28,81.57,43.73,10.62,23.46,1149,2 Boiled Eggs with 2 Brown Bread Toasts & Green Tea,Daal Channa with 2 Chapatis & Onion Salad,Peshawari Chapli Kabab with 1 Whole Wheat Roti & Salad,Roasted Chickpeas (Bhuna Chana - 50g) with Green Tea,314,14.48,21.72,"Diabetes, Heart Disease, Obesity, Kidney Disease","Pakistani, Indian, Low Carb, Traditional"
1627,200.25,77.18,52.67,28.68,26.07,1220,Oatmeal Porridge in Cow Milk with Sliced Bananas & Almonds,Aloo Gosht (Potato Beef Curry) with 1.5 Tandoori Rotis,Palak Paneer (Spinach with Cottage Cheese) with 2 Chapatis,"Chana Chaat with Dahi, Onion, Tomato & Tamarind Chutney",631,15.85,55.28,"Diabetes, Heart Disease, Obesity, Kidney Disease","Pakistani, Indian, Traditional, Balanced"
1746,196.6,90.78,63.03,13.88,26.14,1446,Anda Ghotala (Spiced Scrambled Eggs) with 1 Tandoori Roti,Daal Channa with 2 Chapatis & Onion Salad,Palak Paneer (Spinach with Cottage Cheese) with 2 Chapatis,1 Chicken Shami Kebab with Sliced Cucumber & Mint Raita,567,17.69,52.04,"Diabetes, Hypertension, Heart Disease, Obesity","Pakistani, Indian, Traditional, Balanced"
1434,163.62,69.78,54.38,33.69,20.31,1174,Plain Desi Ghee Paratha with Shami Kabab & Chai,Bhindi Masala (Okra Curry) with 2 Whole Wheat Chapatis,Machli (Fried Spiced Fish) with 1 Roti & Fresh Lemon,"Fresh Fruit Chaat (Apple, Guava, Banana & Chaat Masala)",395,11.07,82.29,"Diabetes, Kidney Disease","Pakistani, Indian, Low Carb, Traditional"
1276,179.49,50.8,40.34,18.94,16.71,902,Wheat Dalia (Cracked Wheat Porridge in Buffalo Milk),Beef Pulao Gosht with Mint Raita & Sliced Cucumbers,"Mix Sabzi (Carrot, Peas, Potatoes) with 2 Chapatis",1 Vegetable Potato Samosa with Mint Green Chutney,362,9.47,37.46,Kidney Disease,"Pakistani, Indian, Low Fat, Dash, Balanced"
1510,182.44,67.6,51.18,22.3,22.1,1145,Oatmeal Porridge in Cow Milk with Sliced Bananas & Almonds,Daal Channa with 2 Chapatis & Onion Salad,Peshawari Chapli Kabab with 1 Whole Wheat Roti & Salad,1 Vegetable Potato Samosa with Mint Green Chutney,365,12.87,29.39,Kidney Disease,"Pakistani, Indian, Traditional, Balanced"
2024,202.41,113.14,81.3,14.21,19.56,1842,Mooli Paratha with Zeera Raita & Chai,Beef Shami Kebab (2 pcs) with 1 Whole Wheat Roti & Salad,Beef Nihari with 1 Roghani Naan & Ginger Lemon Garnish,1 Chicken Shami Kebab with Sliced Cucumber & Mint Raita,358,16.72,37.52,None,"Pakistani, Indian, High Protein, Traditional"
1652,181.86,71.86,68.93,21.22,23.17,1408,Plain Desi Ghee Paratha with Shami Kabab & Chai,Bhindi Masala (Okra Curry) with 2 Whole Wheat Chapatis,Palak Gosht (Spinach Mutton Curry) with 1.5 Chapatis,Dahi Bhalla (Dahi Baray) with Chaat Masala & Papdi,552,15.64,64.53,Diabetes,"Pakistani, Indian, Traditional, Balanced"
1601,190.88,75.29,56.73,16.97,26.19,1379,Mooli Paratha with Zeera Raita & Chai,Beef Shami Kebab (2 pcs) with 1 Whole Wheat Roti & Salad,Palak Paneer (Spinach with Cottage Cheese) with 2 Chapatis,"Chana Chaat with Dahi, Onion, Tomato & Tamarind Chutney",583,16.12,61.5,"Diabetes, Hypertension, Heart Disease, Kidney Disease","Pakistani, Indian, Traditional, Balanced"
1428,146.43,74.59,56.29,15.1,16.57,1345,Mooli Paratha with Zeera Raita & Chai,Beef Shami Kebab (2 pcs) with 1 Whole Wheat Roti & Salad,Peshawari Chapli Kabab with 1 Whole Wheat Roti & Salad,Dahi Bhalla (Dahi Baray) with Chaat Masala & Papdi,348,12.36,34.32,"Heart Disease, Kidney Disease","Pakistani, Indian, Low Carb, Traditional"
1613,175.07,93.99,57.13,30.41,16.13,1437,2 Boiled Eggs with 2 Brown Bread Toasts & Green Tea,Kofta Curry (Spiced Meatballs) with 2 Chapatis,Beef Nihari with 1 Roghani Naan & Ginger Lemon Garnish,"Fresh Fruit Chaat (Apple, Guava, Banana & Chaat Masala)",272,12.99,57.59,None,"Pakistani, Indian, Traditional, Balanced"
1493,170.33,72.64,56.61,35.07,21.14,1222,Plain Desi Ghee Paratha with Shami Kabab & Chai,Bhindi Masala (Okra Curry) with 2 Whole Wheat Chapatis,Machli (Fried Spiced Fish) with 1 Roti & Fresh Lemon,"Fresh Fruit Chaat (Apple, Guava, Banana & Chaat Masala)",411,11.52,85.67,Kidney Disease,"Pakistani, Indian, Traditional, Balanced"
1846,230.42,95.08,59.28,32.44,17.34,1359,Wheat Dalia (Cracked Wheat Porridge in Buffalo Milk),Chicken Biryani with Mint Zeera Raita & Fresh Salad,Peshawari Chapli Kabab with 1 Whole Wheat Roti & Salad,Doodh Patti Chai with 2 Whole Wheat Rusks,615,13.09,31.32,"Heart Disease, Obesity","Pakistani, Indian, Traditional, Balanced"
1731,232.96,71.88,56.67,26.23,19.94,1459,1 Whole Wheat Chapati with Fried Egg & Doodh Patti Chai,Chicken Biryani with Mint Zeera Raita & Fresh Salad,"Mix Sabzi (Carrot, Peas, Potatoes) with 2 Chapatis",Dahi Bhalla (Dahi Baray) with Chaat Masala & Papdi,446,11.86,55.09,"Hypertension, Heart Disease, Obesity","Pakistani, Indian, Traditional, Balanced"
1656,196.21,109.35,46.5,27.08,14.31,1058,Wheat Dalia (Cracked Wheat Porridge in Buffalo Milk),Chicken Karahi (200g) with 2 Whole Wheat Chapatis & Salad,Balochi Sajji (Roasted Chicken) with 1 cup Zeera Rice,Doodh Patti Chai with 2 Whole Wheat Rusks,496,10.53,22.48,"Hypertension, Heart Disease, Obesity","Pakistani, Indian, Low Fat, Dash, Balanced"
2006,257.7,101.96,60.5,18.49,25.99,1804,2 Boiled Eggs with 2 Brown Bread Toasts & Green Tea,Daal Masoor Curry with Boiled Basmati Rice & Kachumber,Beef Nihari with 1 Roghani Naan & Ginger Lemon Garnish,"Chana Chaat with Dahi, Onion, Tomato & Tamarind Chutney",398,17.48,39.78,None,"Pakistani, Indian, Traditional, Balanced"
1576,181.83,81.39,54.55,27.71,14.03,1169,Oatmeal Porridge in Cow Milk with Sliced Bananas & Almonds,Kofta Curry (Spiced Meatballs) with 2 Chapatis,Beef Nihari with 1 Roghani Naan & Ginger Lemon Garnish,Doodh Patti Chai with 2 Whole Wheat Rusks,381,11.43,18.62,Kidney Disease,"Pakistani, Indian, Traditional, Balanced"
1137,120.01,83.29,35.38,17.91,17.91,927,Wheat Dalia (Cracked Wheat Porridge in Buffalo Milk),Bhindi Masala (Okra Curry) with 2 Whole Wheat Chapatis,Chicken Tikka Boti (Grilled) with Mint Raita & Fresh Salad,1 Chicken Shami Kebab with Sliced Cucumber & Mint Raita,466,9.85,50.6,"Hypertension, Heart Disease, Obesity, Kidney Disease","Pakistani, Indian, Low Carb, Traditional"
1873,269.23,64.38,59.7,30.44,26.57,1381,Plain Desi Ghee Paratha with Shami Kabab & Chai,Daal Masoor Curry with Boiled Basmati Rice & Kachumber,"Mix Sabzi (Carrot, Peas, Potatoes) with 2 Chapatis",Doodh Patti Chai with 2 Whole Wheat Rusks,457,14.75,62.04,"Diabetes, Kidney Disease","Pakistani, Indian, Traditional, Balanced"
2297,250.21,105.77,93.83,23.31,18.99,2070,1 Crispy Aloo Paratha with Fresh Dahi & Mint Raita,Aloo Gosht (Potato Beef Curry) with 1.5 Tandoori Rotis,Beef Nihari with 1 Roghani Naan & Ginger Lemon Garnish,Dahi Bhalla (Dahi Baray) with Chaat Masala & Papdi,472,16.83,31.28,None,"Pakistani, Indian, Traditional, Balanced"
1719,221.76,84.27,54.33,30.49,20.51,1264,1 Whole Wheat Chapati with Fried Egg & Doodh Patti Chai,Chicken Karahi (200g) with 2 Whole Wheat Chapatis & Salad,"Mix Sabzi (Carrot, Peas, Potatoes) with 2 Chapatis",Doodh Patti Chai with 2 Whole Wheat Rusks,399,11.98,59.32,"Diabetes, Hypertension, Heart Disease, Obesity, Kidney Disease","Pakistani, Indian, Traditional, Balanced"
1839,176.22,93.09,82.84,15.32,15.61,1666,Plain Desi Ghee Paratha with Shami Kabab & Chai,Beef Shami Kebab (2 pcs) with 1 Whole Wheat Roti & Salad,Beef Nihari with 1 Roghani Naan & Ginger Lemon Garnish,1 Vegetable Potato Samosa with Mint Green Chutney,268,14.65,21.55,None,"Pakistani, Indian, Traditional, Balanced"
1793,197.17,110.28,59.93,16.15,18.49,1359,1 Whole Wheat Chapati with Fried Egg & Doodh Patti Chai,Beef Pulao Gosht with Mint Raita & Sliced Cucumbers,Machli (Fried Spiced Fish) with 1 Roti & Fresh Lemon,Roasted Chickpeas (Bhuna Chana - 50g) with Green Tea,412,14.93,13.37,"Heart Disease, Obesity","Pakistani, Indian, High Protein, Traditional"
1260,155.74,62.57,42.13,11.88,26.56,918,Besan ka Chilla (Savory Gram Flour Pancake) with Mint Dahi,Bhindi Masala (Okra Curry) with 2 Whole Wheat Chapatis,Palak Gosht (Spinach Mutton Curry) with 1.5 Chapatis,Roasted Chickpeas (Bhuna Chana - 50g) with Green Tea,455,15.3,58.97,"Diabetes, Hypertension, Heart Disease, Obesity, Kidney Disease","Pakistani, Indian, Low Carb, Traditional"
1753,260.17,62.21,52.03,42.98,32.01,1278,Plain Desi Ghee Paratha with Shami Kabab & Chai,Lobia / Red Kidney Bean Curry (Kalool) with Zeera Rice,"Mix Sabzi (Carrot, Peas, Potatoes) with 2 Chapatis","Fresh Fruit Chaat (Apple, Guava, Banana & Chaat Masala)",390,15.04,101.81,Kidney Disease,"Pakistani, Indian, Traditional, Balanced"
1459,208.67,52.7,44.18,31.41,22.36,932,Wheat Dalia (Cracked Wheat Porridge in Buffalo Milk),Bhindi Masala (Okra Curry) with 2 Whole Wheat Chapatis,Anda Curry with 2 Chapatis & Onion Salad,Doodh Patti Chai with 2 Whole Wheat Rusks,617,10.54,46.84,"Diabetes, Hypertension, Heart Disease, Obesity, Kidney Disease","Pakistani, Indian, Low Fat, Dash, Balanced"
1613,168.09,87.68,63.6,14.2,22.71,1454,Mooli Paratha with Zeera Raita & Chai,Bhindi Masala (Okra Curry) with 2 Whole Wheat Chapatis,Chicken Tikka Boti (Grilled) with Mint Raita & Fresh Salad,1 Vegetable Potato Samosa with Mint Green Chutney,454,12.27,74.96,Hypertension,"Pakistani, Indian, Low Carb, Traditional"
1226,161.75,66.28,35.02,34.18,18.59,813,Wheat Dalia (Cracked Wheat Porridge in Buffalo Milk),Chicken Karahi (200g) with 2 Whole Wheat Chapatis & Salad,Palak Paneer (Spinach with Cottage Cheese) with 2 Chapatis,"Fresh Fruit Chaat (Apple, Guava, Banana & Chaat Masala)",525,10.59,73.79,"Hypertension, Heart Disease, Obesity, Kidney Disease","Pakistani, Indian, Low Carb, Traditional"
1378,209.1,59.11,31.27,23.94,27.36,889,Oatmeal Porridge in Cow Milk with Sliced Bananas & Almonds,Lobia / Red Kidney Bean Curry (Kalool) with Zeera Rice,"Mix Sabzi (Carrot, Peas, Potatoes) with 2 Chapatis",1 Chicken Shami Kebab with Sliced Cucumber & Mint Raita,410,12.41,51.3,"Diabetes, Hypertension, Heart Disease, Obesity, Kidney Disease","Pakistani, Indian, Low Fat, Dash, Balanced"
1523,214.25,67.01,41.76,10.94,25.71,1112,Mooli Paratha with Zeera Raita & Chai,Daal Masoor Curry with Boiled Basmati Rice & Kachumber,Chicken Haleem with 1 Tandoori Naan & Brown Onions,Roasted Chickpeas (Bhuna Chana - 50g) with Green Tea,337,13.22,30.09,"Diabetes, Heart Disease, Kidney Disease","Pakistani, Indian, Low Fat, Dash, Balanced"
1588,187.37,81.8,54.5,12.36,17.5,1255,Anda Ghotala (Spiced Scrambled Eggs) with 1 Tandoori Roti,Chicken Biryani with Mint Zeera Raita & Fresh Salad,Anda Curry with 2 Chapatis & Onion Salad,Roasted Chickpeas (Bhuna Chana - 50g) with Green Tea,352,12.94,29.48,"Hypertension, Heart Disease, Obesity, Kidney Disease","Pakistani, Indian, Traditional, Balanced"
1472,165.18,77.82,52.94,13.24,25.41,1228,2 Boiled Eggs with 2 Brown Bread Toasts & Green Tea,Bhindi Masala (Okra Curry) with 2 Whole Wheat Chapatis,Palak Paneer (Spinach with Cottage Cheese) with 2 Chapatis,1 Chicken Shami Kebab with Sliced Cucumber & Mint Raita,609,15.14,68.29,"Diabetes, Hypertension, Heart Disease, Obesity, Kidney Disease","Pakistani, Indian, Low Carb, Traditional"
1389,156.89,79.51,44.52,32.33,19.93,1230,2 Boiled Eggs with 2 Brown Bread Toasts & Green Tea,Beef Shami Kebab (2 pcs) with 1 Whole Wheat Roti & Salad,Anda Curry with 2 Chapatis & Onion Salad,"Fresh Fruit Chaat (Apple, Guava, Banana & Chaat Masala)",307,12.61,68.38,"Hypertension, Heart Disease, Obesity, Kidney Disease","Pakistani, Indian, Low Carb, Traditional"
1769,231.16,65.79,64.9,40.19,23.29,1351,Halwa Puri with Chana Masala (Sunday Special),Lobia / Red Kidney Bean Curry (Kalool) with Zeera Rice,Palak Gosht (Spinach Mutton Curry) with 1.5 Chapatis,Dahi Bhalla (Dahi Baray) with Chaat Masala & Papdi,458,15.29,36.45,Kidney Disease,"Pakistani, Indian, Traditional, Balanced"
1517,173.91,85.51,52.66,31.88,19.9,1198,Anda Ghotala (Spiced Scrambled Eggs) with 1 Tandoori Roti,Chicken Karahi (200g) with 2 Whole Wheat Chapatis & Salad,Palak Paneer (Spinach with Cottage Cheese) with 2 Chapatis,"Fresh Fruit Chaat (Apple, Guava, Banana & Chaat Masala)",459,13.53,91.79,"Hypertension, Heart Disease, Obesity, Kidney Disease","Pakistani, Indian, Traditional, Balanced"
1452,153.04,86.75,52.44,15.3,22.22,1140,1 Whole Wheat Chapati with Fried Egg & Doodh Patti Chai,Beef Shami Kebab (2 pcs) with 1 Whole Wheat Roti & Salad,Palak Gosht (Spinach Mutton Curry) with 1.5 Chapatis,Roasted Chickpeas (Bhuna Chana - 50g) with Green Tea,395,16.38,37.04,"Diabetes, Hypertension, Heart Disease, Obesity, Kidney Disease","Pakistani, Indian, Low Carb, Traditional"
1439,215.39,43.76,41.12,51.89,25.26,783,Oatmeal Porridge in Cow Milk with Sliced Bananas & Almonds,Daal Channa with 2 Chapatis & Onion Salad,"Mix Sabzi (Carrot, Peas, Potatoes) with 2 Chapatis",Gajar ka Halwa (100g Small Cup - Traditional Sweet),470,10.57,47.97,"Hypertension, Kidney Disease","Pakistani, Indian, Vegetarian, Balanced"
1924,186.06,117.35,74.53,19.56,14.17,1628,Plain Desi Ghee Paratha with Shami Kabab & Chai,Kofta Curry (Spiced Meatballs) with 2 Chapatis,Balochi Sajji (Roasted Chicken) with 1 cup Zeera Rice,Dahi Bhalla (Dahi Baray) with Chaat Masala & Papdi,386,14.27,19.03,None,"Pakistani, Indian, High Protein, Traditional"
1272,143.41,74.69,42.68,17.5,16.82,943,Wheat Dalia (Cracked Wheat Porridge in Buffalo Milk),Kofta Curry (Spiced Meatballs) with 2 Chapatis,Palak Paneer (Spinach with Cottage Cheese) with 2 Chapatis,1 Chicken Shami Kebab with Sliced Cucumber & Mint Raita,542,12.29,34.57,"Hypertension, Heart Disease, Obesity, Kidney Disease","Pakistani, Indian, Low Carb, Traditional"
1344,124.85,86.87,52.21,11.35,16.68,1118,Plain Desi Ghee Paratha with Shami Kabab & Chai,Beef Shami Kebab (2 pcs) with 1 Whole Wheat Roti & Salad,Machli (Fried Spiced Fish) with 1 Roti & Fresh Lemon,Roasted Chickpeas (Bhuna Chana - 50g) with Green Tea,310,12.48,15.28,Kidney Disease,"Pakistani, Indian, Low Carb, Traditional"
1673,167.27,96.13,65.43,14.76,13.09,1368,1 Whole Wheat Chapati with Fried Egg & Doodh Patti Chai,Aloo Gosht (Potato Beef Curry) with 1.5 Tandoori Rotis,Balochi Sajji (Roasted Chicken) with 1 cup Zeera Rice,1 Vegetable Potato Samosa with Mint Green Chutney,246,11.91,18.7,None,"Pakistani, Indian, Low Carb, Traditional"
1716,200.49,80.68,59.76,49.16,20.72,1108,Oatmeal Porridge in Cow Milk with Sliced Bananas & Almonds,Aloo Gosht (Potato Beef Curry) with 1.5 Tandoori Rotis,Chicken Haleem with 1 Tandoori Naan & Brown Onions,Gajar ka Halwa (100g Small Cup - Traditional Sweet),453,12.24,22.17,Kidney Disease,"Pakistani, Indian, Traditional, Balanced"
1618,190.54,75.95,59.77,19.77,13.03,1312,1 Crispy Aloo Paratha with Fresh Dahi & Mint Raita,Chicken Biryani with Mint Zeera Raita & Fresh Salad,Peshawari Chapli Kabab with 1 Whole Wheat Roti & Salad,Doodh Patti Chai with 2 Whole Wheat Rusks,413,11.32,29.21,"Heart Disease, Kidney Disease","Pakistani, Indian, Traditional, Balanced"
1817,187.5,123.08,61.31,12.65,20.71,1472,Mooli Paratha with Zeera Raita & Chai,Beef Pulao Gosht with Mint Raita & Sliced Cucumbers,Chicken Tikka Boti (Grilled) with Mint Raita & Fresh Salad,Roasted Chickpeas (Bhuna Chana - 50g) with Green Tea,443,15.76,40.26,"Diabetes, Heart Disease","Pakistani, Indian, High Protein, Traditional"
2142,231.15,110.49,83.24,42.94,15.37,1654,2 Boiled Eggs with 2 Brown Bread Toasts & Green Tea,Beef Pulao Gosht with Mint Raita & Sliced Cucumbers,Beef Nihari with 1 Roghani Naan & Ginger Lemon Garnish,Gajar ka Halwa (100g Small Cup - Traditional Sweet),445,15.48,16.44,None,"Pakistani, Indian, High Protein, Traditional"
1634,233.08,45.47,55.15,44.74,26.01,1082,Mooli Paratha with Zeera Raita & Chai,Daal Channa with 2 Chapatis & Onion Salad,"Mix Sabzi (Carrot, Peas, Potatoes) with 2 Chapatis",Gajar ka Halwa (100g Small Cup - Traditional Sweet),453,11.65,58.27,"Hypertension, Kidney Disease","Pakistani, Indian, Vegetarian, Balanced"
1920,258.32,64.81,64.58,45.72,25.95,1246,Mooli Paratha with Zeera Raita & Chai,Lobia / Red Kidney Bean Curry (Kalool) with Zeera Rice,Anda Curry with 2 Chapatis & Onion Salad,Gajar ka Halwa (100g Small Cup - Traditional Sweet),549,14.17,34.86,"Hypertension, Kidney Disease","Pakistani, Indian, Traditional, Balanced"
1807,207.63,104.38,60.38,13.13,26.38,1336,Besan ka Chilla (Savory Gram Flour Pancake) with Mint Dahi,Beef Pulao Gosht with Mint Raita & Sliced Cucumbers,Palak Gosht (Spinach Mutton Curry) with 1.5 Chapatis,Roasted Chickpeas (Bhuna Chana - 50g) with Green Tea,511,20.65,42.09,"Diabetes, Heart Disease, Obesity","Pakistani, Indian, Traditional, Balanced"
1424,166.31,95.56,39.79,17.0,17.0,914,Wheat Dalia (Cracked Wheat Porridge in Buffalo Milk),Kofta Curry (Spiced Meatballs) with 2 Chapatis,Balochi Sajji (Roasted Chicken) with 1 cup Zeera Rice,Roasted Chickpeas (Bhuna Chana - 50g) with Green Tea,400,11.76,13.32,"Hypertension, Heart Disease, Obesity","Pakistani, Indian, Low Carb, Traditional"
1223,124.2,86.56,38.58,27.29,16.56,1129,2 Boiled Eggs with 2 Brown Bread Toasts & Green Tea,Beef Shami Kebab (2 pcs) with 1 Whole Wheat Roti & Salad,Machli (Fried Spiced Fish) with 1 Roti & Fresh Lemon,"Fresh Fruit Chaat (Apple, Guava, Banana & Chaat Masala)",301,10.73,56.92,"Hypertension, Heart Disease, Obesity, Kidney Disease","Pakistani, Indian, Low Carb, Traditional"
1716,222.2,69.55,59.16,16.71,18.61,1490,Mooli Paratha with Zeera Raita & Chai,Daal Masoor Curry with Boiled Basmati Rice & Kachumber,Beef Nihari with 1 Roghani Naan & Ginger Lemon Garnish,Dahi Bhalla (Dahi Baray) with Chaat Masala & Papdi,379,12.83,33.87,None,"Pakistani, Indian, Traditional, Balanced"
1663,177.88,79.76,66.7,21.27,15.18,1382,1 Crispy Aloo Paratha with Fresh Dahi & Mint Raita,Aloo Gosht (Potato Beef Curry) with 1.5 Tandoori Rotis,Peshawari Chapli Kabab with 1 Whole Wheat Roti & Salad,Doodh Patti Chai with 2 Whole Wheat Rusks,382,13.05,29.49,Kidney Disease,"Pakistani, Indian, Traditional, Balanced"
1655,207.51,80.5,53.22,14.31,20.75,1369,Mooli Paratha with Zeera Raita & Chai,Beef Pulao Gosht with Mint Raita & Sliced Cucumbers,Chicken Haleem with 1 Tandoori Naan & Brown Onions,"Chana Chaat with Dahi, Onion, Tomato & Tamarind Chutney",349,13.06,30.41,"Diabetes, Heart Disease, Kidney Disease","Pakistani, Indian, Traditional, Balanced"
1805,243.74,82.37,54.16,18.62,32.5,1433,Anda Ghotala (Spiced Scrambled Eggs) with 1 Tandoori Roti,Lobia / Red Kidney Bean Curry (Kalool) with Zeera Rice,Palak Paneer (Spinach with Cottage Cheese) with 2 Chapatis,"Chana Chaat with Dahi, Onion, Tomato & Tamarind Chutney",632,18.73,59.24,"Diabetes, Hypertension, Heart Disease, Obesity","Pakistani, Indian, Traditional, Balanced"
1832,257.38,100.87,39.42,27.83,29.56,1194,Oatmeal Porridge in Cow Milk with Sliced Bananas & Almonds,Lobia / Red Kidney Bean Curry (Kalool) with Zeera Rice,Balochi Sajji (Roasted Chicken) with 1 cup Zeera Rice,"Chana Chaat with Dahi, Onion, Tomato & Tamarind Chutney",504,15.3,31.88,"Diabetes, Hypertension, Heart Disease, Obesity","Pakistani, Indian, Low Fat, Dash, Balanced"
1583,236.0,78.67,34.65,19.92,31.17,961,Wheat Dalia (Cracked Wheat Porridge in Buffalo Milk),Lobia / Red Kidney Bean Curry (Kalool) with Zeera Rice,Chicken Haleem with 1 Tandoori Naan & Brown Onions,Roasted Chickpeas (Bhuna Chana - 50g) with Green Tea,503,14.44,14.94,"Diabetes, Heart Disease, Obesity, Kidney Disease","Pakistani, Indian, Low Fat, Dash, Balanced"
1507,216.96,84.48,32.16,21.12,24.0,1003,Wheat Dalia (Cracked Wheat Porridge in Buffalo Milk),Lobia / Red Kidney Bean Curry (Kalool) with Zeera Rice,Balochi Sajji (Roasted Chicken) with 1 cup Zeera Rice,"Chana Chaat with Dahi, Onion, Tomato & Tamarind Chutney",475,12.48,23.04,"Diabetes, Hypertension, Heart Disease, Obesity, Kidney Disease","Pakistani, Indian, Low Fat, Dash, Balanced"
2053,206.46,139.01,70.97,18.18,15.84,1724,Anda Ghotala (Spiced Scrambled Eggs) with 1 Tandoori Roti,Chicken Karahi (200g) with 2 Whole Wheat Chapatis & Salad,Balochi Sajji (Roasted Chicken) with 1 cup Zeera Rice,Dahi Bhalla (Dahi Baray) with Chaat Masala & Papdi,399,14.43,36.95,Obesity,"Pakistani, Indian, High Protein, Traditional"
1590,204.05,75.67,50.16,14.45,19.98,1352,Mooli Paratha with Zeera Raita & Chai,Chicken Biryani with Mint Zeera Raita & Fresh Salad,Chicken Haleem with 1 Tandoori Naan & Brown Onions,"Chana Chaat with Dahi, Onion, Tomato & Tamarind Chutney",366,11.56,35.71,"Heart Disease, Kidney Disease","Pakistani, Indian, Traditional, Balanced"
1467,147.51,99.32,50.71,12.99,11.31,1232,Anda Ghotala (Spiced Scrambled Eggs) with 1 Tandoori Roti,Chicken Karahi (200g) with 2 Whole Wheat Chapatis & Salad,Balochi Sajji (Roasted Chicken) with 1 cup Zeera Rice,Dahi Bhalla (Dahi Baray) with Chaat Masala & Papdi,285,10.31,26.4,"Hypertension, Heart Disease, Obesity","Pakistani, Indian, Low Carb, Traditional"
1463,159.4,70.51,58.14,37.51,17.44,1078,Anda Ghotala (Spiced Scrambled Eggs) with 1 Tandoori Roti,Bhindi Masala (Okra Curry) with 2 Whole Wheat Chapatis,Machli (Fried Spiced Fish) with 1 Roti & Fresh Lemon,Gajar ka Halwa (100g Small Cup - Traditional Sweet),455,10.31,45.01,"Hypertension, Kidney Disease","Pakistani, Indian, Low Carb, Traditional"
1726,197.22,99.17,57.71,35.3,24.76,1490,Anda Ghotala (Spiced Scrambled Eggs) with 1 Tandoori Roti,Beef Shami Kebab (2 pcs) with 1 Whole Wheat Roti & Salad,Chicken Haleem with 1 Tandoori Naan & Brown Onions,"Fresh Fruit Chaat (Apple, Guava, Banana & Chaat Masala)",291,14.79,75.08,"Heart Disease, Obesity","Pakistani, Indian, Traditional, Balanced"
1876,238.35,93.22,57.82,19.47,24.19,1617,Besan ka Chilla (Savory Gram Flour Pancake) with Mint Dahi,Chicken Biryani with Mint Zeera Raita & Fresh Salad,Anda Curry with 2 Chapatis & Onion Salad,"Chana Chaat with Dahi, Onion, Tomato & Tamarind Chutney",484,16.17,45.43,"Heart Disease, Obesity","Pakistani, Indian, Traditional, Balanced"
2172,242.32,95.51,90.05,49.12,22.59,1867,Halwa Puri with Chana Masala (Sunday Special),Aloo Gosht (Potato Beef Curry) with 1.5 Tandoori Rotis,Peshawari Chapli Kabab with 1 Whole Wheat Roti & Salad,"Chana Chaat with Dahi, Onion, Tomato & Tamarind Chutney",333,17.36,42.57,None,"Pakistani, Indian, Traditional, Balanced"
1522,125.01,102.36,64.32,18.12,13.32,1477,Plain Desi Ghee Paratha with Shami Kabab & Chai,Aloo Gosht (Potato Beef Curry) with 1.5 Tandoori Rotis,Chicken Tikka Boti (Grilled) with Mint Raita & Fresh Salad,Dahi Bhalla (Dahi Baray) with Chaat Masala & Papdi,358,12.41,30.8,None,"Pakistani, Indian, Low Carb, Traditional"
1392,198.47,63.69,37.32,11.85,28.34,958,Besan ka Chilla (Savory Gram Flour Pancake) with Mint Dahi,Daal Masoor Curry with Boiled Basmati Rice & Kachumber,Palak Paneer (Spinach with Cottage Cheese) with 2 Chapatis,Roasted Chickpeas (Bhuna Chana - 50g) with Green Tea,533,16.49,44.93,"Diabetes, Hypertension, Heart Disease, Obesity, Kidney Disease","Pakistani, Indian, Vegetarian, Balanced"
1881,237.6,76.12,70.4,25.3,23.98,1458,Wheat Dalia (Cracked Wheat Porridge in Buffalo Milk),Bhindi Masala (Okra Curry) with 2 Whole Wheat Chapatis,Beef Nihari with 1 Roghani Naan & Ginger Lemon Garnish,1 Vegetable Potato Samosa with Mint Green Chutney,539,13.64,50.05,None,"Pakistani, Indian, Traditional, Balanced"
1824,198.56,97.55,67.53,19.05,23.9,1685,1 Crispy Aloo Paratha with Fresh Dahi & Mint Raita,Beef Shami Kebab (2 pcs) with 1 Whole Wheat Roti & Salad,Peshawari Chapli Kabab with 1 Whole Wheat Roti & Salad,"Chana Chaat with Dahi, Onion, Tomato & Tamarind Chutney",410,17.09,46.18,None,"Pakistani, Indian, Traditional, Balanced"
1356,197.43,66.09,29.91,18.64,26.95,805,Oatmeal Porridge in Cow Milk with Sliced Bananas & Almonds,Lobia / Red Kidney Bean Curry (Kalool) with Zeera Rice,Chicken Haleem with 1 Tandoori Naan & Brown Onions,Roasted Chickpeas (Bhuna Chana - 50g) with Green Tea,377,12.46,15.68,"Diabetes, Heart Disease, Obesity, Kidney Disease","Pakistani, Indian, Low Fat, Dash, Balanced"
1937,225.75,83.77,75.8,16.82,24.35,1594,Plain Desi Ghee Paratha with Shami Kabab & Chai,Daal Masoor Curry with Boiled Basmati Rice & Kachumber,Palak Gosht (Spinach Mutton Curry) with 1.5 Chapatis,1 Vegetable Potato Samosa with Mint Green Chutney,465,18.59,53.67,None,"Pakistani, Indian, Traditional, Balanced"
1651,243.37,64.55,44.97,35.98,21.48,1079,Oatmeal Porridge in Cow Milk with Sliced Bananas & Almonds,Chicken Biryani with Mint Zeera Raita & Fresh Salad,"Mix Sabzi (Carrot, Peas, Potatoes) with 2 Chapatis",Doodh Patti Chai with 2 Whole Wheat Rusks,529,10.79,56.61,"Hypertension, Heart Disease, Obesity, Kidney Disease","Pakistani, Indian, Low Fat, Dash, Balanced"
1655,209.41,88.38,48.41,20.83,26.68,1486,2 Boiled Eggs with 2 Brown Bread Toasts & Green Tea,Kofta Curry (Spiced Meatballs) with 2 Chapatis,"Mix Sabzi (Carrot, Peas, Potatoes) with 2 Chapatis","Chana Chaat with Dahi, Onion, Tomato & Tamarind Chutney",383,15.09,64.74,"Diabetes, Hypertension, Heart Disease, Obesity","Pakistani, Indian, Low Fat, Dash, Balanced"
1626,209.76,90.2,44.57,11.54,26.12,1332,Besan ka Chilla (Savory Gram Flour Pancake) with Mint Dahi,Daal Masoor Curry with Boiled Basmati Rice & Kachumber,Chicken Haleem with 1 Tandoori Naan & Brown Onions,1 Chicken Shami Kebab with Sliced Cucumber & Mint Raita,341,15.63,30.94,"Diabetes, Heart Disease, Obesity","Pakistani, Indian, Low Fat, Dash, Balanced"
1832,208.16,111.13,58.0,18.43,23.74,1561,Besan ka Chilla (Savory Gram Flour Pancake) with Mint Dahi,Chicken Karahi (200g) with 2 Whole Wheat Chapatis & Salad,Chicken Haleem with 1 Tandoori Naan & Brown Onions,Dahi Bhalla (Dahi Baray) with Chaat Masala & Papdi,423,15.07,32.52,"Diabetes, Heart Disease, Obesity","Pakistani, Indian, High Protein, Traditional"
1491,203.4,55.0,46.9,47.39,20.54,874,Wheat Dalia (Cracked Wheat Porridge in Buffalo Milk),Daal Channa with 2 Chapatis & Onion Salad,Anda Curry with 2 Chapatis & Onion Salad,Gajar ka Halwa (100g Small Cup - Traditional Sweet),543,10.76,19.25,"Hypertension, Kidney Disease","Pakistani, Indian, Low Fat, Dash, Balanced"
1455,202.55,69.38,37.82,27.42,29.99,929,Oatmeal Porridge in Cow Milk with Sliced Bananas & Almonds,Beef Shami Kebab (2 pcs) with 1 Whole Wheat Roti & Salad,"Mix Sabzi (Carrot, Peas, Potatoes) with 2 Chapatis",Roasted Chickpeas (Bhuna Chana - 50g) with Green Tea,425,14.21,55.95,"Diabetes, Hypertension, Heart Disease, Obesity, Kidney Disease","Pakistani, Indian, Low Fat, Dash, Balanced"
1581,158.07,118.28,48.29,9.27,20.5,1243,2 Boiled Eggs with 2 Brown Bread Toasts & Green Tea,Beef Shami Kebab (2 pcs) with 1 Whole Wheat Roti & Salad,Balochi Sajji (Roasted Chicken) with 1 cup Zeera Rice,Roasted Chickpeas (Bhuna Chana - 50g) with Green Tea,316,14.83,15.81,"Diabetes, Hypertension, Heart Disease, Obesity","Pakistani, Indian, High Protein, Traditional"
1287,162.75,68.5,35.29,17.85,21.01,930,Oatmeal Porridge in Cow Milk with Sliced Bananas & Almonds,Daal Channa with 2 Chapatis & Onion Salad,Chicken Haleem with 1 Tandoori Naan & Brown Onions,1 Chicken Shami Kebab with Sliced Cucumber & Mint Raita,324,10.88,18.27,"Diabetes, Heart Disease, Obesity, Kidney Disease","Pakistani, Indian, Low Carb, Traditional"
1895,215.14,106.62,68.05,36.49,17.34,1298,Halwa Puri with Chana Masala (Sunday Special),Chicken Karahi (200g) with 2 Whole Wheat Chapatis & Salad,Balochi Sajji (Roasted Chicken) with 1 cup Zeera Rice,Roasted Chickpeas (Bhuna Chana - 50g) with Green Tea,275,13.17,22.75,None,"Pakistani, Indian, Traditional, Balanced"
1398,197.9,59.16,41.82,42.54,27.34,944,Wheat Dalia (Cracked Wheat Porridge in Buffalo Milk),Bhindi Masala (Okra Curry) with 2 Whole Wheat Chapatis,Palak Gosht (Spinach Mutton Curry) with 1.5 Chapatis,"Fresh Fruit Chaat (Apple, Guava, Banana & Chaat Masala)",617,13.67,108.64,"Hypertension, Heart Disease, Obesity, Kidney Disease","Pakistani, Indian, Low Fat, Dash, Balanced"
1781,186.71,92.81,68.85,14.03,22.88,1468,Mooli Paratha with Zeera Raita & Chai,Aloo Gosht (Potato Beef Curry) with 1.5 Tandoori Rotis,Peshawari Chapli Kabab with 1 Whole Wheat Roti & Salad,Roasted Chickpeas (Bhuna Chana - 50g) with Green Tea,362,16.4,39.93,Diabetes,"Pakistani, Indian, Traditional, Balanced"
1642,164.19,98.62,61.05,40.52,16.52,1231,Besan ka Chilla (Savory Gram Flour Pancake) with Mint Dahi,Kofta Curry (Spiced Meatballs) with 2 Chapatis,Machli (Fried Spiced Fish) with 1 Roti & Fresh Lemon,Gajar ka Halwa (100g Small Cup - Traditional Sweet),463,13.16,21.58,Hypertension,"Pakistani, Indian, Low Carb, Traditional"
1389,131.48,97.87,50.93,9.72,13.89,1250,Besan ka Chilla (Savory Gram Flour Pancake) with Mint Dahi,Beef Pulao Gosht with Mint Raita & Sliced Cucumbers,Chicken Tikka Boti (Grilled) with Mint Raita & Fresh Salad,1 Vegetable Potato Samosa with Mint Green Chutney,301,12.31,28.24,None,"Pakistani, Indian, Low Carb, Traditional"
1664,150.54,102.5,68.83,12.58,18.12,1495,Anda Ghotala (Spiced Scrambled Eggs) with 1 Tandoori Roti,Aloo Gosht (Potato Beef Curry) with 1.5 Tandoori Rotis,Palak Gosht (Spinach Mutton Curry) with 1.5 Chapatis,1 Chicken Shami Kebab with Sliced Cucumber & Mint Raita,381,17.03,50.51,Obesity,"Pakistani, Indian, Low Carb, Traditional"
1524,183.65,71.0,53.49,12.31,23.86,1250,Mooli Paratha with Zeera Raita & Chai,Bhindi Masala (Okra Curry) with 2 Whole Wheat Chapatis,Chicken Haleem with 1 Tandoori Naan & Brown Onions,1 Chicken Shami Kebab with Sliced Cucumber & Mint Raita,383,12.12,52.07,"Diabetes, Heart Disease, Kidney Disease","Pakistani, Indian, Traditional, Balanced"
1219,137.26,71.79,41.09,28.17,21.22,1029,Besan ka Chilla (Savory Gram Flour Pancake) with Mint Dahi,Beef Shami Kebab (2 pcs) with 1 Whole Wheat Roti & Salad,Palak Gosht (Spinach Mutton Curry) with 1.5 Chapatis,"Fresh Fruit Chaat (Apple, Guava, Banana & Chaat Masala)",352,14.45,77.21,"Diabetes, Hypertension, Heart Disease, Obesity, Kidney Disease","Pakistani, Indian, Low Carb, Traditional"
1476,156.46,66.23,62.67,19.11,18.58,1316,Plain Desi Ghee Paratha with Shami Kabab & Chai,Bhindi Masala (Okra Curry) with 2 Whole Wheat Chapatis,Peshawari Chapli Kabab with 1 Whole Wheat Roti & Salad,Dahi Bhalla (Dahi Baray) with Chaat Masala & Papdi,396,12.45,46.23,Kidney Disease,"Pakistani, Indian, Low Carb, Traditional"
1513,182.99,80.35,49.85,36.95,28.15,1220,Besan ka Chilla (Savory Gram Flour Pancake) with Mint Dahi,Beef Shami Kebab (2 pcs) with 1 Whole Wheat Roti & Salad,Palak Paneer (Spinach with Cottage Cheese) with 2 Chapatis,"Fresh Fruit Chaat (Apple, Guava, Banana & Chaat Masala)",563,17.24,97.94,"Hypertension, Heart Disease, Obesity, Kidney Disease","Pakistani, Indian, Low Fat, Dash, Balanced"
1371,111.46,94.65,57.06,11.06,13.09,1265,Plain Desi Ghee Paratha with Shami Kabab & Chai,Beef Shami Kebab (2 pcs) with 1 Whole Wheat Roti & Salad,Machli (Fried Spiced Fish) with 1 Roti & Fresh Lemon,1 Chicken Shami Kebab with Sliced Cucumber & Mint Raita,296,12.03,19.02,None,"Pakistani, Indian, Low Carb, Traditional"
1505,168.95,79.87,55.62,31.78,13.8,1280,1 Whole Wheat Chapati with Fried Egg & Doodh Patti Chai,Kofta Curry (Spiced Meatballs) with 2 Chapatis,Beef Nihari with 1 Roghani Naan & Ginger Lemon Garnish,"Fresh Fruit Chaat (Apple, Guava, Banana & Chaat Masala)",234,11.46,51.86,Kidney Disease,"Pakistani, Indian, Low Carb, Traditional"
1753,182.64,97.09,66.65,22.78,18.79,1532,1 Whole Wheat Chapati with Fried Egg & Doodh Patti Chai,Kofta Curry (Spiced Meatballs) with 2 Chapatis,Palak Gosht (Spinach Mutton Curry) with 1.5 Chapatis,Dahi Bhalla (Dahi Baray) with Chaat Masala & Papdi,499,16.48,42.51,"Hypertension, Obesity","Pakistani, Indian, Traditional, Balanced"
1246,158.24,85.05,29.67,30.16,21.46,1078,Besan ka Chilla (Savory Gram Flour Pancake) with Mint Dahi,Daal Masoor Curry with Boiled Basmati Rice & Kachumber,Chicken Tikka Boti (Grilled) with Mint Raita & Fresh Salad,"Fresh Fruit Chaat (Apple, Guava, Banana & Chaat Masala)",321,12.36,80.6,"Diabetes, Hypertension, Heart Disease, Obesity, Kidney Disease","Pakistani, Indian, Low Carb, Traditional"
1530,191.29,70.59,53.29,16.85,23.87,1339,Besan ka Chilla (Savory Gram Flour Pancake) with Mint Dahi,Bhindi Masala (Okra Curry) with 2 Whole Wheat Chapatis,Beef Nihari with 1 Roghani Naan & Ginger Lemon Garnish,"Chana Chaat with Dahi, Onion, Tomato & Tamarind Chutney",373,13.94,51.47,Kidney Disease,"Pakistani, Indian, Traditional, Balanced"
1466,191.43,71.29,43.87,19.44,20.54,1157,Besan ka Chilla (Savory Gram Flour Pancake) with Mint Dahi,Daal Masoor Curry with Boiled Basmati Rice & Kachumber,Peshawari Chapli Kabab with 1 Whole Wheat Roti & Salad,Doodh Patti Chai with 2 Whole Wheat Rusks,374,13.96,32.9,"Diabetes, Heart Disease, Obesity, Kidney Disease","Pakistani, Indian, Low Fat, Dash, Balanced"
2180,264.66,105.09,74.5,32.8,18.9,1768,Oatmeal Porridge in Cow Milk with Sliced Bananas & Almonds,Chicken Biryani with Mint Zeera Raita & Fresh Salad,Beef Nihari with 1 Roghani Naan & Ginger Lemon Garnish,Dahi Bhalla (Dahi Baray) with Chaat Masala & Papdi,567,14.68,31.69,None,"Pakistani, Indian, Traditional, Balanced"
1480,200.1,72.69,41.86,18.89,19.7,1108,Wheat Dalia (Cracked Wheat Porridge in Buffalo Milk),Daal Masoor Curry with Boiled Basmati Rice & Kachumber,Machli (Fried Spiced Fish) with 1 Roti & Fresh Lemon,1 Vegetable Potato Samosa with Mint Green Chutney,485,11.13,26.03,"Hypertension, Kidney Disease","Pakistani, Indian, Low Fat, Dash, Balanced"
1649,205.56,78.05,54.74,13.74,29.57,1209,Anda Ghotala (Spiced Scrambled Eggs) with 1 Tandoori Roti,Daal Channa with 2 Chapatis & Onion Salad,Palak Paneer (Spinach with Cottage Cheese) with 2 Chapatis,Roasted Chickpeas (Bhuna Chana - 50g) with Green Tea,561,17.59,45.07,"Diabetes, Hypertension, Heart Disease, Obesity, Kidney Disease","Pakistani, Indian, Traditional, Balanced"
1909,216.89,116.92,62.7,33.89,15.93,1469,Anda Ghotala (Spiced Scrambled Eggs) with 1 Tandoori Roti,Beef Pulao Gosht with Mint Raita & Sliced Cucumbers,Balochi Sajji (Roasted Chicken) with 1 cup Zeera Rice,"Fresh Fruit Chaat (Apple, Guava, Banana & Chaat Masala)",305,14.12,68.91,"Heart Disease, Obesity","Pakistani, Indian, High Protein, Traditional"
1559,172.55,85.24,56.65,16.63,24.22,1393,Anda Ghotala (Spiced Scrambled Eggs) with 1 Tandoori Roti,Beef Shami Kebab (2 pcs) with 1 Whole Wheat Roti & Salad,Palak Paneer (Spinach with Cottage Cheese) with 2 Chapatis,"Chana Chaat with Dahi, Onion, Tomato & Tamarind Chutney",520,16.53,56.13,"Diabetes, Hypertension, Heart Disease, Obesity, Kidney Disease","Pakistani, Indian, Traditional, Balanced"
1534,156.55,99.43,51.83,32.26,18.09,1386,2 Boiled Eggs with 2 Brown Bread Toasts & Green Tea,Aloo Gosht (Potato Beef Curry) with 1.5 Tandoori Rotis,Machli (Fried Spiced Fish) with 1 Roti & Fresh Lemon,"Fresh Fruit Chaat (Apple, Guava, Banana & Chaat Masala)",349,12.48,66.11,"Heart Disease, Obesity","Pakistani, Indian, Low Carb, Traditional"
1761,187.54,78.17,75.8,13.58,14.28,1551,1 Crispy Aloo Paratha with Fresh Dahi & Mint Raita,Aloo Gosht (Potato Beef Curry) with 1.5 Tandoori Rotis,Beef Nihari with 1 Roghani Naan & Ginger Lemon Garnish,1 Vegetable Potato Samosa with Mint Green Chutney,285,12.79,24.54,None,"Pakistani, Indian, Traditional, Balanced"
1665,186.82,76.49,66.59,37.46,16.0,1156,Anda Ghotala (Spiced Scrambled Eggs) with 1 Tandoori Roti,Beef Pulao Gosht with Mint Raita & Sliced Cucumbers,Palak Paneer (Spinach with Cottage Cheese) with 2 Chapatis,Gajar ka Halwa (100g Small Cup - Traditional Sweet),550,13.87,36.99,Kidney Disease,"Pakistani, Indian, Traditional, Balanced"
1488,142.06,75.43,65.96,36.11,16.07,1125,Plain Desi Ghee Paratha with Shami Kabab & Chai,Beef Shami Kebab (2 pcs) with 1 Whole Wheat Roti & Salad,Palak Gosht (Spinach Mutton Curry) with 1.5 Chapatis,Gajar ka Halwa (100g Small Cup - Traditional Sweet),423,13.95,34.25,Kidney Disease,"Pakistani, Indian, Low Carb, Traditional"
1528,158.61,81.25,61.11,14.6,23.16,1177,Plain Desi Ghee Paratha with Shami Kabab & Chai,Beef Shami Kebab (2 pcs) with 1 Whole Wheat Roti & Salad,Palak Paneer (Spinach with Cottage Cheese) with 2 Chapatis,Roasted Chickpeas (Bhuna Chana - 50g) with Green Tea,501,16.44,36.49,"Diabetes, Kidney Disease","Pakistani, Indian, Low Carb, Traditional"
2090,239.16,95.55,81.03,38.56,21.23,1799,Mooli Paratha with Zeera Raita & Chai,Aloo Gosht (Potato Beef Curry) with 1.5 Tandoori Rotis,Beef Nihari with 1 Roghani Naan & Ginger Lemon Garnish,"Fresh Fruit Chaat (Apple, Guava, Banana & Chaat Masala)",352,15.53,83.82,None,"Pakistani, Indian, Traditional, Balanced"
1924,227.53,103.42,65.67,34.65,17.69,1686,2 Boiled Eggs with 2 Brown Bread Toasts & Green Tea,Chicken Biryani with Mint Zeera Raita & Fresh Salad,Beef Nihari with 1 Roghani Naan & Ginger Lemon Garnish,"Fresh Fruit Chaat (Apple, Guava, Banana & Chaat Masala)",367,13.86,68.78,None,"Pakistani, Indian, Traditional, Balanced"
1473,158.2,89.68,48.94,19.28,16.12,1068,Oatmeal Porridge in Cow Milk with Sliced Bananas & Almonds,Beef Shami Kebab (2 pcs) with 1 Whole Wheat Roti & Salad,Balochi Sajji (Roasted Chicken) with 1 cup Zeera Rice,1 Vegetable Potato Samosa with Mint Green Chutney,321,11.17,20.76,"Hypertension, Kidney Disease","Pakistani, Indian, Low Carb, Traditional"
1613,220.94,69.12,48.88,47.12,25.42,914,Wheat Dalia (Cracked Wheat Porridge in Buffalo Milk),Lobia / Red Kidney Bean Curry (Kalool) with Zeera Rice,Palak Gosht (Spinach Mutton Curry) with 1.5 Chapatis,Gajar ka Halwa (100g Small Cup - Traditional Sweet),670,14.86,37.15,"Hypertension, Kidney Disease","Pakistani, Indian, Low Fat, Dash, Balanced"
1805,217.84,102.18,53.94,23.34,21.06,1359,Oatmeal Porridge in Cow Milk with Sliced Bananas & Almonds,Chicken Biryani with Mint Zeera Raita & Fresh Salad,Chicken Haleem with 1 Tandoori Naan & Brown Onions,1 Chicken Shami Kebab with Sliced Cucumber & Mint Raita,456,13.28,29.05,"Heart Disease, Obesity","Pakistani, Indian, Traditional, Balanced"
1782,233.61,94.98,48.96,21.83,24.78,1522,1 Whole Wheat Chapati with Fried Egg & Doodh Patti Chai,Daal Masoor Curry with Boiled Basmati Rice & Kachumber,Machli (Fried Spiced Fish) with 1 Roti & Fresh Lemon,"Chana Chaat with Dahi, Onion, Tomato & Tamarind Chutney",448,14.98,38.93,"Diabetes, Hypertension, Heart Disease, Obesity","Pakistani, Indian, Low Fat, Dash, Balanced"
1346,158.3,88.55,37.1,23.75,19.79,1133,Wheat Dalia (Cracked Wheat Porridge in Buffalo Milk),Daal Channa with 2 Chapatis & Onion Salad,Chicken Tikka Boti (Grilled) with Mint Raita & Fresh Salad,Dahi Bhalla (Dahi Baray) with Chaat Masala & Papdi,529,10.98,28.69,"Hypertension, Heart Disease, Obesity, Kidney Disease","Pakistani, Indian, Low Carb, Traditional"
1751,190.83,96.46,65.01,21.49,18.56,1489,Besan ka Chilla (Savory Gram Flour Pancake) with Mint Dahi,Beef Shami Kebab (2 pcs) with 1 Whole Wheat Roti & Salad,Beef Nihari with 1 Roghani Naan & Ginger Lemon Garnish,Doodh Patti Chai with 2 Whole Wheat Rusks,372,15.2,22.02,None,"Pakistani, Indian, Traditional, Balanced"
1441,174.06,92.83,39.16,8.7,18.28,1122,Besan ka Chilla (Savory Gram Flour Pancake) with Mint Dahi,Daal Masoor Curry with Boiled Basmati Rice & Kachumber,Balochi Sajji (Roasted Chicken) with 1 cup Zeera Rice,1 Chicken Shami Kebab with Sliced Cucumber & Mint Raita,290,13.25,26.59,"Hypertension, Heart Disease, Obesity","Pakistani, Indian, Low Fat, Dash, Balanced"
2082,257.54,86.65,79.88,39.7,19.07,1685,Halwa Puri with Chana Masala (Sunday Special),Daal Masoor Curry with Boiled Basmati Rice & Kachumber,Beef Nihari with 1 Roghani Naan & Ginger Lemon Garnish,1 Chicken Shami Kebab with Sliced Cucumber & Mint Raita,290,15.3,29.05,None,"Pakistani, Indian, Traditional, Balanced"
1485,175.11,88.54,44.76,14.76,25.77,1328,Besan ka Chilla (Savory Gram Flour Pancake) with Mint Dahi,Beef Shami Kebab (2 pcs) with 1 Whole Wheat Roti & Salad,Chicken Haleem with 1 Tandoori Naan & Brown Onions,"Chana Chaat with Dahi, Onion, Tomato & Tamarind Chutney",325,14.95,30.0,"Diabetes, Heart Disease, Obesity, Kidney Disease","Pakistani, Indian, Low Fat, Dash, Balanced"
2046,259.58,66.88,84.77,49.69,25.49,1637,Halwa Puri with Chana Masala (Sunday Special),Beef Shami Kebab (2 pcs) with 1 Whole Wheat Roti & Salad,"Mix Sabzi (Carrot, Peas, Potatoes) with 2 Chapatis",1 Vegetable Potato Samosa with Mint Green Chutney,298,14.73,59.63,None,"Pakistani, Indian, Traditional, Balanced"
1560,131.75,110.15,62.49,38.27,12.59,1288,Anda Ghotala (Spiced Scrambled Eggs) with 1 Tandoori Roti,Kofta Curry (Spiced Meatballs) with 2 Chapatis,Chicken Tikka Boti (Grilled) with Mint Raita & Fresh Salad,Gajar ka Halwa (100g Small Cup - Traditional Sweet),378,12.01,34.88,Hypertension,"Pakistani, Indian, High Protein, Traditional"
1829,209.03,76.5,74.21,48.6,20.07,1317,Plain Desi Ghee Paratha with Shami Kabab & Chai,Kofta Curry (Spiced Meatballs) with 2 Chapatis,"Mix Sabzi (Carrot, Peas, Potatoes) with 2 Chapatis",Gajar ka Halwa (100g Small Cup - Traditional Sweet),423,13.59,50.69,Kidney Disease,"Pakistani, Indian, Traditional, Balanced"
1962,203.1,102.13,77.89,25.62,21.58,1731,1 Whole Wheat Chapati with Fried Egg & Doodh Patti Chai,Aloo Gosht (Potato Beef Curry) with 1.5 Tandoori Rotis,Palak Gosht (Spinach Mutton Curry) with 1.5 Chapatis,Dahi Bhalla (Dahi Baray) with Chaat Masala & Papdi,542,18.35,49.04,"Diabetes, Obesity","Pakistani, Indian, Traditional, Balanced"
1896,215.34,108.84,63.78,18.14,23.87,1662,Besan ka Chilla (Savory Gram Flour Pancake) with Mint Dahi,Beef Pulao Gosht with Mint Raita & Sliced Cucumbers,Peshawari Chapli Kabab with 1 Whole Wheat Roti & Salad,"Chana Chaat with Dahi, Onion, Tomato & Tamarind Chutney",410,18.84,40.38,"Diabetes, Heart Disease, Obesity","Pakistani, Indian, Traditional, Balanced"
1802,213.84,88.08,62.63,45.31,20.16,1395,Oatmeal Porridge in Cow Milk with Sliced Bananas & Almonds,Aloo Gosht (Potato Beef Curry) with 1.5 Tandoori Rotis,Beef Nihari with 1 Roghani Naan & Ginger Lemon Garnish,"Fresh Fruit Chaat (Apple, Guava, Banana & Chaat Masala)",367,13.75,69.24,Kidney Disease,"Pakistani, Indian, Traditional, Balanced"
1884,243.68,88.29,58.04,14.13,32.02,1389,Mooli Paratha with Zeera Raita & Chai,Lobia / Red Kidney Bean Curry (Kalool) with Zeera Rice,Peshawari Chapli Kabab with 1 Whole Wheat Roti & Salad,Roasted Chickpeas (Bhuna Chana - 50g) with Green Tea,453,18.25,39.44,"Diabetes, Heart Disease, Kidney Disease","Pakistani, Indian, Traditional, Balanced"
1679,173.9,98.94,60.96,15.99,15.39,1539,2 Boiled Eggs with 2 Brown Bread Toasts & Green Tea,Beef Pulao Gosht with Mint Raita & Sliced Cucumbers,Peshawari Chapli Kabab with 1 Whole Wheat Roti & Salad,Dahi Bhalla (Dahi Baray) with Chaat Masala & Papdi,390,14.39,22.99,"Heart Disease, Obesity","Pakistani, Indian, Traditional, Balanced"
1759,208.41,96.36,57.71,32.16,20.95,1238,Wheat Dalia (Cracked Wheat Porridge in Buffalo Milk),Kofta Curry (Spiced Meatballs) with 2 Chapatis,Palak Gosht (Spinach Mutton Curry) with 1.5 Chapatis,Doodh Patti Chai with 2 Whole Wheat Rusks,684,16.14,42.58,"Diabetes, Hypertension, Heart Disease, Obesity","Pakistani, Indian, Traditional, Balanced"
1552,160.96,96.29,54.13,14.85,15.71,1322,Besan ka Chilla (Savory Gram Flour Pancake) with Mint Dahi,Aloo Gosht (Potato Beef Curry) with 1.5 Tandoori Rotis,Balochi Sajji (Roasted Chicken) with 1 cup Zeera Rice,Dahi Bhalla (Dahi Baray) with Chaat Masala & Papdi,340,12.84,21.08,"Heart Disease, Obesity","Pakistani, Indian, Low Carb, Traditional"
1692,185.73,85.23,63.9,22.07,15.63,1352,Oatmeal Porridge in Cow Milk with Sliced Bananas & Almonds,Kofta Curry (Spiced Meatballs) with 2 Chapatis,Beef Nihari with 1 Roghani Naan & Ginger Lemon Garnish,1 Vegetable Potato Samosa with Mint Green Chutney,331,12.6,22.99,Kidney Disease,"Pakistani, Indian, Traditional, Balanced"
1550,200.77,61.35,54.1,37.37,24.65,1249,Anda Ghotala (Spiced Scrambled Eggs) with 1 Tandoori Roti,Bhindi Masala (Okra Curry) with 2 Whole Wheat Chapatis,Anda Curry with 2 Chapatis & Onion Salad,"Fresh Fruit Chaat (Apple, Guava, Banana & Chaat Masala)",390,12.6,105.96,"Hypertension, Heart Disease, Obesity, Kidney Disease","Pakistani, Indian, Traditional, Balanced"
1686,203.67,77.73,60.53,54.31,23.76,1024,Wheat Dalia (Cracked Wheat Porridge in Buffalo Milk),Beef Shami Kebab (2 pcs) with 1 Whole Wheat Roti & Salad,Palak Paneer (Spinach with Cottage Cheese) with 2 Chapatis,Gajar ka Halwa (100g Small Cup - Traditional Sweet),809,14.94,42.43,"Hypertension, Kidney Disease","Pakistani, Indian, Traditional, Balanced"
1447,137.19,107.59,48.39,8.93,14.0,1193,Besan ka Chilla (Savory Gram Flour Pancake) with Mint Dahi,Kofta Curry (Spiced Meatballs) with 2 Chapatis,Balochi Sajji (Roasted Chicken) with 1 cup Zeera Rice,1 Chicken Shami Kebab with Sliced Cucumber & Mint Raita,268,12.97,20.2,"Hypertension, Heart Disease, Obesity","Pakistani, Indian, Low Carb, Traditional"
1870,226.61,107.07,55.52,10.76,23.45,1394,Mooli Paratha with Zeera Raita & Chai,Lobia / Red Kidney Bean Curry (Kalool) with Zeera Rice,Balochi Sajji (Roasted Chicken) with 1 cup Zeera Rice,1 Chicken Shami Kebab with Sliced Cucumber & Mint Raita,402,14.96,31.16,"Diabetes, Hypertension, Heart Disease","Pakistani, Indian, Traditional, Balanced"
1963,235.79,96.46,66.34,16.92,31.14,1478,Plain Desi Ghee Paratha with Shami Kabab & Chai,Daal Channa with 2 Chapatis & Onion Salad,Chicken Haleem with 1 Tandoori Naan & Brown Onions,Roasted Chickpeas (Bhuna Chana - 50g) with Green Tea,389,17.6,17.49,Diabetes,"Pakistani, Indian, Traditional, Balanced"
1879,240.55,75.92,68.19,47.25,19.97,1364,Anda Ghotala (Spiced Scrambled Eggs) with 1 Tandoori Roti,Chicken Biryani with Mint Zeera Raita & Fresh Salad,"Mix Sabzi (Carrot, Peas, Potatoes) with 2 Chapatis",Gajar ka Halwa (100g Small Cup - Traditional Sweet),467,12.46,62.29,"Hypertension, Kidney Disease","Pakistani, Indian, Traditional, Balanced"
2323,280.16,103.54,85.8,48.44,24.86,1704,Anda Ghotala (Spiced Scrambled Eggs) with 1 Tandoori Roti,Lobia / Red Kidney Bean Curry (Kalool) with Zeera Rice,Beef Nihari with 1 Roghani Naan & Ginger Lemon Garnish,Gajar ka Halwa (100g Small Cup - Traditional Sweet),490,17.63,28.6,None,"Pakistani, Indian, Traditional, Balanced"
1858,197.16,98.58,71.95,15.3,21.19,1530,1 Crispy Aloo Paratha with Fresh Dahi & Mint Raita,Kofta Curry (Spiced Meatballs) with 2 Chapatis,Palak Paneer (Spinach with Cottage Cheese) with 2 Chapatis,1 Chicken Shami Kebab with Sliced Cucumber & Mint Raita,618,17.34,50.99,Hypertension,"Pakistani, Indian, Traditional, Balanced"
1255,170.06,48.05,39.63,32.61,17.25,842,Besan ka Chilla (Savory Gram Flour Pancake) with Mint Dahi,Daal Masoor Curry with Boiled Basmati Rice & Kachumber,Anda Curry with 2 Chapatis & Onion Salad,Gajar ka Halwa (100g Small Cup - Traditional Sweet),351,10.65,25.18,"Hypertension, Kidney Disease","Pakistani, Indian, Low Fat, Dash, Balanced"
1938,245.28,77.34,71.21,14.34,22.06,1573,1 Crispy Aloo Paratha with Fresh Dahi & Mint Raita,Lobia / Red Kidney Bean Curry (Kalool) with Zeera Rice,Beef Nihari with 1 Roghani Naan & Ginger Lemon Garnish,1 Vegetable Potato Samosa with Mint Green Chutney,371,14.74,24.23,None,"Pakistani, Indian, Traditional, Balanced"
1465,210.79,53.22,45.85,31.62,25.82,891,Wheat Dalia (Cracked Wheat Porridge in Buffalo Milk),Bhindi Masala (Okra Curry) with 2 Whole Wheat Chapatis,Palak Paneer (Spinach with Cottage Cheese) with 2 Chapatis,Doodh Patti Chai with 2 Whole Wheat Rusks,812,12.65,63.24,"Diabetes, Hypertension, Heart Disease, Obesity, Kidney Disease","Pakistani, Indian, Vegetarian, Balanced"
2123,234.23,106.66,83.13,41.83,20.6,1715,Halwa Puri with Chana Masala (Sunday Special),Kofta Curry (Spiced Meatballs) with 2 Chapatis,Chicken Haleem with 1 Tandoori Naan & Brown Onions,1 Chicken Shami Kebab with Sliced Cucumber & Mint Raita,303,15.58,23.0,None,"Pakistani, Indian, Traditional, Balanced"
1275,108.54,96.51,47.94,9.95,14.2,1212,Besan ka Chilla (Savory Gram Flour Pancake) with Mint Dahi,Kofta Curry (Spiced Meatballs) with 2 Chapatis,Chicken Tikka Boti (Grilled) with Mint Raita & Fresh Salad,1 Vegetable Potato Samosa with Mint Green Chutney,276,11.76,31.21,Hypertension,"Pakistani, Indian, Low Carb, Traditional"
1840,208.65,97.29,65.06,33.99,19.58,1389,Wheat Dalia (Cracked Wheat Porridge in Buffalo Milk),Aloo Gosht (Potato Beef Curry) with 1.5 Tandoori Rotis,Peshawari Chapli Kabab with 1 Whole Wheat Roti & Salad,Doodh Patti Chai with 2 Whole Wheat Rusks,569,14.77,30.48,Obesity,"Pakistani, Indian, Traditional, Balanced"
2107,242.79,115.67,73.29,37.22,19.24,1798,2 Boiled Eggs with 2 Brown Bread Toasts & Green Tea,Beef Pulao Gosht with Mint Raita & Sliced Cucumbers,Beef Nihari with 1 Roghani Naan & Ginger Lemon Garnish,"Fresh Fruit Chaat (Apple, Guava, Banana & Chaat Masala)",361,16.49,67.0,None,"Pakistani, Indian, High Protein, Traditional"
1215,136.66,76.87,39.86,34.64,19.27,1044,1 Whole Wheat Chapati with Fried Egg & Doodh Patti Chai,Bhindi Masala (Okra Curry) with 2 Whole Wheat Chapatis,Chicken Tikka Boti (Grilled) with Mint Raita & Fresh Salad,"Fresh Fruit Chaat (Apple, Guava, Banana & Chaat Masala)",346,9.87,91.11,"Hypertension, Heart Disease, Obesity, Kidney Disease","Pakistani, Indian, Low Carb, Traditional"
1658,165.84,110.56,58.35,19.45,13.41,1362,Anda Ghotala (Spiced Scrambled Eggs) with 1 Tandoori Roti,Chicken Karahi (200g) with 2 Whole Wheat Chapatis & Salad,Machli (Fried Spiced Fish) with 1 Roti & Fresh Lemon,Doodh Patti Chai with 2 Whole Wheat Rusks,399,11.57,31.22,"Hypertension, Heart Disease, Obesity","Pakistani, Indian, High Protein, Traditional"
2100,226.59,105.19,84.71,15.59,16.42,1788,1 Crispy Aloo Paratha with Fresh Dahi & Mint Raita,Chicken Karahi (200g) with 2 Whole Wheat Chapatis & Salad,Beef Nihari with 1 Roghani Naan & Ginger Lemon Garnish,1 Vegetable Potato Samosa with Mint Green Chutney,348,14.45,35.34,None,"Pakistani, Indian, Traditional, Balanced"
1838,202.16,93.84,67.77,44.22,20.56,1367,Anda Ghotala (Spiced Scrambled Eggs) with 1 Tandoori Roti,Daal Channa with 2 Chapatis & Onion Salad,Machli (Fried Spiced Fish) with 1 Roti & Fresh Lemon,Gajar ka Halwa (100g Small Cup - Traditional Sweet),488,13.44,25.27,Hypertension,"Pakistani, Indian, Traditional, Balanced"
1656,189.21,89.68,57.65,31.53,16.06,1291,1 Crispy Aloo Paratha with Fresh Dahi & Mint Raita,Aloo Gosht (Potato Beef Curry) with 1.5 Tandoori Rotis,Balochi Sajji (Roasted Chicken) with 1 cup Zeera Rice,"Fresh Fruit Chaat (Apple, Guava, Banana & Chaat Masala)",305,11.83,64.05,"Heart Disease, Kidney Disease","Pakistani, Indian, Traditional, Balanced"
1490,165.93,77.46,55.45,17.95,14.56,1244,1 Whole Wheat Chapati with Fried Egg & Doodh Patti Chai,Beef Pulao Gosht with Mint Raita & Sliced Cucumbers,Palak Gosht (Spinach Mutton Curry) with 1.5 Chapatis,Dahi Bhalla (Dahi Baray) with Chaat Masala & Papdi,419,13.55,30.9,"Heart Disease, Obesity, Kidney Disease","Pakistani, Indian, Low Carb, Traditional"
2030,258.58,73.19,78.0,51.5,24.36,1464,Halwa Puri with Chana Masala (Sunday Special),Daal Channa with 2 Chapatis & Onion Salad,Palak Gosht (Spinach Mutton Curry) with 1.5 Chapatis,Doodh Patti Chai with 2 Whole Wheat Rusks,502,16.67,40.07,None,"Pakistani, Indian, Traditional, Balanced"
1510,155.55,99.19,50.72,19.73,18.6,1274,Besan ka Chilla (Savory Gram Flour Pancake) with Mint Dahi,Beef Shami Kebab (2 pcs) with 1 Whole Wheat Roti & Salad,Machli (Fried Spiced Fish) with 1 Roti & Fresh Lemon,Doodh Patti Chai with 2 Whole Wheat Rusks,445,13.53,21.42,"Hypertension, Heart Disease, Obesity","Pakistani, Indian, Low Carb, Traditional"
1715,168.42,110.91,60.59,11.81,20.54,1551,2 Boiled Eggs with 2 Brown Bread Toasts & Green Tea,Aloo Gosht (Potato Beef Curry) with 1.5 Tandoori Rotis,Chicken Haleem with 1 Tandoori Naan & Brown Onions,1 Chicken Shami Kebab with Sliced Cucumber & Mint Raita,313,14.89,23.11,"Diabetes, Heart Disease, Obesity","Pakistani, Indian, High Protein, Traditional"
1374,192.56,68.71,36.62,33.74,18.19,992,Wheat Dalia (Cracked Wheat Porridge in Buffalo Milk),Chicken Biryani with Mint Zeera Raita & Fresh Salad,Chicken Haleem with 1 Tandoori Naan & Brown Onions,"Fresh Fruit Chaat (Apple, Guava, Banana & Chaat Masala)",403,9.38,53.08,"Heart Disease, Obesity, Kidney Disease","Pakistani, Indian, Low Fat, Dash, Balanced"
1638,208.86,89.59,46.72,37.38,21.0,1198,1 Whole Wheat Chapati with Fried Egg & Doodh Patti Chai,Daal Channa with 2 Chapatis & Onion Salad,Balochi Sajji (Roasted Chicken) with 1 cup Zeera Rice,"Fresh Fruit Chaat (Apple, Guava, Banana & Chaat Masala)",297,12.2,61.56,"Hypertension, Heart Disease, Obesity, Kidney Disease","Pakistani, Indian, Low Fat, Dash, Balanced"
1616,217.18,63.48,53.3,18.89,29.48,1175,Plain Desi Ghee Paratha with Shami Kabab & Chai,Daal Channa with 2 Chapatis & Onion Salad,"Mix Sabzi (Carrot, Peas, Potatoes) with 2 Chapatis",Roasted Chickpeas (Bhuna Chana - 50g) with Green Tea,357,15.0,47.74,"Diabetes, Kidney Disease","Pakistani, Indian, Traditional, Balanced"
1970,215.3,99.29,75.01,26.34,20.96,1603,Oatmeal Porridge in Cow Milk with Sliced Bananas & Almonds,Beef Shami Kebab (2 pcs) with 1 Whole Wheat Roti & Salad,Beef Nihari with 1 Roghani Naan & Ginger Lemon Garnish,1 Vegetable Potato Samosa with Mint Green Chutney,395,15.46,28.63,None,"Pakistani, Indian, Traditional, Balanced"
1584,170.76,103.89,50.92,18.0,18.0,1337,1 Whole Wheat Chapati with Fried Egg & Doodh Patti Chai,Beef Shami Kebab (2 pcs) with 1 Whole Wheat Roti & Salad,Balochi Sajji (Roasted Chicken) with 1 cup Zeera Rice,"Chana Chaat with Dahi, Onion, Tomato & Tamarind Chutney",298,13.27,25.72,"Hypertension, Heart Disease, Obesity","Pakistani, Indian, Traditional, Balanced"
1797,222.17,86.58,60.44,13.83,24.18,1459,1 Crispy Aloo Paratha with Fresh Dahi & Mint Raita,Daal Masoor Curry with Boiled Basmati Rice & Kachumber,Palak Gosht (Spinach Mutton Curry) with 1.5 Chapatis,1 Chicken Shami Kebab with Sliced Cucumber & Mint Raita,512,17.97,57.72,"Hypertension, Heart Disease","Pakistani, Indian, Traditional, Balanced"
1992,202.22,104.14,82.41,15.17,16.18,1769,1 Crispy Aloo Paratha with Fresh Dahi & Mint Raita,Aloo Gosht (Potato Beef Curry) with 1.5 Tandoori Rotis,Beef Nihari with 1 Roghani Naan & Ginger Lemon Garnish,1 Chicken Shami Kebab with Sliced Cucumber & Mint Raita,344,15.57,29.32,None,"Pakistani, Indian, Traditional, Balanced"
1998,228.98,109.47,69.51,56.89,22.78,1244,Wheat Dalia (Cracked Wheat Porridge in Buffalo Milk),Chicken Karahi (200g) with 2 Whole Wheat Chapatis & Salad,Palak Gosht (Spinach Mutton Curry) with 1.5 Chapatis,Gajar ka Halwa (100g Small Cup - Traditional Sweet),754,16.59,55.49,Hypertension,"Pakistani, Indian, Traditional, Balanced"
1773,221.66,72.57,64.75,57.75,25.32,1114,Wheat Dalia (Cracked Wheat Porridge in Buffalo Milk),Bhindi Masala (Okra Curry) with 2 Whole Wheat Chapatis,Peshawari Chapli Kabab with 1 Whole Wheat Roti & Salad,Gajar ka Halwa (100g Small Cup - Traditional Sweet),688,13.53,57.75,Kidney Disease,"Pakistani, Indian, Traditional, Balanced"
1535,163.68,82.69,57.54,11.51,17.05,1313,1 Crispy Aloo Paratha with Fresh Dahi & Mint Raita,Aloo Gosht (Potato Beef Curry) with 1.5 Tandoori Rotis,Chicken Haleem with 1 Tandoori Naan & Brown Onions,1 Chicken Shami Kebab with Sliced Cucumber & Mint Raita,294,12.28,23.02,"Heart Disease, Kidney Disease","Pakistani, Indian, Low Carb, Traditional"
1771,190.84,90.21,70.83,12.99,17.12,1535,Anda Ghotala (Spiced Scrambled Eggs) with 1 Tandoori Roti,Chicken Biryani with Mint Zeera Raita & Fresh Salad,Palak Gosht (Spinach Mutton Curry) with 1.5 Chapatis,1 Vegetable Potato Samosa with Mint Green Chutney,428,15.25,51.15,Hypertension,"Pakistani, Indian, Traditional, Balanced"
1323,171.8,71.73,36.08,16.75,21.3,975,Wheat Dalia (Cracked Wheat Porridge in Buffalo Milk),Daal Channa with 2 Chapatis & Onion Salad,Chicken Haleem with 1 Tandoori Naan & Brown Onions,1 Chicken Shami Kebab with Sliced Cucumber & Mint Raita,387,11.08,15.89,"Diabetes, Heart Disease, Obesity, Kidney Disease","Pakistani, Indian, Low Fat, Dash, Balanced"
1943,158.63,144.84,78.17,15.52,14.37,1759,Plain Desi Ghee Paratha with Shami Kabab & Chai,Beef Pulao Gosht with Mint Raita & Sliced Cucumbers,Chicken Tikka Boti (Grilled) with Mint Raita & Fresh Salad,1 Chicken Shami Kebab with Sliced Cucumber & Mint Raita,397,16.55,33.91,None,"Pakistani, Indian, High Protein, Traditional"
1749,221.28,91.15,54.27,34.77,20.02,1307,Plain Desi Ghee Paratha with Shami Kabab & Chai,Daal Masoor Curry with Boiled Basmati Rice & Kachumber,Balochi Sajji (Roasted Chicken) with 1 cup Zeera Rice,"Fresh Fruit Chaat (Apple, Guava, Banana & Chaat Masala)",311,13.49,69.02,Diabetes,"Pakistani, Indian, Traditional, Balanced"
1376,124.56,118.52,41.37,13.48,16.73,1339,2 Boiled Eggs with 2 Brown Bread Toasts & Green Tea,Chicken Karahi (200g) with 2 Whole Wheat Chapatis & Salad,Chicken Tikka Boti (Grilled) with Mint Raita & Fresh Salad,"Chana Chaat with Dahi, Onion, Tomato & Tamarind Chutney",335,12.08,44.15,"Hypertension, Heart Disease, Obesity","Pakistani, Indian, High Protein, Traditional"
1641,213.07,87.17,46.49,13.1,28.94,1265,Besan ka Chilla (Savory Gram Flour Pancake) with Mint Dahi,Daal Masoor Curry with Boiled Basmati Rice & Kachumber,Peshawari Chapli Kabab with 1 Whole Wheat Roti & Salad,Roasted Chickpeas (Bhuna Chana - 50g) with Green Tea,376,18.23,38.17,"Diabetes, Heart Disease, Obesity, Kidney Disease","Pakistani, Indian, Low Fat, Dash, Balanced"
1794,218.64,101.89,54.13,11.14,21.23,1327,1 Crispy Aloo Paratha with Fresh Dahi & Mint Raita,Lobia / Red Kidney Bean Curry (Kalool) with Zeera Rice,Balochi Sajji (Roasted Chicken) with 1 cup Zeera Rice,1 Chicken Shami Kebab with Sliced Cucumber & Mint Raita,393,14.33,22.82,"Hypertension, Heart Disease","Pakistani, Indian, Traditional, Balanced"
1856,255.08,68.89,59.21,19.93,30.63,1435,Mooli Paratha with Zeera Raita & Chai,Lobia / Red Kidney Bean Curry (Kalool) with Zeera Rice,Palak Paneer (Spinach with Cottage Cheese) with 2 Chapatis,Dahi Bhalla (Dahi Baray) with Chaat Masala & Papdi,740,16.97,54.66,"Diabetes, Hypertension, Heart Disease","Pakistani, Indian, Vegetarian, Balanced"
1876,220.03,97.86,64.27,22.58,20.27,1424,2 Boiled Eggs with 2 Brown Bread Toasts & Green Tea,Beef Pulao Gosht with Mint Raita & Sliced Cucumbers,Palak Paneer (Spinach with Cottage Cheese) with 2 Chapatis,Doodh Patti Chai with 2 Whole Wheat Rusks,683,16.68,37.06,"Diabetes, Heart Disease, Obesity","Pakistani, Indian, Traditional, Balanced"
1489,224.33,65.63,38.01,23.51,24.1,965,Wheat Dalia (Cracked Wheat Porridge in Buffalo Milk),Chicken Biryani with Mint Zeera Raita & Fresh Salad,"Mix Sabzi (Carrot, Peas, Potatoes) with 2 Chapatis",Roasted Chickpeas (Bhuna Chana - 50g) with Green Tea,505,11.76,49.47,"Hypertension, Heart Disease, Obesity, Kidney Disease","Pakistani, Indian, Low Fat, Dash, Balanced"
1636,158.5,85.85,70.61,16.26,20.52,1433,Plain Desi Ghee Paratha with Shami Kabab & Chai,Bhindi Masala (Okra Curry) with 2 Whole Wheat Chapatis,Peshawari Chapli Kabab with 1 Whole Wheat Roti & Salad,1 Chicken Shami Kebab with Sliced Cucumber & Mint Raita,376,14.83,54.36,Diabetes,"Pakistani, Indian, Low Carb, Traditional"
1848,243.4,74.62,65.74,54.19,19.19,1412,Halwa Puri with Chana Masala (Sunday Special),Chicken Biryani with Mint Zeera Raita & Fresh Salad,Chicken Haleem with 1 Tandoori Naan & Brown Onions,"Fresh Fruit Chaat (Apple, Guava, Banana & Chaat Masala)",302,11.55,58.63,None,"Pakistani, Indian, Traditional, Balanced"
1703,179.72,106.68,58.12,11.56,19.97,1387,2 Boiled Eggs with 2 Brown Bread Toasts & Green Tea,Beef Pulao Gosht with Mint Raita & Sliced Cucumbers,Peshawari Chapli Kabab with 1 Whole Wheat Roti & Salad,Roasted Chickpeas (Bhuna Chana - 50g) with Green Tea,352,16.5,21.55,"Heart Disease, Obesity","Pakistani, Indian, Traditional, Balanced"
1371,136.15,103.93,42.21,19.52,13.43,1135,Oatmeal Porridge in Cow Milk with Sliced Bananas & Almonds,Chicken Biryani with Mint Zeera Raita & Fresh Salad,Chicken Tikka Boti (Grilled) with Mint Raita & Fresh Salad,1 Chicken Shami Kebab with Sliced Cucumber & Mint Raita,408,10.53,36.31,"Hypertension, Heart Disease, Obesity","Pakistani, Indian, Low Carb, Traditional"
1756,205.85,79.65,64.33,12.87,21.14,1477,1 Crispy Aloo Paratha with Fresh Dahi & Mint Raita,Daal Channa with 2 Chapatis & Onion Salad,Machli (Fried Spiced Fish) with 1 Roti & Fresh Lemon,1 Vegetable Potato Samosa with Mint Green Chutney,425,12.87,24.61,Hypertension,"Pakistani, Indian, Traditional, Balanced"
1803,208.07,82.34,67.65,15.02,27.26,1357,Mooli Paratha with Zeera Raita & Chai,Aloo Gosht (Potato Beef Curry) with 1.5 Tandoori Rotis,Palak Paneer (Spinach with Cottage Cheese) with 2 Chapatis,Roasted Chickpeas (Bhuna Chana - 50g) with Green Tea,606,17.69,54.52,"Diabetes, Kidney Disease","Pakistani, Indian, Traditional, Balanced"
1757,202.36,77.26,70.37,20.24,22.08,1536,Plain Desi Ghee Paratha with Shami Kabab & Chai,Bhindi Masala (Okra Curry) with 2 Whole Wheat Chapatis,Beef Nihari with 1 Roghani Naan & Ginger Lemon Garnish,"Chana Chaat with Dahi, Onion, Tomato & Tamarind Chutney",382,14.35,50.13,None,"Pakistani, Indian, Traditional, Balanced"
1772,217.06,86.38,59.25,37.1,19.71,1384,1 Crispy Aloo Paratha with Fresh Dahi & Mint Raita,Chicken Karahi (200g) with 2 Whole Wheat Chapatis & Salad,Anda Curry with 2 Chapatis & Onion Salad,"Fresh Fruit Chaat (Apple, Guava, Banana & Chaat Masala)",388,12.74,85.27,"Hypertension, Heart Disease, Kidney Disease","Pakistani, Indian, Traditional, Balanced"
1850,214.47,102.01,63.11,16.61,17.84,1699,2 Boiled Eggs with 2 Brown Bread Toasts & Green Tea,Chicken Biryani with Mint Zeera Raita & Fresh Salad,Beef Nihari with 1 Roghani Naan & Ginger Lemon Garnish,"Chana Chaat with Dahi, Onion, Tomato & Tamarind Chutney",380,14.23,31.79,None,"Pakistani, Indian, Traditional, Balanced"
1395,190.67,52.52,45.46,19.42,24.54,1156,Plain Desi Ghee Paratha with Shami Kabab & Chai,Daal Channa with 2 Chapatis & Onion Salad,"Mix Sabzi (Carrot, Peas, Potatoes) with 2 Chapatis","Chana Chaat with Dahi, Onion, Tomato & Tamarind Chutney",313,12.36,49.87,"Diabetes, Kidney Disease","Pakistani, Indian, Low Fat, Dash, Balanced"
1927,211.16,108.52,69.12,17.96,20.46,1578,1 Whole Wheat Chapati with Fried Egg & Doodh Patti Chai,Chicken Karahi (200g) with 2 Whole Wheat Chapatis & Salad,Chicken Haleem with 1 Tandoori Naan & Brown Onions,1 Vegetable Potato Samosa with Mint Green Chutney,310,13.71,29.39,None,"Pakistani, Indian, Traditional, Balanced"
1504,196.54,63.58,51.59,14.25,20.64,1199,Besan ka Chilla (Savory Gram Flour Pancake) with Mint Dahi,Beef Pulao Gosht with Mint Raita & Sliced Cucumbers,"Mix Sabzi (Carrot, Peas, Potatoes) with 2 Chapatis",1 Vegetable Potato Samosa with Mint Green Chutney,305,12.97,47.66,Kidney Disease,"Pakistani, Indian, Traditional, Balanced"
1438,149.7,91.6,50.23,33.49,19.8,1261,Plain Desi Ghee Paratha with Shami Kabab & Chai,Daal Channa with 2 Chapatis & Onion Salad,Chicken Tikka Boti (Grilled) with Mint Raita & Fresh Salad,"Fresh Fruit Chaat (Apple, Guava, Banana & Chaat Masala)",320,12.31,70.42,None,"Pakistani, Indian, Low Carb, Traditional"
1713,200.53,98.32,55.97,22.39,11.0,1265,1 Whole Wheat Chapati with Fried Egg & Doodh Patti Chai,Chicken Biryani with Mint Zeera Raita & Fresh Salad,Balochi Sajji (Roasted Chicken) with 1 cup Zeera Rice,Doodh Patti Chai with 2 Whole Wheat Rusks,385,10.42,17.04,"Hypertension, Heart Disease, Obesity","Pakistani, Indian, Traditional, Balanced"
1956,203.59,122.61,68.62,10.29,14.64,1590,2 Boiled Eggs with 2 Brown Bread Toasts & Green Tea,Beef Pulao Gosht with Mint Raita & Sliced Cucumbers,Balochi Sajji (Roasted Chicken) with 1 cup Zeera Rice,1 Vegetable Potato Samosa with Mint Green Chutney,332,14.41,15.44,None,"Pakistani, Indian, High Protein, Traditional"
1869,226.74,65.95,78.32,35.92,17.83,1515,Halwa Puri with Chana Masala (Sunday Special),Daal Channa with 2 Chapatis & Onion Salad,Beef Nihari with 1 Roghani Naan & Ginger Lemon Garnish,1 Vegetable Potato Samosa with Mint Green Chutney,242,12.72,18.17,None,"Pakistani, Indian, Traditional, Balanced"
1340,168.45,64.61,38.76,20.58,20.39,957,Oatmeal Porridge in Cow Milk with Sliced Bananas & Almonds,Daal Channa with 2 Chapatis & Onion Salad,Anda Curry with 2 Chapatis & Onion Salad,1 Chicken Shami Kebab with Sliced Cucumber & Mint Raita,378,11.58,24.89,"Diabetes, Hypertension, Heart Disease, Obesity, Kidney Disease","Pakistani, Indian, Low Carb, Traditional"
1683,186.37,84.87,61.12,50.8,19.74,1062,Oatmeal Porridge in Cow Milk with Sliced Bananas & Almonds,Kofta Curry (Spiced Meatballs) with 2 Chapatis,Palak Gosht (Spinach Mutton Curry) with 1.5 Chapatis,Gajar ka Halwa (100g Small Cup - Traditional Sweet),581,14.93,43.09,"Hypertension, Kidney Disease","Pakistani, Indian, Traditional, Balanced"
1521,186.19,80.42,48.55,11.7,22.42,1219,Anda Ghotala (Spiced Scrambled Eggs) with 1 Tandoori Roti,Daal Masoor Curry with Boiled Basmati Rice & Kachumber,Peshawari Chapli Kabab with 1 Whole Wheat Roti & Salad,Roasted Chickpeas (Bhuna Chana - 50g) with Green Tea,297,15.21,36.07,"Diabetes, Heart Disease, Obesity, Kidney Disease","Pakistani, Indian, Low Fat, Dash, Balanced"
1667,227.4,56.08,58.29,44.32,25.05,1079,Plain Desi Ghee Paratha with Shami Kabab & Chai,Lobia / Red Kidney Bean Curry (Kalool) with Zeera Rice,"Mix Sabzi (Carrot, Peas, Potatoes) with 2 Chapatis",Gajar ka Halwa (100g Small Cup - Traditional Sweet),434,13.01,45.29,Kidney Disease,"Pakistani, Indian, Traditional, Balanced"
1610,182.22,92.7,52.97,12.71,25.96,1388,2 Boiled Eggs with 2 Brown Bread Toasts & Green Tea,Bhindi Masala (Okra Curry) with 2 Whole Wheat Chapatis,Chicken Haleem with 1 Tandoori Naan & Brown Onions,1 Chicken Shami Kebab with Sliced Cucumber & Mint Raita,403,13.98,47.15,"Diabetes, Heart Disease, Obesity","Pakistani, Indian, Traditional, Balanced"
1748,191.04,90.57,69.51,32.83,12.2,1313,Halwa Puri with Chana Masala (Sunday Special),Chicken Karahi (200g) with 2 Whole Wheat Chapatis & Salad,Balochi Sajji (Roasted Chicken) with 1 cup Zeera Rice,1 Vegetable Potato Samosa with Mint Green Chutney,217,10.58,23.03,None,"Pakistani, Indian, Traditional, Balanced"
1774,228.49,86.72,53.31,11.97,25.57,1502,2 Boiled Eggs with 2 Brown Bread Toasts & Green Tea,Daal Masoor Curry with Boiled Basmati Rice & Kachumber,Chicken Haleem with 1 Tandoori Naan & Brown Onions,1 Vegetable Potato Samosa with Mint Green Chutney,337,14.58,27.75,None,"Pakistani, Indian, Traditional, Balanced"
2011,243.35,89.19,74.76,45.89,20.62,1598,Halwa Puri with Chana Masala (Sunday Special),Chicken Karahi (200g) with 2 Whole Wheat Chapatis & Salad,Anda Curry with 2 Chapatis & Onion Salad,"Chana Chaat with Dahi, Onion, Tomato & Tamarind Chutney",345,14.23,42.28,None,"Pakistani, Indian, Traditional, Balanced"
1520,189.71,58.75,56.62,15.0,20.04,1268,Mooli Paratha with Zeera Raita & Chai,Kofta Curry (Spiced Meatballs) with 2 Chapatis,"Mix Sabzi (Carrot, Peas, Potatoes) with 2 Chapatis",1 Vegetable Potato Samosa with Mint Green Chutney,305,11.42,58.07,"Hypertension, Kidney Disease","Pakistani, Indian, Traditional, Balanced"
1609,189.32,84.72,56.8,31.43,18.36,1344,Anda Ghotala (Spiced Scrambled Eggs) with 1 Tandoori Roti,Chicken Biryani with Mint Zeera Raita & Fresh Salad,Palak Gosht (Spinach Mutton Curry) with 1.5 Chapatis,"Fresh Fruit Chaat (Apple, Guava, Banana & Chaat Masala)",417,14.29,88.03,"Hypertension, Heart Disease, Obesity, Kidney Disease","Pakistani, Indian, Traditional, Balanced"
1606,173.25,97.72,51.24,27.47,17.11,1299,Oatmeal Porridge in Cow Milk with Sliced Bananas & Almonds,Kofta Curry (Spiced Meatballs) with 2 Chapatis,Machli (Fried Spiced Fish) with 1 Roti & Fresh Lemon,Dahi Bhalla (Dahi Baray) with Chaat Masala & Papdi,518,12.04,23.77,"Hypertension, Heart Disease, Obesity","Pakistani, Indian, Traditional, Balanced"
1361,179.16,58.14,45.22,15.07,19.98,1103,Plain Desi Ghee Paratha with Shami Kabab & Chai,Daal Masoor Curry with Boiled Basmati Rice & Kachumber,"Mix Sabzi (Carrot, Peas, Potatoes) with 2 Chapatis",1 Chicken Shami Kebab with Sliced Cucumber & Mint Raita,280,11.97,49.53,Kidney Disease,"Pakistani, Indian, Low Fat, Dash, Balanced"
1574,209.11,82.07,42.16,29.79,21.47,1074,Wheat Dalia (Cracked Wheat Porridge in Buffalo Milk),Daal Channa with 2 Chapatis & Onion Salad,Machli (Fried Spiced Fish) with 1 Roti & Fresh Lemon,Doodh Patti Chai with 2 Whole Wheat Rusks,618,11.35,15.74,"Diabetes, Hypertension, Heart Disease, Obesity, Kidney Disease","Pakistani, Indian, Low Fat, Dash, Balanced"
1486,209.93,61.32,37.93,27.02,26.29,1081,Oatmeal Porridge in Cow Milk with Sliced Bananas & Almonds,Daal Channa with 2 Chapatis & Onion Salad,Anda Curry with 2 Chapatis & Onion Salad,"Chana Chaat with Dahi, Onion, Tomato & Tamarind Chutney",447,12.99,34.29,"Diabetes, Hypertension, Heart Disease, Obesity, Kidney Disease","Pakistani, Indian, Low Fat, Dash, Balanced"
1974,259.66,96.03,62.77,45.6,19.42,1518,Wheat Dalia (Cracked Wheat Porridge in Buffalo Milk),Chicken Biryani with Mint Zeera Raita & Fresh Salad,Beef Nihari with 1 Roghani Naan & Ginger Lemon Garnish,"Fresh Fruit Chaat (Apple, Guava, Banana & Chaat Masala)",520,13.3,71.35,None,"Pakistani, Indian, Traditional, Balanced"
1177,193.0,38.51,29.22,25.23,26.56,837,Wheat Dalia (Cracked Wheat Porridge in Buffalo Milk),Bhindi Masala (Okra Curry) with 2 Whole Wheat Chapatis,"Mix Sabzi (Carrot, Peas, Potatoes) with 2 Chapatis","Chana Chaat with Dahi, Onion, Tomato & Tamarind Chutney",478,10.0,72.15,"Diabetes, Hypertension, Heart Disease, Obesity, Kidney Disease","Pakistani, Indian, Vegetarian, Balanced"
1507,191.64,60.28,52.7,11.32,20.99,1220,1 Crispy Aloo Paratha with Fresh Dahi & Mint Raita,Daal Channa with 2 Chapatis & Onion Salad,Chicken Haleem with 1 Tandoori Naan & Brown Onions,1 Vegetable Potato Samosa with Mint Green Chutney,301,11.32,19.16,Kidney Disease,"Pakistani, Indian, Traditional, Balanced"
1414,195.86,61.63,39.94,15.29,21.5,1013,1 Whole Wheat Chapati with Fried Egg & Doodh Patti Chai,Daal Masoor Curry with Boiled Basmati Rice & Kachumber,Anda Curry with 2 Chapatis & Onion Salad,Roasted Chickpeas (Bhuna Chana - 50g) with Green Tea,320,12.9,24.84,"Diabetes, Hypertension, Heart Disease, Obesity, Kidney Disease","Pakistani, Indian, Low Fat, Dash, Balanced"
1538,171.52,80.17,58.26,13.05,20.69,1333,Besan ka Chilla (Savory Gram Flour Pancake) with Mint Dahi,Bhindi Masala (Okra Curry) with 2 Whole Wheat Chapatis,Beef Nihari with 1 Roghani Naan & Ginger Lemon Garnish,1 Chicken Shami Kebab with Sliced Cucumber & Mint Raita,350,13.89,46.14,Kidney Disease,"Pakistani, Indian, Traditional, Balanced"
2117,270.84,63.96,87.06,46.09,27.43,1582,Halwa Puri with Chana Masala (Sunday Special),Daal Channa with 2 Chapatis & Onion Salad,Palak Paneer (Spinach with Cottage Cheese) with 2 Chapatis,1 Vegetable Potato Samosa with Mint Green Chutney,546,16.84,44.38,None,"Pakistani, Indian, Traditional, Balanced"
1817,218.9,91.92,62.16,19.13,24.44,1466,1 Crispy Aloo Paratha with Fresh Dahi & Mint Raita,Chicken Karahi (200g) with 2 Whole Wheat Chapatis & Salad,Palak Paneer (Spinach with Cottage Cheese) with 2 Chapatis,"Chana Chaat with Dahi, Onion, Tomato & Tamarind Chutney",622,16.15,63.76,"Hypertension, Heart Disease","Pakistani, Indian, Traditional, Balanced"
1901,240.94,91.08,61.79,49.85,20.25,1179,Wheat Dalia (Cracked Wheat Porridge in Buffalo Milk),Beef Pulao Gosht with Mint Raita & Sliced Cucumbers,Chicken Haleem with 1 Tandoori Naan & Brown Onions,Gajar ka Halwa (100g Small Cup - Traditional Sweet),576,13.09,14.02,None,"Pakistani, Indian, Traditional, Balanced"
1398,126.53,87.53,57.13,9.44,14.07,1313,Anda Ghotala (Spiced Scrambled Eggs) with 1 Tandoori Roti,Beef Shami Kebab (2 pcs) with 1 Whole Wheat Roti & Salad,Machli (Fried Spiced Fish) with 1 Roti & Fresh Lemon,1 Vegetable Potato Samosa with Mint Green Chutney,274,11.43,24.55,"Hypertension, Kidney Disease","Pakistani, Indian, Low Carb, Traditional"
1525,159.53,79.97,59.07,39.38,20.19,1131,2 Boiled Eggs with 2 Brown Bread Toasts & Green Tea,Beef Shami Kebab (2 pcs) with 1 Whole Wheat Roti & Salad,Palak Paneer (Spinach with Cottage Cheese) with 2 Chapatis,Gajar ka Halwa (100g Small Cup - Traditional Sweet),591,14.34,37.86,"Hypertension, Kidney Disease","Pakistani, Indian, Low Carb, Traditional"
1867,234.88,104.52,55.2,32.3,16.56,1345,Wheat Dalia (Cracked Wheat Porridge in Buffalo Milk),Chicken Biryani with Mint Zeera Raita & Fresh Salad,Machli (Fried Spiced Fish) with 1 Roti & Fresh Lemon,Doodh Patti Chai with 2 Whole Wheat Rusks,705,11.51,23.49,"Hypertension, Heart Disease, Obesity","Pakistani, Indian, Traditional, Balanced"
1833,218.14,103.85,59.18,41.19,17.29,1520,1 Whole Wheat Chapati with Fried Egg & Doodh Patti Chai,Chicken Biryani with Mint Zeera Raita & Fresh Salad,Machli (Fried Spiced Fish) with 1 Roti & Fresh Lemon,"Fresh Fruit Chaat (Apple, Guava, Banana & Chaat Masala)",441,12.18,74.26,"Hypertension, Heart Disease, Obesity","Pakistani, Indian, Traditional, Balanced"
1364,134.66,79.41,53.95,10.53,16.83,1191,1 Crispy Aloo Paratha with Fresh Dahi & Mint Raita,Beef Shami Kebab (2 pcs) with 1 Whole Wheat Roti & Salad,Palak Gosht (Spinach Mutton Curry) with 1.5 Chapatis,1 Chicken Shami Kebab with Sliced Cucumber & Mint Raita,380,14.16,40.57,"Hypertension, Heart Disease, Kidney Disease","Pakistani, Indian, Low Carb, Traditional"
1722,220.08,81.81,55.5,17.22,23.35,1454,Besan ka Chilla (Savory Gram Flour Pancake) with Mint Dahi,Lobia / Red Kidney Bean Curry (Kalool) with Zeera Rice,Beef Nihari with 1 Roghani Naan & Ginger Lemon Garnish,Dahi Bhalla (Dahi Baray) with Chaat Masala & Papdi,407,15.21,21.53,None,"Pakistani, Indian, Traditional, Balanced"
1421,131.97,81.21,58.79,12.69,12.44,1235,Plain Desi Ghee Paratha with Shami Kabab & Chai,Kofta Curry (Spiced Meatballs) with 2 Chapatis,Anda Curry with 2 Chapatis & Onion Salad,1 Chicken Shami Kebab with Sliced Cucumber & Mint Raita,271,12.1,21.57,Kidney Disease,"Pakistani, Indian, Low Carb, Traditional"
1797,202.68,107.91,58.73,49.52,22.46,1278,1 Whole Wheat Chapati with Fried Egg & Doodh Patti Chai,Lobia / Red Kidney Bean Curry (Kalool) with Zeera Rice,Chicken Tikka Boti (Grilled) with Mint Raita & Fresh Salad,Gajar ka Halwa (100g Small Cup - Traditional Sweet),512,14.05,31.67,Hypertension,"Pakistani, Indian, Traditional, Balanced"
2119,281.76,76.89,75.28,51.62,25.59,1527,Halwa Puri with Chana Masala (Sunday Special),Daal Channa with 2 Chapatis & Onion Salad,Chicken Haleem with 1 Tandoori Naan & Brown Onions,Doodh Patti Chai with 2 Whole Wheat Rusks,393,14.2,16.67,None,"Pakistani, Indian, Traditional, Balanced"
1258,122.47,74.48,49.65,16.14,12.83,1109,Anda Ghotala (Spiced Scrambled Eggs) with 1 Tandoori Roti,Beef Shami Kebab (2 pcs) with 1 Whole Wheat Roti & Salad,Peshawari Chapli Kabab with 1 Whole Wheat Roti & Salad,Doodh Patti Chai with 2 Whole Wheat Rusks,265,11.17,25.24,"Heart Disease, Obesity, Kidney Disease","Pakistani, Indian, Low Carb, Traditional"
2306,268.69,93.14,96.28,77.25,21.83,1511,Halwa Puri with Chana Masala (Sunday Special),Chicken Karahi (200g) with 2 Whole Wheat Chapatis & Salad,Palak Paneer (Spinach with Cottage Cheese) with 2 Chapatis,Gajar ka Halwa (100g Small Cup - Traditional Sweet),655,16.23,52.62,None,"Pakistani, Indian, Traditional, Balanced"
1833,246.87,63.26,66.71,36.3,21.78,1407,Halwa Puri with Chana Masala (Sunday Special),Daal Masoor Curry with Boiled Basmati Rice & Kachumber,Chicken Haleem with 1 Tandoori Naan & Brown Onions,1 Vegetable Potato Samosa with Mint Green Chutney,263,12.71,24.51,None,"Pakistani, Indian, Traditional, Balanced"
1444,202.12,54.57,41.39,21.17,22.91,962,Oatmeal Porridge in Cow Milk with Sliced Bananas & Almonds,Lobia / Red Kidney Bean Curry (Kalool) with Zeera Rice,Anda Curry with 2 Chapatis & Onion Salad,1 Vegetable Potato Samosa with Mint Green Chutney,399,11.74,24.54,"Hypertension, Kidney Disease","Pakistani, Indian, Low Fat, Dash, Balanced"
1475,173.88,86.94,46.22,21.46,22.34,1117,Wheat Dalia (Cracked Wheat Porridge in Buffalo Milk),Bhindi Masala (Okra Curry) with 2 Whole Wheat Chapatis,Machli (Fried Spiced Fish) with 1 Roti & Fresh Lemon,1 Chicken Shami Kebab with Sliced Cucumber & Mint Raita,600,11.78,48.97,"Diabetes, Hypertension, Heart Disease, Obesity, Kidney Disease","Pakistani, Indian, Low Fat, Dash, Balanced"
1754,170.77,117.48,61.09,13.18,22.58,1501,2 Boiled Eggs with 2 Brown Bread Toasts & Green Tea,Kofta Curry (Spiced Meatballs) with 2 Chapatis,Peshawari Chapli Kabab with 1 Whole Wheat Roti & Salad,Roasted Chickpeas (Bhuna Chana - 50g) with Green Tea,361,17.65,28.08,"Diabetes, Heart Disease, Obesity","Pakistani, Indian, High Protein, Traditional"
1774,221.97,65.13,71.82,36.85,21.68,1320,Halwa Puri with Chana Masala (Sunday Special),Bhindi Masala (Okra Curry) with 2 Whole Wheat Chapatis,Beef Nihari with 1 Roghani Naan & Ginger Lemon Garnish,Roasted Chickpeas (Bhuna Chana - 50g) with Green Tea,321,13.28,37.71,Kidney Disease,"Pakistani, Indian, Traditional, Balanced"
2045,234.05,102.26,75.46,30.08,19.36,1723,Wheat Dalia (Cracked Wheat Porridge in Buffalo Milk),Aloo Gosht (Potato Beef Curry) with 1.5 Tandoori Rotis,Beef Nihari with 1 Roghani Naan & Ginger Lemon Garnish,Dahi Bhalla (Dahi Baray) with Chaat Masala & Papdi,552,15.2,25.15,None,"Pakistani, Indian, Traditional, Balanced"
1899,189.94,127.94,64.95,40.94,14.74,1332,2 Boiled Eggs with 2 Brown Bread Toasts & Green Tea,Chicken Karahi (200g) with 2 Whole Wheat Chapatis & Salad,Balochi Sajji (Roasted Chicken) with 1 cup Zeera Rice,Gajar ka Halwa (100g Small Cup - Traditional Sweet),420,12.66,25.65,Hypertension,"Pakistani, Indian, High Protein, Traditional"
1798,210.39,96.71,59.38,24.88,22.06,1244,Oatmeal Porridge in Cow Milk with Sliced Bananas & Almonds,Beef Pulao Gosht with Mint Raita & Sliced Cucumbers,Palak Paneer (Spinach with Cottage Cheese) with 2 Chapatis,1 Chicken Shami Kebab with Sliced Cucumber & Mint Raita,673,16.85,45.25,"Diabetes, Heart Disease, Obesity","Pakistani, Indian, Traditional, Balanced"
2027,221.49,105.01,80.59,38.07,14.14,1523,Halwa Puri with Chana Masala (Sunday Special),Chicken Karahi (200g) with 2 Whole Wheat Chapatis & Salad,Balochi Sajji (Roasted Chicken) with 1 cup Zeera Rice,1 Vegetable Potato Samosa with Mint Green Chutney,252,12.26,26.7,None,"Pakistani, Indian, Traditional, Balanced"
1325,170.41,69.11,39.76,22.72,23.67,1018,Wheat Dalia (Cracked Wheat Porridge in Buffalo Milk),Beef Shami Kebab (2 pcs) with 1 Whole Wheat Roti & Salad,Palak Paneer (Spinach with Cottage Cheese) with 2 Chapatis,"Chana Chaat with Dahi, Onion, Tomato & Tamarind Chutney",620,13.82,44.97,"Diabetes, Hypertension, Heart Disease, Obesity, Kidney Disease","Pakistani, Indian, Low Fat, Dash, Balanced"
1317,128.36,86.02,47.09,30.42,12.09,967,2 Boiled Eggs with 2 Brown Bread Toasts & Green Tea,Beef Shami Kebab (2 pcs) with 1 Whole Wheat Roti & Salad,Balochi Sajji (Roasted Chicken) with 1 cup Zeera Rice,Gajar ka Halwa (100g Small Cup - Traditional Sweet),304,9.92,12.92,"Hypertension, Kidney Disease","Pakistani, Indian, Low Carb, Traditional"
1927,202.03,83.52,86.96,41.14,18.22,1645,Halwa Puri with Chana Masala (Sunday Special),Beef Shami Kebab (2 pcs) with 1 Whole Wheat Roti & Salad,Peshawari Chapli Kabab with 1 Whole Wheat Roti & Salad,1 Vegetable Potato Samosa with Mint Green Chutney,255,14.89,30.2,None,"Pakistani, Indian, Traditional, Balanced"
1650,221.91,84.44,44.19,13.75,24.25,1247,Mooli Paratha with Zeera Raita & Chai,Lobia / Red Kidney Bean Curry (Kalool) with Zeera Rice,Balochi Sajji (Roasted Chicken) with 1 cup Zeera Rice,"Chana Chaat with Dahi, Onion, Tomato & Tamarind Chutney",383,13.35,33.88,"Diabetes, Hypertension, Heart Disease, Kidney Disease","Pakistani, Indian, Low Fat, Dash, Balanced"
1581,206.1,58.73,54.03,54.03,22.01,960,Oatmeal Porridge in Cow Milk with Sliced Bananas & Almonds,Aloo Gosht (Potato Beef Curry) with 1.5 Tandoori Rotis,"Mix Sabzi (Carrot, Peas, Potatoes) with 2 Chapatis",Gajar ka Halwa (100g Small Cup - Traditional Sweet),465,11.41,53.03,Kidney Disease,"Pakistani, Indian, Traditional, Balanced"
1972,194.83,120.3,75.7,18.19,16.08,1690,1 Whole Wheat Chapati with Fried Egg & Doodh Patti Chai,Beef Pulao Gosht with Mint Raita & Sliced Cucumbers,Peshawari Chapli Kabab with 1 Whole Wheat Roti & Salad,1 Chicken Shami Kebab with Sliced Cucumber & Mint Raita,352,17.14,28.17,Obesity,"Pakistani, Indian, High Protein, Traditional"
1673,178.2,99.56,59.1,15.46,17.46,1564,2 Boiled Eggs with 2 Brown Bread Toasts & Green Tea,Kofta Curry (Spiced Meatballs) with 2 Chapatis,Beef Nihari with 1 Roghani Naan & Ginger Lemon Garnish,"Chana Chaat with Dahi, Onion, Tomato & Tamarind Chutney",309,14.27,26.82,None,"Pakistani, Indian, Traditional, Balanced"
1512,178.79,74.65,51.83,15.69,16.07,1274,Besan ka Chilla (Savory Gram Flour Pancake) with Mint Dahi,Beef Pulao Gosht with Mint Raita & Sliced Cucumbers,Anda Curry with 2 Chapatis & Onion Salad,Dahi Bhalla (Dahi Baray) with Chaat Masala & Papdi,390,13.03,20.92,"Heart Disease, Obesity, Kidney Disease","Pakistani, Indian, Traditional, Balanced"
1703,234.17,92.07,42.04,20.76,28.74,1187,Wheat Dalia (Cracked Wheat Porridge in Buffalo Milk),Lobia / Red Kidney Bean Curry (Kalool) with Zeera Rice,Chicken Haleem with 1 Tandoori Naan & Brown Onions,1 Chicken Shami Kebab with Sliced Cucumber & Mint Raita,516,14.69,20.22,"Diabetes, Heart Disease, Obesity","Pakistani, Indian, Low Fat, Dash, Balanced"
1255,131.52,67.47,49.11,14.52,16.82,1085,1 Whole Wheat Chapati with Fried Egg & Doodh Patti Chai,Bhindi Masala (Okra Curry) with 2 Whole Wheat Chapatis,Peshawari Chapli Kabab with 1 Whole Wheat Roti & Salad,1 Chicken Shami Kebab with Sliced Cucumber & Mint Raita,299,11.27,44.41,"Heart Disease, Obesity, Kidney Disease","Pakistani, Indian, Low Carb, Traditional"
1485,146.64,86.01,58.75,15.7,18.33,1382,Anda Ghotala (Spiced Scrambled Eggs) with 1 Tandoori Roti,Beef Shami Kebab (2 pcs) with 1 Whole Wheat Roti & Salad,Palak Gosht (Spinach Mutton Curry) with 1.5 Chapatis,Dahi Bhalla (Dahi Baray) with Chaat Masala & Papdi,423,15.23,44.65,"Hypertension, Heart Disease, Obesity, Kidney Disease","Pakistani, Indian, Low Carb, Traditional"
1647,238.35,78.87,40.31,53.16,27.81,1075,Oatmeal Porridge in Cow Milk with Sliced Bananas & Almonds,Chicken Karahi (200g) with 2 Whole Wheat Chapatis & Salad,"Mix Sabzi (Carrot, Peas, Potatoes) with 2 Chapatis","Fresh Fruit Chaat (Apple, Guava, Banana & Chaat Masala)",432,12.27,119.17,"Hypertension, Heart Disease, Obesity, Kidney Disease","Pakistani, Indian, Low Fat, Dash, Balanced"
1556,162.07,84.48,61.94,12.11,17.32,1285,Anda Ghotala (Spiced Scrambled Eggs) with 1 Tandoori Roti,Chicken Karahi (200g) with 2 Whole Wheat Chapatis & Salad,Palak Paneer (Spinach with Cottage Cheese) with 2 Chapatis,1 Vegetable Potato Samosa with Mint Green Chutney,438,13.41,50.3,"Hypertension, Kidney Disease","Pakistani, Indian, Low Carb, Traditional"
1905,212.62,82.31,80.52,15.79,21.16,1674,Anda Ghotala (Spiced Scrambled Eggs) with 1 Tandoori Roti,Bhindi Masala (Okra Curry) with 2 Whole Wheat Chapatis,Beef Nihari with 1 Roghani Naan & Ginger Lemon Garnish,1 Vegetable Potato Samosa with Mint Green Chutney,353,14.42,54.73,None,"Pakistani, Indian, Traditional, Balanced"
1473,184.4,73.19,48.0,18.54,21.86,1302,Anda Ghotala (Spiced Scrambled Eggs) with 1 Tandoori Roti,Kofta Curry (Spiced Meatballs) with 2 Chapatis,"Mix Sabzi (Carrot, Peas, Potatoes) with 2 Chapatis","Chana Chaat with Dahi, Onion, Tomato & Tamarind Chutney",299,13.02,60.83,"Diabetes, Hypertension, Heart Disease, Obesity, Kidney Disease","Pakistani, Indian, Low Fat, Dash, Balanced"
1529,192.05,52.64,59.57,40.01,18.23,1085,1 Crispy Aloo Paratha with Fresh Dahi & Mint Raita,Aloo Gosht (Potato Beef Curry) with 1.5 Tandoori Rotis,"Mix Sabzi (Carrot, Peas, Potatoes) with 2 Chapatis",Gajar ka Halwa (100g Small Cup - Traditional Sweet),387,10.76,48.01,Kidney Disease,"Pakistani, Indian, Traditional, Balanced"
1855,209.06,102.28,65.75,37.65,20.23,1529,1 Crispy Aloo Paratha with Fresh Dahi & Mint Raita,Chicken Karahi (200g) with 2 Whole Wheat Chapatis & Salad,Peshawari Chapli Kabab with 1 Whole Wheat Roti & Salad,"Fresh Fruit Chaat (Apple, Guava, Banana & Chaat Masala)",371,14.5,91.04,None,"Pakistani, Indian, Traditional, Balanced"
1609,177.79,93.66,51.86,16.4,20.32,1471,2 Boiled Eggs with 2 Brown Bread Toasts & Green Tea,Kofta Curry (Spiced Meatballs) with 2 Chapatis,Anda Curry with 2 Chapatis & Onion Salad,"Chana Chaat with Dahi, Onion, Tomato & Tamarind Chutney",370,14.5,33.34,"Diabetes, Hypertension, Heart Disease, Obesity","Pakistani, Indian, Traditional, Balanced"
1366,168.1,71.79,42.03,27.14,17.51,858,Oatmeal Porridge in Cow Milk with Sliced Bananas & Almonds,Chicken Karahi (200g) with 2 Whole Wheat Chapatis & Salad,Palak Paneer (Spinach with Cottage Cheese) with 2 Chapatis,Doodh Patti Chai with 2 Whole Wheat Rusks,565,11.21,41.59,"Hypertension, Heart Disease, Obesity, Kidney Disease","Pakistani, Indian, Low Carb, Traditional"
1655,200.58,63.68,64.35,35.52,16.55,1220,1 Crispy Aloo Paratha with Fresh Dahi & Mint Raita,Daal Channa with 2 Chapatis & Onion Salad,Beef Nihari with 1 Roghani Naan & Ginger Lemon Garnish,Gajar ka Halwa (100g Small Cup - Traditional Sweet),376,11.53,18.39,Kidney Disease,"Pakistani, Indian, Traditional, Balanced"
2116,246.53,100.36,81.27,64.36,18.33,1582,Halwa Puri with Chana Masala (Sunday Special),Aloo Gosht (Potato Beef Curry) with 1.5 Tandoori Rotis,Balochi Sajji (Roasted Chicken) with 1 cup Zeera Rice,"Fresh Fruit Chaat (Apple, Guava, Banana & Chaat Masala)",273,13.85,67.63,None,"Pakistani, Indian, Traditional, Balanced"
1369,153.68,72.65,47.32,11.64,20.49,1071,Besan ka Chilla (Savory Gram Flour Pancake) with Mint Dahi,Aloo Gosht (Potato Beef Curry) with 1.5 Tandoori Rotis,Anda Curry with 2 Chapatis & Onion Salad,Roasted Chickpeas (Bhuna Chana - 50g) with Green Tea,307,13.88,23.75,"Diabetes, Heart Disease, Obesity, Kidney Disease","Pakistani, Indian, Low Carb, Traditional"
1529,189.35,61.84,56.21,42.9,21.89,1085,Besan ka Chilla (Savory Gram Flour Pancake) with Mint Dahi,Aloo Gosht (Potato Beef Curry) with 1.5 Tandoori Rotis,"Mix Sabzi (Carrot, Peas, Potatoes) with 2 Chapatis",Gajar ka Halwa (100g Small Cup - Traditional Sweet),390,12.72,51.78,Kidney Disease,"Pakistani, Indian, Traditional, Balanced"
1717,259.26,68.9,42.04,32.7,26.28,1045,Wheat Dalia (Cracked Wheat Porridge in Buffalo Milk),Lobia / Red Kidney Bean Curry (Kalool) with Zeera Rice,Anda Curry with 2 Chapatis & Onion Salad,Doodh Patti Chai with 2 Whole Wheat Rusks,648,13.43,21.61,"Diabetes, Hypertension, Heart Disease, Obesity, Kidney Disease","Pakistani, Indian, Low Fat, Dash, Balanced"
1560,184.53,69.62,59.13,30.62,18.12,1300,Plain Desi Ghee Paratha with Shami Kabab & Chai,Daal Channa with 2 Chapatis & Onion Salad,Beef Nihari with 1 Roghani Naan & Ginger Lemon Garnish,"Fresh Fruit Chaat (Apple, Guava, Banana & Chaat Masala)",260,12.33,51.59,Kidney Disease,"Pakistani, Indian, Traditional, Balanced"
1474,182.94,55.1,55.42,13.99,24.21,1205,Besan ka Chilla (Savory Gram Flour Pancake) with Mint Dahi,Bhindi Masala (Okra Curry) with 2 Whole Wheat Chapatis,Anda Curry with 2 Chapatis & Onion Salad,1 Vegetable Potato Samosa with Mint Green Chutney,398,13.02,54.34,"Hypertension, Kidney Disease","Pakistani, Indian, Traditional, Balanced"
1806,232.08,70.28,64.04,13.36,25.4,1467,Mooli Paratha with Zeera Raita & Chai,Daal Masoor Curry with Boiled Basmati Rice & Kachumber,Palak Gosht (Spinach Mutton Curry) with 1.5 Chapatis,1 Vegetable Potato Samosa with Mint Green Chutney,482,16.86,63.49,Hypertension,"Pakistani, Indian, Traditional, Balanced"
1802,230.55,84.5,57.08,27.98,18.13,1360,Wheat Dalia (Cracked Wheat Porridge in Buffalo Milk),Beef Pulao Gosht with Mint Raita & Sliced Cucumbers,Anda Curry with 2 Chapatis & Onion Salad,Dahi Bhalla (Dahi Baray) with Chaat Masala & Papdi,604,13.43,21.26,"Heart Disease, Obesity, Kidney Disease","Pakistani, Indian, Traditional, Balanced"
1860,166.32,136.29,65.83,10.97,16.17,1617,2 Boiled Eggs with 2 Brown Bread Toasts & Green Tea,Aloo Gosht (Potato Beef Curry) with 1.5 Tandoori Rotis,Balochi Sajji (Roasted Chicken) with 1 cup Zeera Rice,1 Chicken Shami Kebab with Sliced Cucumber & Mint Raita,323,15.36,23.68,Obesity,"Pakistani, Indian, High Protein, Traditional"
1656,180.98,98.18,57.91,11.31,16.38,1439,Anda Ghotala (Spiced Scrambled Eggs) with 1 Tandoori Roti,Chicken Biryani with Mint Zeera Raita & Fresh Salad,Chicken Haleem with 1 Tandoori Naan & Brown Onions,1 Chicken Shami Kebab with Sliced Cucumber & Mint Raita,312,12.58,28.05,"Heart Disease, Obesity","Pakistani, Indian, Traditional, Balanced"
1299,151.43,75.71,40.19,14.02,21.78,1187,2 Boiled Eggs with 2 Brown Bread Toasts & Green Tea,Bhindi Masala (Okra Curry) with 2 Whole Wheat Chapatis,Machli (Fried Spiced Fish) with 1 Roti & Fresh Lemon,"Chana Chaat with Dahi, Onion, Tomato & Tamarind Chutney",421,11.31,48.14,"Diabetes, Hypertension, Heart Disease, Obesity, Kidney Disease","Pakistani, Indian, Low Carb, Traditional"
1451,166.76,69.62,54.2,15.84,17.68,1326,2 Boiled Eggs with 2 Brown Bread Toasts & Green Tea,Bhindi Masala (Okra Curry) with 2 Whole Wheat Chapatis,Beef Nihari with 1 Roghani Naan & Ginger Lemon Garnish,Dahi Bhalla (Dahi Baray) with Chaat Masala & Papdi,375,11.34,37.52,Kidney Disease,"Pakistani, Indian, Low Carb, Traditional"
1771,185.39,114.26,60.41,39.58,15.83,1177,Besan ka Chilla (Savory Gram Flour Pancake) with Mint Dahi,Chicken Karahi (200g) with 2 Whole Wheat Chapatis & Salad,Balochi Sajji (Roasted Chicken) with 1 cup Zeera Rice,Gajar ka Halwa (100g Small Cup - Traditional Sweet),401,12.81,27.6,Hypertension,"Pakistani, Indian, High Protein, Traditional"
1871,211.79,111.5,61.41,13.67,24.76,1502,2 Boiled Eggs with 2 Brown Bread Toasts & Green Tea,Chicken Biryani with Mint Zeera Raita & Fresh Salad,Palak Gosht (Spinach Mutton Curry) with 1.5 Chapatis,Roasted Chickpeas (Bhuna Chana - 50g) with Green Tea,555,18.71,47.62,"Hypertension, Heart Disease, Obesity","Pakistani, Indian, High Protein, Traditional"
1307,173.73,46.44,43.0,17.2,17.2,980,Mooli Paratha with Zeera Raita & Chai,Daal Channa with 2 Chapatis & Onion Salad,Anda Curry with 2 Chapatis & Onion Salad,Doodh Patti Chai with 2 Whole Wheat Rusks,357,9.63,24.51,"Hypertension, Heart Disease, Kidney Disease","Pakistani, Indian, Low Fat, Dash, Balanced"
1356,150.69,67.56,51.91,17.75,16.99,1059,Wheat Dalia (Cracked Wheat Porridge in Buffalo Milk),Aloo Gosht (Potato Beef Curry) with 1.5 Tandoori Rotis,Palak Gosht (Spinach Mutton Curry) with 1.5 Chapatis,1 Vegetable Potato Samosa with Mint Green Chutney,440,12.64,36.42,Kidney Disease,"Pakistani, Indian, Low Carb, Traditional"
1393,154.78,76.27,49.44,8.6,14.96,1126,Anda Ghotala (Spiced Scrambled Eggs) with 1 Tandoori Roti,Daal Channa with 2 Chapatis & Onion Salad,Balochi Sajji (Roasted Chicken) with 1 cup Zeera Rice,1 Vegetable Potato Samosa with Mint Green Chutney,219,10.49,18.92,"Hypertension, Kidney Disease","Pakistani, Indian, Low Carb, Traditional"
1467,196.93,65.99,41.38,16.24,26.71,1236,Besan ka Chilla (Savory Gram Flour Pancake) with Mint Dahi,Daal Channa with 2 Chapatis & Onion Salad,Anda Curry with 2 Chapatis & Onion Salad,"Chana Chaat with Dahi, Onion, Tomato & Tamarind Chutney",377,14.67,34.04,"Diabetes, Hypertension, Heart Disease, Obesity, Kidney Disease","Pakistani, Indian, Low Fat, Dash, Balanced"
1725,204.65,84.3,59.93,43.37,19.3,1335,Oatmeal Porridge in Cow Milk with Sliced Bananas & Almonds,Aloo Gosht (Potato Beef Curry) with 1.5 Tandoori Rotis,Beef Nihari with 1 Roghani Naan & Ginger Lemon Garnish,"Fresh Fruit Chaat (Apple, Guava, Banana & Chaat Masala)",351,13.16,66.27,Kidney Disease,"Pakistani, Indian, Traditional, Balanced"
1216,156.19,58.13,36.38,26.62,18.01,799,Oatmeal Porridge in Cow Milk with Sliced Bananas & Almonds,Bhindi Masala (Okra Curry) with 2 Whole Wheat Chapatis,Machli (Fried Spiced Fish) with 1 Roti & Fresh Lemon,Doodh Patti Chai with 2 Whole Wheat Rusks,488,8.52,38.6,"Hypertension, Heart Disease, Obesity, Kidney Disease","Pakistani, Indian, Low Carb, Traditional"
1722,202.4,85.15,60.49,16.87,23.26,1512,2 Boiled Eggs with 2 Brown Bread Toasts & Green Tea,Kofta Curry (Spiced Meatballs) with 2 Chapatis,"Mix Sabzi (Carrot, Peas, Potatoes) with 2 Chapatis",1 Vegetable Potato Samosa with Mint Green Chutney,337,14.19,57.58,Hypertension,"Pakistani, Indian, Traditional, Balanced"
1547,182.51,73.0,53.31,15.85,19.12,1345,Mooli Paratha with Zeera Raita & Chai,Kofta Curry (Spiced Meatballs) with 2 Chapatis,Anda Curry with 2 Chapatis & Onion Salad,"Chana Chaat with Dahi, Onion, Tomato & Tamarind Chutney",360,12.78,40.34,"Hypertension, Heart Disease, Kidney Disease","Pakistani, Indian, Traditional, Balanced"
1558,178.62,93.41,50.12,10.94,18.68,1321,Besan ka Chilla (Savory Gram Flour Pancake) with Mint Dahi,Chicken Biryani with Mint Zeera Raita & Fresh Salad,Chicken Haleem with 1 Tandoori Naan & Brown Onions,1 Chicken Shami Kebab with Sliced Cucumber & Mint Raita,337,13.03,25.06,"Heart Disease, Obesity","Pakistani, Indian, Traditional, Balanced"
1333,139.65,71.64,52.14,15.42,17.86,1152,1 Whole Wheat Chapati with Fried Egg & Doodh Patti Chai,Bhindi Masala (Okra Curry) with 2 Whole Wheat Chapatis,Peshawari Chapli Kabab with 1 Whole Wheat Roti & Salad,1 Chicken Shami Kebab with Sliced Cucumber & Mint Raita,317,11.97,47.15,"Heart Disease, Obesity, Kidney Disease","Pakistani, Indian, Low Carb, Traditional"
1179,163.85,49.32,33.44,15.88,20.9,1028,2 Boiled Eggs with 2 Brown Bread Toasts & Green Tea,Daal Channa with 2 Chapatis & Onion Salad,"Mix Sabzi (Carrot, Peas, Potatoes) with 2 Chapatis",Dahi Bhalla (Dahi Baray) with Chaat Masala & Papdi,326,10.03,39.29,"Diabetes, Hypertension, Heart Disease, Obesity, Kidney Disease","Pakistani, Indian, Low Carb, Traditional"
2229,267.47,80.01,91.5,50.44,24.87,1642,Mooli Paratha with Zeera Raita & Chai,Bhindi Masala (Okra Curry) with 2 Whole Wheat Chapatis,Beef Nihari with 1 Roghani Naan & Ginger Lemon Garnish,Gajar ka Halwa (100g Small Cup - Traditional Sweet),581,15.02,63.35,None,"Pakistani, Indian, Traditional, Balanced"
1994,209.09,112.84,77.06,14.55,18.86,1724,Besan ka Chilla (Savory Gram Flour Pancake) with Mint Dahi,Chicken Karahi (200g) with 2 Whole Wheat Chapatis & Salad,Beef Nihari with 1 Roghani Naan & Ginger Lemon Garnish,1 Vegetable Potato Samosa with Mint Green Chutney,318,15.84,35.03,None,"Pakistani, Indian, High Protein, Traditional"
1362,161.3,76.89,44.55,10.61,19.89,1045,Besan ka Chilla (Savory Gram Flour Pancake) with Mint Dahi,Chicken Biryani with Mint Zeera Raita & Fresh Salad,Palak Gosht (Spinach Mutton Curry) with 1.5 Chapatis,Roasted Chickpeas (Bhuna Chana - 50g) with Green Tea,414,14.54,38.03,"Hypertension, Heart Disease, Obesity, Kidney Disease","Pakistani, Indian, Low Carb, Traditional"
1689,225.24,68.38,58.32,39.22,21.22,1347,Plain Desi Ghee Paratha with Shami Kabab & Chai,Chicken Biryani with Mint Zeera Raita & Fresh Salad,"Mix Sabzi (Carrot, Peas, Potatoes) with 2 Chapatis","Fresh Fruit Chaat (Apple, Guava, Banana & Chaat Masala)",362,12.17,96.03,Kidney Disease,"Pakistani, Indian, Traditional, Balanced"
1942,231.33,94.93,68.2,17.68,24.22,1615,Mooli Paratha with Zeera Raita & Chai,Beef Pulao Gosht with Mint Raita & Sliced Cucumbers,Palak Gosht (Spinach Mutton Curry) with 1.5 Chapatis,"Chana Chaat with Dahi, Onion, Tomato & Tamarind Chutney",540,18.55,61.11,Diabetes,"Pakistani, Indian, Traditional, Balanced"
1743,210.49,80.92,62.81,24.33,27.73,1539,Plain Desi Ghee Paratha with Shami Kabab & Chai,Beef Shami Kebab (2 pcs) with 1 Whole Wheat Roti & Salad,"Mix Sabzi (Carrot, Peas, Potatoes) with 2 Chapatis","Chana Chaat with Dahi, Onion, Tomato & Tamarind Chutney",373,16.07,66.2,Diabetes,"Pakistani, Indian, Traditional, Balanced"
1769,175.91,91.87,76.72,38.11,16.81,1525,Halwa Puri with Chana Masala (Sunday Special),Beef Shami Kebab (2 pcs) with 1 Whole Wheat Roti & Salad,Peshawari Chapli Kabab with 1 Whole Wheat Roti & Salad,1 Chicken Shami Kebab with Sliced Cucumber & Mint Raita,254,14.76,29.32,None,"Pakistani, Indian, Traditional, Balanced"
2119,224.74,128.17,75.5,13.46,20.84,1791,Anda Ghotala (Spiced Scrambled Eggs) with 1 Tandoori Roti,Beef Pulao Gosht with Mint Raita & Sliced Cucumbers,Chicken Haleem with 1 Tandoori Naan & Brown Onions,1 Chicken Shami Kebab with Sliced Cucumber & Mint Raita,357,17.44,26.92,Diabetes,"Pakistani, Indian, High Protein, Traditional"
1585,228.33,69.28,44.89,38.24,25.49,1197,Besan ka Chilla (Savory Gram Flour Pancake) with Mint Dahi,Beef Pulao Gosht with Mint Raita & Sliced Cucumbers,"Mix Sabzi (Carrot, Peas, Potatoes) with 2 Chapatis","Fresh Fruit Chaat (Apple, Guava, Banana & Chaat Masala)",349,14.19,99.2,"Heart Disease, Obesity, Kidney Disease","Pakistani, Indian, Low Fat, Dash, Balanced"
1748,227.67,83.34,53.36,17.28,23.58,1504,Anda Ghotala (Spiced Scrambled Eggs) with 1 Tandoori Roti,Daal Masoor Curry with Boiled Basmati Rice & Kachumber,Chicken Haleem with 1 Tandoori Naan & Brown Onions,Dahi Bhalla (Dahi Baray) with Chaat Masala & Papdi,381,14.13,32.02,"Diabetes, Heart Disease, Obesity","Pakistani, Indian, Traditional, Balanced"
1989,241.21,86.22,75.64,41.79,21.05,1608,Halwa Puri with Chana Masala (Sunday Special),Daal Masoor Curry with Boiled Basmati Rice & Kachumber,Peshawari Chapli Kabab with 1 Whole Wheat Roti & Salad,1 Chicken Shami Kebab with Sliced Cucumber & Mint Raita,307,16.08,38.09,None,"Pakistani, Indian, Traditional, Balanced"
1408,186.56,65.12,44.44,25.08,16.28,893,Wheat Dalia (Cracked Wheat Porridge in Buffalo Milk),Beef Pulao Gosht with Mint Raita & Sliced Cucumbers,Palak Paneer (Spinach with Cottage Cheese) with 2 Chapatis,Doodh Patti Chai with 2 Whole Wheat Rusks,634,11.79,28.16,"Heart Disease, Obesity, Kidney Disease","Pakistani, Indian, Low Fat, Dash, Balanced"
1568,196.86,88.15,45.97,16.22,26.18,1244,Besan ka Chilla (Savory Gram Flour Pancake) with Mint Dahi,Bhindi Masala (Okra Curry) with 2 Whole Wheat Chapatis,Balochi Sajji (Roasted Chicken) with 1 cup Zeera Rice,"Chana Chaat with Dahi, Onion, Tomato & Tamarind Chutney",422,14.17,56.79,"Diabetes, Hypertension, Heart Disease, Obesity, Kidney Disease","Pakistani, Indian, Low Fat, Dash, Balanced"
1985,273.05,71.41,67.74,63.01,27.94,1470,Halwa Puri with Chana Masala (Sunday Special),Daal Channa with 2 Chapatis & Onion Salad,Chicken Haleem with 1 Tandoori Naan & Brown Onions,"Fresh Fruit Chaat (Apple, Guava, Banana & Chaat Masala)",305,13.97,63.01,None,"Pakistani, Indian, Traditional, Balanced"
1648,208.98,87.41,48.73,15.57,22.3,1336,1 Whole Wheat Chapati with Fried Egg & Doodh Patti Chai,Daal Masoor Curry with Boiled Basmati Rice & Kachumber,Chicken Haleem with 1 Tandoori Naan & Brown Onions,1 Chicken Shami Kebab with Sliced Cucumber & Mint Raita,311,13.87,26.12,"Diabetes, Heart Disease, Obesity, Kidney Disease","Pakistani, Indian, Low Fat, Dash, Balanced"
1807,211.46,76.76,72.01,36.21,12.32,1374,1 Crispy Aloo Paratha with Fresh Dahi & Mint Raita,Chicken Biryani with Mint Zeera Raita & Fresh Salad,Beef Nihari with 1 Roghani Naan & Ginger Lemon Garnish,Gajar ka Halwa (100g Small Cup - Traditional Sweet),416,11.24,23.31,Kidney Disease,"Pakistani, Indian, Traditional, Balanced"
1408,155.17,79.5,48.85,13.89,19.64,1264,2 Boiled Eggs with 2 Brown Bread Toasts & Green Tea,Aloo Gosht (Potato Beef Curry) with 1.5 Tandoori Rotis,"Mix Sabzi (Carrot, Peas, Potatoes) with 2 Chapatis",1 Chicken Shami Kebab with Sliced Cucumber & Mint Raita,287,12.64,50.29,"Heart Disease, Obesity, Kidney Disease","Pakistani, Indian, Low Carb, Traditional"
1767,227.79,79.3,56.42,30.34,21.82,1309,Oatmeal Porridge in Cow Milk with Sliced Bananas & Almonds,Chicken Biryani with Mint Zeera Raita & Fresh Salad,Palak Paneer (Spinach with Cottage Cheese) with 2 Chapatis,Dahi Bhalla (Dahi Baray) with Chaat Masala & Papdi,756,14.16,49.5,"Hypertension, Heart Disease, Obesity, Kidney Disease","Pakistani, Indian, Traditional, Balanced"
1940,234.07,75.66,79.56,40.55,19.81,1427,Halwa Puri with Chana Masala (Sunday Special),Bhindi Masala (Okra Curry) with 2 Whole Wheat Chapatis,Balochi Sajji (Roasted Chicken) with 1 cup Zeera Rice,1 Vegetable Potato Samosa with Mint Green Chutney,329,12.11,44.14,None,"Pakistani, Indian, Traditional, Balanced"
1697,204.45,79.04,59.54,13.7,26.56,1391,Mooli Paratha with Zeera Raita & Chai,Bhindi Masala (Okra Curry) with 2 Whole Wheat Chapatis,Chicken Haleem with 1 Tandoori Naan & Brown Onions,1 Chicken Shami Kebab with Sliced Cucumber & Mint Raita,427,13.49,57.96,"Diabetes, Heart Disease, Kidney Disease","Pakistani, Indian, Traditional, Balanced"
1599,169.94,98.47,55.98,18.99,17.89,1479,Plain Desi Ghee Paratha with Shami Kabab & Chai,Daal Masoor Curry with Boiled Basmati Rice & Kachumber,Chicken Tikka Boti (Grilled) with Mint Raita & Fresh Salad,Dahi Bhalla (Dahi Baray) with Chaat Masala & Papdi,415,13.4,37.99,None,"Pakistani, Indian, Low Carb, Traditional"
1714,175.84,101.66,64.29,35.72,18.68,1528,Anda Ghotala (Spiced Scrambled Eggs) with 1 Tandoori Roti,Kofta Curry (Spiced Meatballs) with 2 Chapatis,Peshawari Chapli Kabab with 1 Whole Wheat Roti & Salad,"Fresh Fruit Chaat (Apple, Guava, Banana & Chaat Masala)",286,15.17,82.42,"Heart Disease, Obesity","Pakistani, Indian, Traditional, Balanced"
1541,184.01,75.42,54.03,35.3,25.14,1230,Besan ka Chilla (Savory Gram Flour Pancake) with Mint Dahi,Aloo Gosht (Potato Beef Curry) with 1.5 Tandoori Rotis,Palak Paneer (Spinach with Cottage Cheese) with 2 Chapatis,"Fresh Fruit Chaat (Apple, Guava, Banana & Chaat Masala)",524,16.15,91.47,"Heart Disease, Obesity, Kidney Disease","Pakistani, Indian, Traditional, Balanced"
1781,178.07,99.74,69.31,19.72,20.96,1668,Besan ka Chilla (Savory Gram Flour Pancake) with Mint Dahi,Aloo Gosht (Potato Beef Curry) with 1.5 Tandoori Rotis,Peshawari Chapli Kabab with 1 Whole Wheat Roti & Salad,Dahi Bhalla (Dahi Baray) with Chaat Masala & Papdi,411,16.91,36.06,"Diabetes, Obesity","Pakistani, Indian, Traditional, Balanced"
1801,184.56,120.85,61.7,11.12,17.23,1423,Besan ka Chilla (Savory Gram Flour Pancake) with Mint Dahi,Chicken Karahi (200g) with 2 Whole Wheat Chapatis & Salad,Balochi Sajji (Roasted Chicken) with 1 cup Zeera Rice,1 Vegetable Potato Samosa with Mint Green Chutney,306,13.9,31.69,Hypertension,"Pakistani, Indian, High Protein, Traditional"
1997,255.56,67.88,80.43,70.16,26.81,1540,Halwa Puri with Chana Masala (Sunday Special),Bhindi Masala (Okra Curry) with 2 Whole Wheat Chapatis,Peshawari Chapli Kabab with 1 Whole Wheat Roti & Salad,"Fresh Fruit Chaat (Apple, Guava, Banana & Chaat Masala)",382,14.83,107.24,None,"Pakistani, Indian, Traditional, Balanced"
1382,182.24,66.07,43.01,14.25,20.99,993,1 Crispy Aloo Paratha with Fresh Dahi & Mint Raita,Chicken Karahi (200g) with 2 Whole Wheat Chapatis & Salad,"Mix Sabzi (Carrot, Peas, Potatoes) with 2 Chapatis",Roasted Chickpeas (Bhuna Chana - 50g) with Green Tea,320,11.31,50.96,"Hypertension, Heart Disease, Kidney Disease","Pakistani, Indian, Low Fat, Dash, Balanced"
1518,142.67,89.75,62.21,34.84,11.45,1128,Plain Desi Ghee Paratha with Shami Kabab & Chai,Chicken Karahi (200g) with 2 Whole Wheat Chapatis & Salad,Machli (Fried Spiced Fish) with 1 Roti & Fresh Lemon,Gajar ka Halwa (100g Small Cup - Traditional Sweet),373,10.2,21.98,Kidney Disease,"Pakistani, Indian, Low Carb, Traditional"
1742,248.49,48.48,58.79,47.7,27.73,1154,Mooli Paratha with Zeera Raita & Chai,Daal Channa with 2 Chapatis & Onion Salad,"Mix Sabzi (Carrot, Peas, Potatoes) with 2 Chapatis",Gajar ka Halwa (100g Small Cup - Traditional Sweet),483,12.42,62.12,"Hypertension, Kidney Disease","Pakistani, Indian, Vegetarian, Balanced"
1417,158.61,67.24,55.26,10.97,16.87,1131,Mooli Paratha with Zeera Raita & Chai,Chicken Karahi (200g) with 2 Whole Wheat Chapatis & Salad,Palak Paneer (Spinach with Cottage Cheese) with 2 Chapatis,1 Vegetable Potato Samosa with Mint Green Chutney,439,11.56,48.93,"Hypertension, Kidney Disease","Pakistani, Indian, Low Carb, Traditional"
1843,212.8,89.95,66.91,21.94,14.59,1437,Anda Ghotala (Spiced Scrambled Eggs) with 1 Tandoori Roti,Beef Pulao Gosht with Mint Raita & Sliced Cucumbers,Anda Curry with 2 Chapatis & Onion Salad,Doodh Patti Chai with 2 Whole Wheat Rusks,411,13.82,24.68,Obesity,"Pakistani, Indian, Traditional, Balanced"
1840,233.38,92.51,56.24,24.18,21.76,1409,Oatmeal Porridge in Cow Milk with Sliced Bananas & Almonds,Daal Masoor Curry with Boiled Basmati Rice & Kachumber,Beef Nihari with 1 Roghani Naan & Ginger Lemon Garnish,1 Chicken Shami Kebab with Sliced Cucumber & Mint Raita,410,15.14,33.64,None,"Pakistani, Indian, Traditional, Balanced"
1334,145.52,76.66,46.34,9.53,14.03,1100,Besan ka Chilla (Savory Gram Flour Pancake) with Mint Dahi,Beef Pulao Gosht with Mint Raita & Sliced Cucumbers,Anda Curry with 2 Chapatis & Onion Salad,1 Chicken Shami Kebab with Sliced Cucumber & Mint Raita,290,12.39,20.36,"Heart Disease, Obesity, Kidney Disease","Pakistani, Indian, Low Carb, Traditional"
1825,222.47,75.62,66.84,18.05,20.69,1600,Mooli Paratha with Zeera Raita & Chai,Daal Channa with 2 Chapatis & Onion Salad,Beef Nihari with 1 Roghani Naan & Ginger Lemon Garnish,Dahi Bhalla (Dahi Baray) with Chaat Masala & Papdi,405,13.56,28.78,None,"Pakistani, Indian, Traditional, Balanced"
1431,193.33,57.63,44.15,19.52,17.57,1190,1 Whole Wheat Chapati with Fried Egg & Doodh Patti Chai,Daal Masoor Curry with Boiled Basmati Rice & Kachumber,Anda Curry with 2 Chapatis & Onion Salad,Dahi Bhalla (Dahi Baray) with Chaat Masala & Papdi,362,11.34,26.49,"Hypertension, Heart Disease, Obesity, Kidney Disease","Pakistani, Indian, Low Fat, Dash, Balanced"
1730,190.42,91.15,64.44,14.51,22.41,1463,1 Crispy Aloo Paratha with Fresh Dahi & Mint Raita,Bhindi Masala (Okra Curry) with 2 Whole Wheat Chapatis,Machli (Fried Spiced Fish) with 1 Roti & Fresh Lemon,1 Chicken Shami Kebab with Sliced Cucumber & Mint Raita,528,13.47,56.89,"Hypertension, Heart Disease","Pakistani, Indian, Traditional, Balanced"
1291,142.51,67.25,47.65,28.06,17.55,1140,Mooli Paratha with Zeera Raita & Chai,Beef Shami Kebab (2 pcs) with 1 Whole Wheat Roti & Salad,Peshawari Chapli Kabab with 1 Whole Wheat Roti & Salad,"Fresh Fruit Chaat (Apple, Guava, Banana & Chaat Masala)",263,11.49,70.36,"Heart Disease, Kidney Disease","Pakistani, Indian, Low Carb, Traditional"
1791,206.16,86.94,67.16,34.36,20.3,1562,Mooli Paratha with Zeera Raita & Chai,Beef Shami Kebab (2 pcs) with 1 Whole Wheat Roti & Salad,Beef Nihari with 1 Roghani Naan & Ginger Lemon Garnish,"Fresh Fruit Chaat (Apple, Guava, Banana & Chaat Masala)",318,14.06,76.01,None,"Pakistani, Indian, Traditional, Balanced"
1640,167.51,95.22,61.71,15.87,14.02,1543,2 Boiled Eggs with 2 Brown Bread Toasts & Green Tea,Kofta Curry (Spiced Meatballs) with 2 Chapatis,Beef Nihari with 1 Roghani Naan & Ginger Lemon Garnish,Dahi Bhalla (Dahi Baray) with Chaat Masala & Papdi,335,12.96,18.51,None,"Pakistani, Indian, Low Carb, Traditional"
1542,245.76,54.74,34.07,32.4,33.29,1084,Oatmeal Porridge in Cow Milk with Sliced Bananas & Almonds,Daal Channa with 2 Chapatis & Onion Salad,"Mix Sabzi (Carrot, Peas, Potatoes) with 2 Chapatis","Chana Chaat with Dahi, Onion, Tomato & Tamarind Chutney",469,13.63,65.91,"Diabetes, Hypertension, Heart Disease, Obesity, Kidney Disease","Pakistani, Indian, Vegetarian, Balanced"
1423,177.14,91.73,37.96,36.9,20.03,1213,1 Whole Wheat Chapati with Fried Egg & Doodh Patti Chai,Daal Masoor Curry with Boiled Basmati Rice & Kachumber,Chicken Tikka Boti (Grilled) with Mint Raita & Fresh Salad,"Fresh Fruit Chaat (Apple, Guava, Banana & Chaat Masala)",327,12.02,82.24,"Hypertension, Heart Disease, Obesity","Pakistani, Indian, Low Fat, Dash, Balanced"
1509,225.84,62.96,35.97,26.48,30.98,989,Oatmeal Porridge in Cow Milk with Sliced Bananas & Almonds,Lobia / Red Kidney Bean Curry (Kalool) with Zeera Rice,Palak Paneer (Spinach with Cottage Cheese) with 2 Chapatis,"Chana Chaat with Dahi, Onion, Tomato & Tamarind Chutney",655,15.49,49.47,"Diabetes, Hypertension, Heart Disease, Obesity, Kidney Disease","Pakistani, Indian, Vegetarian, Balanced"
1508,159.84,70.56,61.75,36.05,18.34,1117,Mooli Paratha with Zeera Raita & Chai,Beef Shami Kebab (2 pcs) with 1 Whole Wheat Roti & Salad,Palak Gosht (Spinach Mutton Curry) with 1.5 Chapatis,Gajar ka Halwa (100g Small Cup - Traditional Sweet),472,13.71,45.41,"Hypertension, Kidney Disease","Pakistani, Indian, Low Carb, Traditional"
1687,160.19,107.54,65.68,10.15,15.06,1452,Anda Ghotala (Spiced Scrambled Eggs) with 1 Tandoori Roti,Beef Shami Kebab (2 pcs) with 1 Whole Wheat Roti & Salad,Balochi Sajji (Roasted Chicken) with 1 cup Zeera Rice,1 Vegetable Potato Samosa with Mint Green Chutney,246,13.24,25.63,Hypertension,"Pakistani, Indian, Low Carb, Traditional"
1955,234.95,86.08,72.07,40.48,18.26,1362,1 Crispy Aloo Paratha with Fresh Dahi & Mint Raita,Beef Pulao Gosht with Mint Raita & Sliced Cucumbers,Chicken Haleem with 1 Tandoori Naan & Brown Onions,Gajar ka Halwa (100g Small Cup - Traditional Sweet),459,13.33,17.77,Kidney Disease,"Pakistani, Indian, Traditional, Balanced"
2396,280.27,101.71,96.63,46.34,22.94,1955,Halwa Puri with Chana Masala (Sunday Special),Daal Channa with 2 Chapatis & Onion Salad,Beef Nihari with 1 Roghani Naan & Ginger Lemon Garnish,1 Chicken Shami Kebab with Sliced Cucumber & Mint Raita,333,17.52,24.86,None,"Pakistani, Indian, Traditional, Balanced"
2144,277.84,73.83,82.58,50.86,28.11,1695,Halwa Puri with Chana Masala (Sunday Special),Bhindi Masala (Okra Curry) with 2 Whole Wheat Chapatis,Chicken Haleem with 1 Tandoori Naan & Brown Onions,Dahi Bhalla (Dahi Baray) with Chaat Masala & Papdi,476,14.44,48.68,None,"Pakistani, Indian, Traditional, Balanced"
1478,139.68,88.43,58.5,10.88,14.6,1333,Mooli Paratha with Zeera Raita & Chai,Kofta Curry (Spiced Meatballs) with 2 Chapatis,Peshawari Chapli Kabab with 1 Whole Wheat Roti & Salad,1 Chicken Shami Kebab with Sliced Cucumber & Mint Raita,290,12.97,35.37,"Heart Disease, Kidney Disease","Pakistani, Indian, Low Carb, Traditional"
1263,126.25,94.47,38.57,7.4,16.37,993,2 Boiled Eggs with 2 Brown Bread Toasts & Green Tea,Beef Shami Kebab (2 pcs) with 1 Whole Wheat Roti & Salad,Balochi Sajji (Roasted Chicken) with 1 cup Zeera Rice,Roasted Chickpeas (Bhuna Chana - 50g) with Green Tea,253,11.84,12.63,"Hypertension, Heart Disease, Obesity","Pakistani, Indian, Low Carb, Traditional"
1446,165.51,79.12,49.11,21.37,17.28,1155,1 Whole Wheat Chapati with Fried Egg & Doodh Patti Chai,Beef Shami Kebab (2 pcs) with 1 Whole Wheat Roti & Salad,Chicken Haleem with 1 Tandoori Naan & Brown Onions,Doodh Patti Chai with 2 Whole Wheat Rusks,314,11.28,14.1,"Heart Disease, Obesity, Kidney Disease","Pakistani, Indian, Low Carb, Traditional"
1350,163.45,55.52,51.97,12.88,21.32,1057,1 Crispy Aloo Paratha with Fresh Dahi & Mint Raita,Bhindi Masala (Okra Curry) with 2 Whole Wheat Chapatis,Palak Paneer (Spinach with Cottage Cheese) with 2 Chapatis,1 Chicken Shami Kebab with Sliced Cucumber & Mint Raita,546,12.61,61.3,"Hypertension, Heart Disease, Kidney Disease","Pakistani, Indian, Low Carb, Traditional"
1829,217.9,72.17,70.97,40.98,14.49,1259,1 Crispy Aloo Paratha with Fresh Dahi & Mint Raita,Beef Pulao Gosht with Mint Raita & Sliced Cucumbers,Anda Curry with 2 Chapatis & Onion Salad,Gajar ka Halwa (100g Small Cup - Traditional Sweet),470,12.49,21.99,Kidney Disease,"Pakistani, Indian, Traditional, Balanced"
1764,185.65,119.16,59.75,22.05,16.59,1421,Wheat Dalia (Cracked Wheat Porridge in Buffalo Milk),Beef Pulao Gosht with Mint Raita & Sliced Cucumbers,Chicken Tikka Boti (Grilled) with Mint Raita & Fresh Salad,1 Vegetable Potato Samosa with Mint Green Chutney,528,13.46,31.91,None,"Pakistani, Indian, High Protein, Traditional"
1700,192.61,95.79,57.47,10.82,18.85,1298,Mooli Paratha with Zeera Raita & Chai,Beef Pulao Gosht with Mint Raita & Sliced Cucumbers,Machli (Fried Spiced Fish) with 1 Roti & Fresh Lemon,Roasted Chickpeas (Bhuna Chana - 50g) with Green Tea,422,13.8,23.69,Heart Disease,"Pakistani, Indian, Traditional, Balanced"
1915,217.37,90.78,74.01,46.79,17.39,1377,1 Whole Wheat Chapati with Fried Egg & Doodh Patti Chai,Chicken Biryani with Mint Zeera Raita & Fresh Salad,Palak Gosht (Spinach Mutton Curry) with 1.5 Chapatis,Gajar ka Halwa (100g Small Cup - Traditional Sweet),574,15.11,44.51,Hypertension,"Pakistani, Indian, Traditional, Balanced"
1530,177.75,84.37,48.94,16.87,24.97,1384,Besan ka Chilla (Savory Gram Flour Pancake) with Mint Dahi,Beef Shami Kebab (2 pcs) with 1 Whole Wheat Roti & Salad,Anda Curry with 2 Chapatis & Onion Salad,"Chana Chaat with Dahi, Onion, Tomato & Tamarind Chutney",377,15.97,38.81,"Diabetes, Hypertension, Heart Disease, Obesity, Kidney Disease","Pakistani, Indian, Low Fat, Dash, Balanced"
1851,170.82,126.47,70.63,13.36,19.49,1599,Anda Ghotala (Spiced Scrambled Eggs) with 1 Tandoori Roti,Chicken Karahi (200g) with 2 Whole Wheat Chapatis & Salad,Palak Gosht (Spinach Mutton Curry) with 1.5 Chapatis,1 Chicken Shami Kebab with Sliced Cucumber & Mint Raita,433,18.07,62.41,"Hypertension, Obesity","Pakistani, Indian, High Protein, Traditional"
2225,287.08,93.82,78.95,46.14,23.89,1794,Halwa Puri with Chana Masala (Sunday Special),Chicken Biryani with Mint Zeera Raita & Fresh Salad,Chicken Haleem with 1 Tandoori Naan & Brown Onions,"Chana Chaat with Dahi, Onion, Tomato & Tamarind Chutney",395,14.97,33.83,None,"Pakistani, Indian, Traditional, Balanced"
1270,157.44,46.98,48.67,30.9,18.88,999,Plain Desi Ghee Paratha with Shami Kabab & Chai,Bhindi Masala (Okra Curry) with 2 Whole Wheat Chapatis,Anda Curry with 2 Chapatis & Onion Salad,"Fresh Fruit Chaat (Apple, Guava, Banana & Chaat Masala)",322,10.16,75.76,Kidney Disease,"Pakistani, Indian, Low Carb, Traditional"
1799,230.13,75.41,60.88,35.75,19.55,1396,Mooli Paratha with Zeera Raita & Chai,Beef Pulao Gosht with Mint Raita & Sliced Cucumbers,Anda Curry with 2 Chapatis & Onion Salad,"Fresh Fruit Chaat (Apple, Guava, Banana & Chaat Masala)",391,13.41,79.31,"Heart Disease, Kidney Disease","Pakistani, Indian, Traditional, Balanced"
1757,217.81,82.56,54.45,31.62,26.0,1382,Oatmeal Porridge in Cow Milk with Sliced Bananas & Almonds,Daal Channa with 2 Chapatis & Onion Salad,Peshawari Chapli Kabab with 1 Whole Wheat Roti & Salad,Dahi Bhalla (Dahi Baray) with Chaat Masala & Papdi,527,15.11,33.37,"Diabetes, Heart Disease, Obesity, Kidney Disease","Pakistani, Indian, Traditional, Balanced"
1529,194.34,66.6,54.04,17.47,26.53,1277,Anda Ghotala (Spiced Scrambled Eggs) with 1 Tandoori Roti,Bhindi Masala (Okra Curry) with 2 Whole Wheat Chapatis,"Mix Sabzi (Carrot, Peas, Potatoes) with 2 Chapatis",1 Chicken Shami Kebab with Sliced Cucumber & Mint Raita,382,13.32,88.43,"Diabetes, Hypertension, Heart Disease, Obesity, Kidney Disease","Pakistani, Indian, Traditional, Balanced"
1620,194.01,65.5,60.0,23.0,18.8,1240,Plain Desi Ghee Paratha with Shami Kabab & Chai,Daal Channa with 2 Chapatis & Onion Salad,Anda Curry with 2 Chapatis & Onion Salad,Doodh Patti Chai with 2 Whole Wheat Rusks,395,12.6,19.0,Kidney Disease,"Pakistani, Indian, Traditional, Balanced"
2186,235.2,121.48,83.21,19.97,15.31,1908,1 Whole Wheat Chapati with Fried Egg & Doodh Patti Chai,Chicken Biryani with Mint Zeera Raita & Fresh Salad,Beef Nihari with 1 Roghani Naan & Ginger Lemon Garnish,1 Chicken Shami Kebab with Sliced Cucumber & Mint Raita,388,15.75,28.85,None,"Pakistani, Indian, High Protein, Traditional"
1914,219.51,88.65,73.64,17.35,14.92,1660,Mooli Paratha with Zeera Raita & Chai,Beef Pulao Gosht with Mint Raita & Sliced Cucumbers,Beef Nihari with 1 Roghani Naan & Ginger Lemon Garnish,Dahi Bhalla (Dahi Baray) with Chaat Masala & Papdi,399,13.7,25.8,None,"Pakistani, Indian, Traditional, Balanced"
2000,258.86,81.78,68.24,38.83,25.3,1400,Oatmeal Porridge in Cow Milk with Sliced Bananas & Almonds,Bhindi Masala (Okra Curry) with 2 Whole Wheat Chapatis,Beef Nihari with 1 Roghani Naan & Ginger Lemon Garnish,Doodh Patti Chai with 2 Whole Wheat Rusks,600,14.24,53.54,None,"Pakistani, Indian, Traditional, Balanced"
1570,240.83,49.13,44.62,54.83,27.2,876,Wheat Dalia (Cracked Wheat Porridge in Buffalo Milk),Daal Channa with 2 Chapatis & Onion Salad,"Mix Sabzi (Carrot, Peas, Potatoes) with 2 Chapatis",Gajar ka Halwa (100g Small Cup - Traditional Sweet),581,11.4,48.92,"Hypertension, Kidney Disease","Pakistani, Indian, Vegetarian, Balanced"
1390,137.13,109.42,43.67,17.38,13.15,1132,Wheat Dalia (Cracked Wheat Porridge in Buffalo Milk),Beef Pulao Gosht with Mint Raita & Sliced Cucumbers,Chicken Tikka Boti (Grilled) with Mint Raita & Fresh Salad,1 Chicken Shami Kebab with Sliced Cucumber & Mint Raita,441,11.65,26.77,"Heart Disease, Obesity","Pakistani, Indian, Low Carb, Traditional"
1583,223.58,74.16,41.51,34.87,30.77,1173,2 Boiled Eggs with 2 Brown Bread Toasts & Green Tea,Lobia / Red Kidney Bean Curry (Kalool) with Zeera Rice,Palak Paneer (Spinach with Cottage Cheese) with 2 Chapatis,"Fresh Fruit Chaat (Apple, Guava, Banana & Chaat Masala)",598,16.27,87.44,"Diabetes, Hypertension, Heart Disease, Obesity, Kidney Disease","Pakistani, Indian, Low Fat, Dash, Balanced"
1741,221.95,95.2,49.65,39.72,22.31,1273,1 Whole Wheat Chapati with Fried Egg & Doodh Patti Chai,Daal Channa with 2 Chapatis & Onion Salad,Balochi Sajji (Roasted Chicken) with 1 cup Zeera Rice,"Fresh Fruit Chaat (Apple, Guava, Banana & Chaat Masala)",315,12.97,65.42,"Hypertension, Heart Disease, Obesity","Pakistani, Indian, Low Fat, Dash, Balanced"
1463,191.59,78.29,36.57,25.24,24.82,1112,Oatmeal Porridge in Cow Milk with Sliced Bananas & Almonds,Daal Channa with 2 Chapatis & Onion Salad,Machli (Fried Spiced Fish) with 1 Roti & Fresh Lemon,"Chana Chaat with Dahi, Onion, Tomato & Tamarind Chutney",474,12.36,29.87,"Diabetes, Hypertension, Heart Disease, Obesity, Kidney Disease","Pakistani, Indian, Low Fat, Dash, Balanced"
1450,171.15,65.05,54.14,19.21,15.89,1091,1 Crispy Aloo Paratha with Fresh Dahi & Mint Raita,Kofta Curry (Spiced Meatballs) with 2 Chapatis,Palak Paneer (Spinach with Cottage Cheese) with 2 Chapatis,Doodh Patti Chai with 2 Whole Wheat Rusks,533,12.22,35.36,"Hypertension, Heart Disease, Kidney Disease","Pakistani, Indian, Traditional, Balanced"
1644,181.29,72.16,69.32,14.66,16.09,1351,Plain Desi Ghee Paratha with Shami Kabab & Chai,Chicken Biryani with Mint Zeera Raita & Fresh Salad,Palak Paneer (Spinach with Cottage Cheese) with 2 Chapatis,1 Vegetable Potato Samosa with Mint Green Chutney,493,13.24,39.55,Kidney Disease,"Pakistani, Indian, Traditional, Balanced"
1482,189.86,67.81,47.95,17.44,26.06,1250,Besan ka Chilla (Savory Gram Flour Pancake) with Mint Dahi,Bhindi Masala (Okra Curry) with 2 Whole Wheat Chapatis,Chicken Haleem with 1 Tandoori Naan & Brown Onions,Dahi Bhalla (Dahi Baray) with Chaat Masala & Papdi,441,12.88,44.56,"Diabetes, Heart Disease, Obesity, Kidney Disease","Pakistani, Indian, Low Fat, Dash, Balanced"
2019,247.26,77.35,75.43,48.77,24.39,1350,Plain Desi Ghee Paratha with Shami Kabab & Chai,Lobia / Red Kidney Bean Curry (Kalool) with Zeera Rice,Anda Curry with 2 Chapatis & Onion Salad,Gajar ka Halwa (100g Small Cup - Traditional Sweet),522,15.65,23.82,Kidney Disease,"Pakistani, Indian, Traditional, Balanced"
1604,180.88,92.99,52.94,16.86,19.21,1185,1 Whole Wheat Chapati with Fried Egg & Doodh Patti Chai,Chicken Karahi (200g) with 2 Whole Wheat Chapatis & Salad,Anda Curry with 2 Chapatis & Onion Salad,Roasted Chickpeas (Bhuna Chana - 50g) with Green Tea,332,13.39,28.61,"Hypertension, Heart Disease, Obesity","Pakistani, Indian, Traditional, Balanced"
1863,193.29,121.68,62.3,13.39,24.34,1607,Besan ka Chilla (Savory Gram Flour Pancake) with Mint Dahi,Kofta Curry (Spiced Meatballs) with 2 Chapatis,Chicken Haleem with 1 Tandoori Naan & Brown Onions,1 Chicken Shami Kebab with Sliced Cucumber & Mint Raita,361,17.47,27.36,"Diabetes, Heart Disease, Obesity","Pakistani, Indian, High Protein, Traditional"
1489,174.38,84.53,48.38,15.42,22.75,1265,Besan ka Chilla (Savory Gram Flour Pancake) with Mint Dahi,Kofta Curry (Spiced Meatballs) with 2 Chapatis,"Mix Sabzi (Carrot, Peas, Potatoes) with 2 Chapatis",1 Chicken Shami Kebab with Sliced Cucumber & Mint Raita,324,14.57,56.89,"Diabetes, Hypertension, Heart Disease, Obesity, Kidney Disease","Pakistani, Indian, Low Fat, Dash, Balanced"
1712,229.43,100.16,41.11,20.96,26.9,1019,Wheat Dalia (Cracked Wheat Porridge in Buffalo Milk),Daal Channa with 2 Chapatis & Onion Salad,Balochi Sajji (Roasted Chicken) with 1 cup Zeera Rice,Roasted Chickpeas (Bhuna Chana - 50g) with Green Tea,518,14.44,14.56,"Diabetes, Hypertension, Heart Disease, Obesity","Pakistani, Indian, Low Fat, Dash, Balanced"
1785,209.77,105.46,55.98,23.99,27.23,1223,Wheat Dalia (Cracked Wheat Porridge in Buffalo Milk),Kofta Curry (Spiced Meatballs) with 2 Chapatis,Palak Gosht (Spinach Mutton Curry) with 1.5 Chapatis,Roasted Chickpeas (Bhuna Chana - 50g) with Green Tea,655,19.01,44.62,"Diabetes, Hypertension, Heart Disease, Obesity","Pakistani, Indian, Traditional, Balanced"
1364,149.46,79.12,47.17,42.97,15.23,911,Wheat Dalia (Cracked Wheat Porridge in Buffalo Milk),Beef Shami Kebab (2 pcs) with 1 Whole Wheat Roti & Salad,Machli (Fried Spiced Fish) with 1 Roti & Fresh Lemon,Gajar ka Halwa (100g Small Cup - Traditional Sweet),518,9.9,16.35,"Hypertension, Kidney Disease","Pakistani, Indian, Low Carb, Traditional"
1641,193.51,71.7,65.22,52.44,18.14,1270,Halwa Puri with Chana Masala (Sunday Special),Kofta Curry (Spiced Meatballs) with 2 Chapatis,Palak Gosht (Spinach Mutton Curry) with 1.5 Chapatis,"Fresh Fruit Chaat (Apple, Guava, Banana & Chaat Masala)",333,13.91,72.57,Kidney Disease,"Pakistani, Indian, Traditional, Balanced"
1990,256.01,98.33,59.35,13.38,31.07,1559,Mooli Paratha with Zeera Raita & Chai,Lobia / Red Kidney Bean Curry (Kalool) with Zeera Rice,Chicken Haleem with 1 Tandoori Naan & Brown Onions,1 Chicken Shami Kebab with Sliced Cucumber & Mint Raita,442,16.76,34.33,"Diabetes, Heart Disease","Pakistani, Indian, Traditional, Balanced"
1583,158.29,110.57,54.7,36.66,20.14,1455,1 Crispy Aloo Paratha with Fresh Dahi & Mint Raita,Beef Shami Kebab (2 pcs) with 1 Whole Wheat Roti & Salad,Chicken Tikka Boti (Grilled) with Mint Raita & Fresh Salad,"Fresh Fruit Chaat (Apple, Guava, Banana & Chaat Masala)",390,13.5,89.62,"Hypertension, Heart Disease","Pakistani, Indian, High Protein, Traditional"
1525,187.32,88.76,44.65,33.22,22.65,1176,2 Boiled Eggs with 2 Brown Bread Toasts & Green Tea,Bhindi Masala (Okra Curry) with 2 Whole Wheat Chapatis,Balochi Sajji (Roasted Chicken) with 1 cup Zeera Rice,"Fresh Fruit Chaat (Apple, Guava, Banana & Chaat Masala)",376,11.76,89.85,"Diabetes, Hypertension, Heart Disease, Obesity, Kidney Disease","Pakistani, Indian, Low Fat, Dash, Balanced"
1907,205.75,87.85,76.87,41.61,20.57,1595,Plain Desi Ghee Paratha with Shami Kabab & Chai,Aloo Gosht (Potato Beef Curry) with 1.5 Tandoori Rotis,Anda Curry with 2 Chapatis & Onion Salad,"Fresh Fruit Chaat (Apple, Guava, Banana & Chaat Masala)",353,15.37,78.02,None,"Pakistani, Indian, Traditional, Balanced"
1406,160.59,90.73,42.91,18.6,19.05,984,Wheat Dalia (Cracked Wheat Porridge in Buffalo Milk),Chicken Karahi (200g) with 2 Whole Wheat Chapatis & Salad,Peshawari Chapli Kabab with 1 Whole Wheat Roti & Salad,Roasted Chickpeas (Bhuna Chana - 50g) with Green Tea,408,12.61,29.49,"Heart Disease, Obesity","Pakistani, Indian, Low Carb, Traditional"
1395,150.67,76.19,50.08,13.27,16.69,1267,Mooli Paratha with Zeera Raita & Chai,Aloo Gosht (Potato Beef Curry) with 1.5 Tandoori Rotis,Machli (Fried Spiced Fish) with 1 Roti & Fresh Lemon,"Chana Chaat with Dahi, Onion, Tomato & Tamarind Chutney",342,11.13,34.24,"Heart Disease, Kidney Disease","Pakistani, Indian, Low Carb, Traditional"
1701,193.96,73.15,70.27,36.98,13.07,1405,Halwa Puri with Chana Masala (Sunday Special),Beef Pulao Gosht with Mint Raita & Sliced Cucumbers,Peshawari Chapli Kabab with 1 Whole Wheat Roti & Salad,Dahi Bhalla (Dahi Baray) with Chaat Masala & Papdi,304,12.33,20.14,None,"Pakistani, Indian, Traditional, Balanced"
1875,214.25,93.93,67.45,40.17,20.04,1329,Mooli Paratha with Zeera Raita & Chai,Chicken Karahi (200g) with 2 Whole Wheat Chapatis & Salad,Chicken Haleem with 1 Tandoori Naan & Brown Onions,Gajar ka Halwa (100g Small Cup - Traditional Sweet),431,12.3,35.71,None,"Pakistani, Indian, Traditional, Balanced"
1526,189.45,67.36,55.26,39.47,24.0,1263,Plain Desi Ghee Paratha with Shami Kabab & Chai,Beef Shami Kebab (2 pcs) with 1 Whole Wheat Roti & Salad,"Mix Sabzi (Carrot, Peas, Potatoes) with 2 Chapatis","Fresh Fruit Chaat (Apple, Guava, Banana & Chaat Masala)",300,13.26,96.31,Kidney Disease,"Pakistani, Indian, Traditional, Balanced"
1643,192.99,100.52,45.95,15.51,25.96,1505,2 Boiled Eggs with 2 Brown Bread Toasts & Green Tea,Daal Channa with 2 Chapatis & Onion Salad,Machli (Fried Spiced Fish) with 1 Roti & Fresh Lemon,"Chana Chaat with Dahi, Onion, Tomato & Tamarind Chutney",448,14.7,29.29,"Diabetes, Hypertension, Heart Disease, Obesity","Pakistani, Indian, Low Fat, Dash, Balanced"
2299,306.54,98.44,74.28,21.81,30.65,1898,1 Crispy Aloo Paratha with Fresh Dahi & Mint Raita,Lobia / Red Kidney Bean Curry (Kalool) with Zeera Rice,Beef Nihari with 1 Roghani Naan & Ginger Lemon Garnish,"Chana Chaat with Dahi, Onion, Tomato & Tamarind Chutney",501,18.98,38.32,None,"Pakistani, Indian, Traditional, Balanced"
2180,249.84,112.99,81.2,38.04,18.28,1840,Anda Ghotala (Spiced Scrambled Eggs) with 1 Tandoori Roti,Beef Pulao Gosht with Mint Raita & Sliced Cucumbers,Beef Nihari with 1 Roghani Naan & Ginger Lemon Garnish,"Fresh Fruit Chaat (Apple, Guava, Banana & Chaat Masala)",329,16.69,73.82,None,"Pakistani, Indian, High Protein, Traditional"
1708,182.37,82.76,69.83,18.47,22.28,1431,1 Whole Wheat Chapati with Fried Egg & Doodh Patti Chai,Beef Shami Kebab (2 pcs) with 1 Whole Wheat Roti & Salad,Palak Paneer (Spinach with Cottage Cheese) with 2 Chapatis,1 Vegetable Potato Samosa with Mint Green Chutney,531,16.16,45.02,Hypertension,"Pakistani, Indian, Traditional, Balanced"
2246,246.27,106.26,92.35,74.68,17.1,1516,Halwa Puri with Chana Masala (Sunday Special),Beef Shami Kebab (2 pcs) with 1 Whole Wheat Roti & Salad,Balochi Sajji (Roasted Chicken) with 1 cup Zeera Rice,Gajar ka Halwa (100g Small Cup - Traditional Sweet),393,14.25,19.38,None,"Pakistani, Indian, Traditional, Balanced"
1468,168.99,84.49,48.47,28.02,13.79,1130,1 Crispy Aloo Paratha with Fresh Dahi & Mint Raita,Kofta Curry (Spiced Meatballs) with 2 Chapatis,Balochi Sajji (Roasted Chicken) with 1 cup Zeera Rice,"Fresh Fruit Chaat (Apple, Guava, Banana & Chaat Masala)",280,10.5,56.03,"Hypertension, Heart Disease, Kidney Disease","Pakistani, Indian, Low Carb, Traditional"
1907,217.0,85.01,75.32,44.24,21.59,1464,2 Boiled Eggs with 2 Brown Bread Toasts & Green Tea,Bhindi Masala (Okra Curry) with 2 Whole Wheat Chapatis,Beef Nihari with 1 Roghani Naan & Ginger Lemon Garnish,Gajar ka Halwa (100g Small Cup - Traditional Sweet),495,13.9,45.82,None,"Pakistani, Indian, Traditional, Balanced"
1660,243.81,59.42,51.22,37.9,22.13,1291,1 Crispy Aloo Paratha with Fresh Dahi & Mint Raita,Chicken Biryani with Mint Zeera Raita & Fresh Salad,"Mix Sabzi (Carrot, Peas, Potatoes) with 2 Chapatis","Fresh Fruit Chaat (Apple, Guava, Banana & Chaat Masala)",405,11.27,101.42,"Hypertension, Heart Disease, Kidney Disease","Pakistani, Indian, Traditional, Balanced"
1967,210.13,103.39,77.12,26.83,20.12,1475,Plain Desi Ghee Paratha with Shami Kabab & Chai,Chicken Karahi (200g) with 2 Whole Wheat Chapatis & Salad,Palak Paneer (Spinach with Cottage Cheese) with 2 Chapatis,Doodh Patti Chai with 2 Whole Wheat Rusks,648,16.32,50.3,Diabetes,"Pakistani, Indian, Traditional, Balanced"
1623,197.33,64.19,61.53,22.81,22.17,1284,Mooli Paratha with Zeera Raita & Chai,Bhindi Masala (Okra Curry) with 2 Whole Wheat Chapatis,Peshawari Chapli Kabab with 1 Whole Wheat Roti & Salad,Doodh Patti Chai with 2 Whole Wheat Rusks,483,12.63,62.06,"Diabetes, Heart Disease, Kidney Disease","Pakistani, Indian, Traditional, Balanced"
2025,203.61,137.67,69.99,12.73,15.62,1597,1 Crispy Aloo Paratha with Fresh Dahi & Mint Raita,Chicken Karahi (200g) with 2 Whole Wheat Chapatis & Salad,Balochi Sajji (Roasted Chicken) with 1 cup Zeera Rice,1 Chicken Shami Kebab with Sliced Cucumber & Mint Raita,382,14.46,35.86,Hypertension,"Pakistani, Indian, High Protein, Traditional"
1530,173.61,90.24,49.83,15.2,23.34,1197,1 Whole Wheat Chapati with Fried Egg & Doodh Patti Chai,Beef Shami Kebab (2 pcs) with 1 Whole Wheat Roti & Salad,Chicken Haleem with 1 Tandoori Naan & Brown Onions,Roasted Chickpeas (Bhuna Chana - 50g) with Green Tea,294,14.12,15.69,"Diabetes, Heart Disease, Obesity","Pakistani, Indian, Low Fat, Dash, Balanced"
1335,182.83,59.88,40.22,23.49,26.05,992,Wheat Dalia (Cracked Wheat Porridge in Buffalo Milk),Bhindi Masala (Okra Curry) with 2 Whole Wheat Chapatis,Palak Gosht (Spinach Mutton Curry) with 1.5 Chapatis,"Chana Chaat with Dahi, Onion, Tomato & Tamarind Chutney",594,13.71,67.19,"Diabetes, Hypertension, Heart Disease, Obesity, Kidney Disease","Pakistani, Indian, Low Fat, Dash, Balanced"
1847,177.76,98.95,81.97,39.5,15.11,1620,Halwa Puri with Chana Masala (Sunday Special),Aloo Gosht (Potato Beef Curry) with 1.5 Tandoori Rotis,Chicken Tikka Boti (Grilled) with Mint Raita & Fresh Salad,1 Vegetable Potato Samosa with Mint Green Chutney,277,12.94,34.56,None,"Pakistani, Indian, Traditional, Balanced"
1645,241.48,58.77,47.01,35.26,25.96,1197,1 Crispy Aloo Paratha with Fresh Dahi & Mint Raita,Lobia / Red Kidney Bean Curry (Kalool) with Zeera Rice,Anda Curry with 2 Chapatis & Onion Salad,"Fresh Fruit Chaat (Apple, Guava, Banana & Chaat Masala)",417,13.36,72.12,"Hypertension, Heart Disease, Kidney Disease","Pakistani, Indian, Low Fat, Dash, Balanced"
1222,175.28,49.89,36.23,19.78,26.34,715,Wheat Dalia (Cracked Wheat Porridge in Buffalo Milk),Bhindi Masala (Okra Curry) with 2 Whole Wheat Chapatis,Palak Paneer (Spinach with Cottage Cheese) with 2 Chapatis,Roasted Chickpeas (Bhuna Chana - 50g) with Green Tea,652,12.58,54.38,"Diabetes, Hypertension, Heart Disease, Obesity, Kidney Disease","Pakistani, Indian, Vegetarian, Balanced"
2342,267.94,101.51,94.76,46.29,15.79,1732,1 Crispy Aloo Paratha with Fresh Dahi & Mint Raita,Beef Pulao Gosht with Mint Raita & Sliced Cucumbers,Beef Nihari with 1 Roghani Naan & Ginger Lemon Garnish,Gajar ka Halwa (100g Small Cup - Traditional Sweet),501,15.79,21.78,None,"Pakistani, Indian, Traditional, Balanced"
1781,236.01,69.06,57.91,56.27,28.41,1038,Oatmeal Porridge in Cow Milk with Sliced Bananas & Almonds,Bhindi Masala (Okra Curry) with 2 Whole Wheat Chapatis,Chicken Haleem with 1 Tandoori Naan & Brown Onions,Gajar ka Halwa (100g Small Cup - Traditional Sweet),595,12.46,49.17,Kidney Disease,"Pakistani, Indian, Traditional, Balanced"
1786,177.62,79.93,81.24,16.65,19.48,1504,Plain Desi Ghee Paratha with Shami Kabab & Chai,Aloo Gosht (Potato Beef Curry) with 1.5 Tandoori Rotis,Palak Paneer (Spinach with Cottage Cheese) with 2 Chapatis,1 Vegetable Potato Samosa with Mint Green Chutney,494,15.95,42.89,None,"Pakistani, Indian, Traditional, Balanced"
1305,149.92,49.86,54.32,11.37,18.28,1120,Mooli Paratha with Zeera Raita & Chai,Bhindi Masala (Okra Curry) with 2 Whole Wheat Chapatis,Peshawari Chapli Kabab with 1 Whole Wheat Roti & Salad,1 Vegetable Potato Samosa with Mint Green Chutney,316,10.44,52.22,Kidney Disease,"Pakistani, Indian, Low Carb, Traditional"
1424,147.71,80.45,52.31,14.07,13.54,1292,Mooli Paratha with Zeera Raita & Chai,Kofta Curry (Spiced Meatballs) with 2 Chapatis,Machli (Fried Spiced Fish) with 1 Roti & Fresh Lemon,Dahi Bhalla (Dahi Baray) with Chaat Masala & Papdi,391,10.37,25.94,"Hypertension, Heart Disease, Kidney Disease","Pakistani, Indian, Low Carb, Traditional"
1844,208.07,95.95,66.63,12.94,21.24,1434,Mooli Paratha with Zeera Raita & Chai,Beef Pulao Gosht with Mint Raita & Sliced Cucumbers,Peshawari Chapli Kabab with 1 Whole Wheat Roti & Salad,Roasted Chickpeas (Bhuna Chana - 50g) with Green Tea,388,16.49,33.42,Diabetes,"Pakistani, Indian, Traditional, Balanced"
1689,228.89,64.67,53.33,43.89,23.22,1133,Besan ka Chilla (Savory Gram Flour Pancake) with Mint Dahi,Daal Masoor Curry with Boiled Basmati Rice & Kachumber,Anda Curry with 2 Chapatis & Onion Salad,Gajar ka Halwa (100g Small Cup - Traditional Sweet),472,14.33,33.89,"Hypertension, Kidney Disease","Pakistani, Indian, Traditional, Balanced"
1487,171.29,83.68,48.24,19.69,16.44,1132,Besan ka Chilla (Savory Gram Flour Pancake) with Mint Dahi,Chicken Karahi (200g) with 2 Whole Wheat Chapatis & Salad,Anda Curry with 2 Chapatis & Onion Salad,Doodh Patti Chai with 2 Whole Wheat Rusks,379,12.01,30.52,"Hypertension, Heart Disease, Obesity, Kidney Disease","Pakistani, Indian, Low Fat, Dash, Balanced"
1696,187.99,107.5,54.56,37.27,15.67,1307,1 Whole Wheat Chapati with Fried Egg & Doodh Patti Chai,Kofta Curry (Spiced Meatballs) with 2 Chapatis,Balochi Sajji (Roasted Chicken) with 1 cup Zeera Rice,"Fresh Fruit Chaat (Apple, Guava, Banana & Chaat Masala)",281,12.42,62.66,"Hypertension, Heart Disease, Obesity","Pakistani, Indian, Traditional, Balanced"
1398,116.19,116.19,49.66,10.8,19.12,1275,Anda Ghotala (Spiced Scrambled Eggs) with 1 Tandoori Roti,Beef Shami Kebab (2 pcs) with 1 Whole Wheat Roti & Salad,Chicken Tikka Boti (Grilled) with Mint Raita & Fresh Salad,Roasted Chickpeas (Bhuna Chana - 50g) with Green Tea,308,14.29,35.99,"Hypertension, Heart Disease, Obesity","Pakistani, Indian, High Protein, Traditional"
1532,225.29,52.47,46.68,19.28,26.18,1147,1 Whole Wheat Chapati with Fried Egg & Doodh Patti Chai,Lobia / Red Kidney Bean Curry (Kalool) with Zeera Rice,"Mix Sabzi (Carrot, Peas, Potatoes) with 2 Chapatis",1 Vegetable Potato Samosa with Mint Green Chutney,325,12.48,48.2,"Hypertension, Kidney Disease","Pakistani, Indian, Low Fat, Dash, Balanced"
1487,197.6,81.72,39.24,16.62,18.65,1163,1 Whole Wheat Chapati with Fried Egg & Doodh Patti Chai,Daal Masoor Curry with Boiled Basmati Rice & Kachumber,Balochi Sajji (Roasted Chicken) with 1 cup Zeera Rice,"Chana Chaat with Dahi, Onion, Tomato & Tamarind Chutney",295,12.0,28.62,"Hypertension, Heart Disease, Obesity, Kidney Disease","Pakistani, Indian, Low Fat, Dash, Balanced"
2131,230.78,128.34,73.59,15.31,22.96,1754,1 Crispy Aloo Paratha with Fresh Dahi & Mint Raita,Chicken Karahi (200g) with 2 Whole Wheat Chapatis & Salad,Chicken Haleem with 1 Tandoori Naan & Brown Onions,1 Chicken Shami Kebab with Sliced Cucumber & Mint Raita,418,16.13,38.86,None,"Pakistani, Indian, High Protein, Traditional"
1553,181.66,82.34,53.48,16.98,14.69,1214,Anda Ghotala (Spiced Scrambled Eggs) with 1 Tandoori Roti,Beef Pulao Gosht with Mint Raita & Sliced Cucumbers,Chicken Haleem with 1 Tandoori Naan & Brown Onions,Doodh Patti Chai with 2 Whole Wheat Rusks,314,11.54,15.7,"Heart Disease, Obesity, Kidney Disease","Pakistani, Indian, Traditional, Balanced"
1424,178.62,60.75,50.84,13.71,18.57,1150,Mooli Paratha with Zeera Raita & Chai,Chicken Karahi (200g) with 2 Whole Wheat Chapatis & Salad,"Mix Sabzi (Carrot, Peas, Potatoes) with 2 Chapatis",1 Vegetable Potato Samosa with Mint Green Chutney,283,9.99,60.13,"Hypertension, Kidney Disease","Pakistani, Indian, Traditional, Balanced"
1742,238.05,64.38,54.1,18.39,25.32,1396,Mooli Paratha with Zeera Raita & Chai,Lobia / Red Kidney Bean Curry (Kalool) with Zeera Rice,Anda Curry with 2 Chapatis & Onion Salad,Dahi Bhalla (Dahi Baray) with Chaat Masala & Papdi,498,13.85,34.62,"Diabetes, Hypertension, Heart Disease, Kidney Disease","Pakistani, Indian, Traditional, Balanced"
1628,163.79,107.55,59.69,34.53,14.9,1450,Plain Desi Ghee Paratha with Shami Kabab & Chai,Chicken Biryani with Mint Zeera Raita & Fresh Salad,Chicken Tikka Boti (Grilled) with Mint Raita & Fresh Salad,"Fresh Fruit Chaat (Apple, Guava, Banana & Chaat Masala)",370,12.04,76.47,None,"Pakistani, Indian, Low Carb, Traditional"
1764,247.84,63.64,53.03,22.33,24.78,1250,Mooli Paratha with Zeera Raita & Chai,Lobia / Red Kidney Bean Curry (Kalool) with Zeera Rice,Anda Curry with 2 Chapatis & Onion Salad,Doodh Patti Chai with 2 Whole Wheat Rusks,502,13.51,32.38,"Diabetes, Hypertension, Heart Disease, Kidney Disease","Pakistani, Indian, Traditional, Balanced"
1627,198.55,68.94,61.13,21.14,17.65,1351,Plain Desi Ghee Paratha with Shami Kabab & Chai,Beef Pulao Gosht with Mint Raita & Sliced Cucumbers,"Mix Sabzi (Carrot, Peas, Potatoes) with 2 Chapatis",Dahi Bhalla (Dahi Baray) with Chaat Masala & Papdi,372,12.59,42.28,Kidney Disease,"Pakistani, Indian, Traditional, Balanced"
1614,197.65,92.02,47.6,14.51,20.67,1432,2 Boiled Eggs with 2 Brown Bread Toasts & Green Tea,Chicken Biryani with Mint Zeera Raita & Fresh Salad,Chicken Haleem with 1 Tandoori Naan & Brown Onions,"Chana Chaat with Dahi, Onion, Tomato & Tamarind Chutney",367,12.69,28.56,"Heart Disease, Obesity","Pakistani, Indian, Low Fat, Dash, Balanced"
1461,202.03,69.63,39.23,15.2,26.19,1226,2 Boiled Eggs with 2 Brown Bread Toasts & Green Tea,Daal Masoor Curry with Boiled Basmati Rice & Kachumber,Palak Paneer (Spinach with Cottage Cheese) with 2 Chapatis,"Chana Chaat with Dahi, Onion, Tomato & Tamarind Chutney",544,15.4,52.47,"Diabetes, Hypertension, Heart Disease, Obesity, Kidney Disease","Pakistani, Indian, Low Fat, Dash, Balanced"
1477,134.97,102.69,55.26,23.47,12.71,1291,1 Whole Wheat Chapati with Fried Egg & Doodh Patti Chai,Aloo Gosht (Potato Beef Curry) with 1.5 Tandoori Rotis,Chicken Tikka Boti (Grilled) with Mint Raita & Fresh Salad,Doodh Patti Chai with 2 Whole Wheat Rusks,357,11.35,28.85,"Heart Disease, Obesity","Pakistani, Indian, Low Carb, Traditional"
1582,146.2,101.64,61.09,17.02,15.92,1532,Mooli Paratha with Zeera Raita & Chai,Aloo Gosht (Potato Beef Curry) with 1.5 Tandoori Rotis,Chicken Tikka Boti (Grilled) with Mint Raita & Fresh Salad,Dahi Bhalla (Dahi Baray) with Chaat Masala & Papdi,416,12.32,43.56,Heart Disease,"Pakistani, Indian, Low Carb, Traditional"
1562,174.74,85.83,55.51,21.59,21.07,1177,Wheat Dalia (Cracked Wheat Porridge in Buffalo Milk),Aloo Gosht (Potato Beef Curry) with 1.5 Tandoori Rotis,Palak Paneer (Spinach with Cottage Cheese) with 2 Chapatis,1 Chicken Shami Kebab with Sliced Cucumber & Mint Raita,648,15.01,43.69,"Diabetes, Heart Disease, Obesity, Kidney Disease","Pakistani, Indian, Traditional, Balanced"
2397,265.52,99.86,102.8,54.28,23.73,1997,Halwa Puri with Chana Masala (Sunday Special),Aloo Gosht (Potato Beef Curry) with 1.5 Tandoori Rotis,Palak Gosht (Spinach Mutton Curry) with 1.5 Chapatis,Dahi Bhalla (Dahi Baray) with Chaat Masala & Papdi,546,19.85,52.28,None,"Pakistani, Indian, Traditional, Balanced"
1562,189.33,73.06,53.76,30.33,21.14,1287,Mooli Paratha with Zeera Raita & Chai,Aloo Gosht (Potato Beef Curry) with 1.5 Tandoori Rotis,Chicken Haleem with 1 Tandoori Naan & Brown Onions,"Fresh Fruit Chaat (Apple, Guava, Banana & Chaat Masala)",294,11.86,67.09,"Diabetes, Heart Disease, Kidney Disease","Pakistani, Indian, Traditional, Balanced"
1877,234.62,76.51,67.33,21.93,20.4,1500,Mooli Paratha with Zeera Raita & Chai,Daal Channa with 2 Chapatis & Onion Salad,Beef Nihari with 1 Roghani Naan & Ginger Lemon Garnish,Doodh Patti Chai with 2 Whole Wheat Rusks,413,13.47,27.03,None,"Pakistani, Indian, Traditional, Balanced"
1681,197.0,86.72,58.35,18.2,25.16,1370,1 Whole Wheat Chapati with Fried Egg & Doodh Patti Chai,Bhindi Masala (Okra Curry) with 2 Whole Wheat Chapatis,Chicken Haleem with 1 Tandoori Naan & Brown Onions,1 Chicken Shami Kebab with Sliced Cucumber & Mint Raita,391,13.7,47.11,"Diabetes, Heart Disease, Obesity, Kidney Disease","Pakistani, Indian, Traditional, Balanced"
1515,157.74,91.28,55.83,18.34,15.33,1205,Anda Ghotala (Spiced Scrambled Eggs) with 1 Tandoori Roti,Chicken Karahi (200g) with 2 Whole Wheat Chapatis & Salad,Palak Gosht (Spinach Mutton Curry) with 1.5 Chapatis,Doodh Patti Chai with 2 Whole Wheat Rusks,408,13.47,46.53,"Hypertension, Heart Disease, Obesity","Pakistani, Indian, Low Carb, Traditional"
1532,173.59,86.33,51.8,9.75,16.99,1170,Mooli Paratha with Zeera Raita & Chai,Beef Pulao Gosht with Mint Raita & Sliced Cucumbers,Machli (Fried Spiced Fish) with 1 Roti & Fresh Lemon,Roasted Chickpeas (Bhuna Chana - 50g) with Green Tea,381,12.44,21.35,"Heart Disease, Kidney Disease","Pakistani, Indian, Traditional, Balanced"
1928,203.3,120.93,68.35,23.37,14.61,1577,1 Crispy Aloo Paratha with Fresh Dahi & Mint Raita,Beef Pulao Gosht with Mint Raita & Sliced Cucumbers,Chicken Tikka Boti (Grilled) with Mint Raita & Fresh Salad,Doodh Patti Chai with 2 Whole Wheat Rusks,520,14.02,33.3,None,"Pakistani, Indian, High Protein, Traditional"
1742,194.19,84.39,67.15,19.96,13.97,1443,Mooli Paratha with Zeera Raita & Chai,Kofta Curry (Spiced Meatballs) with 2 Chapatis,Beef Nihari with 1 Roghani Naan & Ginger Lemon Garnish,Doodh Patti Chai with 2 Whole Wheat Rusks,358,12.34,25.86,None,"Pakistani, Indian, Traditional, Balanced"
1946,204.74,80.66,86.62,50.06,22.72,1440,Plain Desi Ghee Paratha with Shami Kabab & Chai,Bhindi Masala (Okra Curry) with 2 Whole Wheat Chapatis,Peshawari Chapli Kabab with 1 Whole Wheat Roti & Salad,Gajar ka Halwa (100g Small Cup - Traditional Sweet),523,15.3,56.81,None,"Pakistani, Indian, Traditional, Balanced"
1384,139.33,96.71,44.0,12.83,16.5,1311,2 Boiled Eggs with 2 Brown Bread Toasts & Green Tea,Kofta Curry (Spiced Meatballs) with 2 Chapatis,Machli (Fried Spiced Fish) with 1 Roti & Fresh Lemon,"Chana Chaat with Dahi, Onion, Tomato & Tamarind Chutney",348,12.1,25.21,"Hypertension, Heart Disease, Obesity","Pakistani, Indian, Low Carb, Traditional"
1207,133.16,75.19,37.29,18.64,17.84,959,Oatmeal Porridge in Cow Milk with Sliced Bananas & Almonds,Daal Channa with 2 Chapatis & Onion Salad,Chicken Tikka Boti (Grilled) with Mint Raita & Fresh Salad,1 Vegetable Potato Samosa with Mint Green Chutney,342,9.85,29.3,"Hypertension, Kidney Disease","Pakistani, Indian, Low Carb, Traditional"
1423,152.18,80.3,49.24,43.86,13.88,922,Oatmeal Porridge in Cow Milk with Sliced Bananas & Almonds,Kofta Curry (Spiced Meatballs) with 2 Chapatis,Machli (Fried Spiced Fish) with 1 Roti & Fresh Lemon,Gajar ka Halwa (100g Small Cup - Traditional Sweet),457,9.85,18.8,"Hypertension, Kidney Disease","Pakistani, Indian, Low Carb, Traditional"
1933,193.28,120.95,75.58,44.56,22.92,1574,Halwa Puri with Chana Masala (Sunday Special),Beef Shami Kebab (2 pcs) with 1 Whole Wheat Roti & Salad,Chicken Tikka Boti (Grilled) with Mint Raita & Fresh Salad,Roasted Chickpeas (Bhuna Chana - 50g) with Green Tea,353,16.43,34.72,None,"Pakistani, Indian, High Protein, Traditional"
1502,158.86,101.57,47.47,9.15,16.95,1203,2 Boiled Eggs with 2 Brown Bread Toasts & Green Tea,Beef Pulao Gosht with Mint Raita & Sliced Cucumbers,Machli (Fried Spiced Fish) with 1 Roti & Fresh Lemon,Roasted Chickpeas (Bhuna Chana - 50g) with Green Tea,371,13.29,12.03,"Heart Disease, Obesity","Pakistani, Indian, Low Carb, Traditional"
1503,185.67,66.99,54.07,36.85,20.58,1215,Plain Desi Ghee Paratha with Shami Kabab & Chai,Kofta Curry (Spiced Meatballs) with 2 Chapatis,"Mix Sabzi (Carrot, Peas, Potatoes) with 2 Chapatis","Fresh Fruit Chaat (Apple, Guava, Banana & Chaat Masala)",287,12.25,87.57,Kidney Disease,"Pakistani, Indian, Traditional, Balanced"
1405,184.2,53.17,49.85,32.0,25.16,1092,Mooli Paratha with Zeera Raita & Chai,Bhindi Masala (Okra Curry) with 2 Whole Wheat Chapatis,Palak Gosht (Spinach Mutton Curry) with 1.5 Chapatis,"Fresh Fruit Chaat (Apple, Guava, Banana & Chaat Masala)",475,13.29,111.09,"Diabetes, Hypertension, Heart Disease, Kidney Disease","Pakistani, Indian, Low Fat, Dash, Balanced"
1871,201.33,97.05,72.22,43.22,17.94,1368,Besan ka Chilla (Savory Gram Flour Pancake) with Mint Dahi,Beef Pulao Gosht with Mint Raita & Sliced Cucumbers,Peshawari Chapli Kabab with 1 Whole Wheat Roti & Salad,Gajar ka Halwa (100g Small Cup - Traditional Sweet),449,16.08,26.81,None,"Pakistani, Indian, Traditional, Balanced"
1802,217.06,70.74,73.16,42.15,20.35,1444,Halwa Puri with Chana Masala (Sunday Special),Aloo Gosht (Potato Beef Curry) with 1.5 Tandoori Rotis,"Mix Sabzi (Carrot, Peas, Potatoes) with 2 Chapatis",1 Chicken Shami Kebab with Sliced Cucumber & Mint Raita,271,13.37,52.33,None,"Pakistani, Indian, Traditional, Balanced"
1700,197.4,85.9,58.95,26.05,19.65,1398,Oatmeal Porridge in Cow Milk with Sliced Bananas & Almonds,Aloo Gosht (Potato Beef Curry) with 1.5 Tandoori Rotis,Beef Nihari with 1 Roghani Naan & Ginger Lemon Garnish,"Chana Chaat with Dahi, Onion, Tomato & Tamarind Chutney",370,13.8,31.99,Kidney Disease,"Pakistani, Indian, Traditional, Balanced"
1304,188.97,58.18,31.06,36.74,24.15,875,Oatmeal Porridge in Cow Milk with Sliced Bananas & Almonds,Daal Channa with 2 Chapatis & Onion Salad,Chicken Haleem with 1 Tandoori Naan & Brown Onions,"Fresh Fruit Chaat (Apple, Guava, Banana & Chaat Masala)",332,10.41,54.24,"Heart Disease, Obesity, Kidney Disease","Pakistani, Indian, Low Fat, Dash, Balanced"
2049,242.94,90.48,78.78,40.99,24.79,1530,Halwa Puri with Chana Masala (Sunday Special),Aloo Gosht (Potato Beef Curry) with 1.5 Tandoori Rotis,Chicken Haleem with 1 Tandoori Naan & Brown Onions,Roasted Chickpeas (Bhuna Chana - 50g) with Green Tea,305,15.8,19.99,None,"Pakistani, Indian, Traditional, Balanced"
1942,212.95,91.89,79.86,64.58,14.79,1311,Halwa Puri with Chana Masala (Sunday Special),Beef Shami Kebab (2 pcs) with 1 Whole Wheat Roti & Salad,Balochi Sajji (Roasted Chicken) with 1 cup Zeera Rice,Gajar ka Halwa (100g Small Cup - Traditional Sweet),340,12.32,16.76,None,"Pakistani, Indian, Traditional, Balanced"
2092,233.97,91.46,88.63,62.04,14.18,1515,Halwa Puri with Chana Masala (Sunday Special),Chicken Karahi (200g) with 2 Whole Wheat Chapatis & Salad,Beef Nihari with 1 Roghani Naan & Ginger Lemon Garnish,Gajar ka Halwa (100g Small Cup - Traditional Sweet),341,12.76,25.7,None,"Pakistani, Indian, Traditional, Balanced"
1930,246.85,83.03,63.96,19.08,21.88,1649,Mooli Paratha with Zeera Raita & Chai,Chicken Biryani with Mint Zeera Raita & Fresh Salad,Anda Curry with 2 Chapatis & Onion Salad,"Chana Chaat with Dahi, Onion, Tomato & Tamarind Chutney",488,14.14,51.61,Heart Disease,"Pakistani, Indian, Traditional, Balanced"
1339,133.9,98.69,43.04,16.52,11.13,1200,2 Boiled Eggs with 2 Brown Bread Toasts & Green Tea,Chicken Biryani with Mint Zeera Raita & Fresh Salad,Chicken Tikka Boti (Grilled) with Mint Raita & Fresh Salad,Doodh Patti Chai with 2 Whole Wheat Rusks,387,9.65,27.82,"Hypertension, Heart Disease, Obesity","Pakistani, Indian, Low Carb, Traditional"
1780,219.29,80.89,63.36,18.42,20.4,1546,Plain Desi Ghee Paratha with Shami Kabab & Chai,Daal Masoor Curry with Boiled Basmati Rice & Kachumber,Beef Nihari with 1 Roghani Naan & Ginger Lemon Garnish,"Chana Chaat with Dahi, Onion, Tomato & Tamarind Chutney",324,14.92,32.8,None,"Pakistani, Indian, Traditional, Balanced"
1449,150.14,87.97,53.4,42.29,21.89,1089,Besan ka Chilla (Savory Gram Flour Pancake) with Mint Dahi,Bhindi Masala (Okra Curry) with 2 Whole Wheat Chapatis,Chicken Tikka Boti (Grilled) with Mint Raita & Fresh Salad,Gajar ka Halwa (100g Small Cup - Traditional Sweet),513,12.37,59.74,"Hypertension, Kidney Disease","Pakistani, Indian, Low Carb, Traditional"
1377,169.8,62.64,47.4,20.61,10.96,1063,1 Whole Wheat Chapati with Fried Egg & Doodh Patti Chai,Chicken Biryani with Mint Zeera Raita & Fresh Salad,Anda Curry with 2 Chapatis & Onion Salad,Doodh Patti Chai with 2 Whole Wheat Rusks,350,8.98,19.37,"Hypertension, Heart Disease, Obesity, Kidney Disease","Pakistani, Indian, Low Carb, Traditional"
1157,140.45,51.64,40.07,26.02,16.11,967,Mooli Paratha with Zeera Raita & Chai,Beef Shami Kebab (2 pcs) with 1 Whole Wheat Roti & Salad,Anda Curry with 2 Chapatis & Onion Salad,"Fresh Fruit Chaat (Apple, Guava, Banana & Chaat Masala)",260,9.5,61.96,"Hypertension, Heart Disease, Kidney Disease","Pakistani, Indian, Low Carb, Traditional"
1715,161.4,103.6,70.11,12.61,15.43,1533,Anda Ghotala (Spiced Scrambled Eggs) with 1 Tandoori Roti,Chicken Karahi (200g) with 2 Whole Wheat Chapatis & Salad,Peshawari Chapli Kabab with 1 Whole Wheat Roti & Salad,1 Vegetable Potato Samosa with Mint Green Chutney,262,13.82,42.37,None,"Pakistani, Indian, Low Carb, Traditional"
1860,202.65,85.74,76.27,40.64,23.72,1503,Plain Desi Ghee Paratha with Shami Kabab & Chai,Aloo Gosht (Potato Beef Curry) with 1.5 Tandoori Rotis,Palak Paneer (Spinach with Cottage Cheese) with 2 Chapatis,"Fresh Fruit Chaat (Apple, Guava, Banana & Chaat Masala)",551,17.15,92.98,None,"Pakistani, Indian, Traditional, Balanced"
1748,221.42,98.47,49.53,22.72,27.04,1288,Wheat Dalia (Cracked Wheat Porridge in Buffalo Milk),Lobia / Red Kidney Bean Curry (Kalool) with Zeera Rice,Peshawari Chapli Kabab with 1 Whole Wheat Roti & Salad,1 Chicken Shami Kebab with Sliced Cucumber & Mint Raita,548,16.55,31.46,"Diabetes, Heart Disease, Obesity","Pakistani, Indian, Low Fat, Dash, Balanced"
1253,151.26,75.17,35.08,9.28,22.83,956,Besan ka Chilla (Savory Gram Flour Pancake) with Mint Dahi,Daal Channa with 2 Chapatis & Onion Salad,Machli (Fried Spiced Fish) with 1 Roti & Fresh Lemon,Roasted Chickpeas (Bhuna Chana - 50g) with Green Tea,348,12.81,16.24,"Diabetes, Hypertension, Heart Disease, Obesity, Kidney Disease","Pakistani, Indian, Low Carb, Traditional"
1597,176.0,91.35,55.48,19.13,13.87,1368,2 Boiled Eggs with 2 Brown Bread Toasts & Green Tea,Chicken Biryani with Mint Zeera Raita & Fresh Salad,Peshawari Chapli Kabab with 1 Whole Wheat Roti & Salad,Doodh Patti Chai with 2 Whole Wheat Rusks,402,12.15,26.78,"Heart Disease, Obesity","Pakistani, Indian, Traditional, Balanced"
1738,184.56,113.74,57.94,16.1,18.99,1577,Mooli Paratha with Zeera Raita & Chai,Beef Pulao Gosht with Mint Raita & Sliced Cucumbers,Chicken Tikka Boti (Grilled) with Mint Raita & Fresh Salad,"Chana Chaat with Dahi, Onion, Tomato & Tamarind Chutney",429,14.38,49.36,Heart Disease,"Pakistani, Indian, High Protein, Traditional"
1771,188.36,113.63,58.35,10.75,18.94,1515,2 Boiled Eggs with 2 Brown Bread Toasts & Green Tea,Beef Pulao Gosht with Mint Raita & Sliced Cucumbers,Chicken Haleem with 1 Tandoori Naan & Brown Onions,1 Chicken Shami Kebab with Sliced Cucumber & Mint Raita,338,14.95,16.89,"Heart Disease, Obesity","Pakistani, Indian, High Protein, Traditional"
1255,106.64,107.98,40.15,9.41,16.13,1129,2 Boiled Eggs with 2 Brown Bread Toasts & Green Tea,Kofta Curry (Spiced Meatballs) with 2 Chapatis,Chicken Tikka Boti (Grilled) with Mint Raita & Fresh Salad,Roasted Chickpeas (Bhuna Chana - 50g) with Green Tea,305,12.37,25.54,"Hypertension, Heart Disease, Obesity","Pakistani, Indian, Low Carb, Traditional"
1937,239.76,101.44,59.36,30.2,26.51,1429,Oatmeal Porridge in Cow Milk with Sliced Bananas & Almonds,Beef Pulao Gosht with Mint Raita & Sliced Cucumbers,Palak Gosht (Spinach Mutton Curry) with 1.5 Chapatis,"Chana Chaat with Dahi, Onion, Tomato & Tamarind Chutney",622,19.13,56.48,"Diabetes, Heart Disease, Obesity","Pakistani, Indian, Traditional, Balanced"
1345,171.61,69.88,40.69,22.11,20.96,1013,Wheat Dalia (Cracked Wheat Porridge in Buffalo Milk),Kofta Curry (Spiced Meatballs) with 2 Chapatis,Palak Paneer (Spinach with Cottage Cheese) with 2 Chapatis,"Chana Chaat with Dahi, Onion, Tomato & Tamarind Chutney",593,13.09,42.02,"Diabetes, Hypertension, Heart Disease, Obesity, Kidney Disease","Pakistani, Indian, Low Fat, Dash, Balanced"
2214,259.61,100.35,86.17,48.54,16.14,1854,Halwa Puri with Chana Masala (Sunday Special),Chicken Biryani with Mint Zeera Raita & Fresh Salad,Machli (Fried Spiced Fish) with 1 Roti & Fresh Lemon,Dahi Bhalla (Dahi Baray) with Chaat Masala & Papdi,502,13.2,26.72,None,"Pakistani, Indian, Traditional, Balanced"
1688,208.7,80.82,56.78,17.6,22.71,1463,Anda Ghotala (Spiced Scrambled Eggs) with 1 Tandoori Roti,Daal Masoor Curry with Boiled Basmati Rice & Kachumber,Palak Gosht (Spinach Mutton Curry) with 1.5 Chapatis,Dahi Bhalla (Dahi Baray) with Chaat Masala & Papdi,491,16.68,54.73,"Diabetes, Hypertension, Heart Disease, Obesity","Pakistani, Indian, Traditional, Balanced"
1399,187.8,67.55,36.41,20.6,22.52,939,Oatmeal Porridge in Cow Milk with Sliced Bananas & Almonds,Lobia / Red Kidney Bean Curry (Kalool) with Zeera Rice,Anda Curry with 2 Chapatis & Onion Salad,1 Chicken Shami Kebab with Sliced Cucumber & Mint Raita,412,12.46,25.39,"Diabetes, Hypertension, Heart Disease, Obesity, Kidney Disease","Pakistani, Indian, Low Fat, Dash, Balanced"
1318,171.22,56.65,42.39,10.49,16.12,1066,1 Crispy Aloo Paratha with Fresh Dahi & Mint Raita,Daal Masoor Curry with Boiled Basmati Rice & Kachumber,Anda Curry with 2 Chapatis & Onion Salad,1 Chicken Shami Kebab with Sliced Cucumber & Mint Raita,311,11.0,29.38,"Hypertension, Heart Disease, Kidney Disease","Pakistani, Indian, Low Fat, Dash, Balanced"
1712,147.38,108.46,72.13,12.97,16.09,1609,Anda Ghotala (Spiced Scrambled Eggs) with 1 Tandoori Roti,Aloo Gosht (Potato Beef Curry) with 1.5 Tandoori Rotis,Peshawari Chapli Kabab with 1 Whole Wheat Roti & Salad,1 Chicken Shami Kebab with Sliced Cucumber & Mint Raita,275,15.78,38.4,Obesity,"Pakistani, Indian, Low Carb, Traditional"
1288,162.81,68.53,35.3,17.86,21.02,930,Oatmeal Porridge in Cow Milk with Sliced Bananas & Almonds,Daal Channa with 2 Chapatis & Onion Salad,Chicken Haleem with 1 Tandoori Naan & Brown Onions,1 Chicken Shami Kebab with Sliced Cucumber & Mint Raita,324,10.88,18.27,"Diabetes, Heart Disease, Obesity, Kidney Disease","Pakistani, Indian, Low Carb, Traditional"
1555,192.46,97.65,42.95,17.07,16.88,953,Wheat Dalia (Cracked Wheat Porridge in Buffalo Milk),Beef Pulao Gosht with Mint Raita & Sliced Cucumbers,Balochi Sajji (Roasted Chicken) with 1 cup Zeera Rice,Roasted Chickpeas (Bhuna Chana - 50g) with Green Tea,431,12.42,9.95,"Heart Disease, Obesity","Pakistani, Indian, Low Fat, Dash, Balanced"
1608,200.8,75.73,54.88,18.29,17.7,1268,Anda Ghotala (Spiced Scrambled Eggs) with 1 Tandoori Roti,Lobia / Red Kidney Bean Curry (Kalool) with Zeera Rice,Beef Nihari with 1 Roghani Naan & Ginger Lemon Garnish,Doodh Patti Chai with 2 Whole Wheat Rusks,332,12.59,19.57,Kidney Disease,"Pakistani, Indian, Traditional, Balanced"
1181,122.33,70.26,41.2,16.99,14.53,943,Oatmeal Porridge in Cow Milk with Sliced Bananas & Almonds,Beef Shami Kebab (2 pcs) with 1 Whole Wheat Roti & Salad,Machli (Fried Spiced Fish) with 1 Roti & Fresh Lemon,1 Vegetable Potato Samosa with Mint Green Chutney,327,9.34,19.54,"Hypertension, Kidney Disease","Pakistani, Indian, Low Carb, Traditional"
1812,239.11,74.25,61.18,21.02,20.08,1373,1 Crispy Aloo Paratha with Fresh Dahi & Mint Raita,Lobia / Red Kidney Bean Curry (Kalool) with Zeera Rice,Beef Nihari with 1 Roghani Naan & Ginger Lemon Garnish,Doodh Patti Chai with 2 Whole Wheat Rusks,425,13.45,19.61,Kidney Disease,"Pakistani, Indian, Traditional, Balanced"
1274,152.9,91.64,30.87,29.4,19.6,1157,2 Boiled Eggs with 2 Brown Bread Toasts & Green Tea,Daal Masoor Curry with Boiled Basmati Rice & Kachumber,Chicken Tikka Boti (Grilled) with Mint Raita & Fresh Salad,"Fresh Fruit Chaat (Apple, Guava, Banana & Chaat Masala)",319,11.57,76.94,"Hypertension, Heart Disease, Obesity","Pakistani, Indian, Low Carb, Traditional"
1580,212.99,66.74,51.47,19.08,18.19,1220,Wheat Dalia (Cracked Wheat Porridge in Buffalo Milk),Daal Masoor Curry with Boiled Basmati Rice & Kachumber,Beef Nihari with 1 Roghani Naan & Ginger Lemon Garnish,1 Vegetable Potato Samosa with Mint Green Chutney,386,11.89,24.41,Kidney Disease,"Pakistani, Indian, Traditional, Balanced"
1260,144.01,66.0,42.86,17.14,14.06,994,Besan ka Chilla (Savory Gram Flour Pancake) with Mint Dahi,Kofta Curry (Spiced Meatballs) with 2 Chapatis,Anda Curry with 2 Chapatis & Onion Salad,Doodh Patti Chai with 2 Whole Wheat Rusks,326,10.89,19.72,"Hypertension, Heart Disease, Obesity, Kidney Disease","Pakistani, Indian, Low Carb, Traditional"
1459,171.79,60.75,54.85,12.94,21.53,1252,2 Boiled Eggs with 2 Brown Bread Toasts & Green Tea,Bhindi Masala (Okra Curry) with 2 Whole Wheat Chapatis,Anda Curry with 2 Chapatis & Onion Salad,1 Vegetable Potato Samosa with Mint Green Chutney,383,11.8,49.16,"Hypertension, Kidney Disease","Pakistani, Indian, Traditional, Balanced"
1667,213.17,84.3,54.75,57.17,22.58,1279,Halwa Puri with Chana Masala (Sunday Special),Lobia / Red Kidney Bean Curry (Kalool) with Zeera Rice,Chicken Tikka Boti (Grilled) with Mint Raita & Fresh Salad,"Fresh Fruit Chaat (Apple, Guava, Banana & Chaat Masala)",325,12.6,70.25,Kidney Disease,"Pakistani, Indian, Traditional, Balanced"
1632,155.74,110.94,56.54,16.0,15.68,1557,2 Boiled Eggs with 2 Brown Bread Toasts & Green Tea,Kofta Curry (Spiced Meatballs) with 2 Chapatis,Machli (Fried Spiced Fish) with 1 Roti & Fresh Lemon,Dahi Bhalla (Dahi Baray) with Chaat Masala & Papdi,448,13.01,20.27,"Hypertension, Heart Disease, Obesity","Pakistani, Indian, High Protein, Traditional"
1540,179.66,82.5,53.62,30.89,19.07,1210,1 Crispy Aloo Paratha with Fresh Dahi & Mint Raita,Chicken Karahi (200g) with 2 Whole Wheat Chapatis & Salad,Palak Gosht (Spinach Mutton Curry) with 1.5 Chapatis,"Fresh Fruit Chaat (Apple, Guava, Banana & Chaat Masala)",412,13.66,87.08,"Hypertension, Heart Disease, Kidney Disease","Pakistani, Indian, Traditional, Balanced"
1756,233.51,69.87,59.76,20.69,17.19,1379,1 Crispy Aloo Paratha with Fresh Dahi & Mint Raita,Daal Masoor Curry with Boiled Basmati Rice & Kachumber,Beef Nihari with 1 Roghani Naan & Ginger Lemon Garnish,Doodh Patti Chai with 2 Whole Wheat Rusks,391,12.69,26.2,Kidney Disease,"Pakistani, Indian, Traditional, Balanced"
1466,160.27,89.7,50.08,17.76,14.3,1143,Wheat Dalia (Cracked Wheat Porridge in Buffalo Milk),Beef Pulao Gosht with Mint Raita & Sliced Cucumbers,Peshawari Chapli Kabab with 1 Whole Wheat Roti & Salad,1 Chicken Shami Kebab with Sliced Cucumber & Mint Raita,405,12.75,22.31,"Heart Disease, Obesity, Kidney Disease","Pakistani, Indian, Low Carb, Traditional"
1753,195.98,87.16,67.76,15.26,21.47,1270,Plain Desi Ghee Paratha with Shami Kabab & Chai,Beef Pulao Gosht with Mint Raita & Sliced Cucumbers,Palak Paneer (Spinach with Cottage Cheese) with 2 Chapatis,Roasted Chickpeas (Bhuna Chana - 50g) with Green Tea,542,17.14,32.99,"Diabetes, Kidney Disease","Pakistani, Indian, Traditional, Balanced"
1353,129.66,92.55,49.33,18.32,13.62,1193,1 Crispy Aloo Paratha with Fresh Dahi & Mint Raita,Beef Shami Kebab (2 pcs) with 1 Whole Wheat Roti & Salad,Chicken Tikka Boti (Grilled) with Mint Raita & Fresh Salad,Doodh Patti Chai with 2 Whole Wheat Rusks,385,10.81,30.54,"Hypertension, Heart Disease","Pakistani, Indian, Low Carb, Traditional"
1439,225.72,44.86,37.15,49.85,26.33,734,Oatmeal Porridge in Cow Milk with Sliced Bananas & Almonds,Lobia / Red Kidney Bean Curry (Kalool) with Zeera Rice,"Mix Sabzi (Carrot, Peas, Potatoes) with 2 Chapatis",Gajar ka Halwa (100g Small Cup - Traditional Sweet),484,11.0,46.55,"Hypertension, Kidney Disease","Pakistani, Indian, Vegetarian, Balanced"
1659,172.17,109.42,54.45,23.02,20.74,1224,Oatmeal Porridge in Cow Milk with Sliced Bananas & Almonds,Chicken Karahi (200g) with 2 Whole Wheat Chapatis & Salad,Palak Gosht (Spinach Mutton Curry) with 1.5 Chapatis,1 Chicken Shami Kebab with Sliced Cucumber & Mint Raita,508,15.97,56.01,"Diabetes, Hypertension, Heart Disease, Obesity","Pakistani, Indian, Traditional, Balanced"
2066,252.13,87.54,77.62,26.85,22.41,1716,Plain Desi Ghee Paratha with Shami Kabab & Chai,Beef Pulao Gosht with Mint Raita & Sliced Cucumbers,"Mix Sabzi (Carrot, Peas, Potatoes) with 2 Chapatis",Dahi Bhalla (Dahi Baray) with Chaat Masala & Papdi,473,15.99,53.69,Diabetes,"Pakistani, Indian, Traditional, Balanced"
1725,194.03,92.33,64.49,35.15,18.09,1228,Halwa Puri with Chana Masala (Sunday Special),Beef Shami Kebab (2 pcs) with 1 Whole Wheat Roti & Salad,Balochi Sajji (Roasted Chicken) with 1 cup Zeera Rice,Roasted Chickpeas (Bhuna Chana - 50g) with Green Tea,253,13.31,15.0,None,"Pakistani, Indian, Traditional, Balanced"
1664,268.09,55.12,42.18,26.58,32.12,1092,Wheat Dalia (Cracked Wheat Porridge in Buffalo Milk),Lobia / Red Kidney Bean Curry (Kalool) with Zeera Rice,"Mix Sabzi (Carrot, Peas, Potatoes) with 2 Chapatis",1 Vegetable Potato Samosa with Mint Green Chutney,537,13.52,55.47,"Hypertension, Kidney Disease","Pakistani, Indian, Vegetarian, Balanced"
1758,204.56,72.45,66.59,21.31,21.31,1502,Plain Desi Ghee Paratha with Shami Kabab & Chai,Daal Channa with 2 Chapatis & Onion Salad,Anda Curry with 2 Chapatis & Onion Salad,Dahi Bhalla (Dahi Baray) with Chaat Masala & Papdi,431,14.17,23.44,Diabetes,"Pakistani, Indian, Traditional, Balanced"
1731,206.33,97.78,55.05,10.76,17.41,1261,Mooli Paratha with Zeera Raita & Chai,Chicken Biryani with Mint Zeera Raita & Fresh Salad,Balochi Sajji (Roasted Chicken) with 1 cup Zeera Rice,Roasted Chickpeas (Bhuna Chana - 50g) with Green Tea,381,12.42,28.36,"Hypertension, Heart Disease","Pakistani, Indian, Traditional, Balanced"
1470,212.31,61.08,40.46,41.77,21.06,883,Wheat Dalia (Cracked Wheat Porridge in Buffalo Milk),Daal Masoor Curry with Boiled Basmati Rice & Kachumber,Chicken Haleem with 1 Tandoori Naan & Brown Onions,Gajar ka Halwa (100g Small Cup - Traditional Sweet),479,10.62,20.45,Kidney Disease,"Pakistani, Indian, Low Fat, Dash, Balanced"
1756,200.41,91.05,62.49,28.23,22.3,1417,Wheat Dalia (Cracked Wheat Porridge in Buffalo Milk),Aloo Gosht (Potato Beef Curry) with 1.5 Tandoori Rotis,Palak Gosht (Spinach Mutton Curry) with 1.5 Chapatis,Dahi Bhalla (Dahi Baray) with Chaat Masala & Papdi,663,16.49,46.33,"Diabetes, Heart Disease, Obesity","Pakistani, Indian, Traditional, Balanced"
1781,216.22,91.84,58.69,39.13,16.99,1205,Anda Ghotala (Spiced Scrambled Eggs) with 1 Tandoori Roti,Daal Masoor Curry with Boiled Basmati Rice & Kachumber,Balochi Sajji (Roasted Chicken) with 1 cup Zeera Rice,Gajar ka Halwa (100g Small Cup - Traditional Sweet),381,12.66,28.83,Hypertension,"Pakistani, Indian, Traditional, Balanced"
1944,231.98,100.52,63.52,18.23,26.4,1679,Mooli Paratha with Zeera Raita & Chai,Kofta Curry (Spiced Meatballs) with 2 Chapatis,Chicken Haleem with 1 Tandoori Naan & Brown Onions,"Chana Chaat with Dahi, Onion, Tomato & Tamarind Chutney",409,15.8,41.98,"Diabetes, Heart Disease","Pakistani, Indian, Traditional, Balanced"
1667,190.78,63.77,72.62,35.23,16.76,1298,Halwa Puri with Chana Masala (Sunday Special),Kofta Curry (Spiced Meatballs) with 2 Chapatis,Palak Paneer (Spinach with Cottage Cheese) with 2 Chapatis,1 Vegetable Potato Samosa with Mint Green Chutney,404,13.06,35.23,Kidney Disease,"Pakistani, Indian, Traditional, Balanced"
1953,225.01,85.91,78.24,22.5,24.55,1708,Plain Desi Ghee Paratha with Shami Kabab & Chai,Bhindi Masala (Okra Curry) with 2 Whole Wheat Chapatis,Beef Nihari with 1 Roghani Naan & Ginger Lemon Garnish,"Chana Chaat with Dahi, Onion, Tomato & Tamarind Chutney",424,15.96,55.74,None,"Pakistani, Indian, Traditional, Balanced"
1351,159.82,59.48,51.49,11.12,19.85,1137,Anda Ghotala (Spiced Scrambled Eggs) with 1 Tandoori Roti,Bhindi Masala (Okra Curry) with 2 Whole Wheat Chapatis,Chicken Haleem with 1 Tandoori Naan & Brown Onions,1 Vegetable Potato Samosa with Mint Green Chutney,280,10.46,41.19,Kidney Disease,"Pakistani, Indian, Low Carb, Traditional"
1461,179.43,73.54,46.38,20.59,20.88,1005,Wheat Dalia (Cracked Wheat Porridge in Buffalo Milk),Aloo Gosht (Potato Beef Curry) with 1.5 Tandoori Rotis,Anda Curry with 2 Chapatis & Onion Salad,Roasted Chickpeas (Bhuna Chana - 50g) with Green Tea,451,12.94,22.06,"Diabetes, Heart Disease, Obesity, Kidney Disease","Pakistani, Indian, Low Fat, Dash, Balanced"
1633,185.06,80.73,61.84,16.52,17.0,1369,Anda Ghotala (Spiced Scrambled Eggs) with 1 Tandoori Roti,Beef Pulao Gosht with Mint Raita & Sliced Cucumbers,Palak Paneer (Spinach with Cottage Cheese) with 2 Chapatis,Dahi Bhalla (Dahi Baray) with Chaat Masala & Papdi,543,14.54,39.18,"Heart Disease, Obesity, Kidney Disease","Pakistani, Indian, Traditional, Balanced"
1571,180.37,83.88,55.76,34.91,15.52,1280,1 Whole Wheat Chapati with Fried Egg & Doodh Patti Chai,Beef Pulao Gosht with Mint Raita & Sliced Cucumbers,Peshawari Chapli Kabab with 1 Whole Wheat Roti & Salad,"Fresh Fruit Chaat (Apple, Guava, Banana & Chaat Masala)",281,12.99,62.06,"Heart Disease, Obesity, Kidney Disease","Pakistani, Indian, Traditional, Balanced"
1641,190.19,92.76,54.07,11.19,17.9,1464,2 Boiled Eggs with 2 Brown Bread Toasts & Green Tea,Daal Masoor Curry with Boiled Basmati Rice & Kachumber,Beef Nihari with 1 Roghani Naan & Ginger Lemon Garnish,1 Chicken Shami Kebab with Sliced Cucumber & Mint Raita,298,14.17,26.57,None,"Pakistani, Indian, Traditional, Balanced"
1513,164.5,68.73,59.56,38.29,16.73,1106,Besan ka Chilla (Savory Gram Flour Pancake) with Mint Dahi,Aloo Gosht (Potato Beef Curry) with 1.5 Tandoori Rotis,Anda Curry with 2 Chapatis & Onion Salad,Gajar ka Halwa (100g Small Cup - Traditional Sweet),383,12.48,25.05,Kidney Disease,"Pakistani, Indian, Low Carb, Traditional"
1410,138.45,102.15,46.43,7.18,10.55,1157,2 Boiled Eggs with 2 Brown Bread Toasts & Green Tea,Beef Pulao Gosht with Mint Raita & Sliced Cucumbers,Balochi Sajji (Roasted Chicken) with 1 cup Zeera Rice,1 Chicken Shami Kebab with Sliced Cucumber & Mint Raita,257,11.31,12.24,"Heart Disease, Obesity","Pakistani, Indian, Low Carb, Traditional"
1485,155.88,108.49,45.29,15.27,17.59,1338,1 Whole Wheat Chapati with Fried Egg & Doodh Patti Chai,Daal Masoor Curry with Boiled Basmati Rice & Kachumber,Chicken Tikka Boti (Grilled) with Mint Raita & Fresh Salad,1 Chicken Shami Kebab with Sliced Cucumber & Mint Raita,337,13.27,40.02,"Hypertension, Heart Disease, Obesity","Pakistani, Indian, Low Carb, Traditional"
1732,195.59,73.35,67.74,19.36,17.01,1518,1 Crispy Aloo Paratha with Fresh Dahi & Mint Raita,Aloo Gosht (Potato Beef Curry) with 1.5 Tandoori Rotis,Anda Curry with 2 Chapatis & Onion Salad,Dahi Bhalla (Dahi Baray) with Chaat Masala & Papdi,433,13.04,30.05,None,"Pakistani, Indian, Traditional, Balanced"
1942,225.87,80.59,78.6,61.89,17.8,1364,Halwa Puri with Chana Masala (Sunday Special),Kofta Curry (Spiced Meatballs) with 2 Chapatis,Chicken Haleem with 1 Tandoori Naan & Brown Onions,Gajar ka Halwa (100g Small Cup - Traditional Sweet),348,12.56,17.17,Kidney Disease,"Pakistani, Indian, Traditional, Balanced"
1877,198.26,107.79,71.22,21.17,13.76,1559,Anda Ghotala (Spiced Scrambled Eggs) with 1 Tandoori Roti,Chicken Karahi (200g) with 2 Whole Wheat Chapatis & Salad,Beef Nihari with 1 Roghani Naan & Ginger Lemon Garnish,Doodh Patti Chai with 2 Whole Wheat Rusks,337,13.28,31.28,None,"Pakistani, Indian, Traditional, Balanced"
1555,176.64,90.24,48.96,27.84,14.4,1027,Oatmeal Porridge in Cow Milk with Sliced Bananas & Almonds,Aloo Gosht (Potato Beef Curry) with 1.5 Tandoori Rotis,Balochi Sajji (Roasted Chicken) with 1 cup Zeera Rice,Doodh Patti Chai with 2 Whole Wheat Rusks,398,10.75,18.72,"Heart Disease, Obesity","Pakistani, Indian, Low Fat, Dash, Balanced"
1881,176.79,92.71,85.83,16.65,19.32,1634,Plain Desi Ghee Paratha with Shami Kabab & Chai,Aloo Gosht (Potato Beef Curry) with 1.5 Tandoori Rotis,Palak Gosht (Spinach Mutton Curry) with 1.5 Chapatis,1 Vegetable Potato Samosa with Mint Green Chutney,411,17.58,45.74,None,"Pakistani, Indian, Traditional, Balanced"
1399,167.5,73.5,46.77,13.36,18.44,1140,Mooli Paratha with Zeera Raita & Chai,Chicken Karahi (200g) with 2 Whole Wheat Chapatis & Salad,"Mix Sabzi (Carrot, Peas, Potatoes) with 2 Chapatis",1 Chicken Shami Kebab with Sliced Cucumber & Mint Raita,298,10.78,61.48,"Hypertension, Heart Disease, Kidney Disease","Pakistani, Indian, Low Carb, Traditional"
1511,132.47,120.05,50.71,8.28,15.01,1335,2 Boiled Eggs with 2 Brown Bread Toasts & Green Tea,Beef Shami Kebab (2 pcs) with 1 Whole Wheat Roti & Salad,Balochi Sajji (Roasted Chicken) with 1 cup Zeera Rice,1 Chicken Shami Kebab with Sliced Cucumber & Mint Raita,279,13.35,19.15,"Hypertension, Heart Disease, Obesity","Pakistani, Indian, High Protein, Traditional"
1437,202.28,54.54,42.54,21.27,25.81,917,Oatmeal Porridge in Cow Milk with Sliced Bananas & Almonds,Lobia / Red Kidney Bean Curry (Kalool) with Zeera Rice,Palak Paneer (Spinach with Cottage Cheese) with 2 Chapatis,1 Vegetable Potato Samosa with Mint Green Chutney,572,13.52,39.23,"Hypertension, Kidney Disease","Pakistani, Indian, Vegetarian, Balanced"
1876,241.65,88.03,60.41,37.97,27.39,1553,Besan ka Chilla (Savory Gram Flour Pancake) with Mint Dahi,Daal Channa with 2 Chapatis & Onion Salad,Beef Nihari with 1 Roghani Naan & Ginger Lemon Garnish,"Fresh Fruit Chaat (Apple, Guava, Banana & Chaat Masala)",351,16.57,73.07,None,"Pakistani, Indian, Traditional, Balanced"
1509,191.46,75.89,46.14,19.84,17.85,1156,Oatmeal Porridge in Cow Milk with Sliced Bananas & Almonds,Daal Masoor Curry with Boiled Basmati Rice & Kachumber,Beef Nihari with 1 Roghani Naan & Ginger Lemon Garnish,1 Chicken Shami Kebab with Sliced Cucumber & Mint Raita,336,12.42,27.6,Kidney Disease,"Pakistani, Indian, Low Fat, Dash, Balanced"
1861,241.74,95.2,56.69,22.46,21.61,1449,Wheat Dalia (Cracked Wheat Porridge in Buffalo Milk),Daal Masoor Curry with Boiled Basmati Rice & Kachumber,Beef Nihari with 1 Roghani Naan & Ginger Lemon Garnish,1 Chicken Shami Kebab with Sliced Cucumber & Mint Raita,481,15.19,30.48,None,"Pakistani, Indian, Traditional, Balanced"
1807,246.46,76.51,53.4,17.46,28.14,1448,Mooli Paratha with Zeera Raita & Chai,Lobia / Red Kidney Bean Curry (Kalool) with Zeera Rice,Chicken Haleem with 1 Tandoori Naan & Brown Onions,Dahi Bhalla (Dahi Baray) with Chaat Masala & Papdi,467,14.17,28.75,"Diabetes, Heart Disease","Pakistani, Indian, Traditional, Balanced"
1785,179.48,120.84,61.7,15.81,13.77,1499,Anda Ghotala (Spiced Scrambled Eggs) with 1 Tandoori Roti,Chicken Karahi (200g) with 2 Whole Wheat Chapatis & Salad,Balochi Sajji (Roasted Chicken) with 1 cup Zeera Rice,Dahi Bhalla (Dahi Baray) with Chaat Masala & Papdi,347,12.54,32.12,"Hypertension, Heart Disease, Obesity","Pakistani, Indian, High Protein, Traditional"
1587,167.98,88.19,60.19,16.33,17.64,1484,Besan ka Chilla (Savory Gram Flour Pancake) with Mint Dahi,Beef Shami Kebab (2 pcs) with 1 Whole Wheat Roti & Salad,Beef Nihari with 1 Roghani Naan & Ginger Lemon Garnish,Dahi Bhalla (Dahi Baray) with Chaat Masala & Papdi,341,14.19,22.4,None,"Pakistani, Indian, Low Carb, Traditional"
1500,141.84,119.17,46.51,11.63,23.25,1395,Besan ka Chilla (Savory Gram Flour Pancake) with Mint Dahi,Daal Channa with 2 Chapatis & Onion Salad,Chicken Tikka Boti (Grilled) with Mint Raita & Fresh Salad,1 Chicken Shami Kebab with Sliced Cucumber & Mint Raita,384,15.58,38.95,"Diabetes, Hypertension, Heart Disease, Obesity","Pakistani, Indian, High Protein, Traditional"
1750,184.38,119.03,56.01,21.59,18.09,1389,Besan ka Chilla (Savory Gram Flour Pancake) with Mint Dahi,Chicken Karahi (200g) with 2 Whole Wheat Chapatis & Salad,Machli (Fried Spiced Fish) with 1 Roti & Fresh Lemon,Doodh Patti Chai with 2 Whole Wheat Rusks,484,13.65,31.51,"Hypertension, Heart Disease, Obesity","Pakistani, Indian, High Protein, Traditional"
1881,224.95,83.1,68.84,38.79,18.62,1319,Mooli Paratha with Zeera Raita & Chai,Beef Pulao Gosht with Mint Raita & Sliced Cucumbers,Chicken Haleem with 1 Tandoori Naan & Brown Onions,Gajar ka Halwa (100g Small Cup - Traditional Sweet),436,12.8,23.27,Kidney Disease,"Pakistani, Indian, Traditional, Balanced"
1945,214.94,97.95,76.25,13.31,16.89,1658,Besan ka Chilla (Savory Gram Flour Pancake) with Mint Dahi,Beef Pulao Gosht with Mint Raita & Sliced Cucumbers,Beef Nihari with 1 Roghani Naan & Ginger Lemon Garnish,1 Vegetable Potato Samosa with Mint Green Chutney,317,15.86,20.98,None,"Pakistani, Indian, Traditional, Balanced"
1279,109.92,94.6,49.55,30.18,15.14,1198,Plain Desi Ghee Paratha with Shami Kabab & Chai,Beef Shami Kebab (2 pcs) with 1 Whole Wheat Roti & Salad,Chicken Tikka Boti (Grilled) with Mint Raita & Fresh Salad,"Fresh Fruit Chaat (Apple, Guava, Banana & Chaat Masala)",270,11.44,66.22,None,"Pakistani, Indian, Low Carb, Traditional"
1751,199.51,108.61,55.48,47.33,14.76,1023,Wheat Dalia (Cracked Wheat Porridge in Buffalo Milk),Chicken Karahi (200g) with 2 Whole Wheat Chapatis & Salad,Balochi Sajji (Roasted Chicken) with 1 cup Zeera Rice,Gajar ka Halwa (100g Small Cup - Traditional Sweet),524,10.79,23.92,Hypertension,"Pakistani, Indian, Traditional, Balanced"
1539,184.64,83.53,47.26,34.07,24.51,1341,2 Boiled Eggs with 2 Brown Bread Toasts & Green Tea,Daal Channa with 2 Chapatis & Onion Salad,Peshawari Chapli Kabab with 1 Whole Wheat Roti & Salad,"Fresh Fruit Chaat (Apple, Guava, Banana & Chaat Masala)",324,14.4,73.09,"Diabetes, Heart Disease, Obesity, Kidney Disease","Pakistani, Indian, Low Fat, Dash, Balanced"
1952,193.17,106.96,82.86,68.63,14.44,1474,Halwa Puri with Chana Masala (Sunday Special),Kofta Curry (Spiced Meatballs) with 2 Chapatis,Chicken Tikka Boti (Grilled) with Mint Raita & Fresh Salad,Gajar ka Halwa (100g Small Cup - Traditional Sweet),402,12.91,31.52,None,"Pakistani, Indian, Traditional, Balanced"
1646,213.37,88.52,47.1,34.62,22.24,1373,Anda Ghotala (Spiced Scrambled Eggs) with 1 Tandoori Roti,Daal Masoor Curry with Boiled Basmati Rice & Kachumber,Machli (Fried Spiced Fish) with 1 Roti & Fresh Lemon,"Fresh Fruit Chaat (Apple, Guava, Banana & Chaat Masala)",369,13.39,82.85,"Diabetes, Hypertension, Heart Disease, Obesity, Kidney Disease","Pakistani, Indian, Low Fat, Dash, Balanced"
1933,198.95,114.73,72.91,17.75,18.65,1583,1 Whole Wheat Chapati with Fried Egg & Doodh Patti Chai,Beef Pulao Gosht with Mint Raita & Sliced Cucumbers,Palak Gosht (Spinach Mutton Curry) with 1.5 Chapatis,1 Chicken Shami Kebab with Sliced Cucumber & Mint Raita,475,18.76,42.95,Obesity,"Pakistani, Indian, High Protein, Traditional"
1451,153.14,90.9,49.52,9.85,17.02,1182,2 Boiled Eggs with 2 Brown Bread Toasts & Green Tea,Beef Pulao Gosht with Mint Raita & Sliced Cucumbers,Peshawari Chapli Kabab with 1 Whole Wheat Roti & Salad,Roasted Chickpeas (Bhuna Chana - 50g) with Green Tea,300,14.06,18.36,"Heart Disease, Obesity","Pakistani, Indian, Low Carb, Traditional"
1232,172.43,43.55,38.71,28.15,21.99,730,Oatmeal Porridge in Cow Milk with Sliced Bananas & Almonds,Bhindi Masala (Okra Curry) with 2 Whole Wheat Chapatis,Palak Paneer (Spinach with Cottage Cheese) with 2 Chapatis,Doodh Patti Chai with 2 Whole Wheat Rusks,625,10.73,55.86,"Diabetes, Hypertension, Heart Disease, Obesity, Kidney Disease","Pakistani, Indian, Vegetarian, Balanced"
1712,186.59,92.78,62.03,16.92,19.27,1538,1 Crispy Aloo Paratha with Fresh Dahi & Mint Raita,Aloo Gosht (Potato Beef Curry) with 1.5 Tandoori Rotis,Machli (Fried Spiced Fish) with 1 Roti & Fresh Lemon,"Chana Chaat with Dahi, Onion, Tomato & Tamarind Chutney",425,13.64,34.86,Heart Disease,"Pakistani, Indian, Traditional, Balanced"
1433,162.95,65.09,54.79,15.92,20.04,1246,Mooli Paratha with Zeera Raita & Chai,Beef Shami Kebab (2 pcs) with 1 Whole Wheat Roti & Salad,Palak Paneer (Spinach with Cottage Cheese) with 2 Chapatis,Dahi Bhalla (Dahi Baray) with Chaat Masala & Papdi,553,13.3,46.36,"Diabetes, Hypertension, Heart Disease, Kidney Disease","Pakistani, Indian, Low Carb, Traditional"
1523,202.34,76.17,45.35,46.51,27.09,1064,Wheat Dalia (Cracked Wheat Porridge in Buffalo Milk),Beef Shami Kebab (2 pcs) with 1 Whole Wheat Roti & Salad,Palak Paneer (Spinach with Cottage Cheese) with 2 Chapatis,"Fresh Fruit Chaat (Apple, Guava, Banana & Chaat Masala)",709,15.12,93.61,"Hypertension, Heart Disease, Obesity, Kidney Disease","Pakistani, Indian, Low Fat, Dash, Balanced"
2152,285.39,85.73,72.5,24.74,22.32,1703,Mooli Paratha with Zeera Raita & Chai,Daal Masoor Curry with Boiled Basmati Rice & Kachumber,Beef Nihari with 1 Roghani Naan & Ginger Lemon Garnish,Doodh Patti Chai with 2 Whole Wheat Rusks,472,15.54,39.7,None,"Pakistani, Indian, Traditional, Balanced"
1588,187.62,94.25,50.88,19.2,18.15,1139,Wheat Dalia (Cracked Wheat Porridge in Buffalo Milk),Chicken Karahi (200g) with 2 Whole Wheat Chapatis & Salad,Beef Nihari with 1 Roghani Naan & Ginger Lemon Garnish,Roasted Chickpeas (Bhuna Chana - 50g) with Green Tea,401,12.65,23.13,None,"Pakistani, Indian, Traditional, Balanced"
1899,219.54,74.22,79.28,60.11,17.86,1350,Halwa Puri with Chana Masala (Sunday Special),Aloo Gosht (Potato Beef Curry) with 1.5 Tandoori Rotis,Chicken Haleem with 1 Tandoori Naan & Brown Onions,Gajar ka Halwa (100g Small Cup - Traditional Sweet),331,12.28,18.29,Kidney Disease,"Pakistani, Indian, Traditional, Balanced"
1457,208.41,62.44,39.82,40.66,22.87,834,Wheat Dalia (Cracked Wheat Porridge in Buffalo Milk),Lobia / Red Kidney Bean Curry (Kalool) with Zeera Rice,Chicken Haleem with 1 Tandoori Naan & Brown Onions,Gajar ka Halwa (100g Small Cup - Traditional Sweet),491,10.84,13.55,Kidney Disease,"Pakistani, Indian, Low Fat, Dash, Balanced"
1509,211.88,70.63,37.99,33.17,26.0,1166,2 Boiled Eggs with 2 Brown Bread Toasts & Green Tea,Lobia / Red Kidney Bean Curry (Kalool) with Zeera Rice,Anda Curry with 2 Chapatis & Onion Salad,"Fresh Fruit Chaat (Apple, Guava, Banana & Chaat Masala)",375,13.48,67.42,"Diabetes, Hypertension, Heart Disease, Obesity, Kidney Disease","Pakistani, Indian, Low Fat, Dash, Balanced"
2121,232.67,114.27,81.85,38.61,13.38,1585,Halwa Puri with Chana Masala (Sunday Special),Beef Pulao Gosht with Mint Raita & Sliced Cucumbers,Balochi Sajji (Roasted Chicken) with 1 cup Zeera Rice,1 Chicken Shami Kebab with Sliced Cucumber & Mint Raita,293,14.41,16.47,None,"Pakistani, Indian, High Protein, Traditional"
1737,216.86,79.89,59.75,15.49,21.35,1449,2 Boiled Eggs with 2 Brown Bread Toasts & Green Tea,Beef Pulao Gosht with Mint Raita & Sliced Cucumbers,"Mix Sabzi (Carrot, Peas, Potatoes) with 2 Chapatis",1 Vegetable Potato Samosa with Mint Green Chutney,343,13.83,50.34,None,"Pakistani, Indian, Traditional, Balanced"
1737,188.64,98.81,61.68,12.98,23.56,1407,Anda Ghotala (Spiced Scrambled Eggs) with 1 Tandoori Roti,Aloo Gosht (Potato Beef Curry) with 1.5 Tandoori Rotis,Chicken Haleem with 1 Tandoori Naan & Brown Onions,Roasted Chickpeas (Bhuna Chana - 50g) with Green Tea,299,15.47,24.95,"Diabetes, Heart Disease, Obesity","Pakistani, Indian, Traditional, Balanced"
1802,233.43,62.45,70.13,48.63,22.73,1485,Halwa Puri with Chana Masala (Sunday Special),Beef Shami Kebab (2 pcs) with 1 Whole Wheat Roti & Salad,"Mix Sabzi (Carrot, Peas, Potatoes) with 2 Chapatis",Dahi Bhalla (Dahi Baray) with Chaat Masala & Papdi,353,13.1,51.7,None,"Pakistani, Indian, Traditional, Balanced"
1095,121.53,74.89,33.38,13.69,21.14,1027,Besan ka Chilla (Savory Gram Flour Pancake) with Mint Dahi,Bhindi Masala (Okra Curry) with 2 Whole Wheat Chapatis,Chicken Tikka Boti (Grilled) with Mint Raita & Fresh Salad,"Chana Chaat with Dahi, Onion, Tomato & Tamarind Chutney",364,11.21,56.91,"Diabetes, Hypertension, Heart Disease, Obesity, Kidney Disease","Pakistani, Indian, Low Carb, Traditional"
1625,182.07,88.59,57.75,17.13,17.03,1478,Besan ka Chilla (Savory Gram Flour Pancake) with Mint Dahi,Chicken Biryani with Mint Zeera Raita & Fresh Salad,Peshawari Chapli Kabab with 1 Whole Wheat Roti & Salad,Dahi Bhalla (Dahi Baray) with Chaat Masala & Papdi,421,13.8,33.28,"Heart Disease, Obesity","Pakistani, Indian, Traditional, Balanced"
1775,220.69,93.85,53.47,22.18,23.32,1467,1 Whole Wheat Chapati with Fried Egg & Doodh Patti Chai,Lobia / Red Kidney Bean Curry (Kalool) with Zeera Rice,Machli (Fried Spiced Fish) with 1 Roti & Fresh Lemon,Dahi Bhalla (Dahi Baray) with Chaat Masala & Papdi,512,13.99,19.34,"Diabetes, Hypertension, Heart Disease, Obesity","Pakistani, Indian, Traditional, Balanced"
1721,194.24,97.86,60.17,21.85,20.9,1283,Wheat Dalia (Cracked Wheat Porridge in Buffalo Milk),Chicken Karahi (200g) with 2 Whole Wheat Chapatis & Salad,Palak Gosht (Spinach Mutton Curry) with 1.5 Chapatis,1 Vegetable Potato Samosa with Mint Green Chutney,565,15.2,52.25,Hypertension,"Pakistani, Indian, Traditional, Balanced"
1191,197.92,40.25,26.84,23.48,21.3,860,Wheat Dalia (Cracked Wheat Porridge in Buffalo Milk),Daal Masoor Curry with Boiled Basmati Rice & Kachumber,"Mix Sabzi (Carrot, Peas, Potatoes) with 2 Chapatis",Dahi Bhalla (Dahi Baray) with Chaat Masala & Papdi,440,9.48,46.13,"Diabetes, Hypertension, Heart Disease, Obesity, Kidney Disease","Pakistani, Indian, Vegetarian, Balanced"
1814,214.67,89.84,63.33,22.54,22.86,1411,Wheat Dalia (Cracked Wheat Porridge in Buffalo Milk),Aloo Gosht (Potato Beef Curry) with 1.5 Tandoori Rotis,Chicken Haleem with 1 Tandoori Naan & Brown Onions,1 Vegetable Potato Samosa with Mint Green Chutney,451,13.63,23.08,None,"Pakistani, Indian, Traditional, Balanced"
1475,147.52,84.78,57.71,13.02,11.54,1206,1 Whole Wheat Chapati with Fried Egg & Doodh Patti Chai,Aloo Gosht (Potato Beef Curry) with 1.5 Tandoori Rotis,Balochi Sajji (Roasted Chicken) with 1 cup Zeera Rice,1 Vegetable Potato Samosa with Mint Green Chutney,217,10.5,16.49,Kidney Disease,"Pakistani, Indian, Low Carb, Traditional"
1481,149.77,92.58,53.9,14.4,13.74,1243,Plain Desi Ghee Paratha with Shami Kabab & Chai,Kofta Curry (Spiced Meatballs) with 2 Chapatis,Balochi Sajji (Roasted Chicken) with 1 cup Zeera Rice,"Chana Chaat with Dahi, Onion, Tomato & Tamarind Chutney",267,11.93,21.81,None,"Pakistani, Indian, Low Carb, Traditional"
2014,275.77,72.91,68.94,44.64,24.2,1587,Halwa Puri with Chana Masala (Sunday Special),Daal Masoor Curry with Boiled Basmati Rice & Kachumber,Chicken Haleem with 1 Tandoori Naan & Brown Onions,Dahi Bhalla (Dahi Baray) with Chaat Masala & Papdi,377,14.09,26.29,None,"Pakistani, Indian, Traditional, Balanced"
1500,168.0,68.74,59.14,12.86,18.86,1243,Plain Desi Ghee Paratha with Shami Kabab & Chai,Lobia / Red Kidney Bean Curry (Kalool) with Zeera Rice,Peshawari Chapli Kabab with 1 Whole Wheat Roti & Salad,1 Vegetable Potato Samosa with Mint Green Chutney,283,13.2,23.14,Kidney Disease,"Pakistani, Indian, Low Carb, Traditional"
2307,263.63,98.31,96.66,53.82,18.12,1845,Halwa Puri with Chana Masala (Sunday Special),Beef Shami Kebab (2 pcs) with 1 Whole Wheat Roti & Salad,Beef Nihari with 1 Roghani Naan & Ginger Lemon Garnish,Doodh Patti Chai with 2 Whole Wheat Rusks,368,15.82,21.42,None,"Pakistani, Indian, Traditional, Balanced"
1809,199.63,102.41,63.94,18.2,20.48,1580,1 Crispy Aloo Paratha with Fresh Dahi & Mint Raita,Chicken Karahi (200g) with 2 Whole Wheat Chapatis & Salad,Peshawari Chapli Kabab with 1 Whole Wheat Roti & Salad,"Chana Chaat with Dahi, Onion, Tomato & Tamarind Chutney",390,15.08,49.91,Heart Disease,"Pakistani, Indian, Traditional, Balanced"
1726,237.47,70.61,55.23,16.74,24.37,1224,1 Crispy Aloo Paratha with Fresh Dahi & Mint Raita,Beef Pulao Gosht with Mint Raita & Sliced Cucumbers,"Mix Sabzi (Carrot, Peas, Potatoes) with 2 Chapatis",Roasted Chickpeas (Bhuna Chana - 50g) with Green Tea,403,14.54,49.17,"Heart Disease, Kidney Disease","Pakistani, Indian, Traditional, Balanced"
1965,266.58,66.87,68.34,46.88,28.8,1220,1 Crispy Aloo Paratha with Fresh Dahi & Mint Raita,Lobia / Red Kidney Bean Curry (Kalool) with Zeera Rice,Palak Paneer (Spinach with Cottage Cheese) with 2 Chapatis,Gajar ka Halwa (100g Small Cup - Traditional Sweet),774,16.72,45.75,"Hypertension, Kidney Disease","Pakistani, Indian, Vegetarian, Balanced"
1858,225.03,88.46,65.03,12.9,20.13,1641,2 Boiled Eggs with 2 Brown Bread Toasts & Green Tea,Daal Masoor Curry with Boiled Basmati Rice & Kachumber,Beef Nihari with 1 Roghani Naan & Ginger Lemon Garnish,1 Vegetable Potato Samosa with Mint Green Chutney,315,14.86,28.39,None,"Pakistani, Indian, Traditional, Balanced"
1768,198.86,95.01,63.53,14.36,26.29,1503,Anda Ghotala (Spiced Scrambled Eggs) with 1 Tandoori Roti,Bhindi Masala (Okra Curry) with 2 Whole Wheat Chapatis,Chicken Haleem with 1 Tandoori Naan & Brown Onions,1 Chicken Shami Kebab with Sliced Cucumber & Mint Raita,392,14.91,56.34,"Diabetes, Heart Disease, Obesity","Pakistani, Indian, Traditional, Balanced"
1631,151.86,97.34,67.06,14.78,20.89,1376,Plain Desi Ghee Paratha with Shami Kabab & Chai,Beef Shami Kebab (2 pcs) with 1 Whole Wheat Roti & Salad,Peshawari Chapli Kabab with 1 Whole Wheat Roti & Salad,Roasted Chickpeas (Bhuna Chana - 50g) with Green Tea,311,16.51,25.99,Diabetes,"Pakistani, Indian, Low Carb, Traditional"
1699,227.3,79.89,46.7,29.48,31.84,1249,Oatmeal Porridge in Cow Milk with Sliced Bananas & Almonds,Daal Channa with 2 Chapatis & Onion Salad,Palak Gosht (Spinach Mutton Curry) with 1.5 Chapatis,"Chana Chaat with Dahi, Onion, Tomato & Tamarind Chutney",596,17.89,57.39,"Diabetes, Hypertension, Heart Disease, Obesity, Kidney Disease","Pakistani, Indian, Low Fat, Dash, Balanced"
1623,199.33,81.69,51.52,22.87,23.2,1116,Wheat Dalia (Cracked Wheat Porridge in Buffalo Milk),Aloo Gosht (Potato Beef Curry) with 1.5 Tandoori Rotis,Anda Curry with 2 Chapatis & Onion Salad,Roasted Chickpeas (Bhuna Chana - 50g) with Green Tea,501,14.38,24.51,"Diabetes, Heart Disease, Obesity, Kidney Disease","Pakistani, Indian, Traditional, Balanced"
1621,195.62,85.06,53.7,45.55,14.0,1069,Wheat Dalia (Cracked Wheat Porridge in Buffalo Milk),Chicken Biryani with Mint Zeera Raita & Fresh Salad,Machli (Fried Spiced Fish) with 1 Roti & Fresh Lemon,Gajar ka Halwa (100g Small Cup - Traditional Sweet),604,9.69,20.62,"Hypertension, Kidney Disease","Pakistani, Indian, Traditional, Balanced"
1849,198.0,83.04,79.3,15.66,17.98,1475,Plain Desi Ghee Paratha with Shami Kabab & Chai,Beef Pulao Gosht with Mint Raita & Sliced Cucumbers,Palak Paneer (Spinach with Cottage Cheese) with 2 Chapatis,1 Vegetable Potato Samosa with Mint Green Chutney,520,16.06,36.87,None,"Pakistani, Indian, Traditional, Balanced"
1362,193.77,44.13,45.56,24.46,23.69,1113,1 Whole Wheat Chapati with Fried Egg & Doodh Patti Chai,Bhindi Masala (Okra Curry) with 2 Whole Wheat Chapatis,"Mix Sabzi (Carrot, Peas, Potatoes) with 2 Chapatis",Dahi Bhalla (Dahi Baray) with Chaat Masala & Papdi,417,10.46,69.55,"Diabetes, Hypertension, Heart Disease, Obesity, Kidney Disease","Pakistani, Indian, Low Fat, Dash, Balanced"
1598,256.13,55.28,36.12,32.84,31.41,1073,Oatmeal Porridge in Cow Milk with Sliced Bananas & Almonds,Lobia / Red Kidney Bean Curry (Kalool) with Zeera Rice,"Mix Sabzi (Carrot, Peas, Potatoes) with 2 Chapatis",Dahi Bhalla (Dahi Baray) with Chaat Masala & Papdi,542,13.24,55.82,"Diabetes, Hypertension, Heart Disease, Obesity, Kidney Disease","Pakistani, Indian, Vegetarian, Balanced"
1369,156.74,67.81,50.74,10.31,15.34,1163,2 Boiled Eggs with 2 Brown Bread Toasts & Green Tea,Chicken Biryani with Mint Zeera Raita & Fresh Salad,Palak Paneer (Spinach with Cottage Cheese) with 2 Chapatis,1 Vegetable Potato Samosa with Mint Green Chutney,454,11.47,35.89,"Hypertension, Kidney Disease","Pakistani, Indian, Low Carb, Traditional"
1734,168.4,112.77,66.16,23.05,12.33,1494,Plain Desi Ghee Paratha with Shami Kabab & Chai,Chicken Biryani with Mint Zeera Raita & Fresh Salad,Chicken Tikka Boti (Grilled) with Mint Raita & Fresh Salad,Doodh Patti Chai with 2 Whole Wheat Rusks,451,12.13,33.08,None,"Pakistani, Indian, High Protein, Traditional"
1470,205.62,61.18,42.06,16.99,22.26,1054,Mooli Paratha with Zeera Raita & Chai,Lobia / Red Kidney Bean Curry (Kalool) with Zeera Rice,Chicken Haleem with 1 Tandoori Naan & Brown Onions,Doodh Patti Chai with 2 Whole Wheat Rusks,378,11.13,21.24,"Diabetes, Heart Disease, Kidney Disease","Pakistani, Indian, Low Fat, Dash, Balanced"
1518,172.94,69.45,57.49,16.56,18.49,1288,Mooli Paratha with Zeera Raita & Chai,Kofta Curry (Spiced Meatballs) with 2 Chapatis,Palak Paneer (Spinach with Cottage Cheese) with 2 Chapatis,Dahi Bhalla (Dahi Baray) with Chaat Masala & Papdi,557,13.25,45.53,"Hypertension, Heart Disease, Kidney Disease","Pakistani, Indian, Traditional, Balanced"
1651,251.71,70.83,37.82,23.42,28.68,1024,Wheat Dalia (Cracked Wheat Porridge in Buffalo Milk),Daal Masoor Curry with Boiled Basmati Rice & Kachumber,Anda Curry with 2 Chapatis & Onion Salad,Roasted Chickpeas (Bhuna Chana - 50g) with Green Tea,562,15.1,31.02,"Diabetes, Hypertension, Heart Disease, Obesity, Kidney Disease","Pakistani, Indian, Low Fat, Dash, Balanced"
1639,216.53,65.48,55.68,25.26,19.8,1248,1 Crispy Aloo Paratha with Fresh Dahi & Mint Raita,Kofta Curry (Spiced Meatballs) with 2 Chapatis,"Mix Sabzi (Carrot, Peas, Potatoes) with 2 Chapatis",Doodh Patti Chai with 2 Whole Wheat Rusks,423,11.96,52.07,"Hypertension, Heart Disease, Kidney Disease","Pakistani, Indian, Traditional, Balanced"
1270,138.74,82.82,38.93,8.83,20.85,1051,2 Boiled Eggs with 2 Brown Bread Toasts & Green Tea,Beef Shami Kebab (2 pcs) with 1 Whole Wheat Roti & Salad,Chicken Haleem with 1 Tandoori Naan & Brown Onions,Roasted Chickpeas (Bhuna Chana - 50g) with Green Tea,265,12.44,13.87,"Diabetes, Heart Disease, Obesity, Kidney Disease","Pakistani, Indian, Low Carb, Traditional"
1706,201.84,85.52,57.22,40.58,23.1,1238,2 Boiled Eggs with 2 Brown Bread Toasts & Green Tea,Lobia / Red Kidney Bean Curry (Kalool) with Zeera Rice,Peshawari Chapli Kabab with 1 Whole Wheat Roti & Salad,Gajar ka Halwa (100g Small Cup - Traditional Sweet),453,14.77,24.97,Kidney Disease,"Pakistani, Indian, Traditional, Balanced"
1468,150.07,75.61,61.43,14.02,13.03,1319,1 Whole Wheat Chapati with Fried Egg & Doodh Patti Chai,Beef Shami Kebab (2 pcs) with 1 Whole Wheat Roti & Salad,Beef Nihari with 1 Roghani Naan & Ginger Lemon Garnish,1 Vegetable Potato Samosa with Mint Green Chutney,214,11.46,17.32,Kidney Disease,"Pakistani, Indian, Low Carb, Traditional"
2524,295.42,107.24,100.61,50.59,17.21,1919,1 Crispy Aloo Paratha with Fresh Dahi & Mint Raita,Chicken Biryani with Mint Zeera Raita & Fresh Salad,Beef Nihari with 1 Roghani Naan & Ginger Lemon Garnish,Gajar ka Halwa (100g Small Cup - Traditional Sweet),582,15.7,32.57,None,"Pakistani, Indian, Traditional, Balanced"
1631,175.51,82.51,62.48,16.88,18.7,1431,Mooli Paratha with Zeera Raita & Chai,Kofta Curry (Spiced Meatballs) with 2 Chapatis,Palak Gosht (Spinach Mutton Curry) with 1.5 Chapatis,Dahi Bhalla (Dahi Baray) with Chaat Masala & Papdi,491,14.98,49.12,"Hypertension, Heart Disease","Pakistani, Indian, Traditional, Balanced"
1488,175.47,109.95,37.2,20.55,20.77,1205,Wheat Dalia (Cracked Wheat Porridge in Buffalo Milk),Daal Masoor Curry with Boiled Basmati Rice & Kachumber,Chicken Tikka Boti (Grilled) with Mint Raita & Fresh Salad,1 Chicken Shami Kebab with Sliced Cucumber & Mint Raita,516,13.33,42.76,"Diabetes, Hypertension, Heart Disease, Obesity","Pakistani, Indian, Low Fat, Dash, Balanced"
1572,187.3,89.88,49.52,43.6,20.13,1211,Wheat Dalia (Cracked Wheat Porridge in Buffalo Milk),Kofta Curry (Spiced Meatballs) with 2 Chapatis,Peshawari Chapli Kabab with 1 Whole Wheat Roti & Salad,"Fresh Fruit Chaat (Apple, Guava, Banana & Chaat Masala)",447,13.46,73.74,"Heart Disease, Obesity, Kidney Disease","Pakistani, Indian, Low Fat, Dash, Balanced"
1646,220.85,79.51,45.17,48.19,18.77,893,Oatmeal Porridge in Cow Milk with Sliced Bananas & Almonds,Daal Masoor Curry with Boiled Basmati Rice & Kachumber,Balochi Sajji (Roasted Chicken) with 1 cup Zeera Rice,Gajar ka Halwa (100g Small Cup - Traditional Sweet),467,11.24,25.1,"Hypertension, Kidney Disease","Pakistani, Indian, Low Fat, Dash, Balanced"
1619,190.47,76.67,59.52,20.48,16.86,1305,1 Whole Wheat Chapati with Fried Egg & Doodh Patti Chai,Beef Pulao Gosht with Mint Raita & Sliced Cucumbers,Palak Paneer (Spinach with Cottage Cheese) with 2 Chapatis,Dahi Bhalla (Dahi Baray) with Chaat Masala & Papdi,557,14.0,32.86,"Heart Disease, Obesity, Kidney Disease","Pakistani, Indian, Traditional, Balanced"
1335,194.88,49.8,39.7,18.5,21.65,916,Wheat Dalia (Cracked Wheat Porridge in Buffalo Milk),Daal Masoor Curry with Boiled Basmati Rice & Kachumber,Palak Paneer (Spinach with Cottage Cheese) with 2 Chapatis,1 Vegetable Potato Samosa with Mint Green Chutney,573,12.18,41.05,"Hypertension, Kidney Disease","Pakistani, Indian, Vegetarian, Balanced"
1489,163.45,95.34,48.58,14.53,16.34,1389,Mooli Paratha with Zeera Raita & Chai,Chicken Biryani with Mint Zeera Raita & Fresh Salad,Chicken Tikka Boti (Grilled) with Mint Raita & Fresh Salad,"Chana Chaat with Dahi, Onion, Tomato & Tamarind Chutney",400,11.26,49.03,"Hypertension, Heart Disease","Pakistani, Indian, Low Carb, Traditional"
1353,173.35,61.91,43.78,15.92,23.79,1141,Besan ka Chilla (Savory Gram Flour Pancake) with Mint Dahi,Bhindi Masala (Okra Curry) with 2 Whole Wheat Chapatis,Chicken Haleem with 1 Tandoori Naan & Brown Onions,Dahi Bhalla (Dahi Baray) with Chaat Masala & Papdi,402,11.76,40.68,"Diabetes, Heart Disease, Obesity, Kidney Disease","Pakistani, Indian, Low Fat, Dash, Balanced"
1572,178.75,91.71,51.28,15.44,21.06,1207,1 Whole Wheat Chapati with Fried Egg & Doodh Patti Chai,Kofta Curry (Spiced Meatballs) with 2 Chapatis,Chicken Haleem with 1 Tandoori Naan & Brown Onions,Roasted Chickpeas (Bhuna Chana - 50g) with Green Tea,295,13.66,14.97,"Diabetes, Heart Disease, Obesity","Pakistani, Indian, Traditional, Balanced"
1610,178.48,70.98,67.19,14.05,23.69,1364,Anda Ghotala (Spiced Scrambled Eggs) with 1 Tandoori Roti,Bhindi Masala (Okra Curry) with 2 Whole Wheat Chapatis,Palak Gosht (Spinach Mutton Curry) with 1.5 Chapatis,1 Vegetable Potato Samosa with Mint Green Chutney,456,15.49,73.85,"Hypertension, Kidney Disease","Pakistani, Indian, Traditional, Balanced"
1315,109.84,106.24,45.47,13.96,12.96,1333,2 Boiled Eggs with 2 Brown Bread Toasts & Green Tea,Kofta Curry (Spiced Meatballs) with 2 Chapatis,Chicken Tikka Boti (Grilled) with Mint Raita & Fresh Salad,Dahi Bhalla (Dahi Baray) with Chaat Masala & Papdi,356,11.25,27.91,"Hypertension, Heart Disease, Obesity","Pakistani, Indian, Low Carb, Traditional"
2135,258.94,95.06,77.23,14.76,22.49,1783,Mooli Paratha with Zeera Raita & Chai,Chicken Biryani with Mint Zeera Raita & Fresh Salad,Chicken Haleem with 1 Tandoori Naan & Brown Onions,1 Vegetable Potato Samosa with Mint Green Chutney,432,14.08,38.61,None,"Pakistani, Indian, Traditional, Balanced"
1366,185.48,57.78,43.82,22.93,22.73,1034,Wheat Dalia (Cracked Wheat Porridge in Buffalo Milk),Beef Shami Kebab (2 pcs) with 1 Whole Wheat Roti & Salad,"Mix Sabzi (Carrot, Peas, Potatoes) with 2 Chapatis",1 Vegetable Potato Samosa with Mint Green Chutney,413,11.21,50.45,"Hypertension, Kidney Disease","Pakistani, Indian, Low Fat, Dash, Balanced"
1381,171.86,68.54,45.52,36.83,21.07,1105,1 Whole Wheat Chapati with Fried Egg & Doodh Patti Chai,Bhindi Masala (Okra Curry) with 2 Whole Wheat Chapatis,Machli (Fried Spiced Fish) with 1 Roti & Fresh Lemon,"Fresh Fruit Chaat (Apple, Guava, Banana & Chaat Masala)",399,10.33,85.93,"Hypertension, Heart Disease, Obesity, Kidney Disease","Pakistani, Indian, Low Fat, Dash, Balanced"
1429,180.99,69.25,44.29,44.29,18.67,881,Wheat Dalia (Cracked Wheat Porridge in Buffalo Milk),Daal Channa with 2 Chapatis & Onion Salad,Machli (Fried Spiced Fish) with 1 Roti & Fresh Lemon,Gajar ka Halwa (100g Small Cup - Traditional Sweet),552,9.91,14.76,"Hypertension, Kidney Disease","Pakistani, Indian, Low Fat, Dash, Balanced"
1285,144.24,68.19,44.41,10.93,19.23,1005,Besan ka Chilla (Savory Gram Flour Pancake) with Mint Dahi,Aloo Gosht (Potato Beef Curry) with 1.5 Tandoori Rotis,Anda Curry with 2 Chapatis & Onion Salad,Roasted Chickpeas (Bhuna Chana - 50g) with Green Tea,288,13.03,22.29,"Heart Disease, Obesity, Kidney Disease","Pakistani, Indian, Low Carb, Traditional"
1752,172.03,115.91,63.99,11.54,13.53,1584,Anda Ghotala (Spiced Scrambled Eggs) with 1 Tandoori Roti,Chicken Biryani with Mint Zeera Raita & Fresh Salad,Machli (Fried Spiced Fish) with 1 Roti & Fresh Lemon,1 Chicken Shami Kebab with Sliced Cucumber & Mint Raita,399,13.01,32.52,"Hypertension, Heart Disease, Obesity","Pakistani, Indian, High Protein, Traditional"
1531,164.34,95.12,53.47,27.58,19.7,1261,1 Whole Wheat Chapati with Fried Egg & Doodh Patti Chai,Bhindi Masala (Okra Curry) with 2 Whole Wheat Chapatis,Chicken Tikka Boti (Grilled) with Mint Raita & Fresh Salad,Doodh Patti Chai with 2 Whole Wheat Rusks,495,11.59,57.97,"Hypertension, Heart Disease, Obesity","Pakistani, Indian, Low Carb, Traditional"
1360,193.26,75.26,30.4,17.97,22.63,889,Wheat Dalia (Cracked Wheat Porridge in Buffalo Milk),Daal Masoor Curry with Boiled Basmati Rice & Kachumber,Machli (Fried Spiced Fish) with 1 Roti & Fresh Lemon,Roasted Chickpeas (Bhuna Chana - 50g) with Green Tea,495,12.04,21.85,"Diabetes, Hypertension, Heart Disease, Obesity, Kidney Disease","Pakistani, Indian, Low Fat, Dash, Balanced"
1421,145.43,80.82,55.58,13.96,14.88,1170,1 Whole Wheat Chapati with Fried Egg & Doodh Patti Chai,Chicken Karahi (200g) with 2 Whole Wheat Chapatis & Salad,Palak Gosht (Spinach Mutton Curry) with 1.5 Chapatis,1 Vegetable Potato Samosa with Mint Green Chutney,326,12.54,40.95,"Hypertension, Kidney Disease","Pakistani, Indian, Low Carb, Traditional"
1803,173.37,109.34,70.43,14.78,18.42,1556,Plain Desi Ghee Paratha with Shami Kabab & Chai,Kofta Curry (Spiced Meatballs) with 2 Chapatis,Chicken Haleem with 1 Tandoori Naan & Brown Onions,1 Chicken Shami Kebab with Sliced Cucumber & Mint Raita,310,15.07,21.18,None,"Pakistani, Indian, Traditional, Balanced"
1585,176.3,86.05,53.52,16.79,21.72,1480,2 Boiled Eggs with 2 Brown Bread Toasts & Green Tea,Daal Channa with 2 Chapatis & Onion Salad,Peshawari Chapli Kabab with 1 Whole Wheat Roti & Salad,Dahi Bhalla (Dahi Baray) with Chaat Masala & Papdi,399,14.38,26.23,"Diabetes, Heart Disease, Obesity","Pakistani, Indian, Traditional, Balanced"
1533,208.99,67.87,46.39,16.11,25.39,1270,Anda Ghotala (Spiced Scrambled Eggs) with 1 Tandoori Roti,Daal Masoor Curry with Boiled Basmati Rice & Kachumber,Palak Paneer (Spinach with Cottage Cheese) with 2 Chapatis,"Chana Chaat with Dahi, Onion, Tomato & Tamarind Chutney",518,15.63,58.6,"Diabetes, Hypertension, Heart Disease, Obesity, Kidney Disease","Pakistani, Indian, Low Fat, Dash, Balanced"
1881,216.26,87.85,71.52,38.52,23.99,1543,1 Crispy Aloo Paratha with Fresh Dahi & Mint Raita,Aloo Gosht (Potato Beef Curry) with 1.5 Tandoori Rotis,Palak Gosht (Spinach Mutton Curry) with 1.5 Chapatis,"Fresh Fruit Chaat (Apple, Guava, Banana & Chaat Masala)",496,17.57,100.24,None,"Pakistani, Indian, Traditional, Balanced"
1395,187.25,44.24,52.32,40.85,22.31,955,Anda Ghotala (Spiced Scrambled Eggs) with 1 Tandoori Roti,Bhindi Masala (Okra Curry) with 2 Whole Wheat Chapatis,"Mix Sabzi (Carrot, Peas, Potatoes) with 2 Chapatis",Gajar ka Halwa (100g Small Cup - Traditional Sweet),408,10.28,71.6,"Hypertension, Kidney Disease","Pakistani, Indian, Traditional, Balanced"
1647,162.93,87.77,68.32,11.83,14.28,1524,2 Boiled Eggs with 2 Brown Bread Toasts & Green Tea,Aloo Gosht (Potato Beef Curry) with 1.5 Tandoori Rotis,Beef Nihari with 1 Roghani Naan & Ginger Lemon Garnish,1 Vegetable Potato Samosa with Mint Green Chutney,250,12.88,20.58,None,"Pakistani, Indian, Low Carb, Traditional"
1739,185.54,106.3,61.36,10.15,12.08,1353,1 Crispy Aloo Paratha with Fresh Dahi & Mint Raita,Beef Pulao Gosht with Mint Raita & Sliced Cucumbers,Balochi Sajji (Roasted Chicken) with 1 cup Zeera Rice,1 Chicken Shami Kebab with Sliced Cucumber & Mint Raita,333,12.85,18.36,Heart Disease,"Pakistani, Indian, Traditional, Balanced"
1462,171.3,59.77,56.79,37.24,18.62,1033,Mooli Paratha with Zeera Raita & Chai,Bhindi Masala (Okra Curry) with 2 Whole Wheat Chapatis,Machli (Fried Spiced Fish) with 1 Roti & Fresh Lemon,Gajar ka Halwa (100g Small Cup - Traditional Sweet),498,9.59,48.41,"Hypertension, Kidney Disease","Pakistani, Indian, Traditional, Balanced"
1688,231.03,78.86,47.76,27.77,23.44,1338,Wheat Dalia (Cracked Wheat Porridge in Buffalo Milk),Daal Masoor Curry with Boiled Basmati Rice & Kachumber,Peshawari Chapli Kabab with 1 Whole Wheat Roti & Salad,Dahi Bhalla (Dahi Baray) with Chaat Masala & Papdi,572,14.44,36.65,"Diabetes, Heart Disease, Obesity, Kidney Disease","Pakistani, Indian, Low Fat, Dash, Balanced"
1457,175.99,103.13,35.65,21.3,26.45,1037,Wheat Dalia (Cracked Wheat Porridge in Buffalo Milk),Daal Channa with 2 Chapatis & Onion Salad,Chicken Tikka Boti (Grilled) with Mint Raita & Fresh Salad,Roasted Chickpeas (Bhuna Chana - 50g) with Green Tea,538,13.9,29.7,"Diabetes, Hypertension, Heart Disease, Obesity","Pakistani, Indian, Low Fat, Dash, Balanced"
2291,253.59,117.45,89.75,47.33,23.96,1718,Halwa Puri with Chana Masala (Sunday Special),Chicken Karahi (200g) with 2 Whole Wheat Chapatis & Salad,Peshawari Chapli Kabab with 1 Whole Wheat Roti & Salad,Roasted Chickpeas (Bhuna Chana - 50g) with Green Tea,351,18.11,39.73,None,"Pakistani, Indian, High Protein, Traditional"
1307,118.78,100.96,45.68,28.78,13.98,1224,Anda Ghotala (Spiced Scrambled Eggs) with 1 Tandoori Roti,Kofta Curry (Spiced Meatballs) with 2 Chapatis,Chicken Tikka Boti (Grilled) with Mint Raita & Fresh Salad,"Fresh Fruit Chaat (Apple, Guava, Banana & Chaat Masala)",260,11.15,72.18,"Hypertension, Heart Disease, Obesity","Pakistani, Indian, Low Carb, Traditional"
2040,250.96,87.94,73.96,42.85,19.18,1469,1 Crispy Aloo Paratha with Fresh Dahi & Mint Raita,Chicken Biryani with Mint Zeera Raita & Fresh Salad,Chicken Haleem with 1 Tandoori Naan & Brown Onions,Gajar ka Halwa (100g Small Cup - Traditional Sweet),515,12.75,26.52,None,"Pakistani, Indian, Traditional, Balanced"
1525,155.92,69.13,65.11,35.12,14.48,1182,Mooli Paratha with Zeera Raita & Chai,Aloo Gosht (Potato Beef Curry) with 1.5 Tandoori Rotis,Peshawari Chapli Kabab with 1 Whole Wheat Roti & Salad,Gajar ka Halwa (100g Small Cup - Traditional Sweet),351,11.57,32.55,Kidney Disease,"Pakistani, Indian, Low Carb, Traditional"
1701,212.6,100.7,48.11,17.9,24.28,1533,1 Crispy Aloo Paratha with Fresh Dahi & Mint Raita,Daal Masoor Curry with Boiled Basmati Rice & Kachumber,Chicken Tikka Boti (Grilled) with Mint Raita & Fresh Salad,"Chana Chaat with Dahi, Onion, Tomato & Tamarind Chutney",459,14.88,55.95,"Hypertension, Heart Disease","Pakistani, Indian, Low Fat, Dash, Balanced"
1650,160.27,103.51,62.96,20.99,12.69,1326,Plain Desi Ghee Paratha with Shami Kabab & Chai,Chicken Karahi (200g) with 2 Whole Wheat Chapatis & Salad,Machli (Fried Spiced Fish) with 1 Roti & Fresh Lemon,Doodh Patti Chai with 2 Whole Wheat Rusks,401,11.45,23.85,None,"Pakistani, Indian, Low Carb, Traditional"
1576,209.35,73.62,46.01,36.23,29.45,1242,2 Boiled Eggs with 2 Brown Bread Toasts & Green Tea,Daal Channa with 2 Chapatis & Onion Salad,Palak Paneer (Spinach with Cottage Cheese) with 2 Chapatis,"Fresh Fruit Chaat (Apple, Guava, Banana & Chaat Masala)",581,15.87,90.3,"Hypertension, Heart Disease, Obesity, Kidney Disease","Pakistani, Indian, Low Fat, Dash, Balanced"
1878,204.94,115.06,62.74,13.74,22.1,1580,2 Boiled Eggs with 2 Brown Bread Toasts & Green Tea,Chicken Biryani with Mint Zeera Raita & Fresh Salad,Peshawari Chapli Kabab with 1 Whole Wheat Roti & Salad,Roasted Chickpeas (Bhuna Chana - 50g) with Green Tea,429,16.83,32.63,"Heart Disease, Obesity","Pakistani, Indian, High Protein, Traditional"
1331,122.7,95.48,47.96,9.94,15.04,1175,Besan ka Chilla (Savory Gram Flour Pancake) with Mint Dahi,Chicken Karahi (200g) with 2 Whole Wheat Chapatis & Salad,Peshawari Chapli Kabab with 1 Whole Wheat Roti & Salad,1 Chicken Shami Kebab with Sliced Cucumber & Mint Raita,259,12.88,34.13,"Heart Disease, Obesity","Pakistani, Indian, Low Carb, Traditional"
2120,252.17,107.12,75.32,24.55,17.85,1741,Besan ka Chilla (Savory Gram Flour Pancake) with Mint Dahi,Chicken Biryani with Mint Zeera Raita & Fresh Salad,Beef Nihari with 1 Roghani Naan & Ginger Lemon Garnish,Doodh Patti Chai with 2 Whole Wheat Rusks,480,15.62,27.9,None,"Pakistani, Indian, Traditional, Balanced"
1706,164.16,120.45,61.29,20.25,12.58,1460,Anda Ghotala (Spiced Scrambled Eggs) with 1 Tandoori Roti,Beef Pulao Gosht with Mint Raita & Sliced Cucumbers,Chicken Tikka Boti (Grilled) with Mint Raita & Fresh Salad,Doodh Patti Chai with 2 Whole Wheat Rusks,405,13.22,32.51,"Heart Disease, Obesity","Pakistani, Indian, High Protein, Traditional"
1415,169.09,62.95,51.92,16.54,18.38,1222,1 Crispy Aloo Paratha with Fresh Dahi & Mint Raita,Bhindi Masala (Okra Curry) with 2 Whole Wheat Chapatis,Machli (Fried Spiced Fish) with 1 Roti & Fresh Lemon,Dahi Bhalla (Dahi Baray) with Chaat Masala & Papdi,487,10.11,43.65,"Hypertension, Heart Disease, Kidney Disease","Pakistani, Indian, Low Carb, Traditional"
1474,135.84,127.42,44.54,11.58,21.06,1222,Besan ka Chilla (Savory Gram Flour Pancake) with Mint Dahi,Chicken Karahi (200g) with 2 Whole Wheat Chapatis & Salad,Chicken Tikka Boti (Grilled) with Mint Raita & Fresh Salad,Roasted Chickpeas (Bhuna Chana - 50g) with Green Tea,363,14.74,41.59,"Diabetes, Hypertension, Heart Disease, Obesity","Pakistani, Indian, High Protein, Traditional"
1305,175.13,51.95,40.83,33.26,19.95,834,Besan ka Chilla (Savory Gram Flour Pancake) with Mint Dahi,Lobia / Red Kidney Bean Curry (Kalool) with Zeera Rice,Anda Curry with 2 Chapatis & Onion Salad,Gajar ka Halwa (100g Small Cup - Traditional Sweet),383,11.37,19.36,"Hypertension, Kidney Disease","Pakistani, Indian, Low Fat, Dash, Balanced"
1596,222.95,71.34,46.37,26.31,20.07,1092,Wheat Dalia (Cracked Wheat Porridge in Buffalo Milk),Lobia / Red Kidney Bean Curry (Kalool) with Zeera Rice,Beef Nihari with 1 Roghani Naan & Ginger Lemon Garnish,Doodh Patti Chai with 2 Whole Wheat Rusks,486,12.04,14.71,Kidney Disease,"Pakistani, Indian, Low Fat, Dash, Balanced"
1929,225.83,84.69,69.98,20.0,24.35,1694,Mooli Paratha with Zeera Raita & Chai,Aloo Gosht (Potato Beef Curry) with 1.5 Tandoori Rotis,Anda Curry with 2 Chapatis & Onion Salad,"Chana Chaat with Dahi, Onion, Tomato & Tamarind Chutney",435,15.88,51.75,Diabetes,"Pakistani, Indian, Traditional, Balanced"
1973,237.85,69.09,82.12,64.18,14.16,1321,Halwa Puri with Chana Masala (Sunday Special),Beef Pulao Gosht with Mint Raita & Sliced Cucumbers,Anda Curry with 2 Chapatis & Onion Salad,Gajar ka Halwa (100g Small Cup - Traditional Sweet),387,12.46,17.93,Kidney Disease,"Pakistani, Indian, Traditional, Balanced"
1330,183.47,57.79,37.61,30.73,18.99,871,Oatmeal Porridge in Cow Milk with Sliced Bananas & Almonds,Kofta Curry (Spiced Meatballs) with 2 Chapatis,"Mix Sabzi (Carrot, Peas, Potatoes) with 2 Chapatis",Doodh Patti Chai with 2 Whole Wheat Rusks,404,10.0,45.41,"Hypertension, Heart Disease, Obesity, Kidney Disease","Pakistani, Indian, Low Fat, Dash, Balanced"
1188,153.65,49.42,41.36,14.95,22.67,814,1 Whole Wheat Chapati with Fried Egg & Doodh Patti Chai,Bhindi Masala (Okra Curry) with 2 Whole Wheat Chapatis,Palak Paneer (Spinach with Cottage Cheese) with 2 Chapatis,Roasted Chickpeas (Bhuna Chana - 50g) with Green Tea,482,12.13,49.83,"Diabetes, Hypertension, Heart Disease, Obesity, Kidney Disease","Pakistani, Indian, Low Carb, Traditional"
1830,212.64,120.02,54.26,20.28,15.13,1332,Wheat Dalia (Cracked Wheat Porridge in Buffalo Milk),Chicken Biryani with Mint Zeera Raita & Fresh Salad,Balochi Sajji (Roasted Chicken) with 1 cup Zeera Rice,1 Chicken Shami Kebab with Sliced Cucumber & Mint Raita,521,12.5,24.66,"Hypertension, Heart Disease, Obesity","Pakistani, Indian, High Protein, Traditional"
1859,178.54,115.68,72.69,16.38,20.6,1490,Plain Desi Ghee Paratha with Shami Kabab & Chai,Chicken Karahi (200g) with 2 Whole Wheat Chapatis & Salad,Peshawari Chapli Kabab with 1 Whole Wheat Roti & Salad,Roasted Chickpeas (Bhuna Chana - 50g) with Green Tea,343,16.8,35.39,Diabetes,"Pakistani, Indian, High Protein, Traditional"
1418,144.84,113.0,40.88,20.03,19.52,1073,Wheat Dalia (Cracked Wheat Porridge in Buffalo Milk),Kofta Curry (Spiced Meatballs) with 2 Chapatis,Chicken Tikka Boti (Grilled) with Mint Raita & Fresh Salad,Roasted Chickpeas (Bhuna Chana - 50g) with Green Tea,483,13.15,29.28,"Hypertension, Heart Disease, Obesity","Pakistani, Indian, High Protein, Traditional"
1647,188.27,74.22,65.62,18.1,18.56,1484,Anda Ghotala (Spiced Scrambled Eggs) with 1 Tandoori Roti,Bhindi Masala (Okra Curry) with 2 Whole Wheat Chapatis,Beef Nihari with 1 Roghani Naan & Ginger Lemon Garnish,Dahi Bhalla (Dahi Baray) with Chaat Masala & Papdi,385,12.58,46.62,None,"Pakistani, Indian, Traditional, Balanced"
1943,261.87,59.03,75.66,49.37,30.59,1470,Halwa Puri with Chana Masala (Sunday Special),Bhindi Masala (Okra Curry) with 2 Whole Wheat Chapatis,Palak Paneer (Spinach with Cottage Cheese) with 2 Chapatis,"Chana Chaat with Dahi, Onion, Tomato & Tamarind Chutney",633,16.42,78.35,None,"Pakistani, Indian, Traditional, Balanced"
1912,249.54,61.36,74.15,46.53,25.06,1473,Halwa Puri with Chana Masala (Sunday Special),Daal Channa with 2 Chapatis & Onion Salad,Palak Paneer (Spinach with Cottage Cheese) with 2 Chapatis,Dahi Bhalla (Dahi Baray) with Chaat Masala & Papdi,583,15.34,39.37,None,"Pakistani, Indian, Traditional, Balanced"
1510,174.87,69.77,56.97,30.91,14.4,1192,Plain Desi Ghee Paratha with Shami Kabab & Chai,Beef Pulao Gosht with Mint Raita & Sliced Cucumbers,Anda Curry with 2 Chapatis & Onion Salad,"Fresh Fruit Chaat (Apple, Guava, Banana & Chaat Masala)",291,11.83,54.32,Kidney Disease,"Pakistani, Indian, Traditional, Balanced"
1451,171.04,99.0,39.7,15.55,21.77,1161,1 Whole Wheat Chapati with Fried Egg & Doodh Patti Chai,Daal Masoor Curry with Boiled Basmati Rice & Kachumber,Chicken Tikka Boti (Grilled) with Mint Raita & Fresh Salad,Roasted Chickpeas (Bhuna Chana - 50g) with Green Tea,352,13.79,35.24,"Diabetes, Hypertension, Heart Disease, Obesity","Pakistani, Indian, Low Fat, Dash, Balanced"
1559,169.1,100.52,50.26,17.38,15.22,1287,1 Whole Wheat Chapati with Fried Egg & Doodh Patti Chai,Kofta Curry (Spiced Meatballs) with 2 Chapatis,Balochi Sajji (Roasted Chicken) with 1 cup Zeera Rice,"Chana Chaat with Dahi, Onion, Tomato & Tamarind Chutney",287,12.31,23.49,"Hypertension, Heart Disease, Obesity","Pakistani, Indian, Low Carb, Traditional"
1973,204.84,110.5,73.85,25.87,18.87,1606,Oatmeal Porridge in Cow Milk with Sliced Bananas & Almonds,Aloo Gosht (Potato Beef Curry) with 1.5 Tandoori Rotis,Beef Nihari with 1 Roghani Naan & Ginger Lemon Garnish,1 Chicken Shami Kebab with Sliced Cucumber & Mint Raita,399,15.85,30.19,None,"Pakistani, Indian, High Protein, Traditional"
2021,220.67,109.31,78.89,46.4,14.95,1774,Halwa Puri with Chana Masala (Sunday Special),Chicken Biryani with Mint Zeera Raita & Fresh Salad,Chicken Tikka Boti (Grilled) with Mint Raita & Fresh Salad,Dahi Bhalla (Dahi Baray) with Chaat Masala & Papdi,449,12.79,37.64,None,"Pakistani, Indian, Traditional, Balanced"
1830,237.82,78.69,58.87,14.57,22.38,1481,1 Crispy Aloo Paratha with Fresh Dahi & Mint Raita,Daal Masoor Curry with Boiled Basmati Rice & Kachumber,Anda Curry with 2 Chapatis & Onion Salad,1 Chicken Shami Kebab with Sliced Cucumber & Mint Raita,431,15.27,40.8,"Hypertension, Heart Disease","Pakistani, Indian, Traditional, Balanced"
1807,242.82,55.72,69.65,38.12,24.75,1289,Halwa Puri with Chana Masala (Sunday Special),Lobia / Red Kidney Bean Curry (Kalool) with Zeera Rice,Palak Paneer (Spinach with Cottage Cheese) with 2 Chapatis,1 Vegetable Potato Samosa with Mint Green Chutney,485,14.78,37.18,Kidney Disease,"Pakistani, Indian, Traditional, Balanced"
2497,287.32,114.37,100.56,55.25,17.13,1923,Halwa Puri with Chana Masala (Sunday Special),Chicken Karahi (200g) with 2 Whole Wheat Chapatis & Salad,Beef Nihari with 1 Roghani Naan & Ginger Lemon Garnish,Doodh Patti Chai with 2 Whole Wheat Rusks,392,15.58,30.39,None,"Pakistani, Indian, High Protein, Traditional"
1486,165.67,77.43,56.27,12.61,19.99,1288,Besan ka Chilla (Savory Gram Flour Pancake) with Mint Dahi,Bhindi Masala (Okra Curry) with 2 Whole Wheat Chapatis,Beef Nihari with 1 Roghani Naan & Ginger Lemon Garnish,1 Chicken Shami Kebab with Sliced Cucumber & Mint Raita,338,13.42,44.57,Kidney Disease,"Pakistani, Indian, Low Carb, Traditional"
1746,223.35,100.29,46.08,46.08,25.26,1204,Oatmeal Porridge in Cow Milk with Sliced Bananas & Almonds,Chicken Karahi (200g) with 2 Whole Wheat Chapatis & Salad,Chicken Haleem with 1 Tandoori Naan & Brown Onions,"Fresh Fruit Chaat (Apple, Guava, Banana & Chaat Masala)",407,12.79,78.07,"Heart Disease, Obesity","Pakistani, Indian, Low Fat, Dash, Balanced"
2161,260.19,124.29,68.53,30.2,23.81,1737,Wheat Dalia (Cracked Wheat Porridge in Buffalo Milk),Chicken Karahi (200g) with 2 Whole Wheat Chapatis & Salad,Beef Nihari with 1 Roghani Naan & Ginger Lemon Garnish,"Chana Chaat with Dahi, Onion, Tomato & Tamarind Chutney",552,16.49,43.56,None,"Pakistani, Indian, High Protein, Traditional"
1337,200.13,55.79,31.88,23.47,27.45,877,Oatmeal Porridge in Cow Milk with Sliced Bananas & Almonds,Lobia / Red Kidney Bean Curry (Kalool) with Zeera Rice,Palak Paneer (Spinach with Cottage Cheese) with 2 Chapatis,"Chana Chaat with Dahi, Onion, Tomato & Tamarind Chutney",580,13.73,43.83,"Diabetes, Hypertension, Heart Disease, Obesity, Kidney Disease","Pakistani, Indian, Vegetarian, Balanced"
2118,252.27,83.55,85.05,44.55,22.45,1690,Halwa Puri with Chana Masala (Sunday Special),Daal Channa with 2 Chapatis & Onion Salad,Machli (Fried Spiced Fish) with 1 Roti & Fresh Lemon,1 Vegetable Potato Samosa with Mint Green Chutney,370,14.12,21.99,None,"Pakistani, Indian, Traditional, Balanced"
1455,176.69,63.31,53.67,13.7,23.62,1115,1 Crispy Aloo Paratha with Fresh Dahi & Mint Raita,Bhindi Masala (Okra Curry) with 2 Whole Wheat Chapatis,Peshawari Chapli Kabab with 1 Whole Wheat Roti & Salad,Roasted Chickpeas (Bhuna Chana - 50g) with Green Tea,402,13.42,50.08,"Heart Disease, Kidney Disease","Pakistani, Indian, Traditional, Balanced"
1932,196.16,105.92,79.93,39.23,15.89,1589,Halwa Puri with Chana Masala (Sunday Special),Chicken Karahi (200g) with 2 Whole Wheat Chapatis & Salad,Peshawari Chapli Kabab with 1 Whole Wheat Roti & Salad,1 Chicken Shami Kebab with Sliced Cucumber & Mint Raita,275,14.52,37.27,None,"Pakistani, Indian, Traditional, Balanced"
1448,155.17,81.09,52.99,18.45,15.23,1169,Wheat Dalia (Cracked Wheat Porridge in Buffalo Milk),Aloo Gosht (Potato Beef Curry) with 1.5 Tandoori Rotis,Machli (Fried Spiced Fish) with 1 Roti & Fresh Lemon,1 Vegetable Potato Samosa with Mint Green Chutney,431,10.6,20.34,Kidney Disease,"Pakistani, Indian, Low Carb, Traditional"
1506,150.57,110.98,48.4,18.58,12.52,1349,2 Boiled Eggs with 2 Brown Bread Toasts & Green Tea,Chicken Biryani with Mint Zeera Raita & Fresh Salad,Chicken Tikka Boti (Grilled) with Mint Raita & Fresh Salad,Doodh Patti Chai with 2 Whole Wheat Rusks,435,10.85,31.29,"Hypertension, Heart Disease, Obesity","Pakistani, Indian, High Protein, Traditional"
2138,229.76,120.23,78.48,46.07,21.38,1570,Anda Ghotala (Spiced Scrambled Eggs) with 1 Tandoori Roti,Chicken Karahi (200g) with 2 Whole Wheat Chapatis & Salad,Chicken Haleem with 1 Tandoori Naan & Brown Onions,Gajar ka Halwa (100g Small Cup - Traditional Sweet),438,14.9,36.4,None,"Pakistani, Indian, High Protein, Traditional"
2315,266.17,98.64,94.5,45.29,22.37,1856,Halwa Puri with Chana Masala (Sunday Special),Kofta Curry (Spiced Meatballs) with 2 Chapatis,Chicken Haleem with 1 Tandoori Naan & Brown Onions,1 Vegetable Potato Samosa with Mint Green Chutney,308,15.77,23.49,None,"Pakistani, Indian, Traditional, Balanced"
1651,182.85,75.93,64.34,44.44,14.81,1151,Oatmeal Porridge in Cow Milk with Sliced Bananas & Almonds,Aloo Gosht (Potato Beef Curry) with 1.5 Tandoori Rotis,Beef Nihari with 1 Roghani Naan & Ginger Lemon Garnish,Gajar ka Halwa (100g Small Cup - Traditional Sweet),394,11.6,21.16,Kidney Disease,"Pakistani, Indian, Traditional, Balanced"
1225,91.4,105.57,45.7,12.8,12.8,1197,1 Whole Wheat Chapati with Fried Egg & Doodh Patti Chai,Beef Shami Kebab (2 pcs) with 1 Whole Wheat Roti & Salad,Chicken Tikka Boti (Grilled) with Mint Raita & Fresh Salad,1 Chicken Shami Kebab with Sliced Cucumber & Mint Raita,265,11.43,29.25,"Hypertension, Heart Disease, Obesity","Pakistani, Indian, Low Carb, Traditional"
1641,243.89,66.67,42.17,21.65,27.81,1413,2 Boiled Eggs with 2 Brown Bread Toasts & Green Tea,Daal Masoor Curry with Boiled Basmati Rice & Kachumber,"Mix Sabzi (Carrot, Peas, Potatoes) with 2 Chapatis",Dahi Bhalla (Dahi Baray) with Chaat Masala & Papdi,450,14.02,62.68,"Diabetes, Hypertension, Heart Disease, Obesity","Pakistani, Indian, Low Fat, Dash, Balanced"
1516,205.28,50.57,52.26,12.24,18.36,1215,1 Crispy Aloo Paratha with Fresh Dahi & Mint Raita,Daal Masoor Curry with Boiled Basmati Rice & Kachumber,Anda Curry with 2 Chapatis & Onion Salad,1 Vegetable Potato Samosa with Mint Green Chutney,334,11.58,32.02,"Hypertension, Kidney Disease","Pakistani, Indian, Traditional, Balanced"
1751,190.12,119.41,52.75,33.62,16.23,1264,Oatmeal Porridge in Cow Milk with Sliced Bananas & Almonds,Beef Pulao Gosht with Mint Raita & Sliced Cucumbers,Chicken Tikka Boti (Grilled) with Mint Raita & Fresh Salad,Doodh Patti Chai with 2 Whole Wheat Rusks,551,13.1,31.88,"Heart Disease, Obesity","Pakistani, Indian, High Protein, Traditional"
1460,189.68,61.27,47.42,15.11,20.56,1217,1 Crispy Aloo Paratha with Fresh Dahi & Mint Raita,Daal Channa with 2 Chapatis & Onion Salad,Chicken Haleem with 1 Tandoori Naan & Brown Onions,Dahi Bhalla (Dahi Baray) with Chaat Masala & Papdi,365,11.08,18.04,"Heart Disease, Kidney Disease","Pakistani, Indian, Low Fat, Dash, Balanced"
2056,227.05,93.71,84.61,50.87,15.85,1606,Halwa Puri with Chana Masala (Sunday Special),Aloo Gosht (Potato Beef Curry) with 1.5 Tandoori Rotis,Machli (Fried Spiced Fish) with 1 Roti & Fresh Lemon,Doodh Patti Chai with 2 Whole Wheat Rusks,412,13.17,20.88,None,"Pakistani, Indian, Traditional, Balanced"
1340,153.94,67.46,48.45,28.7,20.37,1123,Mooli Paratha with Zeera Raita & Chai,Beef Shami Kebab (2 pcs) with 1 Whole Wheat Roti & Salad,Palak Gosht (Spinach Mutton Curry) with 1.5 Chapatis,"Fresh Fruit Chaat (Apple, Guava, Banana & Chaat Masala)",376,13.49,84.21,"Diabetes, Hypertension, Heart Disease, Kidney Disease","Pakistani, Indian, Low Carb, Traditional"
1453,192.56,55.76,49.45,38.95,21.44,893,1 Whole Wheat Chapati with Fried Egg & Doodh Patti Chai,Lobia / Red Kidney Bean Curry (Kalool) with Zeera Rice,Palak Paneer (Spinach with Cottage Cheese) with 2 Chapatis,Gajar ka Halwa (100g Small Cup - Traditional Sweet),551,12.69,31.07,"Hypertension, Kidney Disease","Pakistani, Indian, Low Fat, Dash, Balanced"
2019,248.18,79.82,79.64,37.97,18.15,1602,Halwa Puri with Chana Masala (Sunday Special),Chicken Biryani with Mint Zeera Raita & Fresh Salad,Chicken Haleem with 1 Tandoori Naan & Brown Onions,1 Vegetable Potato Samosa with Mint Green Chutney,310,12.41,23.15,None,"Pakistani, Indian, Traditional, Balanced"
1327,149.27,72.73,45.19,17.0,12.52,987,Oatmeal Porridge in Cow Milk with Sliced Bananas & Almonds,Beef Pulao Gosht with Mint Raita & Sliced Cucumbers,Machli (Fried Spiced Fish) with 1 Roti & Fresh Lemon,1 Vegetable Potato Samosa with Mint Green Chutney,348,9.54,15.76,Kidney Disease,"Pakistani, Indian, Low Carb, Traditional"
1877,193.29,90.13,78.66,45.51,18.77,1450,1 Crispy Aloo Paratha with Fresh Dahi & Mint Raita,Beef Shami Kebab (2 pcs) with 1 Whole Wheat Roti & Salad,Peshawari Chapli Kabab with 1 Whole Wheat Roti & Salad,Gajar ka Halwa (100g Small Cup - Traditional Sweet),466,15.06,33.71,None,"Pakistani, Indian, Traditional, Balanced"
1896,258.13,95.6,51.4,52.54,23.99,999,Wheat Dalia (Cracked Wheat Porridge in Buffalo Milk),Lobia / Red Kidney Bean Curry (Kalool) with Zeera Rice,Balochi Sajji (Roasted Chicken) with 1 cup Zeera Rice,Gajar ka Halwa (100g Small Cup - Traditional Sweet),634,13.25,15.99,Hypertension,"Pakistani, Indian, Traditional, Balanced"
1277,195.04,49.2,31.47,24.82,17.47,820,Wheat Dalia (Cracked Wheat Porridge in Buffalo Milk),Daal Masoor Curry with Boiled Basmati Rice & Kachumber,Anda Curry with 2 Chapatis & Onion Salad,Doodh Patti Chai with 2 Whole Wheat Rusks,465,9.66,23.05,"Hypertension, Heart Disease, Obesity, Kidney Disease","Pakistani, Indian, Low Fat, Dash, Balanced"
1580,178.92,66.22,66.05,35.95,16.55,1204,Anda Ghotala (Spiced Scrambled Eggs) with 1 Tandoori Roti,Bhindi Masala (Okra Curry) with 2 Whole Wheat Chapatis,Beef Nihari with 1 Roghani Naan & Ginger Lemon Garnish,Gajar ka Halwa (100g Small Cup - Traditional Sweet),372,11.29,41.8,Kidney Disease,"Pakistani, Indian, Traditional, Balanced"
1805,207.45,104.29,60.33,13.12,26.35,1334,Besan ka Chilla (Savory Gram Flour Pancake) with Mint Dahi,Beef Pulao Gosht with Mint Raita & Sliced Cucumbers,Palak Gosht (Spinach Mutton Curry) with 1.5 Chapatis,Roasted Chickpeas (Bhuna Chana - 50g) with Green Tea,510,20.63,42.05,"Diabetes, Heart Disease, Obesity","Pakistani, Indian, Traditional, Balanced"
1659,197.4,77.17,60.41,20.85,14.12,1310,Oatmeal Porridge in Cow Milk with Sliced Bananas & Almonds,Chicken Biryani with Mint Zeera Raita & Fresh Salad,Beef Nihari with 1 Roghani Naan & Ginger Lemon Garnish,1 Vegetable Potato Samosa with Mint Green Chutney,357,11.06,24.67,Kidney Disease,"Pakistani, Indian, Traditional, Balanced"
2059,245.65,96.32,76.24,41.28,24.46,1519,Halwa Puri with Chana Masala (Sunday Special),Kofta Curry (Spiced Meatballs) with 2 Chapatis,Chicken Haleem with 1 Tandoori Naan & Brown Onions,Roasted Chickpeas (Bhuna Chana - 50g) with Green Tea,316,15.9,18.35,None,"Pakistani, Indian, Traditional, Balanced"
1888,201.13,100.26,71.83,41.56,18.98,1426,Anda Ghotala (Spiced Scrambled Eggs) with 1 Tandoori Roti,Kofta Curry (Spiced Meatballs) with 2 Chapatis,Chicken Haleem with 1 Tandoori Naan & Brown Onions,Gajar ka Halwa (100g Small Cup - Traditional Sweet),390,13.96,24.63,None,"Pakistani, Indian, Traditional, Balanced"
1818,184.73,89.67,78.41,14.62,16.64,1501,Plain Desi Ghee Paratha with Shami Kabab & Chai,Beef Pulao Gosht with Mint Raita & Sliced Cucumbers,Palak Gosht (Spinach Mutton Curry) with 1.5 Chapatis,1 Vegetable Potato Samosa with Mint Green Chutney,409,16.55,37.04,None,"Pakistani, Indian, Traditional, Balanced"
1390,153.67,70.36,52.23,18.99,15.88,1174,1 Whole Wheat Chapati with Fried Egg & Doodh Patti Chai,Kofta Curry (Spiced Meatballs) with 2 Chapatis,Palak Paneer (Spinach with Cottage Cheese) with 2 Chapatis,Dahi Bhalla (Dahi Baray) with Chaat Masala & Papdi,488,12.43,33.24,"Hypertension, Heart Disease, Obesity, Kidney Disease","Pakistani, Indian, Low Carb, Traditional"
2000,218.88,123.33,68.66,15.0,23.89,1589,Besan ka Chilla (Savory Gram Flour Pancake) with Mint Dahi,Chicken Karahi (200g) with 2 Whole Wheat Chapatis & Salad,Beef Nihari with 1 Roghani Naan & Ginger Lemon Garnish,Roasted Chickpeas (Bhuna Chana - 50g) with Green Tea,367,18.0,32.78,None,"Pakistani, Indian, High Protein, Traditional"
2257,275.13,100.18,82.3,16.46,22.46,1869,1 Crispy Aloo Paratha with Fresh Dahi & Mint Raita,Chicken Biryani with Mint Zeera Raita & Fresh Salad,Chicken Haleem with 1 Tandoori Naan & Brown Onions,1 Vegetable Potato Samosa with Mint Green Chutney,464,14.93,32.92,None,"Pakistani, Indian, Traditional, Balanced"
1739,187.02,90.24,68.73,32.26,16.46,1543,Anda Ghotala (Spiced Scrambled Eggs) with 1 Tandoori Roti,Aloo Gosht (Potato Beef Curry) with 1.5 Tandoori Rotis,Beef Nihari with 1 Roghani Naan & Ginger Lemon Garnish,"Fresh Fruit Chaat (Apple, Guava, Banana & Chaat Masala)",248,13.65,66.39,None,"Pakistani, Indian, Traditional, Balanced"
1640,222.09,82.52,43.3,19.36,23.13,1284,2 Boiled Eggs with 2 Brown Bread Toasts & Green Tea,Daal Masoor Curry with Boiled Basmati Rice & Kachumber,Chicken Haleem with 1 Tandoori Naan & Brown Onions,Doodh Patti Chai with 2 Whole Wheat Rusks,397,13.14,22.41,"Diabetes, Heart Disease, Obesity, Kidney Disease","Pakistani, Indian, Low Fat, Dash, Balanced"
1754,209.6,113.63,48.54,24.82,20.08,1307,Wheat Dalia (Cracked Wheat Porridge in Buffalo Milk),Kofta Curry (Spiced Meatballs) with 2 Chapatis,Balochi Sajji (Roasted Chicken) with 1 cup Zeera Rice,"Chana Chaat with Dahi, Onion, Tomato & Tamarind Chutney",496,13.79,28.13,"Diabetes, Hypertension, Heart Disease, Obesity","Pakistani, Indian, High Protein, Traditional"
1222,170.38,47.33,33.56,25.82,17.9,774,Oatmeal Porridge in Cow Milk with Sliced Bananas & Almonds,Daal Channa with 2 Chapatis & Onion Salad,Anda Curry with 2 Chapatis & Onion Salad,Doodh Patti Chai with 2 Whole Wheat Rusks,396,9.29,18.5,"Hypertension, Heart Disease, Obesity, Kidney Disease","Pakistani, Indian, Low Fat, Dash, Balanced"
1983,223.68,93.62,77.83,16.14,22.25,1568,1 Crispy Aloo Paratha with Fresh Dahi & Mint Raita,Chicken Karahi (200g) with 2 Whole Wheat Chapatis & Salad,Palak Paneer (Spinach with Cottage Cheese) with 2 Chapatis,1 Vegetable Potato Samosa with Mint Green Chutney,617,16.14,59.95,Hypertension,"Pakistani, Indian, Traditional, Balanced"
1715,220.39,89.75,48.28,24.65,26.92,1227,Oatmeal Porridge in Cow Milk with Sliced Bananas & Almonds,Daal Masoor Curry with Boiled Basmati Rice & Kachumber,Palak Gosht (Spinach Mutton Curry) with 1.5 Chapatis,1 Chicken Shami Kebab with Sliced Cucumber & Mint Raita,568,17.95,59.07,"Diabetes, Hypertension, Heart Disease, Obesity, Kidney Disease","Pakistani, Indian, Low Fat, Dash, Balanced"
1384,188.37,69.76,37.51,38.34,17.5,729,Wheat Dalia (Cracked Wheat Porridge in Buffalo Milk),Lobia / Red Kidney Bean Curry (Kalool) with Zeera Rice,Balochi Sajji (Roasted Chicken) with 1 cup Zeera Rice,Gajar ka Halwa (100g Small Cup - Traditional Sweet),463,9.67,11.67,"Hypertension, Kidney Disease","Pakistani, Indian, Low Fat, Dash, Balanced"
1493,208.49,66.72,43.37,24.6,18.76,1022,Wheat Dalia (Cracked Wheat Porridge in Buffalo Milk),Lobia / Red Kidney Bean Curry (Kalool) with Zeera Rice,Beef Nihari with 1 Roghani Naan & Ginger Lemon Garnish,Doodh Patti Chai with 2 Whole Wheat Rusks,455,11.26,13.76,Kidney Disease,"Pakistani, Indian, Low Fat, Dash, Balanced"
2245,221.09,116.53,98.45,78.3,17.27,1716,Halwa Puri with Chana Masala (Sunday Special),Aloo Gosht (Potato Beef Curry) with 1.5 Tandoori Rotis,Chicken Tikka Boti (Grilled) with Mint Raita & Fresh Salad,Gajar ka Halwa (100g Small Cup - Traditional Sweet),449,14.85,38.0,None,"Pakistani, Indian, High Protein, Traditional"
1752,253.49,54.98,61.51,59.64,20.6,1305,Halwa Puri with Chana Masala (Sunday Special),Chicken Biryani with Mint Zeera Raita & Fresh Salad,"Mix Sabzi (Carrot, Peas, Potatoes) with 2 Chapatis","Fresh Fruit Chaat (Apple, Guava, Banana & Chaat Masala)",312,10.9,89.47,Kidney Disease,"Pakistani, Indian, Traditional, Balanced"
1337,170.78,72.4,37.59,13.92,18.93,1169,Besan ka Chilla (Savory Gram Flour Pancake) with Mint Dahi,Daal Masoor Curry with Boiled Basmati Rice & Kachumber,Machli (Fried Spiced Fish) with 1 Roti & Fresh Lemon,Dahi Bhalla (Dahi Baray) with Chaat Masala & Papdi,404,11.88,25.99,"Hypertension, Heart Disease, Obesity, Kidney Disease","Pakistani, Indian, Low Fat, Dash, Balanced"
1484,184.73,66.94,51.89,22.0,25.63,1110,Besan ka Chilla (Savory Gram Flour Pancake) with Mint Dahi,Bhindi Masala (Okra Curry) with 2 Whole Wheat Chapatis,Palak Gosht (Spinach Mutton Curry) with 1.5 Chapatis,Doodh Patti Chai with 2 Whole Wheat Rusks,571,15.57,67.46,"Diabetes, Hypertension, Heart Disease, Obesity, Kidney Disease","Pakistani, Indian, Traditional, Balanced"
1838,184.96,126.95,60.08,11.49,21.02,1436,2 Boiled Eggs with 2 Brown Bread Toasts & Green Tea,Aloo Gosht (Potato Beef Curry) with 1.5 Tandoori Rotis,Balochi Sajji (Roasted Chicken) with 1 cup Zeera Rice,Roasted Chickpeas (Bhuna Chana - 50g) with Green Tea,345,16.08,18.96,"Diabetes, Heart Disease, Obesity","Pakistani, Indian, High Protein, Traditional"
1852,191.88,105.42,69.72,12.83,15.39,1573,Anda Ghotala (Spiced Scrambled Eggs) with 1 Tandoori Roti,Beef Pulao Gosht with Mint Raita & Sliced Cucumbers,Anda Curry with 2 Chapatis & Onion Salad,1 Chicken Shami Kebab with Sliced Cucumber & Mint Raita,346,15.51,30.12,Obesity,"Pakistani, Indian, Traditional, Balanced"
1731,193.58,96.25,60.76,34.95,20.11,1441,Mooli Paratha with Zeera Raita & Chai,Chicken Karahi (200g) with 2 Whole Wheat Chapatis & Salad,Peshawari Chapli Kabab with 1 Whole Wheat Roti & Salad,"Fresh Fruit Chaat (Apple, Guava, Banana & Chaat Masala)",339,13.55,93.56,"Diabetes, Heart Disease","Pakistani, Indian, Traditional, Balanced"
1447,160.62,83.84,48.98,14.56,16.59,1262,Anda Ghotala (Spiced Scrambled Eggs) with 1 Tandoori Roti,Chicken Karahi (200g) with 2 Whole Wheat Chapatis & Salad,Anda Curry with 2 Chapatis & Onion Salad,"Chana Chaat with Dahi, Onion, Tomato & Tamarind Chutney",291,11.91,40.6,"Hypertension, Heart Disease, Obesity, Kidney Disease","Pakistani, Indian, Low Carb, Traditional"
1782,192.93,100.89,64.97,18.21,16.83,1585,Plain Desi Ghee Paratha with Shami Kabab & Chai,Chicken Biryani with Mint Zeera Raita & Fresh Salad,Machli (Fried Spiced Fish) with 1 Roti & Fresh Lemon,"Chana Chaat with Dahi, Onion, Tomato & Tamarind Chutney",438,13.29,31.99,None,"Pakistani, Indian, Traditional, Balanced"
2222,229.99,106.06,96.57,45.44,21.77,1820,Halwa Puri with Chana Masala (Sunday Special),Aloo Gosht (Potato Beef Curry) with 1.5 Tandoori Rotis,Palak Gosht (Spinach Mutton Curry) with 1.5 Chapatis,1 Chicken Shami Kebab with Sliced Cucumber & Mint Raita,435,19.54,51.36,None,"Pakistani, Indian, Traditional, Balanced"
1488,195.93,67.13,45.35,14.51,24.4,1243,Mooli Paratha with Zeera Raita & Chai,Lobia / Red Kidney Bean Curry (Kalool) with Zeera Rice,Peshawari Chapli Kabab with 1 Whole Wheat Roti & Salad,"Chana Chaat with Dahi, Onion, Tomato & Tamarind Chutney",363,13.79,40.37,"Diabetes, Heart Disease, Kidney Disease","Pakistani, Indian, Low Fat, Dash, Balanced"
1760,212.17,100.84,51.88,16.9,23.55,1422,Besan ka Chilla (Savory Gram Flour Pancake) with Mint Dahi,Daal Channa with 2 Chapatis & Onion Salad,Balochi Sajji (Roasted Chicken) with 1 cup Zeera Rice,Dahi Bhalla (Dahi Baray) with Chaat Masala & Papdi,431,14.92,20.98,"Diabetes, Hypertension, Heart Disease, Obesity","Pakistani, Indian, Traditional, Balanced"
1293,152.92,67.49,41.06,10.38,20.29,1076,Besan ka Chilla (Savory Gram Flour Pancake) with Mint Dahi,Daal Channa with 2 Chapatis & Onion Salad,Anda Curry with 2 Chapatis & Onion Salad,1 Chicken Shami Kebab with Sliced Cucumber & Mint Raita,307,12.84,24.07,"Diabetes, Hypertension, Heart Disease, Obesity, Kidney Disease","Pakistani, Indian, Low Carb, Traditional"
1468,214.85,68.58,36.45,23.21,26.09,1089,Wheat Dalia (Cracked Wheat Porridge in Buffalo Milk),Daal Masoor Curry with Boiled Basmati Rice & Kachumber,Palak Gosht (Spinach Mutton Curry) with 1.5 Chapatis,"Chana Chaat with Dahi, Onion, Tomato & Tamarind Chutney",571,15.35,53.23,"Diabetes, Hypertension, Heart Disease, Obesity, Kidney Disease","Pakistani, Indian, Low Fat, Dash, Balanced"
1601,196.92,81.61,50.34,12.11,24.11,1211,1 Crispy Aloo Paratha with Fresh Dahi & Mint Raita,Daal Channa with 2 Chapatis & Onion Salad,Machli (Fried Spiced Fish) with 1 Roti & Fresh Lemon,Roasted Chickpeas (Bhuna Chana - 50g) with Green Tea,437,13.69,20.01,"Hypertension, Heart Disease, Kidney Disease","Pakistani, Indian, Traditional, Balanced"
1968,212.68,109.17,71.84,20.93,27.15,1753,Plain Desi Ghee Paratha with Shami Kabab & Chai,Beef Shami Kebab (2 pcs) with 1 Whole Wheat Roti & Salad,Chicken Haleem with 1 Tandoori Naan & Brown Onions,"Chana Chaat with Dahi, Onion, Tomato & Tamarind Chutney",379,17.53,32.24,Diabetes,"Pakistani, Indian, Traditional, Balanced"
2073,232.16,104.16,79.29,23.32,14.72,1793,1 Whole Wheat Chapati with Fried Egg & Doodh Patti Chai,Beef Pulao Gosht with Mint Raita & Sliced Cucumbers,Beef Nihari with 1 Roghani Naan & Ginger Lemon Garnish,Dahi Bhalla (Dahi Baray) with Chaat Masala & Papdi,399,15.13,17.1,None,"Pakistani, Indian, Traditional, Balanced"
1712,189.48,88.82,64.06,40.05,21.85,1410,1 Whole Wheat Chapati with Fried Egg & Doodh Patti Chai,Aloo Gosht (Potato Beef Curry) with 1.5 Tandoori Rotis,Palak Gosht (Spinach Mutton Curry) with 1.5 Chapatis,"Fresh Fruit Chaat (Apple, Guava, Banana & Chaat Masala)",414,16.47,90.43,"Heart Disease, Obesity","Pakistani, Indian, Traditional, Balanced"
1576,216.75,85.22,38.92,19.21,26.6,1099,Wheat Dalia (Cracked Wheat Porridge in Buffalo Milk),Lobia / Red Kidney Bean Curry (Kalool) with Zeera Rice,Chicken Haleem with 1 Tandoori Naan & Brown Onions,1 Chicken Shami Kebab with Sliced Cucumber & Mint Raita,478,13.6,18.72,"Diabetes, Heart Disease, Obesity, Kidney Disease","Pakistani, Indian, Low Fat, Dash, Balanced"
1927,206.08,97.37,77.28,23.91,17.0,1484,Plain Desi Ghee Paratha with Shami Kabab & Chai,Beef Pulao Gosht with Mint Raita & Sliced Cucumbers,Palak Gosht (Spinach Mutton Curry) with 1.5 Chapatis,Doodh Patti Chai with 2 Whole Wheat Rusks,520,17.21,36.06,None,"Pakistani, Indian, Traditional, Balanced"
1326,178.07,59.82,41.27,36.63,19.48,1048,1 Whole Wheat Chapati with Fried Egg & Doodh Patti Chai,Kofta Curry (Spiced Meatballs) with 2 Chapatis,"Mix Sabzi (Carrot, Peas, Potatoes) with 2 Chapatis","Fresh Fruit Chaat (Apple, Guava, Banana & Chaat Masala)",260,10.57,83.47,"Hypertension, Heart Disease, Obesity, Kidney Disease","Pakistani, Indian, Low Fat, Dash, Balanced"
1917,181.07,128.16,70.55,12.35,17.28,1728,2 Boiled Eggs with 2 Brown Bread Toasts & Green Tea,Beef Pulao Gosht with Mint Raita & Sliced Cucumbers,Peshawari Chapli Kabab with 1 Whole Wheat Roti & Salad,1 Chicken Shami Kebab with Sliced Cucumber & Mint Raita,370,17.64,28.81,Obesity,"Pakistani, Indian, High Protein, Traditional"
1580,186.44,68.36,63.48,53.0,19.8,1243,Halwa Puri with Chana Masala (Sunday Special),Beef Shami Kebab (2 pcs) with 1 Whole Wheat Roti & Salad,Palak Gosht (Spinach Mutton Curry) with 1.5 Chapatis,"Fresh Fruit Chaat (Apple, Guava, Banana & Chaat Masala)",328,14.12,74.58,Kidney Disease,"Pakistani, Indian, Traditional, Balanced"
1640,156.55,104.72,61.88,21.16,15.55,1439,Mooli Paratha with Zeera Raita & Chai,Aloo Gosht (Potato Beef Curry) with 1.5 Tandoori Rotis,Chicken Tikka Boti (Grilled) with Mint Raita & Fresh Salad,Doodh Patti Chai with 2 Whole Wheat Rusks,428,12.27,42.84,Heart Disease,"Pakistani, Indian, Low Carb, Traditional"
1608,200.95,84.95,51.15,29.23,13.79,1224,1 Crispy Aloo Paratha with Fresh Dahi & Mint Raita,Chicken Biryani with Mint Zeera Raita & Fresh Salad,Balochi Sajji (Roasted Chicken) with 1 cup Zeera Rice,"Fresh Fruit Chaat (Apple, Guava, Banana & Chaat Masala)",343,10.14,61.2,"Hypertension, Heart Disease, Kidney Disease","Pakistani, Indian, Traditional, Balanced"
1782,238.93,89.6,49.43,16.48,30.18,1462,Anda Ghotala (Spiced Scrambled Eggs) with 1 Tandoori Roti,Lobia / Red Kidney Bean Curry (Kalool) with Zeera Rice,Chicken Haleem with 1 Tandoori Naan & Brown Onions,"Chana Chaat with Dahi, Onion, Tomato & Tamarind Chutney",376,15.96,33.47,"Diabetes, Heart Disease, Obesity","Pakistani, Indian, Low Fat, Dash, Balanced"
1547,210.21,68.29,44.6,27.74,28.06,1003,Oatmeal Porridge in Cow Milk with Sliced Bananas & Almonds,Aloo Gosht (Potato Beef Curry) with 1.5 Tandoori Rotis,"Mix Sabzi (Carrot, Peas, Potatoes) with 2 Chapatis",Roasted Chickpeas (Bhuna Chana - 50g) with Green Tea,416,13.98,55.49,"Diabetes, Heart Disease, Obesity, Kidney Disease","Pakistani, Indian, Low Fat, Dash, Balanced"
1428,197.89,55.09,44.41,37.1,27.55,1102,Besan ka Chilla (Savory Gram Flour Pancake) with Mint Dahi,Bhindi Masala (Okra Curry) with 2 Whole Wheat Chapatis,Anda Curry with 2 Chapatis & Onion Salad,"Fresh Fruit Chaat (Apple, Guava, Banana & Chaat Masala)",422,13.15,102.88,"Hypertension, Heart Disease, Obesity, Kidney Disease","Pakistani, Indian, Low Fat, Dash, Balanced"
1722,182.06,89.75,67.78,12.57,19.29,1425,Mooli Paratha with Zeera Raita & Chai,Chicken Karahi (200g) with 2 Whole Wheat Chapatis & Salad,Palak Gosht (Spinach Mutton Curry) with 1.5 Chapatis,1 Vegetable Potato Samosa with Mint Green Chutney,425,14.84,59.37,Hypertension,"Pakistani, Indian, Traditional, Balanced"
1890,202.67,113.48,67.56,22.7,17.1,1546,Wheat Dalia (Cracked Wheat Porridge in Buffalo Milk),Kofta Curry (Spiced Meatballs) with 2 Chapatis,Beef Nihari with 1 Roghani Naan & Ginger Lemon Garnish,1 Chicken Shami Kebab with Sliced Cucumber & Mint Raita,459,15.1,23.75,None,"Pakistani, Indian, High Protein, Traditional"
1447,165.13,70.42,54.88,34.0,20.5,1185,Plain Desi Ghee Paratha with Shami Kabab & Chai,Bhindi Masala (Okra Curry) with 2 Whole Wheat Chapatis,Machli (Fried Spiced Fish) with 1 Roti & Fresh Lemon,"Fresh Fruit Chaat (Apple, Guava, Banana & Chaat Masala)",398,11.17,83.05,"Diabetes, Kidney Disease","Pakistani, Indian, Low Carb, Traditional"
1757,230.95,57.74,69.58,60.9,25.96,1293,Halwa Puri with Chana Masala (Sunday Special),Bhindi Masala (Okra Curry) with 2 Whole Wheat Chapatis,Palak Gosht (Spinach Mutton Curry) with 1.5 Chapatis,"Fresh Fruit Chaat (Apple, Guava, Banana & Chaat Masala)",449,14.8,106.59,Kidney Disease,"Pakistani, Indian, Traditional, Balanced"
1525,136.62,112.07,55.93,9.9,13.17,1426,2 Boiled Eggs with 2 Brown Bread Toasts & Green Tea,Beef Pulao Gosht with Mint Raita & Sliced Cucumbers,Chicken Tikka Boti (Grilled) with Mint Raita & Fresh Salad,1 Vegetable Potato Samosa with Mint Green Chutney,322,12.47,27.22,None,"Pakistani, Indian, High Protein, Traditional"
1769,169.8,97.54,73.78,23.75,14.55,1486,Plain Desi Ghee Paratha with Shami Kabab & Chai,Kofta Curry (Spiced Meatballs) with 2 Chapatis,Peshawari Chapli Kabab with 1 Whole Wheat Roti & Salad,Doodh Patti Chai with 2 Whole Wheat Rusks,369,14.55,25.27,None,"Pakistani, Indian, Low Carb, Traditional"
2413,268.41,123.02,93.0,22.96,17.42,2201,Anda Ghotala (Spiced Scrambled Eggs) with 1 Tandoori Roti,Chicken Biryani with Mint Zeera Raita & Fresh Salad,Beef Nihari with 1 Roghani Naan & Ginger Lemon Garnish,Dahi Bhalla (Dahi Baray) with Chaat Masala & Papdi,489,16.83,37.08,None,"Pakistani, Indian, High Protein, Traditional"
1743,235.32,52.47,66.67,59.7,22.66,1063,Halwa Puri with Chana Masala (Sunday Special),Lobia / Red Kidney Bean Curry (Kalool) with Zeera Rice,Palak Paneer (Spinach with Cottage Cheese) with 2 Chapatis,Gajar ka Halwa (100g Small Cup - Traditional Sweet),545,13.51,32.68,Kidney Disease,"Pakistani, Indian, Traditional, Balanced"
1738,213.62,96.86,52.88,11.0,18.01,1340,1 Crispy Aloo Paratha with Fresh Dahi & Mint Raita,Daal Masoor Curry with Boiled Basmati Rice & Kachumber,Balochi Sajji (Roasted Chicken) with 1 cup Zeera Rice,1 Chicken Shami Kebab with Sliced Cucumber & Mint Raita,356,13.51,30.37,"Hypertension, Heart Disease","Pakistani, Indian, Traditional, Balanced"
1425,163.13,82.55,48.15,17.2,22.6,1297,1 Crispy Aloo Paratha with Fresh Dahi & Mint Raita,Bhindi Masala (Okra Curry) with 2 Whole Wheat Chapatis,Chicken Tikka Boti (Grilled) with Mint Raita & Fresh Salad,"Chana Chaat with Dahi, Onion, Tomato & Tamarind Chutney",457,12.09,66.83,"Hypertension, Heart Disease, Kidney Disease","Pakistani, Indian, Low Carb, Traditional"
1783,185.3,94.64,71.23,20.92,19.13,1484,Plain Desi Ghee Paratha with Shami Kabab & Chai,Chicken Karahi (200g) with 2 Whole Wheat Chapatis & Salad,Palak Paneer (Spinach with Cottage Cheese) with 2 Chapatis,Dahi Bhalla (Dahi Baray) with Chaat Masala & Papdi,588,15.24,47.82,None,"Pakistani, Indian, Traditional, Balanced"
1645,182.36,97.99,55.02,20.96,19.39,1268,2 Boiled Eggs with 2 Brown Bread Toasts & Green Tea,Chicken Karahi (200g) with 2 Whole Wheat Chapatis & Salad,Palak Paneer (Spinach with Cottage Cheese) with 2 Chapatis,Doodh Patti Chai with 2 Whole Wheat Rusks,603,14.25,46.11,"Hypertension, Heart Disease, Obesity","Pakistani, Indian, Traditional, Balanced"
1364,170.91,76.42,39.85,14.79,15.45,961,Anda Ghotala (Spiced Scrambled Eggs) with 1 Tandoori Roti,Lobia / Red Kidney Bean Curry (Kalool) with Zeera Rice,Balochi Sajji (Roasted Chicken) with 1 cup Zeera Rice,Doodh Patti Chai with 2 Whole Wheat Rusks,304,10.35,15.61,"Hypertension, Heart Disease, Obesity, Kidney Disease","Pakistani, Indian, Low Fat, Dash, Balanced"
1814,239.64,70.75,61.05,22.82,28.76,1563,Mooli Paratha with Zeera Raita & Chai,Aloo Gosht (Potato Beef Curry) with 1.5 Tandoori Rotis,"Mix Sabzi (Carrot, Peas, Potatoes) with 2 Chapatis","Chana Chaat with Dahi, Onion, Tomato & Tamarind Chutney",411,15.06,79.88,"Diabetes, Heart Disease","Pakistani, Indian, Traditional, Balanced"
1631,158.93,107.7,58.55,16.73,20.08,1568,Mooli Paratha with Zeera Raita & Chai,Aloo Gosht (Potato Beef Curry) with 1.5 Tandoori Rotis,Chicken Tikka Boti (Grilled) with Mint Raita & Fresh Salad,"Chana Chaat with Dahi, Onion, Tomato & Tamarind Chutney",392,13.91,54.37,"Diabetes, Heart Disease","Pakistani, Indian, Low Carb, Traditional"
1386,169.82,57.18,52.42,33.79,19.32,1135,Plain Desi Ghee Paratha with Shami Kabab & Chai,Aloo Gosht (Potato Beef Curry) with 1.5 Tandoori Rotis,"Mix Sabzi (Carrot, Peas, Potatoes) with 2 Chapatis","Fresh Fruit Chaat (Apple, Guava, Banana & Chaat Masala)",256,11.26,81.01,Kidney Disease,"Pakistani, Indian, Low Carb, Traditional"
1347,153.14,70.85,48.85,29.04,17.87,1100,Anda Ghotala (Spiced Scrambled Eggs) with 1 Tandoori Roti,Kofta Curry (Spiced Meatballs) with 2 Chapatis,Palak Paneer (Spinach with Cottage Cheese) with 2 Chapatis,"Fresh Fruit Chaat (Apple, Guava, Banana & Chaat Masala)",414,12.76,76.57,"Hypertension, Heart Disease, Obesity, Kidney Disease","Pakistani, Indian, Low Carb, Traditional"
1753,179.62,90.57,71.41,47.28,20.02,1288,1 Whole Wheat Chapati with Fried Egg & Doodh Patti Chai,Beef Shami Kebab (2 pcs) with 1 Whole Wheat Roti & Salad,Palak Gosht (Spinach Mutton Curry) with 1.5 Chapatis,Gajar ka Halwa (100g Small Cup - Traditional Sweet),519,16.34,42.2,Hypertension,"Pakistani, Indian, Traditional, Balanced"
1653,227.93,71.8,46.73,38.18,23.59,1083,Oatmeal Porridge in Cow Milk with Sliced Bananas & Almonds,Kofta Curry (Spiced Meatballs) with 2 Chapatis,"Mix Sabzi (Carrot, Peas, Potatoes) with 2 Chapatis",Doodh Patti Chai with 2 Whole Wheat Rusks,501,12.42,56.41,"Hypertension, Heart Disease, Obesity, Kidney Disease","Pakistani, Indian, Low Fat, Dash, Balanced"
1733,196.21,94.29,61.59,13.08,20.17,1341,1 Crispy Aloo Paratha with Fresh Dahi & Mint Raita,Bhindi Masala (Okra Curry) with 2 Whole Wheat Chapatis,Balochi Sajji (Roasted Chicken) with 1 cup Zeera Rice,1 Chicken Shami Kebab with Sliced Cucumber & Mint Raita,431,12.97,51.23,"Hypertension, Heart Disease","Pakistani, Indian, Traditional, Balanced"
1360,164.84,85.12,38.55,10.81,22.34,1036,1 Crispy Aloo Paratha with Fresh Dahi & Mint Raita,Lobia / Red Kidney Bean Curry (Kalool) with Zeera Rice,Chicken Tikka Boti (Grilled) with Mint Raita & Fresh Salad,Roasted Chickpeas (Bhuna Chana - 50g) with Green Tea,383,12.79,28.37,"Hypertension, Heart Disease, Kidney Disease","Pakistani, Indian, Low Carb, Traditional"
1400,131.38,89.03,54.45,15.56,13.14,1340,1 Crispy Aloo Paratha with Fresh Dahi & Mint Raita,Aloo Gosht (Potato Beef Curry) with 1.5 Tandoori Rotis,Chicken Tikka Boti (Grilled) with Mint Raita & Fresh Salad,Dahi Bhalla (Dahi Baray) with Chaat Masala & Papdi,372,10.89,32.41,"Heart Disease, Kidney Disease","Pakistani, Indian, Low Carb, Traditional"
1685,223.3,81.67,49.62,20.88,28.95,1334,1 Whole Wheat Chapati with Fried Egg & Doodh Patti Chai,Lobia / Red Kidney Bean Curry (Kalool) with Zeera Rice,Palak Gosht (Spinach Mutton Curry) with 1.5 Chapatis,"Chana Chaat with Dahi, Onion, Tomato & Tamarind Chutney",496,17.78,49.11,"Diabetes, Hypertension, Heart Disease, Obesity, Kidney Disease","Pakistani, Indian, Low Fat, Dash, Balanced"
1538,185.89,100.96,41.66,20.3,22.11,1399,1 Whole Wheat Chapati with Fried Egg & Doodh Patti Chai,Daal Masoor Curry with Boiled Basmati Rice & Kachumber,Chicken Tikka Boti (Grilled) with Mint Raita & Fresh Salad,"Chana Chaat with Dahi, Onion, Tomato & Tamarind Chutney",379,13.89,48.07,"Diabetes, Hypertension, Heart Disease, Obesity","Pakistani, Indian, Low Fat, Dash, Balanced"
1881,209.51,97.33,70.68,12.2,18.41,1576,Anda Ghotala (Spiced Scrambled Eggs) with 1 Tandoori Roti,Beef Pulao Gosht with Mint Raita & Sliced Cucumbers,Chicken Haleem with 1 Tandoori Naan & Brown Onions,1 Vegetable Potato Samosa with Mint Green Chutney,295,14.34,22.37,None,"Pakistani, Indian, Traditional, Balanced"
1402,150.4,98.41,42.24,13.46,18.57,1235,Besan ka Chilla (Savory Gram Flour Pancake) with Mint Dahi,Chicken Karahi (200g) with 2 Whole Wheat Chapatis & Salad,Machli (Fried Spiced Fish) with 1 Roti & Fresh Lemon,"Chana Chaat with Dahi, Onion, Tomato & Tamarind Chutney",357,12.44,35.74,"Hypertension, Heart Disease, Obesity","Pakistani, Indian, Low Carb, Traditional"
1573,157.27,96.11,57.28,16.21,18.35,1446,2 Boiled Eggs with 2 Brown Bread Toasts & Green Tea,Kofta Curry (Spiced Meatballs) with 2 Chapatis,Palak Gosht (Spinach Mutton Curry) with 1.5 Chapatis,Dahi Bhalla (Dahi Baray) with Chaat Masala & Papdi,476,15.63,39.8,"Hypertension, Heart Disease, Obesity","Pakistani, Indian, Low Carb, Traditional"
1429,147.48,77.61,55.31,11.06,17.51,1235,2 Boiled Eggs with 2 Brown Bread Toasts & Green Tea,Kofta Curry (Spiced Meatballs) with 2 Chapatis,Palak Paneer (Spinach with Cottage Cheese) with 2 Chapatis,1 Vegetable Potato Samosa with Mint Green Chutney,452,13.46,36.41,"Hypertension, Kidney Disease","Pakistani, Indian, Low Carb, Traditional"
1716,181.51,116.06,54.23,10.45,19.36,1375,2 Boiled Eggs with 2 Brown Bread Toasts & Green Tea,Beef Pulao Gosht with Mint Raita & Sliced Cucumbers,Machli (Fried Spiced Fish) with 1 Roti & Fresh Lemon,Roasted Chickpeas (Bhuna Chana - 50g) with Green Tea,424,15.18,13.75,"Heart Disease, Obesity","Pakistani, Indian, High Protein, Traditional"
1464,190.82,53.73,51.87,22.23,19.17,1139,Mooli Paratha with Zeera Raita & Chai,Aloo Gosht (Potato Beef Curry) with 1.5 Tandoori Rotis,"Mix Sabzi (Carrot, Peas, Potatoes) with 2 Chapatis",Doodh Patti Chai with 2 Whole Wheat Rusks,361,10.65,54.19,"Heart Disease, Kidney Disease","Pakistani, Indian, Traditional, Balanced"
1730,182.59,115.32,56.38,15.48,17.62,1260,1 Whole Wheat Chapati with Fried Egg & Doodh Patti Chai,Kofta Curry (Spiced Meatballs) with 2 Chapatis,Balochi Sajji (Roasted Chicken) with 1 cup Zeera Rice,Roasted Chickpeas (Bhuna Chana - 50g) with Green Tea,310,14.31,14.95,"Hypertension, Heart Disease, Obesity","Pakistani, Indian, High Protein, Traditional"
1113,136.88,60.61,34.22,12.78,20.61,973,Besan ka Chilla (Savory Gram Flour Pancake) with Mint Dahi,Bhindi Masala (Okra Curry) with 2 Whole Wheat Chapatis,Machli (Fried Spiced Fish) with 1 Roti & Fresh Lemon,"Chana Chaat with Dahi, Onion, Tomato & Tamarind Chutney",371,10.55,44.94,"Diabetes, Hypertension, Heart Disease, Obesity, Kidney Disease","Pakistani, Indian, Low Carb, Traditional"
1380,179.98,58.28,45.0,34.51,19.83,944,2 Boiled Eggs with 2 Brown Bread Toasts & Green Tea,Daal Masoor Curry with Boiled Basmati Rice & Kachumber,Palak Paneer (Spinach with Cottage Cheese) with 2 Chapatis,Gajar ka Halwa (100g Small Cup - Traditional Sweet),537,12.49,38.01,"Hypertension, Kidney Disease","Pakistani, Indian, Low Fat, Dash, Balanced"
1810,167.28,110.22,72.18,13.18,17.99,1696,2 Boiled Eggs with 2 Brown Bread Toasts & Green Tea,Kofta Curry (Spiced Meatballs) with 2 Chapatis,Peshawari Chapli Kabab with 1 Whole Wheat Roti & Salad,1 Vegetable Potato Samosa with Mint Green Chutney,321,15.93,31.51,None,"Pakistani, Indian, High Protein, Traditional"
1767,195.45,89.83,68.61,34.75,19.05,1402,Plain Desi Ghee Paratha with Shami Kabab & Chai,Beef Pulao Gosht with Mint Raita & Sliced Cucumbers,Palak Gosht (Spinach Mutton Curry) with 1.5 Chapatis,"Fresh Fruit Chaat (Apple, Guava, Banana & Chaat Masala)",424,16.58,78.48,None,"Pakistani, Indian, Traditional, Balanced"
1320,121.56,113.96,39.41,28.97,15.48,1216,2 Boiled Eggs with 2 Brown Bread Toasts & Green Tea,Chicken Karahi (200g) with 2 Whole Wheat Chapatis & Salad,Chicken Tikka Boti (Grilled) with Mint Raita & Fresh Salad,"Fresh Fruit Chaat (Apple, Guava, Banana & Chaat Masala)",299,10.83,76.45,"Hypertension, Heart Disease, Obesity","Pakistani, Indian, High Protein, Traditional"
2197,274.85,80.2,86.74,45.06,25.91,1701,Halwa Puri with Chana Masala (Sunday Special),Lobia / Red Kidney Bean Curry (Kalool) with Zeera Rice,Peshawari Chapli Kabab with 1 Whole Wheat Roti & Salad,1 Vegetable Potato Samosa with Mint Green Chutney,344,16.9,30.98,None,"Pakistani, Indian, Traditional, Balanced"
1895,217.69,93.36,71.31,22.05,13.61,1680,1 Whole Wheat Chapati with Fried Egg & Doodh Patti Chai,Chicken Biryani with Mint Zeera Raita & Fresh Salad,Beef Nihari with 1 Roghani Naan & Ginger Lemon Garnish,Dahi Bhalla (Dahi Baray) with Chaat Masala & Papdi,399,12.76,22.99,None,"Pakistani, Indian, Traditional, Balanced"
1422,167.93,66.5,51.05,11.16,23.66,1174,Besan ka Chilla (Savory Gram Flour Pancake) with Mint Dahi,Daal Channa with 2 Chapatis & Onion Salad,Palak Gosht (Spinach Mutton Curry) with 1.5 Chapatis,1 Vegetable Potato Samosa with Mint Green Chutney,391,15.46,40.55,"Hypertension, Kidney Disease","Pakistani, Indian, Low Carb, Traditional"
1919,214.03,92.07,77.13,46.76,15.14,1465,Halwa Puri with Chana Masala (Sunday Special),Chicken Karahi (200g) with 2 Whole Wheat Chapatis & Salad,Peshawari Chapli Kabab with 1 Whole Wheat Roti & Salad,Doodh Patti Chai with 2 Whole Wheat Rusks,333,13.02,32.3,None,"Pakistani, Indian, Traditional, Balanced"
1773,197.22,94.95,63.15,43.21,24.6,1307,Besan ka Chilla (Savory Gram Flour Pancake) with Mint Dahi,Beef Shami Kebab (2 pcs) with 1 Whole Wheat Roti & Salad,Chicken Haleem with 1 Tandoori Naan & Brown Onions,Gajar ka Halwa (100g Small Cup - Traditional Sweet),432,15.29,22.71,None,"Pakistani, Indian, Traditional, Balanced"
2253,302.73,93.87,73.34,21.71,27.22,1924,1 Crispy Aloo Paratha with Fresh Dahi & Mint Raita,Daal Masoor Curry with Boiled Basmati Rice & Kachumber,Beef Nihari with 1 Roghani Naan & Ginger Lemon Garnish,"Chana Chaat with Dahi, Onion, Tomato & Tamarind Chutney",463,18.19,46.93,None,"Pakistani, Indian, Traditional, Balanced"
2040,277.2,77.28,66.53,45.46,25.72,1397,1 Crispy Aloo Paratha with Fresh Dahi & Mint Raita,Daal Masoor Curry with Boiled Basmati Rice & Kachumber,Chicken Haleem with 1 Tandoori Naan & Brown Onions,Gajar ka Halwa (100g Small Cup - Traditional Sweet),510,14.53,31.05,Kidney Disease,"Pakistani, Indian, Traditional, Balanced"
1684,195.89,94.64,56.13,22.56,22.23,1233,Besan ka Chilla (Savory Gram Flour Pancake) with Mint Dahi,Chicken Karahi (200g) with 2 Whole Wheat Chapatis & Salad,Palak Paneer (Spinach with Cottage Cheese) with 2 Chapatis,Doodh Patti Chai with 2 Whole Wheat Rusks,633,15.74,51.72,"Diabetes, Hypertension, Heart Disease, Obesity","Pakistani, Indian, Traditional, Balanced"
2337,280.93,105.58,84.62,60.45,18.77,1600,Oatmeal Porridge in Cow Milk with Sliced Bananas & Almonds,Chicken Biryani with Mint Zeera Raita & Fresh Salad,Beef Nihari with 1 Roghani Naan & Ginger Lemon Garnish,Gajar ka Halwa (100g Small Cup - Traditional Sweet),610,14.74,31.09,None,"Pakistani, Indian, Traditional, Balanced"
1340,171.93,83.02,32.45,10.96,20.23,1062,2 Boiled Eggs with 2 Brown Bread Toasts & Green Tea,Lobia / Red Kidney Bean Curry (Kalool) with Zeera Rice,Balochi Sajji (Roasted Chicken) with 1 cup Zeera Rice,"Chana Chaat with Dahi, Onion, Tomato & Tamarind Chutney",308,11.8,20.23,"Diabetes, Hypertension, Heart Disease, Obesity, Kidney Disease","Pakistani, Indian, Low Fat, Dash, Balanced"
2321,294.18,90.83,87.08,48.05,22.97,1688,Halwa Puri with Chana Masala (Sunday Special),Chicken Biryani with Mint Zeera Raita & Fresh Salad,Anda Curry with 2 Chapatis & Onion Salad,Roasted Chickpeas (Bhuna Chana - 50g) with Green Tea,440,16.29,30.47,None,"Pakistani, Indian, Traditional, Balanced"
1874,212.73,71.43,80.51,39.52,15.61,1503,Halwa Puri with Chana Masala (Sunday Special),Kofta Curry (Spiced Meatballs) with 2 Chapatis,Anda Curry with 2 Chapatis & Onion Salad,1 Vegetable Potato Samosa with Mint Green Chutney,273,12.78,24.4,None,"Pakistani, Indian, Traditional, Balanced"
1520,190.43,63.33,55.9,22.71,15.72,1136,Plain Desi Ghee Paratha with Shami Kabab & Chai,Beef Pulao Gosht with Mint Raita & Sliced Cucumbers,"Mix Sabzi (Carrot, Peas, Potatoes) with 2 Chapatis",Doodh Patti Chai with 2 Whole Wheat Rusks,345,11.36,37.56,Kidney Disease,"Pakistani, Indian, Traditional, Balanced"
1525,174.57,93.59,46.27,15.77,24.19,1409,Mooli Paratha with Zeera Raita & Chai,Daal Channa with 2 Chapatis & Onion Salad,Chicken Tikka Boti (Grilled) with Mint Raita & Fresh Salad,"Chana Chaat with Dahi, Onion, Tomato & Tamarind Chutney",410,13.36,50.48,"Diabetes, Hypertension, Heart Disease","Pakistani, Indian, Low Fat, Dash, Balanced"
2073,222.07,111.26,78.18,44.75,14.96,1428,1 Crispy Aloo Paratha with Fresh Dahi & Mint Raita,Kofta Curry (Spiced Meatballs) with 2 Chapatis,Balochi Sajji (Roasted Chicken) with 1 cup Zeera Rice,Gajar ka Halwa (100g Small Cup - Traditional Sweet),476,13.6,22.66,Hypertension,"Pakistani, Indian, High Protein, Traditional"
1427,186.89,73.72,41.6,13.15,21.88,1071,2 Boiled Eggs with 2 Brown Bread Toasts & Green Tea,Beef Pulao Gosht with Mint Raita & Sliced Cucumbers,"Mix Sabzi (Carrot, Peas, Potatoes) with 2 Chapatis",Roasted Chickpeas (Bhuna Chana - 50g) with Green Tea,324,13.15,39.91,"Diabetes, Heart Disease, Obesity, Kidney Disease","Pakistani, Indian, Low Fat, Dash, Balanced"
1599,214.84,78.4,45.61,21.38,20.47,1074,Wheat Dalia (Cracked Wheat Porridge in Buffalo Milk),Chicken Biryani with Mint Zeera Raita & Fresh Salad,Anda Curry with 2 Chapatis & Onion Salad,Roasted Chickpeas (Bhuna Chana - 50g) with Green Tea,535,12.52,24.95,"Hypertension, Heart Disease, Obesity, Kidney Disease","Pakistani, Indian, Low Fat, Dash, Balanced"
1557,181.29,82.47,53.2,10.35,20.1,1301,Anda Ghotala (Spiced Scrambled Eggs) with 1 Tandoori Roti,Lobia / Red Kidney Bean Curry (Kalool) with Zeera Rice,Machli (Fried Spiced Fish) with 1 Roti & Fresh Lemon,1 Vegetable Potato Samosa with Mint Green Chutney,345,12.61,24.14,"Hypertension, Kidney Disease","Pakistani, Indian, Traditional, Balanced"
1707,194.23,83.09,61.8,49.05,15.89,1089,Oatmeal Porridge in Cow Milk with Sliced Bananas & Almonds,Beef Pulao Gosht with Mint Raita & Sliced Cucumbers,Peshawari Chapli Kabab with 1 Whole Wheat Roti & Salad,Gajar ka Halwa (100g Small Cup - Traditional Sweet),471,12.95,24.52,Kidney Disease,"Pakistani, Indian, Traditional, Balanced"
1486,133.2,109.26,54.54,9.65,12.84,1390,2 Boiled Eggs with 2 Brown Bread Toasts & Green Tea,Beef Pulao Gosht with Mint Raita & Sliced Cucumbers,Chicken Tikka Boti (Grilled) with Mint Raita & Fresh Salad,1 Vegetable Potato Samosa with Mint Green Chutney,314,12.16,26.54,None,"Pakistani, Indian, Low Carb, Traditional"
1754,201.12,91.62,59.78,22.91,20.34,1520,1 Whole Wheat Chapati with Fried Egg & Doodh Patti Chai,Kofta Curry (Spiced Meatballs) with 2 Chapatis,Anda Curry with 2 Chapatis & Onion Salad,"Chana Chaat with Dahi, Onion, Tomato & Tamarind Chutney",374,14.86,34.64,"Diabetes, Hypertension, Heart Disease, Obesity","Pakistani, Indian, Traditional, Balanced"
1552,203.74,76.01,43.07,23.44,30.19,971,Oatmeal Porridge in Cow Milk with Sliced Bananas & Almonds,Daal Channa with 2 Chapatis & Onion Salad,Palak Gosht (Spinach Mutton Curry) with 1.5 Chapatis,Roasted Chickpeas (Bhuna Chana - 50g) with Green Tea,544,17.1,42.23,"Diabetes, Hypertension, Heart Disease, Obesity, Kidney Disease","Pakistani, Indian, Low Fat, Dash, Balanced"
1459,222.79,51.8,40.66,22.28,34.2,1192,Besan ka Chilla (Savory Gram Flour Pancake) with Mint Dahi,Bhindi Masala (Okra Curry) with 2 Whole Wheat Chapatis,"Mix Sabzi (Carrot, Peas, Potatoes) with 2 Chapatis","Chana Chaat with Dahi, Onion, Tomato & Tamarind Chutney",457,14.48,94.13,"Diabetes, Hypertension, Heart Disease, Obesity, Kidney Disease","Pakistani, Indian, Vegetarian, Balanced"
1563,196.2,56.27,58.21,44.2,23.93,1046,Besan ka Chilla (Savory Gram Flour Pancake) with Mint Dahi,Bhindi Masala (Okra Curry) with 2 Whole Wheat Chapatis,Anda Curry with 2 Chapatis & Onion Salad,Gajar ka Halwa (100g Small Cup - Traditional Sweet),517,12.83,52.28,"Hypertension, Kidney Disease","Pakistani, Indian, Traditional, Balanced"
2252,251.47,93.15,97.86,43.73,16.95,1815,Halwa Puri with Chana Masala (Sunday Special),Beef Pulao Gosht with Mint Raita & Sliced Cucumbers,Peshawari Chapli Kabab with 1 Whole Wheat Roti & Salad,1 Vegetable Potato Samosa with Mint Green Chutney,306,16.18,27.33,None,"Pakistani, Indian, Traditional, Balanced"
1947,228.23,93.98,72.72,20.7,21.03,1633,Plain Desi Ghee Paratha with Shami Kabab & Chai,Chicken Biryani with Mint Zeera Raita & Fresh Salad,"Mix Sabzi (Carrot, Peas, Potatoes) with 2 Chapatis",1 Chicken Shami Kebab with Sliced Cucumber & Mint Raita,414,14.88,62.09,None,"Pakistani, Indian, Traditional, Balanced"
1577,175.93,92.79,51.49,21.46,17.38,1218,Wheat Dalia (Cracked Wheat Porridge in Buffalo Milk),Kofta Curry (Spiced Meatballs) with 2 Chapatis,Anda Curry with 2 Chapatis & Onion Salad,1 Chicken Shami Kebab with Sliced Cucumber & Mint Raita,477,13.19,26.28,"Hypertension, Heart Disease, Obesity","Pakistani, Indian, Traditional, Balanced"
1919,200.86,126.65,64.16,21.76,14.73,1551,1 Whole Wheat Chapati with Fried Egg & Doodh Patti Chai,Chicken Karahi (200g) with 2 Whole Wheat Chapatis & Salad,Balochi Sajji (Roasted Chicken) with 1 cup Zeera Rice,Dahi Bhalla (Dahi Baray) with Chaat Masala & Papdi,391,12.94,27.34,"Hypertension, Heart Disease, Obesity","Pakistani, Indian, High Protein, Traditional"
1411,178.39,72.33,44.2,10.83,22.9,1074,Anda Ghotala (Spiced Scrambled Eggs) with 1 Tandoori Roti,Daal Masoor Curry with Boiled Basmati Rice & Kachumber,Palak Gosht (Spinach Mutton Curry) with 1.5 Chapatis,Roasted Chickpeas (Bhuna Chana - 50g) with Green Tea,377,15.62,45.26,"Diabetes, Hypertension, Heart Disease, Obesity, Kidney Disease","Pakistani, Indian, Low Fat, Dash, Balanced"
1811,182.19,117.51,64.47,11.86,18.97,1401,Anda Ghotala (Spiced Scrambled Eggs) with 1 Tandoori Roti,Aloo Gosht (Potato Beef Curry) with 1.5 Tandoori Rotis,Balochi Sajji (Roasted Chicken) with 1 cup Zeera Rice,Roasted Chickpeas (Bhuna Chana - 50g) with Green Tea,296,15.42,24.8,"Heart Disease, Obesity","Pakistani, Indian, High Protein, Traditional"
1570,166.89,108.92,48.31,10.98,22.84,1416,2 Boiled Eggs with 2 Brown Bread Toasts & Green Tea,Lobia / Red Kidney Bean Curry (Kalool) with Zeera Rice,Chicken Tikka Boti (Grilled) with Mint Raita & Fresh Salad,1 Vegetable Potato Samosa with Mint Green Chutney,384,14.05,32.94,Hypertension,"Pakistani, Indian, Low Carb, Traditional"
1879,224.06,92.78,65.93,19.84,23.81,1529,Besan ka Chilla (Savory Gram Flour Pancake) with Mint Dahi,Beef Pulao Gosht with Mint Raita & Sliced Cucumbers,Palak Paneer (Spinach with Cottage Cheese) with 2 Chapatis,Dahi Bhalla (Dahi Baray) with Chaat Masala & Papdi,700,18.44,44.35,"Diabetes, Obesity","Pakistani, Indian, Traditional, Balanced"
1661,152.59,122.3,58.9,26.37,13.69,1436,1 Whole Wheat Chapati with Fried Egg & Doodh Patti Chai,Kofta Curry (Spiced Meatballs) with 2 Chapatis,Chicken Tikka Boti (Grilled) with Mint Raita & Fresh Salad,Doodh Patti Chai with 2 Whole Wheat Rusks,415,12.79,30.85,"Hypertension, Heart Disease, Obesity","Pakistani, Indian, High Protein, Traditional"
1971,210.1,108.84,74.18,20.04,19.06,1798,Besan ka Chilla (Savory Gram Flour Pancake) with Mint Dahi,Kofta Curry (Spiced Meatballs) with 2 Chapatis,Beef Nihari with 1 Roghani Naan & Ginger Lemon Garnish,Dahi Bhalla (Dahi Baray) with Chaat Masala & Papdi,412,16.68,25.99,None,"Pakistani, Indian, Traditional, Balanced"
1723,224.33,82.62,52.58,12.52,23.23,1392,1 Crispy Aloo Paratha with Fresh Dahi & Mint Raita,Daal Masoor Curry with Boiled Basmati Rice & Kachumber,Chicken Haleem with 1 Tandoori Naan & Brown Onions,1 Chicken Shami Kebab with Sliced Cucumber & Mint Raita,366,14.12,31.05,"Heart Disease, Kidney Disease","Pakistani, Indian, Traditional, Balanced"
1433,190.13,67.97,43.44,11.48,26.73,992,Anda Ghotala (Spiced Scrambled Eggs) with 1 Tandoori Roti,Lobia / Red Kidney Bean Curry (Kalool) with Zeera Rice,Palak Paneer (Spinach with Cottage Cheese) with 2 Chapatis,Roasted Chickpeas (Bhuna Chana - 50g) with Green Tea,501,15.52,38.12,"Diabetes, Hypertension, Heart Disease, Obesity, Kidney Disease","Pakistani, Indian, Low Fat, Dash, Balanced"
1653,182.65,83.5,64.8,36.96,13.65,1331,Halwa Puri with Chana Masala (Sunday Special),Beef Shami Kebab (2 pcs) with 1 Whole Wheat Roti & Salad,Balochi Sajji (Roasted Chicken) with 1 cup Zeera Rice,Dahi Bhalla (Dahi Baray) with Chaat Masala & Papdi,283,11.22,16.09,Kidney Disease,"Pakistani, Indian, Traditional, Balanced"
1679,172.2,104.94,57.58,23.89,21.2,1281,Oatmeal Porridge in Cow Milk with Sliced Bananas & Almonds,Kofta Curry (Spiced Meatballs) with 2 Chapatis,Palak Gosht (Spinach Mutton Curry) with 1.5 Chapatis,1 Chicken Shami Kebab with Sliced Cucumber & Mint Raita,522,17.11,49.51,"Diabetes, Hypertension, Heart Disease, Obesity","Pakistani, Indian, Traditional, Balanced"
1661,174.46,94.02,60.38,12.01,20.69,1348,Mooli Paratha with Zeera Raita & Chai,Aloo Gosht (Potato Beef Curry) with 1.5 Tandoori Rotis,Machli (Fried Spiced Fish) with 1 Roti & Fresh Lemon,Roasted Chickpeas (Bhuna Chana - 50g) with Green Tea,402,13.89,30.3,"Diabetes, Heart Disease","Pakistani, Indian, Traditional, Balanced"
1722,222.31,73.1,60.08,28.04,22.23,1377,Wheat Dalia (Cracked Wheat Porridge in Buffalo Milk),Bhindi Masala (Okra Curry) with 2 Whole Wheat Chapatis,Beef Nihari with 1 Roghani Naan & Ginger Lemon Garnish,Dahi Bhalla (Dahi Baray) with Chaat Masala & Papdi,581,12.62,45.06,Kidney Disease,"Pakistani, Indian, Traditional, Balanced"
1957,290.41,47.06,70.03,73.12,24.92,1246,Halwa Puri with Chana Masala (Sunday Special),Daal Masoor Curry with Boiled Basmati Rice & Kachumber,"Mix Sabzi (Carrot, Peas, Potatoes) with 2 Chapatis",Gajar ka Halwa (100g Small Cup - Traditional Sweet),407,12.87,56.64,Kidney Disease,"Pakistani, Indian, Traditional, Balanced"
1855,191.09,105.54,71.1,23.0,18.89,1522,Anda Ghotala (Spiced Scrambled Eggs) with 1 Tandoori Roti,Kofta Curry (Spiced Meatballs) with 2 Chapatis,Palak Gosht (Spinach Mutton Curry) with 1.5 Chapatis,Doodh Patti Chai with 2 Whole Wheat Rusks,506,17.44,49.44,"Hypertension, Obesity","Pakistani, Indian, Traditional, Balanced"
1282,157.02,73.71,37.95,16.57,15.61,1056,Mooli Paratha with Zeera Raita & Chai,Daal Masoor Curry with Boiled Basmati Rice & Kachumber,Chicken Tikka Boti (Grilled) with Mint Raita & Fresh Salad,Doodh Patti Chai with 2 Whole Wheat Rusks,371,9.86,38.82,"Hypertension, Heart Disease, Kidney Disease","Pakistani, Indian, Low Carb, Traditional"
1996,206.64,103.91,79.25,26.06,21.96,1761,1 Whole Wheat Chapati with Fried Egg & Doodh Patti Chai,Aloo Gosht (Potato Beef Curry) with 1.5 Tandoori Rotis,Palak Gosht (Spinach Mutton Curry) with 1.5 Chapatis,Dahi Bhalla (Dahi Baray) with Chaat Masala & Papdi,552,18.67,49.9,"Diabetes, Obesity","Pakistani, Indian, Traditional, Balanced"
1224,134.02,97.83,32.61,35.29,15.46,952,Wheat Dalia (Cracked Wheat Porridge in Buffalo Milk),Chicken Karahi (200g) with 2 Whole Wheat Chapatis & Salad,Chicken Tikka Boti (Grilled) with Mint Raita & Fresh Salad,"Fresh Fruit Chaat (Apple, Guava, Banana & Chaat Masala)",398,9.29,71.92,"Hypertension, Heart Disease, Obesity","Pakistani, Indian, Low Carb, Traditional"
1508,203.94,51.16,53.56,37.7,17.14,1054,Mooli Paratha with Zeera Raita & Chai,Chicken Biryani with Mint Zeera Raita & Fresh Salad,"Mix Sabzi (Carrot, Peas, Potatoes) with 2 Chapatis",Gajar ka Halwa (100g Small Cup - Traditional Sweet),416,9.34,53.13,"Hypertension, Kidney Disease","Pakistani, Indian, Traditional, Balanced"
1476,170.24,61.58,56.14,19.02,14.67,1177,Mooli Paratha with Zeera Raita & Chai,Aloo Gosht (Potato Beef Curry) with 1.5 Tandoori Rotis,Anda Curry with 2 Chapatis & Onion Salad,Doodh Patti Chai with 2 Whole Wheat Rusks,362,10.69,29.43,"Heart Disease, Kidney Disease","Pakistani, Indian, Traditional, Balanced"
1697,228.91,84.39,48.5,28.13,18.72,1188,Wheat Dalia (Cracked Wheat Porridge in Buffalo Milk),Chicken Biryani with Mint Zeera Raita & Fresh Salad,Chicken Haleem with 1 Tandoori Naan & Brown Onions,Doodh Patti Chai with 2 Whole Wheat Rusks,548,10.96,19.4,"Heart Disease, Obesity, Kidney Disease","Pakistani, Indian, Low Fat, Dash, Balanced"
1991,206.67,119.11,76.14,47.32,19.8,1762,Halwa Puri with Chana Masala (Sunday Special),Kofta Curry (Spiced Meatballs) with 2 Chapatis,Chicken Tikka Boti (Grilled) with Mint Raita & Fresh Salad,"Chana Chaat with Dahi, Onion, Tomato & Tamarind Chutney",364,15.34,44.6,None,"Pakistani, Indian, High Protein, Traditional"
1929,217.0,109.65,65.21,14.93,24.8,1378,Plain Desi Ghee Paratha with Shami Kabab & Chai,Daal Channa with 2 Chapatis & Onion Salad,Balochi Sajji (Roasted Chicken) with 1 cup Zeera Rice,Roasted Chickpeas (Bhuna Chana - 50g) with Green Tea,367,16.53,15.5,Diabetes,"Pakistani, Indian, Traditional, Balanced"
1968,260.56,67.61,71.24,43.98,27.05,1374,Halwa Puri with Chana Masala (Sunday Special),Daal Channa with 2 Chapatis & Onion Salad,Anda Curry with 2 Chapatis & Onion Salad,Roasted Chickpeas (Bhuna Chana - 50g) with Green Tea,357,15.61,21.99,Kidney Disease,"Pakistani, Indian, Traditional, Balanced"
1996,190.19,123.27,78.07,20.55,17.26,1726,Plain Desi Ghee Paratha with Shami Kabab & Chai,Beef Shami Kebab (2 pcs) with 1 Whole Wheat Roti & Salad,Balochi Sajji (Roasted Chicken) with 1 cup Zeera Rice,Dahi Bhalla (Dahi Baray) with Chaat Masala & Papdi,411,15.61,21.13,None,"Pakistani, Indian, High Protein, Traditional"
1806,181.6,107.24,69.77,12.43,15.1,1615,2 Boiled Eggs with 2 Brown Bread Toasts & Green Tea,Chicken Karahi (200g) with 2 Whole Wheat Chapatis & Salad,Beef Nihari with 1 Roghani Naan & Ginger Lemon Garnish,1 Vegetable Potato Samosa with Mint Green Chutney,282,13.38,28.2,None,"Pakistani, Indian, Traditional, Balanced"
1205,135.22,63.71,42.91,27.3,15.69,1049,Anda Ghotala (Spiced Scrambled Eggs) with 1 Tandoori Roti,Beef Shami Kebab (2 pcs) with 1 Whole Wheat Roti & Salad,Anda Curry with 2 Chapatis & Onion Salad,"Fresh Fruit Chaat (Apple, Guava, Banana & Chaat Masala)",230,10.58,61.54,"Hypertension, Heart Disease, Obesity, Kidney Disease","Pakistani, Indian, Low Carb, Traditional"
1264,104.72,109.16,40.5,19.76,16.3,1097,Oatmeal Porridge in Cow Milk with Sliced Bananas & Almonds,Beef Shami Kebab (2 pcs) with 1 Whole Wheat Roti & Salad,Chicken Tikka Boti (Grilled) with Mint Raita & Fresh Salad,1 Chicken Shami Kebab with Sliced Cucumber & Mint Raita,370,11.95,35.56,"Hypertension, Heart Disease, Obesity","Pakistani, Indian, Low Carb, Traditional"
2121,235.95,108.66,81.76,15.52,15.32,1842,1 Crispy Aloo Paratha with Fresh Dahi & Mint Raita,Chicken Biryani with Mint Zeera Raita & Fresh Salad,Beef Nihari with 1 Roghani Naan & Ginger Lemon Garnish,1 Chicken Shami Kebab with Sliced Cucumber & Mint Raita,419,15.01,32.08,None,"Pakistani, Indian, Traditional, Balanced"
1227,123.55,88.43,37.66,16.08,13.54,897,Oatmeal Porridge in Cow Milk with Sliced Bananas & Almonds,Beef Shami Kebab (2 pcs) with 1 Whole Wheat Roti & Salad,Balochi Sajji (Roasted Chicken) with 1 cup Zeera Rice,1 Chicken Shami Kebab with Sliced Cucumber & Mint Raita,288,10.24,18.62,"Hypertension, Heart Disease, Obesity, Kidney Disease","Pakistani, Indian, Low Carb, Traditional"
1934,209.54,94.7,78.07,44.33,15.31,1642,Halwa Puri with Chana Masala (Sunday Special),Kofta Curry (Spiced Meatballs) with 2 Chapatis,Machli (Fried Spiced Fish) with 1 Roti & Fresh Lemon,Dahi Bhalla (Dahi Baray) with Chaat Masala & Papdi,403,12.89,20.65,None,"Pakistani, Indian, Traditional, Balanced"
1527,180.86,81.04,50.33,17.49,16.81,1169,Mooli Paratha with Zeera Raita & Chai,Chicken Karahi (200g) with 2 Whole Wheat Chapatis & Salad,Chicken Haleem with 1 Tandoori Naan & Brown Onions,Doodh Patti Chai with 2 Whole Wheat Rusks,346,10.32,29.43,"Heart Disease, Kidney Disease","Pakistani, Indian, Traditional, Balanced"
1577,167.18,77.89,64.12,17.57,19.0,1358,Plain Desi Ghee Paratha with Shami Kabab & Chai,Aloo Gosht (Potato Beef Curry) with 1.5 Tandoori Rotis,"Mix Sabzi (Carrot, Peas, Potatoes) with 2 Chapatis",1 Chicken Shami Kebab with Sliced Cucumber & Mint Raita,290,13.49,50.82,Kidney Disease,"Pakistani, Indian, Low Carb, Traditional"
2028,233.4,76.86,81.34,50.69,22.75,1426,Plain Desi Ghee Paratha with Shami Kabab & Chai,Daal Channa with 2 Chapatis & Onion Salad,Anda Curry with 2 Chapatis & Onion Salad,Gajar ka Halwa (100g Small Cup - Traditional Sweet),501,15.21,24.17,None,"Pakistani, Indian, Traditional, Balanced"
1414,210.31,44.6,43.51,42.61,20.58,916,1 Whole Wheat Chapati with Fried Egg & Doodh Patti Chai,Daal Masoor Curry with Boiled Basmati Rice & Kachumber,"Mix Sabzi (Carrot, Peas, Potatoes) with 2 Chapatis",Gajar ka Halwa (100g Small Cup - Traditional Sweet),363,10.43,48.05,"Hypertension, Kidney Disease","Pakistani, Indian, Low Fat, Dash, Balanced"
1513,198.22,80.99,37.83,26.11,25.68,1151,Oatmeal Porridge in Cow Milk with Sliced Bananas & Almonds,Daal Channa with 2 Chapatis & Onion Salad,Machli (Fried Spiced Fish) with 1 Roti & Fresh Lemon,"Chana Chaat with Dahi, Onion, Tomato & Tamarind Chutney",490,12.79,30.91,"Diabetes, Hypertension, Heart Disease, Obesity, Kidney Disease","Pakistani, Indian, Low Fat, Dash, Balanced"
1761,229.92,66.15,64.32,43.79,20.25,1268,Halwa Puri with Chana Masala (Sunday Special),Lobia / Red Kidney Bean Curry (Kalool) with Zeera Rice,Peshawari Chapli Kabab with 1 Whole Wheat Roti & Salad,Doodh Patti Chai with 2 Whole Wheat Rusks,351,13.23,21.9,Kidney Disease,"Pakistani, Indian, Traditional, Balanced"
1588,195.0,84.94,49.75,20.61,15.88,1211,Wheat Dalia (Cracked Wheat Porridge in Buffalo Milk),Chicken Biryani with Mint Zeera Raita & Fresh Salad,Anda Curry with 2 Chapatis & Onion Salad,1 Chicken Shami Kebab with Sliced Cucumber & Mint Raita,508,11.66,28.65,"Hypertension, Heart Disease, Obesity, Kidney Disease","Pakistani, Indian, Low Fat, Dash, Balanced"
1659,196.46,92.67,53.29,12.97,15.94,1316,Mooli Paratha with Zeera Raita & Chai,Beef Pulao Gosht with Mint Raita & Sliced Cucumbers,Balochi Sajji (Roasted Chicken) with 1 cup Zeera Rice,"Chana Chaat with Dahi, Onion, Tomato & Tamarind Chutney",338,12.42,29.65,Heart Disease,"Pakistani, Indian, Traditional, Balanced"
1858,209.04,67.01,80.71,19.16,23.58,1533,Plain Desi Ghee Paratha with Shami Kabab & Chai,Bhindi Masala (Okra Curry) with 2 Whole Wheat Chapatis,Anda Curry with 2 Chapatis & Onion Salad,1 Vegetable Potato Samosa with Mint Green Chutney,436,14.4,56.33,None,"Pakistani, Indian, Traditional, Balanced"
1725,204.96,81.04,60.13,18.3,20.08,1485,1 Crispy Aloo Paratha with Fresh Dahi & Mint Raita,Kofta Curry (Spiced Meatballs) with 2 Chapatis,Anda Curry with 2 Chapatis & Onion Salad,"Chana Chaat with Dahi, Onion, Tomato & Tamarind Chutney",408,14.22,37.65,"Hypertension, Heart Disease","Pakistani, Indian, Traditional, Balanced"
1699,171.65,83.32,71.97,14.3,17.7,1466,Plain Desi Ghee Paratha with Shami Kabab & Chai,Aloo Gosht (Potato Beef Curry) with 1.5 Tandoori Rotis,Chicken Haleem with 1 Tandoori Naan & Brown Onions,1 Vegetable Potato Samosa with Mint Green Chutney,264,13.14,20.12,None,"Pakistani, Indian, Traditional, Balanced"
1843,234.51,88.19,60.6,17.24,22.17,1636,Anda Ghotala (Spiced Scrambled Eggs) with 1 Tandoori Roti,Daal Masoor Curry with Boiled Basmati Rice & Kachumber,Beef Nihari with 1 Roghani Naan & Ginger Lemon Garnish,"Chana Chaat with Dahi, Onion, Tomato & Tamarind Chutney",325,15.67,41.38,None,"Pakistani, Indian, Traditional, Balanced"
1746,199.81,70.69,74.72,34.42,13.26,1444,Halwa Puri with Chana Masala (Sunday Special),Chicken Biryani with Mint Zeera Raita & Fresh Salad,Peshawari Chapli Kabab with 1 Whole Wheat Roti & Salad,1 Vegetable Potato Samosa with Mint Green Chutney,269,11.59,27.7,None,"Pakistani, Indian, Traditional, Balanced"
1733,196.3,105.61,55.45,23.53,23.76,1257,Wheat Dalia (Cracked Wheat Porridge in Buffalo Milk),Kofta Curry (Spiced Meatballs) with 2 Chapatis,Peshawari Chapli Kabab with 1 Whole Wheat Roti & Salad,Roasted Chickpeas (Bhuna Chana - 50g) with Green Tea,511,16.53,28.12,"Diabetes, Heart Disease, Obesity","Pakistani, Indian, Traditional, Balanced"
1620,202.98,90.76,47.33,17.57,18.35,1142,Anda Ghotala (Spiced Scrambled Eggs) with 1 Tandoori Roti,Lobia / Red Kidney Bean Curry (Kalool) with Zeera Rice,Balochi Sajji (Roasted Chicken) with 1 cup Zeera Rice,Doodh Patti Chai with 2 Whole Wheat Rusks,361,12.3,18.54,"Hypertension, Heart Disease, Obesity","Pakistani, Indian, Low Fat, Dash, Balanced"
1681,216.49,84.07,50.44,21.02,26.48,1398,1 Whole Wheat Chapati with Fried Egg & Doodh Patti Chai,Lobia / Red Kidney Bean Curry (Kalool) with Zeera Rice,Peshawari Chapli Kabab with 1 Whole Wheat Roti & Salad,"Chana Chaat with Dahi, Onion, Tomato & Tamarind Chutney",378,15.97,35.21,"Diabetes, Heart Disease, Obesity, Kidney Disease","Pakistani, Indian, Traditional, Balanced"
1587,240.2,63.8,38.07,28.42,30.24,1094,Oatmeal Porridge in Cow Milk with Sliced Bananas & Almonds,Daal Masoor Curry with Boiled Basmati Rice & Kachumber,Palak Paneer (Spinach with Cottage Cheese) with 2 Chapatis,"Chana Chaat with Dahi, Onion, Tomato & Tamarind Chutney",670,15.98,61.12,"Diabetes, Hypertension, Heart Disease, Obesity, Kidney Disease","Pakistani, Indian, Vegetarian, Balanced"
1303,153.44,54.26,48.99,11.55,19.23,1118,2 Boiled Eggs with 2 Brown Bread Toasts & Green Tea,Bhindi Masala (Okra Curry) with 2 Whole Wheat Chapatis,Anda Curry with 2 Chapatis & Onion Salad,1 Vegetable Potato Samosa with Mint Green Chutney,342,10.54,43.91,"Hypertension, Kidney Disease","Pakistani, Indian, Low Carb, Traditional"
1512,208.14,71.76,41.63,43.82,25.53,1101,Wheat Dalia (Cracked Wheat Porridge in Buffalo Milk),Daal Channa with 2 Chapatis & Onion Salad,Peshawari Chapli Kabab with 1 Whole Wheat Roti & Salad,"Fresh Fruit Chaat (Apple, Guava, Banana & Chaat Masala)",466,13.26,72.85,"Heart Disease, Obesity, Kidney Disease","Pakistani, Indian, Low Fat, Dash, Balanced"
1595,225.86,80.24,38.63,15.35,31.4,1268,Besan ka Chilla (Savory Gram Flour Pancake) with Mint Dahi,Lobia / Red Kidney Bean Curry (Kalool) with Zeera Rice,Chicken Haleem with 1 Tandoori Naan & Brown Onions,"Chana Chaat with Dahi, Onion, Tomato & Tamarind Chutney",386,15.75,28.73,"Diabetes, Heart Disease, Obesity, Kidney Disease","Pakistani, Indian, Low Fat, Dash, Balanced"
2158,239.08,98.51,86.33,24.9,17.93,1804,Mooli Paratha with Zeera Raita & Chai,Aloo Gosht (Potato Beef Curry) with 1.5 Tandoori Rotis,Beef Nihari with 1 Roghani Naan & Ginger Lemon Garnish,Doodh Patti Chai with 2 Whole Wheat Rusks,432,15.27,33.76,None,"Pakistani, Indian, Traditional, Balanced"
1830,210.64,88.83,68.62,35.11,20.74,1596,Mooli Paratha with Zeera Raita & Chai,Beef Shami Kebab (2 pcs) with 1 Whole Wheat Roti & Salad,Beef Nihari with 1 Roghani Naan & Ginger Lemon Garnish,"Fresh Fruit Chaat (Apple, Guava, Banana & Chaat Masala)",324,14.36,77.66,None,"Pakistani, Indian, Traditional, Balanced"
1763,219.55,64.83,69.15,39.76,13.83,1435,Halwa Puri with Chana Masala (Sunday Special),Chicken Biryani with Mint Zeera Raita & Fresh Salad,Anda Curry with 2 Chapatis & Onion Salad,Dahi Bhalla (Dahi Baray) with Chaat Masala & Papdi,372,10.89,24.63,None,"Pakistani, Indian, Traditional, Balanced"
1520,198.62,61.82,50.67,24.83,22.09,1084,1 Whole Wheat Chapati with Fried Egg & Doodh Patti Chai,Daal Channa with 2 Chapatis & Onion Salad,Palak Paneer (Spinach with Cottage Cheese) with 2 Chapatis,Doodh Patti Chai with 2 Whole Wheat Rusks,573,13.48,33.95,"Diabetes, Hypertension, Heart Disease, Obesity, Kidney Disease","Pakistani, Indian, Traditional, Balanced"
1219,100.38,96.79,43.02,7.62,13.71,1183,2 Boiled Eggs with 2 Brown Bread Toasts & Green Tea,Beef Shami Kebab (2 pcs) with 1 Whole Wheat Roti & Salad,Machli (Fried Spiced Fish) with 1 Roti & Fresh Lemon,1 Chicken Shami Kebab with Sliced Cucumber & Mint Raita,296,11.29,18.37,"Hypertension, Heart Disease, Obesity","Pakistani, Indian, Low Carb, Traditional"
1790,196.09,93.1,67.91,17.09,15.2,1574,Mooli Paratha with Zeera Raita & Chai,Chicken Karahi (200g) with 2 Whole Wheat Chapatis & Salad,Beef Nihari with 1 Roghani Naan & Ginger Lemon Garnish,Dahi Bhalla (Dahi Baray) with Chaat Masala & Papdi,369,12.41,35.53,None,"Pakistani, Indian, Traditional, Balanced"
1698,186.83,90.76,61.57,27.6,19.0,1438,Wheat Dalia (Cracked Wheat Porridge in Buffalo Milk),Aloo Gosht (Potato Beef Curry) with 1.5 Tandoori Rotis,Peshawari Chapli Kabab with 1 Whole Wheat Roti & Salad,Dahi Bhalla (Dahi Baray) with Chaat Masala & Papdi,525,14.12,30.79,"Heart Disease, Obesity","Pakistani, Indian, Traditional, Balanced"
1799,227.25,74.38,60.49,53.66,17.15,1115,Oatmeal Porridge in Cow Milk with Sliced Bananas & Almonds,Chicken Biryani with Mint Zeera Raita & Fresh Salad,Anda Curry with 2 Chapatis & Onion Salad,Gajar ka Halwa (100g Small Cup - Traditional Sweet),568,11.36,30.51,"Hypertension, Kidney Disease","Pakistani, Indian, Traditional, Balanced"
1163,118.04,75.27,40.2,26.09,16.25,1086,2 Boiled Eggs with 2 Brown Bread Toasts & Green Tea,Beef Shami Kebab (2 pcs) with 1 Whole Wheat Roti & Salad,Peshawari Chapli Kabab with 1 Whole Wheat Roti & Salad,"Fresh Fruit Chaat (Apple, Guava, Banana & Chaat Masala)",231,11.38,58.59,"Heart Disease, Obesity, Kidney Disease","Pakistani, Indian, Low Carb, Traditional"
1317,173.23,64.53,38.54,21.22,17.76,918,Oatmeal Porridge in Cow Milk with Sliced Bananas & Almonds,Beef Pulao Gosht with Mint Raita & Sliced Cucumbers,"Mix Sabzi (Carrot, Peas, Potatoes) with 2 Chapatis",1 Chicken Shami Kebab with Sliced Cucumber & Mint Raita,342,10.83,43.31,"Heart Disease, Obesity, Kidney Disease","Pakistani, Indian, Low Fat, Dash, Balanced"
2002,233.38,86.6,78.37,17.39,25.17,1647,Plain Desi Ghee Paratha with Shami Kabab & Chai,Daal Masoor Curry with Boiled Basmati Rice & Kachumber,Palak Gosht (Spinach Mutton Curry) with 1.5 Chapatis,1 Vegetable Potato Samosa with Mint Green Chutney,480,19.22,55.49,None,"Pakistani, Indian, Traditional, Balanced"
2146,235.47,115.65,82.83,39.07,13.54,1605,Halwa Puri with Chana Masala (Sunday Special),Beef Pulao Gosht with Mint Raita & Sliced Cucumbers,Balochi Sajji (Roasted Chicken) with 1 cup Zeera Rice,1 Chicken Shami Kebab with Sliced Cucumber & Mint Raita,297,14.59,16.67,None,"Pakistani, Indian, High Protein, Traditional"
1899,231.04,99.41,62.2,23.33,23.1,1494,Wheat Dalia (Cracked Wheat Porridge in Buffalo Milk),Daal Channa with 2 Chapatis & Onion Salad,Beef Nihari with 1 Roghani Naan & Ginger Lemon Garnish,1 Chicken Shami Kebab with Sliced Cucumber & Mint Raita,494,15.44,22.77,None,"Pakistani, Indian, Traditional, Balanced"
1390,105.4,122.21,50.88,9.99,12.08,1318,Anda Ghotala (Spiced Scrambled Eggs) with 1 Tandoori Roti,Chicken Karahi (200g) with 2 Whole Wheat Chapatis & Salad,Chicken Tikka Boti (Grilled) with Mint Raita & Fresh Salad,1 Chicken Shami Kebab with Sliced Cucumber & Mint Raita,273,11.72,42.71,"Hypertension, Heart Disease, Obesity","Pakistani, Indian, High Protein, Traditional"
1511,166.72,80.76,55.57,12.76,21.27,1207,Plain Desi Ghee Paratha with Shami Kabab & Chai,Lobia / Red Kidney Bean Curry (Kalool) with Zeera Rice,Palak Gosht (Spinach Mutton Curry) with 1.5 Chapatis,1 Chicken Shami Kebab with Sliced Cucumber & Mint Raita,404,15.8,36.47,"Diabetes, Kidney Disease","Pakistani, Indian, Low Carb, Traditional"
2069,239.19,93.21,82.58,62.64,12.34,1338,Halwa Puri with Chana Masala (Sunday Special),Beef Pulao Gosht with Mint Raita & Sliced Cucumbers,Balochi Sajji (Roasted Chicken) with 1 cup Zeera Rice,Gajar ka Halwa (100g Small Cup - Traditional Sweet),361,12.34,12.34,None,"Pakistani, Indian, Traditional, Balanced"
1413,176.66,63.33,48.58,17.67,13.96,1029,Wheat Dalia (Cracked Wheat Porridge in Buffalo Milk),Beef Pulao Gosht with Mint Raita & Sliced Cucumbers,Anda Curry with 2 Chapatis & Onion Salad,1 Vegetable Potato Samosa with Mint Green Chutney,397,10.42,17.22,Kidney Disease,"Pakistani, Indian, Low Fat, Dash, Balanced"
1780,244.15,78.72,49.63,31.03,27.84,1312,Oatmeal Porridge in Cow Milk with Sliced Bananas & Almonds,Daal Masoor Curry with Boiled Basmati Rice & Kachumber,Palak Gosht (Spinach Mutton Curry) with 1.5 Chapatis,Dahi Bhalla (Dahi Baray) with Chaat Masala & Papdi,656,17.34,57.61,"Diabetes, Hypertension, Heart Disease, Obesity, Kidney Disease","Pakistani, Indian, Low Fat, Dash, Balanced"
1883,166.61,101.79,86.16,16.55,18.83,1735,Plain Desi Ghee Paratha with Shami Kabab & Chai,Beef Shami Kebab (2 pcs) with 1 Whole Wheat Roti & Salad,Peshawari Chapli Kabab with 1 Whole Wheat Roti & Salad,1 Vegetable Potato Samosa with Mint Green Chutney,308,16.78,32.52,None,"Pakistani, Indian, Low Carb, Traditional"
1898,241.32,77.88,67.46,23.58,20.29,1426,Mooli Paratha with Zeera Raita & Chai,Chicken Biryani with Mint Zeera Raita & Fresh Salad,Palak Paneer (Spinach with Cottage Cheese) with 2 Chapatis,Doodh Patti Chai with 2 Whole Wheat Rusks,718,14.26,55.39,Hypertension,"Pakistani, Indian, Traditional, Balanced"
1757,209.22,79.22,65.0,36.56,16.86,1432,Plain Desi Ghee Paratha with Shami Kabab & Chai,Chicken Biryani with Mint Zeera Raita & Fresh Salad,Anda Curry with 2 Chapatis & Onion Salad,"Fresh Fruit Chaat (Apple, Guava, Banana & Chaat Masala)",376,12.59,70.59,None,"Pakistani, Indian, Traditional, Balanced"
1913,205.72,100.46,74.5,12.5,14.61,1634,Mooli Paratha with Zeera Raita & Chai,Beef Pulao Gosht with Mint Raita & Sliced Cucumbers,Beef Nihari with 1 Roghani Naan & Ginger Lemon Garnish,1 Chicken Shami Kebab with Sliced Cucumber & Mint Raita,336,14.61,27.88,None,"Pakistani, Indian, Traditional, Balanced"
1801,200.08,87.74,68.03,51.02,18.01,1251,Oatmeal Porridge in Cow Milk with Sliced Bananas & Almonds,Beef Shami Kebab (2 pcs) with 1 Whole Wheat Roti & Salad,Beef Nihari with 1 Roghani Naan & Ginger Lemon Garnish,Gajar ka Halwa (100g Small Cup - Traditional Sweet),455,13.31,23.01,Kidney Disease,"Pakistani, Indian, Traditional, Balanced"
1535,235.0,67.22,34.4,19.05,32.29,1249,2 Boiled Eggs with 2 Brown Bread Toasts & Green Tea,Lobia / Red Kidney Bean Curry (Kalool) with Zeera Rice,"Mix Sabzi (Carrot, Peas, Potatoes) with 2 Chapatis","Chana Chaat with Dahi, Onion, Tomato & Tamarind Chutney",408,14.71,59.28,"Diabetes, Hypertension, Heart Disease, Obesity, Kidney Disease","Pakistani, Indian, Low Fat, Dash, Balanced"
1540,182.4,81.88,47.56,26.97,17.36,1157,Oatmeal Porridge in Cow Milk with Sliced Bananas & Almonds,Chicken Karahi (200g) with 2 Whole Wheat Chapatis & Salad,Anda Curry with 2 Chapatis & Onion Salad,Dahi Bhalla (Dahi Baray) with Chaat Masala & Papdi,456,11.18,33.83,"Hypertension, Heart Disease, Obesity, Kidney Disease","Pakistani, Indian, Low Fat, Dash, Balanced"
1747,227.84,64.01,61.3,20.07,26.04,1410,1 Crispy Aloo Paratha with Fresh Dahi & Mint Raita,Daal Channa with 2 Chapatis & Onion Salad,Palak Paneer (Spinach with Cottage Cheese) with 2 Chapatis,Dahi Bhalla (Dahi Baray) with Chaat Masala & Papdi,684,15.51,45.02,"Hypertension, Heart Disease","Pakistani, Indian, Vegetarian, Balanced"
1357,145.52,96.83,41.91,13.13,27.35,1105,Besan ka Chilla (Savory Gram Flour Pancake) with Mint Dahi,Bhindi Masala (Okra Curry) with 2 Whole Wheat Chapatis,Chicken Tikka Boti (Grilled) with Mint Raita & Fresh Salad,Roasted Chickpeas (Bhuna Chana - 50g) with Green Tea,449,14.66,60.72,"Diabetes, Hypertension, Heart Disease, Obesity","Pakistani, Indian, Low Carb, Traditional"
1546,171.81,80.93,57.42,13.29,19.62,1284,Plain Desi Ghee Paratha with Shami Kabab & Chai,Daal Masoor Curry with Boiled Basmati Rice & Kachumber,Palak Gosht (Spinach Mutton Curry) with 1.5 Chapatis,1 Chicken Shami Kebab with Sliced Cucumber & Mint Raita,393,15.91,44.76,Kidney Disease,"Pakistani, Indian, Traditional, Balanced"
1632,193.86,72.7,61.32,26.21,18.5,1276,Plain Desi Ghee Paratha with Shami Kabab & Chai,Kofta Curry (Spiced Meatballs) with 2 Chapatis,"Mix Sabzi (Carrot, Peas, Potatoes) with 2 Chapatis",Doodh Patti Chai with 2 Whole Wheat Rusks,371,12.56,46.49,Kidney Disease,"Pakistani, Indian, Traditional, Balanced"
1269,116.57,101.57,42.43,9.43,12.86,1191,Besan ka Chilla (Savory Gram Flour Pancake) with Mint Dahi,Chicken Biryani with Mint Zeera Raita & Fresh Salad,Chicken Tikka Boti (Grilled) with Mint Raita & Fresh Salad,1 Chicken Shami Kebab with Sliced Cucumber & Mint Raita,326,11.23,33.86,"Hypertension, Heart Disease, Obesity","Pakistani, Indian, Low Carb, Traditional"
1519,162.45,76.93,58.77,15.96,19.97,1367,Mooli Paratha with Zeera Raita & Chai,Beef Shami Kebab (2 pcs) with 1 Whole Wheat Roti & Salad,Palak Gosht (Spinach Mutton Curry) with 1.5 Chapatis,Dahi Bhalla (Dahi Baray) with Chaat Masala & Papdi,478,14.81,49.21,"Hypertension, Heart Disease, Kidney Disease","Pakistani, Indian, Low Carb, Traditional"
1519,179.07,58.55,62.87,14.08,23.74,1237,Anda Ghotala (Spiced Scrambled Eggs) with 1 Tandoori Roti,Bhindi Masala (Okra Curry) with 2 Whole Wheat Chapatis,Palak Paneer (Spinach with Cottage Cheese) with 2 Chapatis,1 Vegetable Potato Samosa with Mint Green Chutney,538,13.88,70.42,"Hypertension, Kidney Disease","Pakistani, Indian, Traditional, Balanced"
1534,164.79,74.82,59.66,19.89,14.02,1269,Anda Ghotala (Spiced Scrambled Eggs) with 1 Tandoori Roti,Aloo Gosht (Potato Beef Curry) with 1.5 Tandoori Rotis,Anda Curry with 2 Chapatis & Onion Salad,Doodh Patti Chai with 2 Whole Wheat Rusks,331,11.84,26.99,"Heart Disease, Obesity, Kidney Disease","Pakistani, Indian, Low Carb, Traditional"
2091,252.17,102.57,75.55,42.03,17.01,1581,Halwa Puri with Chana Masala (Sunday Special),Beef Pulao Gosht with Mint Raita & Sliced Cucumbers,Balochi Sajji (Roasted Chicken) with 1 cup Zeera Rice,"Chana Chaat with Dahi, Onion, Tomato & Tamarind Chutney",320,14.41,23.02,None,"Pakistani, Indian, Traditional, Balanced"
1712,200.92,83.5,63.41,12.29,15.94,1331,1 Crispy Aloo Paratha with Fresh Dahi & Mint Raita,Beef Pulao Gosht with Mint Raita & Sliced Cucumbers,Beef Nihari with 1 Roghani Naan & Ginger Lemon Garnish,Roasted Chickpeas (Bhuna Chana - 50g) with Green Tea,326,13.73,16.11,Kidney Disease,"Pakistani, Indian, Traditional, Balanced"
1639,187.6,81.97,60.49,24.11,15.52,1381,Wheat Dalia (Cracked Wheat Porridge in Buffalo Milk),Aloo Gosht (Potato Beef Curry) with 1.5 Tandoori Rotis,Beef Nihari with 1 Roghani Naan & Ginger Lemon Garnish,Dahi Bhalla (Dahi Baray) with Chaat Masala & Papdi,443,12.19,20.16,Kidney Disease,"Pakistani, Indian, Traditional, Balanced"
1601,222.4,79.51,38.92,31.69,21.13,1056,Oatmeal Porridge in Cow Milk with Sliced Bananas & Almonds,Daal Masoor Curry with Boiled Basmati Rice & Kachumber,Machli (Fried Spiced Fish) with 1 Roti & Fresh Lemon,Doodh Patti Chai with 2 Whole Wheat Rusks,550,11.79,28.36,"Diabetes, Hypertension, Heart Disease, Obesity, Kidney Disease","Pakistani, Indian, Low Fat, Dash, Balanced"
1604,170.21,96.93,55.99,33.15,11.2,1111,2 Boiled Eggs with 2 Brown Bread Toasts & Green Tea,Beef Pulao Gosht with Mint Raita & Sliced Cucumbers,Balochi Sajji (Roasted Chicken) with 1 cup Zeera Rice,Gajar ka Halwa (100g Small Cup - Traditional Sweet),358,11.11,10.3,None,"Pakistani, Indian, Traditional, Balanced"
1262,152.9,78.96,35.76,10.03,20.72,961,1 Crispy Aloo Paratha with Fresh Dahi & Mint Raita,Lobia / Red Kidney Bean Curry (Kalool) with Zeera Rice,Chicken Tikka Boti (Grilled) with Mint Raita & Fresh Salad,Roasted Chickpeas (Bhuna Chana - 50g) with Green Tea,355,11.86,26.32,"Hypertension, Heart Disease, Kidney Disease","Pakistani, Indian, Low Carb, Traditional"
1853,234.45,82.16,60.18,29.83,23.03,1465,Oatmeal Porridge in Cow Milk with Sliced Bananas & Almonds,Daal Channa with 2 Chapatis & Onion Salad,Beef Nihari with 1 Roghani Naan & Ginger Lemon Garnish,Dahi Bhalla (Dahi Baray) with Chaat Masala & Papdi,481,14.13,23.55,None,"Pakistani, Indian, Traditional, Balanced"
1593,197.09,74.79,54.11,18.92,20.06,1381,1 Whole Wheat Chapati with Fried Egg & Doodh Patti Chai,Daal Channa with 2 Chapatis & Onion Salad,Beef Nihari with 1 Roghani Naan & Ginger Lemon Garnish,"Chana Chaat with Dahi, Onion, Tomato & Tamarind Chutney",295,13.11,23.76,Kidney Disease,"Pakistani, Indian, Traditional, Balanced"
2045,245.43,105.1,67.61,19.88,26.36,1750,1 Crispy Aloo Paratha with Fresh Dahi & Mint Raita,Kofta Curry (Spiced Meatballs) with 2 Chapatis,Chicken Haleem with 1 Tandoori Naan & Brown Onions,"Chana Chaat with Dahi, Onion, Tomato & Tamarind Chutney",437,16.59,36.36,None,"Pakistani, Indian, Traditional, Balanced"
1589,215.98,74.97,45.17,48.28,19.73,971,Wheat Dalia (Cracked Wheat Porridge in Buffalo Milk),Daal Masoor Curry with Boiled Basmati Rice & Kachumber,Machli (Fried Spiced Fish) with 1 Roti & Fresh Lemon,Gajar ka Halwa (100g Small Cup - Traditional Sweet),607,11.11,24.4,"Hypertension, Kidney Disease","Pakistani, Indian, Low Fat, Dash, Balanced"
2070,238.33,114.13,72.51,14.55,22.94,1622,Besan ka Chilla (Savory Gram Flour Pancake) with Mint Dahi,Beef Pulao Gosht with Mint Raita & Sliced Cucumbers,Beef Nihari with 1 Roghani Naan & Ginger Lemon Garnish,Roasted Chickpeas (Bhuna Chana - 50g) with Green Tea,386,19.02,19.58,None,"Pakistani, Indian, High Protein, Traditional"
1661,198.43,88.25,52.74,29.24,22.14,1201,Oatmeal Porridge in Cow Milk with Sliced Bananas & Almonds,Chicken Karahi (200g) with 2 Whole Wheat Chapatis & Salad,Palak Paneer (Spinach with Cottage Cheese) with 2 Chapatis,Dahi Bhalla (Dahi Baray) with Chaat Masala & Papdi,684,14.1,52.74,"Diabetes, Hypertension, Heart Disease, Obesity, Kidney Disease","Pakistani, Indian, Traditional, Balanced"
2051,205.06,114.63,82.37,14.4,19.82,1866,Mooli Paratha with Zeera Raita & Chai,Beef Shami Kebab (2 pcs) with 1 Whole Wheat Roti & Salad,Beef Nihari with 1 Roghani Naan & Ginger Lemon Garnish,1 Chicken Shami Kebab with Sliced Cucumber & Mint Raita,363,16.94,38.02,None,"Pakistani, Indian, High Protein, Traditional"
1377,174.98,69.8,39.01,21.04,24.67,918,Oatmeal Porridge in Cow Milk with Sliced Bananas & Almonds,Daal Channa with 2 Chapatis & Onion Salad,Peshawari Chapli Kabab with 1 Whole Wheat Roti & Salad,Roasted Chickpeas (Bhuna Chana - 50g) with Green Tea,378,13.58,24.86,"Diabetes, Heart Disease, Obesity, Kidney Disease","Pakistani, Indian, Low Fat, Dash, Balanced"
1492,182.48,91.74,42.65,12.1,22.18,1190,1 Crispy Aloo Paratha with Fresh Dahi & Mint Raita,Daal Masoor Curry with Boiled Basmati Rice & Kachumber,Chicken Tikka Boti (Grilled) with Mint Raita & Fresh Salad,Roasted Chickpeas (Bhuna Chana - 50g) with Green Tea,398,13.71,39.32,"Hypertension, Heart Disease","Pakistani, Indian, Low Fat, Dash, Balanced"
1697,213.9,67.79,61.87,11.93,20.33,1388,Mooli Paratha with Zeera Raita & Chai,Lobia / Red Kidney Bean Curry (Kalool) with Zeera Rice,Beef Nihari with 1 Roghani Naan & Ginger Lemon Garnish,1 Vegetable Potato Samosa with Mint Green Chutney,318,12.9,26.96,Kidney Disease,"Pakistani, Indian, Traditional, Balanced"
1161,128.03,72.3,35.85,17.92,17.16,922,Oatmeal Porridge in Cow Milk with Sliced Bananas & Almonds,Daal Channa with 2 Chapatis & Onion Salad,Chicken Tikka Boti (Grilled) with Mint Raita & Fresh Salad,1 Vegetable Potato Samosa with Mint Green Chutney,329,9.47,28.17,"Hypertension, Kidney Disease","Pakistani, Indian, Low Carb, Traditional"
1794,242.3,68.0,56.57,19.43,27.2,1486,1 Crispy Aloo Paratha with Fresh Dahi & Mint Raita,Daal Channa with 2 Chapatis & Onion Salad,Anda Curry with 2 Chapatis & Onion Salad,"Chana Chaat with Dahi, Onion, Tomato & Tamarind Chutney",457,15.09,38.86,"Hypertension, Heart Disease","Pakistani, Indian, Traditional, Balanced"
1952,192.94,125.41,70.93,13.62,21.0,1725,Anda Ghotala (Spiced Scrambled Eggs) with 1 Tandoori Roti,Kofta Curry (Spiced Meatballs) with 2 Chapatis,Chicken Haleem with 1 Tandoori Naan & Brown Onions,1 Chicken Shami Kebab with Sliced Cucumber & Mint Raita,323,16.57,30.64,"Diabetes, Obesity","Pakistani, Indian, High Protein, Traditional"
1844,231.89,81.38,61.29,42.51,23.74,1248,Mooli Paratha with Zeera Raita & Chai,Lobia / Red Kidney Bean Curry (Kalool) with Zeera Rice,Machli (Fried Spiced Fish) with 1 Roti & Fresh Lemon,Gajar ka Halwa (100g Small Cup - Traditional Sweet),563,13.14,29.26,"Hypertension, Kidney Disease","Pakistani, Indian, Traditional, Balanced"
1469,173.23,56.64,60.82,13.62,22.97,1197,Anda Ghotala (Spiced Scrambled Eggs) with 1 Tandoori Roti,Bhindi Masala (Okra Curry) with 2 Whole Wheat Chapatis,Palak Paneer (Spinach with Cottage Cheese) with 2 Chapatis,1 Vegetable Potato Samosa with Mint Green Chutney,521,13.43,68.12,"Hypertension, Kidney Disease","Pakistani, Indian, Traditional, Balanced"
1466,169.64,81.78,49.79,17.06,13.46,1111,Wheat Dalia (Cracked Wheat Porridge in Buffalo Milk),Beef Pulao Gosht with Mint Raita & Sliced Cucumbers,Machli (Fried Spiced Fish) with 1 Roti & Fresh Lemon,1 Vegetable Potato Samosa with Mint Green Chutney,443,10.42,14.29,Kidney Disease,"Pakistani, Indian, Low Carb, Traditional"
1340,178.37,60.83,40.52,10.03,24.66,937,Mooli Paratha with Zeera Raita & Chai,Lobia / Red Kidney Bean Curry (Kalool) with Zeera Rice,Palak Gosht (Spinach Mutton Curry) with 1.5 Chapatis,Roasted Chickpeas (Bhuna Chana - 50g) with Green Tea,415,14.38,39.04,"Diabetes, Hypertension, Heart Disease, Kidney Disease","Pakistani, Indian, Low Fat, Dash, Balanced"
1511,185.31,59.12,54.89,16.11,19.24,1229,1 Whole Wheat Chapati with Fried Egg & Doodh Patti Chai,Daal Channa with 2 Chapatis & Onion Salad,Anda Curry with 2 Chapatis & Onion Salad,1 Vegetable Potato Samosa with Mint Green Chutney,297,11.78,21.15,"Hypertension, Kidney Disease","Pakistani, Indian, Traditional, Balanced"
1492,182.48,65.58,54.17,22.81,18.34,1207,Anda Ghotala (Spiced Scrambled Eggs) with 1 Tandoori Roti,Aloo Gosht (Potato Beef Curry) with 1.5 Tandoori Rotis,"Mix Sabzi (Carrot, Peas, Potatoes) with 2 Chapatis",Doodh Patti Chai with 2 Whole Wheat Rusks,323,11.6,51.8,"Heart Disease, Obesity, Kidney Disease","Pakistani, Indian, Traditional, Balanced"
1426,210.24,51.19,42.05,30.62,25.41,996,1 Crispy Aloo Paratha with Fresh Dahi & Mint Raita,Lobia / Red Kidney Bean Curry (Kalool) with Zeera Rice,Palak Paneer (Spinach with Cottage Cheese) with 2 Chapatis,"Fresh Fruit Chaat (Apple, Guava, Banana & Chaat Masala)",530,13.35,76.32,"Hypertension, Heart Disease, Kidney Disease","Pakistani, Indian, Vegetarian, Balanced"
1644,212.22,73.34,53.05,12.48,27.26,1238,Mooli Paratha with Zeera Raita & Chai,Lobia / Red Kidney Bean Curry (Kalool) with Zeera Rice,Palak Paneer (Spinach with Cottage Cheese) with 2 Chapatis,1 Chicken Shami Kebab with Sliced Cucumber & Mint Raita,598,16.12,51.49,"Diabetes, Hypertension, Heart Disease, Kidney Disease","Pakistani, Indian, Traditional, Balanced"
1654,175.1,82.86,65.44,36.26,17.07,1265,Anda Ghotala (Spiced Scrambled Eggs) with 1 Tandoori Roti,Aloo Gosht (Potato Beef Curry) with 1.5 Tandoori Rotis,Chicken Haleem with 1 Tandoori Naan & Brown Onions,Gajar ka Halwa (100g Small Cup - Traditional Sweet),332,12.2,22.99,Kidney Disease,"Pakistani, Indian, Traditional, Balanced"
1893,216.36,109.94,61.73,35.86,19.05,1470,Mooli Paratha with Zeera Raita & Chai,Kofta Curry (Spiced Meatballs) with 2 Chapatis,Balochi Sajji (Roasted Chicken) with 1 cup Zeera Rice,"Fresh Fruit Chaat (Apple, Guava, Banana & Chaat Masala)",353,13.52,81.13,"Hypertension, Heart Disease","Pakistani, Indian, Traditional, Balanced"
1759,236.84,74.43,52.44,32.14,30.11,1297,Oatmeal Porridge in Cow Milk with Sliced Bananas & Almonds,Bhindi Masala (Okra Curry) with 2 Whole Wheat Chapatis,Chicken Haleem with 1 Tandoori Naan & Brown Onions,Dahi Bhalla (Dahi Baray) with Chaat Masala & Papdi,592,13.31,52.44,"Diabetes, Heart Disease, Obesity, Kidney Disease","Pakistani, Indian, Traditional, Balanced"
1421,140.4,92.46,49.65,12.84,12.58,1258,2 Boiled Eggs with 2 Brown Bread Toasts & Green Tea,Aloo Gosht (Potato Beef Curry) with 1.5 Tandoori Rotis,Balochi Sajji (Roasted Chicken) with 1 cup Zeera Rice,Dahi Bhalla (Dahi Baray) with Chaat Masala & Papdi,304,10.87,16.27,"Heart Disease, Obesity","Pakistani, Indian, Low Carb, Traditional"
1352,214.2,44.77,34.24,16.68,27.39,1045,Mooli Paratha with Zeera Raita & Chai,Lobia / Red Kidney Bean Curry (Kalool) with Zeera Rice,"Mix Sabzi (Carrot, Peas, Potatoes) with 2 Chapatis","Chana Chaat with Dahi, Onion, Tomato & Tamarind Chutney",360,11.85,58.38,"Diabetes, Hypertension, Heart Disease, Kidney Disease","Pakistani, Indian, Vegetarian, Balanced"
2226,279.1,92.5,80.73,52.48,20.99,1626,1 Whole Wheat Chapati with Fried Egg & Doodh Patti Chai,Daal Masoor Curry with Boiled Basmati Rice & Kachumber,Beef Nihari with 1 Roghani Naan & Ginger Lemon Garnish,Gajar ka Halwa (100g Small Cup - Traditional Sweet),461,15.92,28.83,None,"Pakistani, Indian, Traditional, Balanced"
1359,174.57,66.59,42.74,28.79,18.9,1152,Anda Ghotala (Spiced Scrambled Eggs) with 1 Tandoori Roti,Daal Masoor Curry with Boiled Basmati Rice & Kachumber,Peshawari Chapli Kabab with 1 Whole Wheat Roti & Salad,"Fresh Fruit Chaat (Apple, Guava, Banana & Chaat Masala)",247,12.33,72.89,"Heart Disease, Obesity, Kidney Disease","Pakistani, Indian, Low Fat, Dash, Balanced"
1559,161.71,112.62,46.2,20.79,20.56,1375,2 Boiled Eggs with 2 Brown Bread Toasts & Green Tea,Daal Channa with 2 Chapatis & Onion Salad,Chicken Tikka Boti (Grilled) with Mint Raita & Fresh Salad,Doodh Patti Chai with 2 Whole Wheat Rusks,456,13.17,30.03,"Diabetes, Hypertension, Heart Disease, Obesity","Pakistani, Indian, High Protein, Traditional"
1539,200.17,66.18,48.97,34.44,23.03,1248,Anda Ghotala (Spiced Scrambled Eggs) with 1 Tandoori Roti,Daal Channa with 2 Chapatis & Onion Salad,Anda Curry with 2 Chapatis & Onion Salad,"Fresh Fruit Chaat (Apple, Guava, Banana & Chaat Masala)",312,12.91,74.26,"Diabetes, Hypertension, Heart Disease, Obesity, Kidney Disease","Pakistani, Indian, Low Fat, Dash, Balanced"
1985,238.64,89.69,71.89,51.35,15.94,1359,Oatmeal Porridge in Cow Milk with Sliced Bananas & Almonds,Chicken Biryani with Mint Zeera Raita & Fresh Salad,Beef Nihari with 1 Roghani Naan & Ginger Lemon Garnish,Gajar ka Halwa (100g Small Cup - Traditional Sweet),518,12.52,26.41,Kidney Disease,"Pakistani, Indian, Traditional, Balanced"
1456,143.95,83.63,58.08,13.06,18.31,1148,Plain Desi Ghee Paratha with Shami Kabab & Chai,Kofta Curry (Spiced Meatballs) with 2 Chapatis,Palak Gosht (Spinach Mutton Curry) with 1.5 Chapatis,Roasted Chickpeas (Bhuna Chana - 50g) with Green Tea,366,15.31,32.87,Kidney Disease,"Pakistani, Indian, Low Carb, Traditional"
1531,184.34,81.23,45.62,23.43,21.87,1010,Oatmeal Porridge in Cow Milk with Sliced Bananas & Almonds,Kofta Curry (Spiced Meatballs) with 2 Chapatis,Anda Curry with 2 Chapatis & Onion Salad,Roasted Chickpeas (Bhuna Chana - 50g) with Green Tea,422,13.75,25.0,"Diabetes, Hypertension, Heart Disease, Obesity, Kidney Disease","Pakistani, Indian, Low Fat, Dash, Balanced"
1687,203.79,87.26,55.63,23.42,26.12,1452,1 Whole Wheat Chapati with Fried Egg & Doodh Patti Chai,Bhindi Masala (Okra Curry) with 2 Whole Wheat Chapatis,Machli (Fried Spiced Fish) with 1 Roti & Fresh Lemon,"Chana Chaat with Dahi, Onion, Tomato & Tamarind Chutney",509,13.7,59.73,"Diabetes, Hypertension, Heart Disease, Obesity","Pakistani, Indian, Traditional, Balanced"
1613,157.04,112.47,54.11,10.61,21.75,1486,2 Boiled Eggs with 2 Brown Bread Toasts & Green Tea,Beef Shami Kebab (2 pcs) with 1 Whole Wheat Roti & Salad,Chicken Haleem with 1 Tandoori Naan & Brown Onions,1 Chicken Shami Kebab with Sliced Cucumber & Mint Raita,313,14.96,21.75,"Diabetes, Heart Disease, Obesity","Pakistani, Indian, High Protein, Traditional"
1639,191.01,93.34,51.55,15.74,23.77,1476,Anda Ghotala (Spiced Scrambled Eggs) with 1 Tandoori Roti,Daal Channa with 2 Chapatis & Onion Salad,Machli (Fried Spiced Fish) with 1 Roti & Fresh Lemon,"Chana Chaat with Dahi, Onion, Tomato & Tamarind Chutney",396,14.22,34.73,"Diabetes, Hypertension, Heart Disease, Obesity","Pakistani, Indian, Traditional, Balanced"
1492,211.96,67.59,37.85,33.52,23.25,1211,2 Boiled Eggs with 2 Brown Bread Toasts & Green Tea,Daal Masoor Curry with Boiled Basmati Rice & Kachumber,Anda Curry with 2 Chapatis & Onion Salad,"Fresh Fruit Chaat (Apple, Guava, Banana & Chaat Masala)",346,12.98,76.24,"Diabetes, Hypertension, Heart Disease, Obesity, Kidney Disease","Pakistani, Indian, Low Fat, Dash, Balanced"
1692,231.02,65.92,53.09,16.92,29.17,1365,Mooli Paratha with Zeera Raita & Chai,Daal Channa with 2 Chapatis & Onion Salad,"Mix Sabzi (Carrot, Peas, Potatoes) with 2 Chapatis",1 Chicken Shami Kebab with Sliced Cucumber & Mint Raita,397,14.23,68.84,"Diabetes, Hypertension, Heart Disease, Kidney Disease","Pakistani, Indian, Traditional, Balanced"
1485,183.95,74.76,48.5,21.15,24.4,979,Wheat Dalia (Cracked Wheat Porridge in Buffalo Milk),Aloo Gosht (Potato Beef Curry) with 1.5 Tandoori Rotis,Palak Paneer (Spinach with Cottage Cheese) with 2 Chapatis,Roasted Chickpeas (Bhuna Chana - 50g) with Green Tea,639,15.05,37.87,"Diabetes, Heart Disease, Obesity, Kidney Disease","Pakistani, Indian, Low Fat, Dash, Balanced"
1192,128.92,81.68,37.09,27.37,17.57,1077,Anda Ghotala (Spiced Scrambled Eggs) with 1 Tandoori Roti,Daal Channa with 2 Chapatis & Onion Salad,Chicken Tikka Boti (Grilled) with Mint Raita & Fresh Salad,"Fresh Fruit Chaat (Apple, Guava, Banana & Chaat Masala)",260,10.42,67.99,"Hypertension, Heart Disease, Obesity, Kidney Disease","Pakistani, Indian, Low Carb, Traditional"
1572,212.24,52.26,53.56,12.01,20.22,1271,Mooli Paratha with Zeera Raita & Chai,Daal Masoor Curry with Boiled Basmati Rice & Kachumber,Anda Curry with 2 Chapatis & Onion Salad,1 Vegetable Potato Samosa with Mint Green Chutney,340,12.01,40.05,"Hypertension, Kidney Disease","Pakistani, Indian, Traditional, Balanced"
2010,292.93,59.61,67.56,68.12,24.98,1465,Halwa Puri with Chana Masala (Sunday Special),Daal Masoor Curry with Boiled Basmati Rice & Kachumber,Anda Curry with 2 Chapatis & Onion Salad,"Fresh Fruit Chaat (Apple, Guava, Banana & Chaat Masala)",341,14.31,81.75,None,"Pakistani, Indian, Traditional, Balanced"
1503,171.82,94.09,43.98,28.13,15.85,982,Oatmeal Porridge in Cow Milk with Sliced Bananas & Almonds,Beef Shami Kebab (2 pcs) with 1 Whole Wheat Roti & Salad,Balochi Sajji (Roasted Chicken) with 1 cup Zeera Rice,Doodh Patti Chai with 2 Whole Wheat Rusks,414,11.05,17.9,"Hypertension, Heart Disease, Obesity","Pakistani, Indian, Low Fat, Dash, Balanced"
2023,219.41,95.65,82.28,48.57,20.57,1348,Plain Desi Ghee Paratha with Shami Kabab & Chai,Bhindi Masala (Okra Curry) with 2 Whole Wheat Chapatis,Balochi Sajji (Roasted Chicken) with 1 cup Zeera Rice,Gajar ka Halwa (100g Small Cup - Traditional Sweet),520,13.71,46.28,None,"Pakistani, Indian, Traditional, Balanced"
1368,157.04,73.03,48.55,30.4,13.51,1115,1 Whole Wheat Chapati with Fried Egg & Doodh Patti Chai,Beef Pulao Gosht with Mint Raita & Sliced Cucumbers,Peshawari Chapli Kabab with 1 Whole Wheat Roti & Salad,"Fresh Fruit Chaat (Apple, Guava, Banana & Chaat Masala)",245,11.31,54.04,"Heart Disease, Obesity, Kidney Disease","Pakistani, Indian, Low Carb, Traditional"
1955,230.46,80.9,76.82,31.43,22.7,1548,Plain Desi Ghee Paratha with Shami Kabab & Chai,Aloo Gosht (Potato Beef Curry) with 1.5 Tandoori Rotis,"Mix Sabzi (Carrot, Peas, Potatoes) with 2 Chapatis",Doodh Patti Chai with 2 Whole Wheat Rusks,431,15.02,57.03,Diabetes,"Pakistani, Indian, Traditional, Balanced"
1309,130.95,90.48,44.56,28.65,15.19,1182,Mooli Paratha with Zeera Raita & Chai,Kofta Curry (Spiced Meatballs) with 2 Chapatis,Chicken Tikka Boti (Grilled) with Mint Raita & Fresh Salad,"Fresh Fruit Chaat (Apple, Guava, Banana & Chaat Masala)",305,10.46,75.48,"Hypertension, Heart Disease","Pakistani, Indian, Low Carb, Traditional"
1489,214.12,59.34,42.31,14.27,27.33,1183,2 Boiled Eggs with 2 Brown Bread Toasts & Green Tea,Lobia / Red Kidney Bean Curry (Kalool) with Zeera Rice,"Mix Sabzi (Carrot, Peas, Potatoes) with 2 Chapatis",1 Vegetable Potato Samosa with Mint Green Chutney,342,12.95,48.94,"Hypertension, Kidney Disease","Pakistani, Indian, Low Fat, Dash, Balanced"
1492,188.72,67.4,51.67,13.93,17.07,1186,1 Crispy Aloo Paratha with Fresh Dahi & Mint Raita,Beef Pulao Gosht with Mint Raita & Sliced Cucumbers,"Mix Sabzi (Carrot, Peas, Potatoes) with 2 Chapatis",1 Chicken Shami Kebab with Sliced Cucumber & Mint Raita,328,11.86,45.83,"Heart Disease, Kidney Disease","Pakistani, Indian, Traditional, Balanced"
1669,190.93,92.97,55.78,22.99,22.29,1230,Oatmeal Porridge in Cow Milk with Sliced Bananas & Almonds,Beef Shami Kebab (2 pcs) with 1 Whole Wheat Roti & Salad,Beef Nihari with 1 Roghani Naan & Ginger Lemon Garnish,Roasted Chickpeas (Bhuna Chana - 50g) with Green Tea,380,14.99,21.99,None,"Pakistani, Indian, Traditional, Balanced"
1467,144.9,83.18,58.59,30.86,14.85,1270,Plain Desi Ghee Paratha with Shami Kabab & Chai,Aloo Gosht (Potato Beef Curry) with 1.5 Tandoori Rotis,Machli (Fried Spiced Fish) with 1 Roti & Fresh Lemon,"Fresh Fruit Chaat (Apple, Guava, Banana & Chaat Masala)",300,11.45,56.8,Kidney Disease,"Pakistani, Indian, Low Carb, Traditional"
1516,141.94,81.48,66.15,14.02,16.65,1288,Plain Desi Ghee Paratha with Shami Kabab & Chai,Aloo Gosht (Potato Beef Curry) with 1.5 Tandoori Rotis,Palak Paneer (Spinach with Cottage Cheese) with 2 Chapatis,1 Chicken Shami Kebab with Sliced Cucumber & Mint Raita,442,14.54,38.11,Kidney Disease,"Pakistani, Indian, Low Carb, Traditional"
1676,199.87,81.92,56.73,40.6,20.19,1270,2 Boiled Eggs with 2 Brown Bread Toasts & Green Tea,Daal Masoor Curry with Boiled Basmati Rice & Kachumber,Peshawari Chapli Kabab with 1 Whole Wheat Roti & Salad,Gajar ka Halwa (100g Small Cup - Traditional Sweet),422,14.16,32.79,Kidney Disease,"Pakistani, Indian, Traditional, Balanced"
1857,202.43,112.17,63.65,10.96,14.09,1503,Mooli Paratha with Zeera Raita & Chai,Chicken Biryani with Mint Zeera Raita & Fresh Salad,Balochi Sajji (Roasted Chicken) with 1 cup Zeera Rice,1 Chicken Shami Kebab with Sliced Cucumber & Mint Raita,386,12.52,34.43,"Hypertension, Heart Disease","Pakistani, Indian, High Protein, Traditional"
1391,166.54,62.63,49.61,35.17,21.7,957,Besan ka Chilla (Savory Gram Flour Pancake) with Mint Dahi,Daal Channa with 2 Chapatis & Onion Salad,Palak Gosht (Spinach Mutton Curry) with 1.5 Chapatis,Gajar ka Halwa (100g Small Cup - Traditional Sweet),461,14.17,35.88,"Hypertension, Kidney Disease","Pakistani, Indian, Low Carb, Traditional"
1744,203.84,93.75,57.56,12.54,27.8,1373,Mooli Paratha with Zeera Raita & Chai,Beef Shami Kebab (2 pcs) with 1 Whole Wheat Roti & Salad,Chicken Haleem with 1 Tandoori Naan & Brown Onions,Roasted Chickpeas (Bhuna Chana - 50g) with Green Tea,371,15.7,29.43,"Diabetes, Heart Disease","Pakistani, Indian, Traditional, Balanced"
1736,220.27,70.94,61.02,21.83,14.19,1339,1 Crispy Aloo Paratha with Fresh Dahi & Mint Raita,Chicken Biryani with Mint Zeera Raita & Fresh Salad,Anda Curry with 2 Chapatis & Onion Salad,Doodh Patti Chai with 2 Whole Wheat Rusks,476,11.11,28.28,"Hypertension, Heart Disease, Kidney Disease","Pakistani, Indian, Traditional, Balanced"
1625,186.58,79.34,58.67,12.02,14.91,1375,Mooli Paratha with Zeera Raita & Chai,Chicken Biryani with Mint Zeera Raita & Fresh Salad,Anda Curry with 2 Chapatis & Onion Salad,1 Chicken Shami Kebab with Sliced Cucumber & Mint Raita,385,11.73,37.51,"Hypertension, Heart Disease, Kidney Disease","Pakistani, Indian, Traditional, Balanced"
1755,194.2,79.55,70.96,38.28,13.72,1279,1 Crispy Aloo Paratha with Fresh Dahi & Mint Raita,Beef Pulao Gosht with Mint Raita & Sliced Cucumbers,Peshawari Chapli Kabab with 1 Whole Wheat Roti & Salad,Gajar ka Halwa (100g Small Cup - Traditional Sweet),420,12.98,24.27,Kidney Disease,"Pakistani, Indian, Traditional, Balanced"
1708,195.54,95.71,58.15,24.19,12.45,1369,1 Whole Wheat Chapati with Fried Egg & Doodh Patti Chai,Chicken Biryani with Mint Zeera Raita & Fresh Salad,Machli (Fried Spiced Fish) with 1 Roti & Fresh Lemon,Doodh Patti Chai with 2 Whole Wheat Rusks,468,10.7,20.07,"Hypertension, Heart Disease, Obesity","Pakistani, Indian, Traditional, Balanced"
1526,211.2,42.15,59.9,55.02,23.78,1074,Halwa Puri with Chana Masala (Sunday Special),Bhindi Masala (Okra Curry) with 2 Whole Wheat Chapatis,Palak Paneer (Spinach with Cottage Cheese) with 2 Chapatis,"Fresh Fruit Chaat (Apple, Guava, Banana & Chaat Masala)",484,12.16,94.06,Kidney Disease,"Pakistani, Indian, Traditional, Balanced"
1981,223.69,95.19,75.15,57.32,23.3,1299,Wheat Dalia (Cracked Wheat Porridge in Buffalo Milk),Aloo Gosht (Potato Beef Curry) with 1.5 Tandoori Rotis,Palak Gosht (Spinach Mutton Curry) with 1.5 Chapatis,Gajar ka Halwa (100g Small Cup - Traditional Sweet),740,17.36,48.35,None,"Pakistani, Indian, Traditional, Balanced"
2140,260.66,68.76,93.37,69.06,20.43,1517,Halwa Puri with Chana Masala (Sunday Special),Bhindi Masala (Okra Curry) with 2 Whole Wheat Chapatis,Beef Nihari with 1 Roghani Naan & Ginger Lemon Garnish,Gajar ka Halwa (100g Small Cup - Traditional Sweet),438,13.42,43.77,None,"Pakistani, Indian, Traditional, Balanced"
1307,184.13,44.65,44.19,22.56,21.91,985,Anda Ghotala (Spiced Scrambled Eggs) with 1 Tandoori Roti,Bhindi Masala (Okra Curry) with 2 Whole Wheat Chapatis,"Mix Sabzi (Carrot, Peas, Potatoes) with 2 Chapatis",Doodh Patti Chai with 2 Whole Wheat Rusks,382,10.04,70.43,"Diabetes, Hypertension, Heart Disease, Obesity, Kidney Disease","Pakistani, Indian, Low Fat, Dash, Balanced"
2059,257.13,90.72,72.13,16.14,26.83,1603,1 Crispy Aloo Paratha with Fresh Dahi & Mint Raita,Daal Channa with 2 Chapatis & Onion Salad,Beef Nihari with 1 Roghani Naan & Ginger Lemon Garnish,Roasted Chickpeas (Bhuna Chana - 50g) with Green Tea,417,17.25,23.38,None,"Pakistani, Indian, Traditional, Balanced"
1715,212.11,78.98,56.98,32.72,18.62,1213,Wheat Dalia (Cracked Wheat Porridge in Buffalo Milk),Aloo Gosht (Potato Beef Curry) with 1.5 Tandoori Rotis,Anda Curry with 2 Chapatis & Onion Salad,Doodh Patti Chai with 2 Whole Wheat Rusks,570,12.64,24.82,"Heart Disease, Obesity, Kidney Disease","Pakistani, Indian, Traditional, Balanced"
2398,239.77,124.55,102.12,49.95,16.65,1832,Plain Desi Ghee Paratha with Shami Kabab & Chai,Chicken Karahi (200g) with 2 Whole Wheat Chapatis & Salad,Beef Nihari with 1 Roghani Naan & Ginger Lemon Garnish,Gajar ka Halwa (100g Small Cup - Traditional Sweet),455,16.43,31.64,None,"Pakistani, Indian, High Protein, Traditional"
2050,266.32,101.34,61.28,18.85,24.39,1555,1 Crispy Aloo Paratha with Fresh Dahi & Mint Raita,Lobia / Red Kidney Bean Curry (Kalool) with Zeera Rice,Balochi Sajji (Roasted Chicken) with 1 cup Zeera Rice,Dahi Bhalla (Dahi Baray) with Chaat Masala & Papdi,524,15.2,23.57,"Hypertension, Heart Disease","Pakistani, Indian, Traditional, Balanced"
1531,193.03,57.26,56.61,40.37,18.93,1076,Mooli Paratha with Zeera Raita & Chai,Kofta Curry (Spiced Meatballs) with 2 Chapatis,"Mix Sabzi (Carrot, Peas, Potatoes) with 2 Chapatis",Gajar ka Halwa (100g Small Cup - Traditional Sweet),394,10.76,53.82,"Hypertension, Kidney Disease","Pakistani, Indian, Traditional, Balanced"
1232,138.61,72.73,39.79,16.26,15.83,1027,Mooli Paratha with Zeera Raita & Chai,Daal Channa with 2 Chapatis & Onion Salad,Chicken Tikka Boti (Grilled) with Mint Raita & Fresh Salad,Doodh Patti Chai with 2 Whole Wheat Rusks,359,9.41,31.23,"Hypertension, Heart Disease, Kidney Disease","Pakistani, Indian, Low Carb, Traditional"
1646,202.28,84.28,54.54,32.23,15.77,1358,1 Crispy Aloo Paratha with Fresh Dahi & Mint Raita,Chicken Biryani with Mint Zeera Raita & Fresh Salad,Machli (Fried Spiced Fish) with 1 Roti & Fresh Lemon,"Fresh Fruit Chaat (Apple, Guava, Banana & Chaat Masala)",431,10.71,68.42,"Hypertension, Heart Disease, Kidney Disease","Pakistani, Indian, Traditional, Balanced"
1396,191.89,66.5,39.9,32.3,20.23,1111,2 Boiled Eggs with 2 Brown Bread Toasts & Green Tea,Beef Pulao Gosht with Mint Raita & Sliced Cucumbers,"Mix Sabzi (Carrot, Peas, Potatoes) with 2 Chapatis","Fresh Fruit Chaat (Apple, Guava, Banana & Chaat Masala)",299,11.49,82.17,"Diabetes, Heart Disease, Obesity, Kidney Disease","Pakistani, Indian, Low Fat, Dash, Balanced"
1373,135.65,79.82,53.35,10.09,15.63,1183,Mooli Paratha with Zeera Raita & Chai,Kofta Curry (Spiced Meatballs) with 2 Chapatis,Palak Gosht (Spinach Mutton Curry) with 1.5 Chapatis,1 Chicken Shami Kebab with Sliced Cucumber & Mint Raita,364,13.48,43.84,"Hypertension, Heart Disease, Kidney Disease","Pakistani, Indian, Low Carb, Traditional"
1418,177.79,67.83,46.55,13.36,29.08,1038,2 Boiled Eggs with 2 Brown Bread Toasts & Green Tea,Bhindi Masala (Okra Curry) with 2 Whole Wheat Chapatis,Palak Paneer (Spinach with Cottage Cheese) with 2 Chapatis,Roasted Chickpeas (Bhuna Chana - 50g) with Green Tea,611,15.42,62.17,"Diabetes, Hypertension, Heart Disease, Obesity, Kidney Disease","Pakistani, Indian, Low Fat, Dash, Balanced"
1593,159.3,97.92,59.5,11.43,17.99,1331,Mooli Paratha with Zeera Raita & Chai,Chicken Karahi (200g) with 2 Whole Wheat Chapatis & Salad,Palak Gosht (Spinach Mutton Curry) with 1.5 Chapatis,1 Chicken Shami Kebab with Sliced Cucumber & Mint Raita,417,14.81,57.16,"Hypertension, Heart Disease","Pakistani, Indian, Low Carb, Traditional"
1723,191.44,90.65,63.65,9.57,12.92,1340,Mooli Paratha with Zeera Raita & Chai,Beef Pulao Gosht with Mint Raita & Sliced Cucumbers,Balochi Sajji (Roasted Chicken) with 1 cup Zeera Rice,1 Vegetable Potato Samosa with Mint Green Chutney,302,11.68,22.97,None,"Pakistani, Indian, Traditional, Balanced"
2028,245.84,101.38,70.39,27.84,17.02,1623,Wheat Dalia (Cracked Wheat Porridge in Buffalo Milk),Beef Pulao Gosht with Mint Raita & Sliced Cucumbers,Beef Nihari with 1 Roghani Naan & Ginger Lemon Garnish,Dahi Bhalla (Dahi Baray) with Chaat Masala & Papdi,557,14.71,17.86,None,"Pakistani, Indian, Traditional, Balanced"
2139,299.41,68.1,75.98,54.59,28.7,1407,Halwa Puri with Chana Masala (Sunday Special),Lobia / Red Kidney Bean Curry (Kalool) with Zeera Rice,Palak Paneer (Spinach with Cottage Cheese) with 2 Chapatis,Doodh Patti Chai with 2 Whole Wheat Rusks,670,17.11,40.52,None,"Pakistani, Indian, Traditional, Balanced"
1588,184.04,89.76,52.33,10.83,17.32,1416,2 Boiled Eggs with 2 Brown Bread Toasts & Green Tea,Daal Masoor Curry with Boiled Basmati Rice & Kachumber,Beef Nihari with 1 Roghani Naan & Ginger Lemon Garnish,1 Chicken Shami Kebab with Sliced Cucumber & Mint Raita,289,13.71,25.71,None,"Pakistani, Indian, Traditional, Balanced"
1707,194.54,73.87,70.66,43.77,17.89,1303,Halwa Puri with Chana Masala (Sunday Special),Beef Shami Kebab (2 pcs) with 1 Whole Wheat Roti & Salad,Palak Gosht (Spinach Mutton Curry) with 1.5 Chapatis,Doodh Patti Chai with 2 Whole Wheat Rusks,408,14.5,36.25,Kidney Disease,"Pakistani, Indian, Traditional, Balanced"
1424,180.24,51.55,54.27,40.21,24.9,911,Besan ka Chilla (Savory Gram Flour Pancake) with Mint Dahi,Bhindi Masala (Okra Curry) with 2 Whole Wheat Chapatis,Palak Paneer (Spinach with Cottage Cheese) with 2 Chapatis,Gajar ka Halwa (100g Small Cup - Traditional Sweet),649,13.57,62.5,"Hypertension, Kidney Disease","Pakistani, Indian, Vegetarian, Balanced"
2159,259.29,103.19,78.63,16.4,20.21,1725,1 Crispy Aloo Paratha with Fresh Dahi & Mint Raita,Chicken Biryani with Mint Zeera Raita & Fresh Salad,Beef Nihari with 1 Roghani Naan & Ginger Lemon Garnish,Roasted Chickpeas (Bhuna Chana - 50g) with Green Tea,450,16.09,28.57,None,"Pakistani, Indian, Traditional, Balanced"
1594,166.27,86.99,61.28,18.43,13.28,1388,2 Boiled Eggs with 2 Brown Bread Toasts & Green Tea,Aloo Gosht (Potato Beef Curry) with 1.5 Tandoori Rotis,Beef Nihari with 1 Roghani Naan & Ginger Lemon Garnish,Doodh Patti Chai with 2 Whole Wheat Rusks,313,12.17,17.14,Kidney Disease,"Pakistani, Indian, Low Carb, Traditional"
1335,157.6,72.58,42.3,12.44,15.35,1161,2 Boiled Eggs with 2 Brown Bread Toasts & Green Tea,Beef Pulao Gosht with Mint Raita & Sliced Cucumbers,Anda Curry with 2 Chapatis & Onion Salad,"Chana Chaat with Dahi, Onion, Tomato & Tamarind Chutney",307,11.61,22.81,"Heart Disease, Obesity, Kidney Disease","Pakistani, Indian, Low Carb, Traditional"
1518,140.83,86.6,64.47,11.43,13.72,1399,Anda Ghotala (Spiced Scrambled Eggs) with 1 Tandoori Roti,Kofta Curry (Spiced Meatballs) with 2 Chapatis,Peshawari Chapli Kabab with 1 Whole Wheat Roti & Salad,1 Vegetable Potato Samosa with Mint Green Chutney,233,12.99,31.09,Kidney Disease,"Pakistani, Indian, Low Carb, Traditional"
1498,220.23,60.02,41.07,29.78,23.02,1146,1 Crispy Aloo Paratha with Fresh Dahi & Mint Raita,Daal Masoor Curry with Boiled Basmati Rice & Kachumber,Chicken Haleem with 1 Tandoori Naan & Brown Onions,"Fresh Fruit Chaat (Apple, Guava, Banana & Chaat Masala)",320,11.64,64.08,"Heart Disease, Kidney Disease","Pakistani, Indian, Low Fat, Dash, Balanced"
1949,236.25,97.43,67.65,26.76,16.36,1560,Wheat Dalia (Cracked Wheat Porridge in Buffalo Milk),Beef Pulao Gosht with Mint Raita & Sliced Cucumbers,Beef Nihari with 1 Roghani Naan & Ginger Lemon Garnish,Dahi Bhalla (Dahi Baray) with Chaat Masala & Papdi,535,14.13,17.16,None,"Pakistani, Indian, Traditional, Balanced"
1864,180.76,129.92,67.22,14.12,15.03,1706,1 Crispy Aloo Paratha with Fresh Dahi & Mint Raita,Chicken Biryani with Mint Zeera Raita & Fresh Salad,Chicken Tikka Boti (Grilled) with Mint Raita & Fresh Salad,1 Chicken Shami Kebab with Sliced Cucumber & Mint Raita,474,13.9,46.32,None,"Pakistani, Indian, High Protein, Traditional"
2035,250.3,96.66,73.77,59.01,15.57,1445,Halwa Puri with Chana Masala (Sunday Special),Beef Pulao Gosht with Mint Raita & Sliced Cucumbers,Balochi Sajji (Roasted Chicken) with 1 cup Zeera Rice,"Fresh Fruit Chaat (Apple, Guava, Banana & Chaat Masala)",280,13.02,56.98,None,"Pakistani, Indian, Traditional, Balanced"
2157,234.57,98.64,89.01,45.03,15.92,1655,1 Crispy Aloo Paratha with Fresh Dahi & Mint Raita,Kofta Curry (Spiced Meatballs) with 2 Chapatis,Beef Nihari with 1 Roghani Naan & Ginger Lemon Garnish,Gajar ka Halwa (100g Small Cup - Traditional Sweet),461,14.87,25.13,None,"Pakistani, Indian, Traditional, Balanced"
1606,247.8,62.52,35.56,48.18,29.6,987,Oatmeal Porridge in Cow Milk with Sliced Bananas & Almonds,Lobia / Red Kidney Bean Curry (Kalool) with Zeera Rice,Anda Curry with 2 Chapatis & Onion Salad,"Fresh Fruit Chaat (Apple, Guava, Banana & Chaat Masala)",482,13.54,76.29,"Hypertension, Heart Disease, Obesity, Kidney Disease","Pakistani, Indian, Low Fat, Dash, Balanced"
1449,140.99,90.76,54.34,10.28,15.67,1292,Besan ka Chilla (Savory Gram Flour Pancake) with Mint Dahi,Kofta Curry (Spiced Meatballs) with 2 Chapatis,Machli (Fried Spiced Fish) with 1 Roti & Fresh Lemon,1 Vegetable Potato Samosa with Mint Green Chutney,323,12.43,22.03,Hypertension,"Pakistani, Indian, Low Carb, Traditional"
1849,241.61,68.77,67.84,42.0,24.35,1413,Halwa Puri with Chana Masala (Sunday Special),Lobia / Red Kidney Bean Curry (Kalool) with Zeera Rice,Palak Gosht (Spinach Mutton Curry) with 1.5 Chapatis,Dahi Bhalla (Dahi Baray) with Chaat Masala & Papdi,479,15.98,38.1,None,"Pakistani, Indian, Traditional, Balanced"
1717,168.03,102.94,67.86,16.16,13.11,1523,1 Whole Wheat Chapati with Fried Egg & Doodh Patti Chai,Kofta Curry (Spiced Meatballs) with 2 Chapatis,Beef Nihari with 1 Roghani Naan & Ginger Lemon Garnish,1 Chicken Shami Kebab with Sliced Cucumber & Mint Raita,268,13.76,20.31,None,"Pakistani, Indian, Low Carb, Traditional"
1763,204.13,87.87,63.56,36.19,12.53,1215,Mooli Paratha with Zeera Raita & Chai,Chicken Biryani with Mint Zeera Raita & Fresh Salad,Balochi Sajji (Roasted Chicken) with 1 cup Zeera Rice,Gajar ka Halwa (100g Small Cup - Traditional Sweet),431,10.21,27.84,"Hypertension, Kidney Disease","Pakistani, Indian, Traditional, Balanced"
1616,173.77,91.87,59.55,13.28,26.12,1273,Anda Ghotala (Spiced Scrambled Eggs) with 1 Tandoori Roti,Beef Shami Kebab (2 pcs) with 1 Whole Wheat Roti & Salad,Palak Paneer (Spinach with Cottage Cheese) with 2 Chapatis,Roasted Chickpeas (Bhuna Chana - 50g) with Green Tea,537,17.93,47.59,"Diabetes, Hypertension, Heart Disease, Obesity","Pakistani, Indian, Traditional, Balanced"
1672,204.76,73.37,59.15,22.75,22.18,1297,Mooli Paratha with Zeera Raita & Chai,Bhindi Masala (Okra Curry) with 2 Whole Wheat Chapatis,Machli (Fried Spiced Fish) with 1 Roti & Fresh Lemon,Doodh Patti Chai with 2 Whole Wheat Rusks,574,11.38,57.45,"Diabetes, Hypertension, Heart Disease, Kidney Disease","Pakistani, Indian, Traditional, Balanced"
1713,204.7,94.27,53.87,16.7,22.41,1476,Anda Ghotala (Spiced Scrambled Eggs) with 1 Tandoori Roti,Lobia / Red Kidney Bean Curry (Kalool) with Zeera Rice,Machli (Fried Spiced Fish) with 1 Roti & Fresh Lemon,Dahi Bhalla (Dahi Baray) with Chaat Masala & Papdi,474,14.01,25.86,"Diabetes, Hypertension, Heart Disease, Obesity","Pakistani, Indian, Traditional, Balanced"
1256,161.22,69.15,35.64,25.88,19.01,1001,Anda Ghotala (Spiced Scrambled Eggs) with 1 Tandoori Roti,Lobia / Red Kidney Bean Curry (Kalool) with Zeera Rice,Machli (Fried Spiced Fish) with 1 Roti & Fresh Lemon,"Fresh Fruit Chaat (Apple, Guava, Banana & Chaat Masala)",301,10.52,55.58,"Hypertension, Heart Disease, Obesity, Kidney Disease","Pakistani, Indian, Low Carb, Traditional"
1513,166.05,74.72,59.5,33.21,18.91,1208,Plain Desi Ghee Paratha with Shami Kabab & Chai,Kofta Curry (Spiced Meatballs) with 2 Chapatis,Palak Paneer (Spinach with Cottage Cheese) with 2 Chapatis,"Fresh Fruit Chaat (Apple, Guava, Banana & Chaat Masala)",461,14.02,75.18,Kidney Disease,"Pakistani, Indian, Low Carb, Traditional"
1804,210.8,96.94,59.52,12.96,28.74,1420,Mooli Paratha with Zeera Raita & Chai,Beef Shami Kebab (2 pcs) with 1 Whole Wheat Roti & Salad,Chicken Haleem with 1 Tandoori Naan & Brown Onions,Roasted Chickpeas (Bhuna Chana - 50g) with Green Tea,383,16.23,30.44,"Diabetes, Heart Disease","Pakistani, Indian, Traditional, Balanced"
1868,199.36,96.74,73.97,14.38,19.73,1532,1 Crispy Aloo Paratha with Fresh Dahi & Mint Raita,Chicken Karahi (200g) with 2 Whole Wheat Chapatis & Salad,Palak Gosht (Spinach Mutton Curry) with 1.5 Chapatis,1 Vegetable Potato Samosa with Mint Green Chutney,467,16.05,56.66,Hypertension,"Pakistani, Indian, Traditional, Balanced"
1571,184.62,74.29,55.92,44.56,16.86,950,Oatmeal Porridge in Cow Milk with Sliced Bananas & Almonds,Beef Pulao Gosht with Mint Raita & Sliced Cucumbers,Palak Gosht (Spinach Mutton Curry) with 1.5 Chapatis,Gajar ka Halwa (100g Small Cup - Traditional Sweet),533,13.49,34.62,Kidney Disease,"Pakistani, Indian, Traditional, Balanced"
1357,129.49,107.32,43.46,17.3,15.08,1251,1 Whole Wheat Chapati with Fried Egg & Doodh Patti Chai,Chicken Karahi (200g) with 2 Whole Wheat Chapatis & Salad,Chicken Tikka Boti (Grilled) with Mint Raita & Fresh Salad,"Chana Chaat with Dahi, Onion, Tomato & Tamarind Chutney",306,11.18,41.69,"Hypertension, Heart Disease, Obesity","Pakistani, Indian, Low Carb, Traditional"
1616,159.47,100.2,59.26,16.92,21.76,1530,2 Boiled Eggs with 2 Brown Bread Toasts & Green Tea,Beef Shami Kebab (2 pcs) with 1 Whole Wheat Roti & Salad,Palak Gosht (Spinach Mutton Curry) with 1.5 Chapatis,Dahi Bhalla (Dahi Baray) with Chaat Masala & Papdi,512,17.13,44.18,"Diabetes, Hypertension, Heart Disease, Obesity","Pakistani, Indian, Low Carb, Traditional"
1378,137.0,73.86,55.71,18.16,13.12,1271,1 Whole Wheat Chapati with Fried Egg & Doodh Patti Chai,Aloo Gosht (Potato Beef Curry) with 1.5 Tandoori Rotis,Peshawari Chapli Kabab with 1 Whole Wheat Roti & Salad,Dahi Bhalla (Dahi Baray) with Chaat Masala & Papdi,289,11.47,23.52,"Heart Disease, Obesity, Kidney Disease","Pakistani, Indian, Low Carb, Traditional"
1820,227.19,77.75,65.62,40.25,29.01,1434,Plain Desi Ghee Paratha with Shami Kabab & Chai,Bhindi Masala (Okra Curry) with 2 Whole Wheat Chapatis,Chicken Haleem with 1 Tandoori Naan & Brown Onions,"Fresh Fruit Chaat (Apple, Guava, Banana & Chaat Masala)",414,14.34,94.29,None,"Pakistani, Indian, Traditional, Balanced"
1361,170.88,76.52,39.9,14.08,22.72,1080,Besan ka Chilla (Savory Gram Flour Pancake) with Mint Dahi,Bhindi Masala (Okra Curry) with 2 Whole Wheat Chapatis,Balochi Sajji (Roasted Chicken) with 1 cup Zeera Rice,"Chana Chaat with Dahi, Onion, Tomato & Tamarind Chutney",366,12.3,49.29,"Diabetes, Hypertension, Heart Disease, Obesity, Kidney Disease","Pakistani, Indian, Low Fat, Dash, Balanced"
1548,187.75,70.62,56.24,18.77,14.63,1201,1 Crispy Aloo Paratha with Fresh Dahi & Mint Raita,Chicken Biryani with Mint Zeera Raita & Fresh Salad,Palak Gosht (Spinach Mutton Curry) with 1.5 Chapatis,Doodh Patti Chai with 2 Whole Wheat Rusks,491,12.35,39.32,"Hypertension, Heart Disease, Kidney Disease","Pakistani, Indian, Traditional, Balanced"
1582,173.82,109.75,47.35,33.98,20.39,1304,Besan ka Chilla (Savory Gram Flour Pancake) with Mint Dahi,Chicken Karahi (200g) with 2 Whole Wheat Chapatis & Salad,Machli (Fried Spiced Fish) with 1 Roti & Fresh Lemon,"Fresh Fruit Chaat (Apple, Guava, Banana & Chaat Masala)",379,13.15,79.67,"Diabetes, Hypertension, Heart Disease, Obesity","Pakistani, Indian, Low Fat, Dash, Balanced"
1646,212.94,83.97,48.3,24.7,18.11,1262,1 Whole Wheat Chapati with Fried Egg & Doodh Patti Chai,Daal Masoor Curry with Boiled Basmati Rice & Kachumber,Machli (Fried Spiced Fish) with 1 Roti & Fresh Lemon,Doodh Patti Chai with 2 Whole Wheat Rusks,450,12.07,23.6,"Hypertension, Heart Disease, Obesity, Kidney Disease","Pakistani, Indian, Low Fat, Dash, Balanced"
1370,123.24,107.46,46.63,11.34,20.21,1193,Besan ka Chilla (Savory Gram Flour Pancake) with Mint Dahi,Aloo Gosht (Potato Beef Curry) with 1.5 Tandoori Rotis,Chicken Tikka Boti (Grilled) with Mint Raita & Fresh Salad,Roasted Chickpeas (Bhuna Chana - 50g) with Green Tea,330,14.49,33.03,"Diabetes, Heart Disease, Obesity","Pakistani, Indian, Low Carb, Traditional"
1536,145.93,97.16,57.13,36.48,13.44,1210,2 Boiled Eggs with 2 Brown Bread Toasts & Green Tea,Kofta Curry (Spiced Meatballs) with 2 Chapatis,Machli (Fried Spiced Fish) with 1 Roti & Fresh Lemon,Gajar ka Halwa (100g Small Cup - Traditional Sweet),422,11.33,16.8,Hypertension,"Pakistani, Indian, Low Carb, Traditional"
1850,248.09,81.06,59.85,29.38,27.75,1463,Wheat Dalia (Cracked Wheat Porridge in Buffalo Milk),Bhindi Masala (Okra Curry) with 2 Whole Wheat Chapatis,Beef Nihari with 1 Roghani Naan & Ginger Lemon Garnish,"Chana Chaat with Dahi, Onion, Tomato & Tamarind Chutney",588,14.8,58.21,None,"Pakistani, Indian, Traditional, Balanced"
1559,172.82,80.95,57.11,32.28,18.28,1341,Mooli Paratha with Zeera Raita & Chai,Kofta Curry (Spiced Meatballs) with 2 Chapatis,Peshawari Chapli Kabab with 1 Whole Wheat Roti & Salad,"Fresh Fruit Chaat (Apple, Guava, Banana & Chaat Masala)",308,13.01,78.47,"Heart Disease, Kidney Disease","Pakistani, Indian, Traditional, Balanced"
1674,237.49,72.38,47.5,31.67,28.84,1295,Wheat Dalia (Cracked Wheat Porridge in Buffalo Milk),Aloo Gosht (Potato Beef Curry) with 1.5 Tandoori Rotis,"Mix Sabzi (Carrot, Peas, Potatoes) with 2 Chapatis","Chana Chaat with Dahi, Onion, Tomato & Tamarind Chutney",526,14.25,67.29,"Diabetes, Heart Disease, Obesity, Kidney Disease","Pakistani, Indian, Low Fat, Dash, Balanced"
1536,183.62,76.82,52.46,20.14,15.93,1209,Plain Desi Ghee Paratha with Shami Kabab & Chai,Daal Masoor Curry with Boiled Basmati Rice & Kachumber,Machli (Fried Spiced Fish) with 1 Roti & Fresh Lemon,Doodh Patti Chai with 2 Whole Wheat Rusks,403,11.62,21.55,Kidney Disease,"Pakistani, Indian, Traditional, Balanced"
1501,167.47,64.68,62.08,12.51,19.54,1251,1 Crispy Aloo Paratha with Fresh Dahi & Mint Raita,Beef Shami Kebab (2 pcs) with 1 Whole Wheat Roti & Salad,Palak Paneer (Spinach with Cottage Cheese) with 2 Chapatis,1 Vegetable Potato Samosa with Mint Green Chutney,496,13.76,42.35,"Hypertension, Kidney Disease","Pakistani, Indian, Low Carb, Traditional"
1954,183.67,119.81,80.09,45.92,13.67,1559,Plain Desi Ghee Paratha with Shami Kabab & Chai,Chicken Biryani with Mint Zeera Raita & Fresh Salad,Chicken Tikka Boti (Grilled) with Mint Raita & Fresh Salad,Gajar ka Halwa (100g Small Cup - Traditional Sweet),513,13.24,36.84,None,"Pakistani, Indian, High Protein, Traditional"
1350,163.96,58.74,49.8,12.71,21.92,1035,1 Crispy Aloo Paratha with Fresh Dahi & Mint Raita,Bhindi Masala (Okra Curry) with 2 Whole Wheat Chapatis,Peshawari Chapli Kabab with 1 Whole Wheat Roti & Salad,Roasted Chickpeas (Bhuna Chana - 50g) with Green Tea,373,12.45,46.47,"Heart Disease, Kidney Disease","Pakistani, Indian, Low Carb, Traditional"
1170,169.99,50.91,29.45,15.15,23.81,1010,2 Boiled Eggs with 2 Brown Bread Toasts & Green Tea,Daal Channa with 2 Chapatis & Onion Salad,"Mix Sabzi (Carrot, Peas, Potatoes) with 2 Chapatis","Chana Chaat with Dahi, Onion, Tomato & Tamarind Chutney",295,10.94,46.7,"Diabetes, Hypertension, Heart Disease, Obesity, Kidney Disease","Pakistani, Indian, Low Carb, Traditional"
1712,179.21,88.61,67.2,18.42,16.03,1553,1 Crispy Aloo Paratha with Fresh Dahi & Mint Raita,Kofta Curry (Spiced Meatballs) with 2 Chapatis,Peshawari Chapli Kabab with 1 Whole Wheat Roti & Salad,Dahi Bhalla (Dahi Baray) with Chaat Masala & Papdi,408,13.94,31.36,None,"Pakistani, Indian, Traditional, Balanced"
2114,268.82,69.59,85.63,77.5,21.9,1431,Halwa Puri with Chana Masala (Sunday Special),Kofta Curry (Spiced Meatballs) with 2 Chapatis,"Mix Sabzi (Carrot, Peas, Potatoes) with 2 Chapatis",Gajar ka Halwa (100g Small Cup - Traditional Sweet),412,13.66,53.11,None,"Pakistani, Indian, Traditional, Balanced"
1384,207.54,50.52,38.23,21.85,23.85,1074,1 Whole Wheat Chapati with Fried Egg & Doodh Patti Chai,Lobia / Red Kidney Bean Curry (Kalool) with Zeera Rice,"Mix Sabzi (Carrot, Peas, Potatoes) with 2 Chapatis",Dahi Bhalla (Dahi Baray) with Chaat Masala & Papdi,373,11.38,42.78,"Diabetes, Hypertension, Heart Disease, Obesity, Kidney Disease","Pakistani, Indian, Low Fat, Dash, Balanced"
1686,199.02,100.02,53.31,34.52,14.01,1239,1 Whole Wheat Chapati with Fried Egg & Doodh Patti Chai,Beef Pulao Gosht with Mint Raita & Sliced Cucumbers,Balochi Sajji (Roasted Chicken) with 1 cup Zeera Rice,"Fresh Fruit Chaat (Apple, Guava, Banana & Chaat Masala)",284,11.98,54.83,"Heart Disease, Obesity","Pakistani, Indian, Traditional, Balanced"
1574,174.7,77.7,59.42,18.28,22.24,1361,Besan ka Chilla (Savory Gram Flour Pancake) with Mint Dahi,Aloo Gosht (Potato Beef Curry) with 1.5 Tandoori Rotis,Palak Paneer (Spinach with Cottage Cheese) with 2 Chapatis,Dahi Bhalla (Dahi Baray) with Chaat Masala & Papdi,584,15.95,44.69,"Diabetes, Heart Disease, Obesity, Kidney Disease","Pakistani, Indian, Traditional, Balanced"
1774,207.82,74.34,72.23,38.18,15.8,1411,Halwa Puri with Chana Masala (Sunday Special),Beef Pulao Gosht with Mint Raita & Sliced Cucumbers,Palak Gosht (Spinach Mutton Curry) with 1.5 Chapatis,Dahi Bhalla (Dahi Baray) with Chaat Masala & Papdi,414,14.36,32.52,None,"Pakistani, Indian, Traditional, Balanced"
1756,215.18,82.21,62.42,33.7,20.1,1360,1 Crispy Aloo Paratha with Fresh Dahi & Mint Raita,Beef Pulao Gosht with Mint Raita & Sliced Cucumbers,Palak Gosht (Spinach Mutton Curry) with 1.5 Chapatis,"Fresh Fruit Chaat (Apple, Guava, Banana & Chaat Masala)",472,15.94,84.24,"Heart Disease, Kidney Disease","Pakistani, Indian, Traditional, Balanced"
1713,214.66,81.31,55.83,22.22,17.35,1333,Besan ka Chilla (Savory Gram Flour Pancake) with Mint Dahi,Chicken Biryani with Mint Zeera Raita & Fresh Salad,Anda Curry with 2 Chapatis & Onion Salad,Doodh Patti Chai with 2 Whole Wheat Rusks,477,13.01,29.27,"Hypertension, Heart Disease, Obesity, Kidney Disease","Pakistani, Indian, Traditional, Balanced"
1310,191.77,51.45,36.3,17.77,25.82,917,1 Whole Wheat Chapati with Fried Egg & Doodh Patti Chai,Daal Channa with 2 Chapatis & Onion Salad,"Mix Sabzi (Carrot, Peas, Potatoes) with 2 Chapatis",Roasted Chickpeas (Bhuna Chana - 50g) with Green Tea,299,12.07,41.16,"Diabetes, Hypertension, Heart Disease, Obesity, Kidney Disease","Pakistani, Indian, Low Fat, Dash, Balanced"
1644,180.55,105.41,50.74,11.6,23.7,1331,2 Boiled Eggs with 2 Brown Bread Toasts & Green Tea,Kofta Curry (Spiced Meatballs) with 2 Chapatis,Chicken Haleem with 1 Tandoori Naan & Brown Onions,Roasted Chickpeas (Bhuna Chana - 50g) with Green Tea,333,15.13,16.64,"Diabetes, Heart Disease, Obesity","Pakistani, Indian, Traditional, Balanced"
1601,181.61,88.46,56.64,31.36,17.97,1376,Besan ka Chilla (Savory Gram Flour Pancake) with Mint Dahi,Kofta Curry (Spiced Meatballs) with 2 Chapatis,Beef Nihari with 1 Roghani Naan & Ginger Lemon Garnish,"Fresh Fruit Chaat (Apple, Guava, Banana & Chaat Masala)",276,13.85,61.32,Kidney Disease,"Pakistani, Indian, Traditional, Balanced"
1605,202.25,56.58,63.94,33.43,16.88,1287,Halwa Puri with Chana Masala (Sunday Special),Daal Masoor Curry with Boiled Basmati Rice & Kachumber,Peshawari Chapli Kabab with 1 Whole Wheat Roti & Salad,1 Vegetable Potato Samosa with Mint Green Chutney,230,12.03,29.25,Kidney Disease,"Pakistani, Indian, Traditional, Balanced"
1348,131.36,100.88,44.9,10.73,15.71,1099,1 Crispy Aloo Paratha with Fresh Dahi & Mint Raita,Chicken Karahi (200g) with 2 Whole Wheat Chapatis & Salad,Chicken Tikka Boti (Grilled) with Mint Raita & Fresh Salad,Roasted Chickpeas (Bhuna Chana - 50g) with Green Tea,331,11.33,35.2,"Hypertension, Heart Disease","Pakistani, Indian, Low Carb, Traditional"
1659,181.78,101.46,56.54,23.25,17.65,1384,Plain Desi Ghee Paratha with Shami Kabab & Chai,Daal Masoor Curry with Boiled Basmati Rice & Kachumber,Chicken Tikka Boti (Grilled) with Mint Raita & Fresh Salad,Doodh Patti Chai with 2 Whole Wheat Rusks,428,13.42,36.99,None,"Pakistani, Indian, Traditional, Balanced"
1223,170.88,43.14,38.95,27.22,22.03,913,Mooli Paratha with Zeera Raita & Chai,Daal Channa with 2 Chapatis & Onion Salad,Palak Paneer (Spinach with Cottage Cheese) with 2 Chapatis,"Fresh Fruit Chaat (Apple, Guava, Banana & Chaat Masala)",444,11.22,74.55,"Diabetes, Hypertension, Heart Disease, Kidney Disease","Pakistani, Indian, Vegetarian, Balanced"
1940,217.12,95.28,72.18,21.94,27.14,1721,Plain Desi Ghee Paratha with Shami Kabab & Chai,Daal Channa with 2 Chapatis & Onion Salad,Peshawari Chapli Kabab with 1 Whole Wheat Roti & Salad,"Chana Chaat with Dahi, Onion, Tomato & Tamarind Chutney",398,18.13,39.84,Diabetes,"Pakistani, Indian, Traditional, Balanced"
2150,215.02,105.52,93.1,47.66,15.74,1607,Plain Desi Ghee Paratha with Shami Kabab & Chai,Beef Pulao Gosht with Mint Raita & Sliced Cucumbers,Peshawari Chapli Kabab with 1 Whole Wheat Roti & Salad,Gajar ka Halwa (100g Small Cup - Traditional Sweet),460,16.63,24.94,None,"Pakistani, Indian, Traditional, Balanced"
1607,207.56,59.7,56.91,28.46,21.2,1183,1 Whole Wheat Chapati with Fried Egg & Doodh Patti Chai,Bhindi Masala (Okra Curry) with 2 Whole Wheat Chapatis,Anda Curry with 2 Chapatis & Onion Salad,Doodh Patti Chai with 2 Whole Wheat Rusks,485,11.72,48.54,"Diabetes, Hypertension, Heart Disease, Obesity, Kidney Disease","Pakistani, Indian, Traditional, Balanced"
1702,212.53,82.41,54.76,21.9,27.98,1420,1 Whole Wheat Chapati with Fried Egg & Doodh Patti Chai,Daal Channa with 2 Chapatis & Onion Salad,Palak Gosht (Spinach Mutton Curry) with 1.5 Chapatis,"Chana Chaat with Dahi, Onion, Tomato & Tamarind Chutney",483,17.67,50.96,"Diabetes, Hypertension, Heart Disease, Obesity","Pakistani, Indian, Traditional, Balanced"
1242,167.86,60.98,35.11,15.84,16.53,929,Wheat Dalia (Cracked Wheat Porridge in Buffalo Milk),Daal Masoor Curry with Boiled Basmati Rice & Kachumber,Machli (Fried Spiced Fish) with 1 Roti & Fresh Lemon,1 Vegetable Potato Samosa with Mint Green Chutney,407,9.34,21.84,"Hypertension, Kidney Disease","Pakistani, Indian, Low Carb, Traditional"
1619,171.68,92.07,59.42,13.79,20.46,1272,Plain Desi Ghee Paratha with Shami Kabab & Chai,Kofta Curry (Spiced Meatballs) with 2 Chapatis,Chicken Haleem with 1 Tandoori Naan & Brown Onions,Roasted Chickpeas (Bhuna Chana - 50g) with Green Tea,298,14.23,15.57,Diabetes,"Pakistani, Indian, Traditional, Balanced"
2112,241.67,94.16,82.73,26.67,20.47,1709,Plain Desi Ghee Paratha with Shami Kabab & Chai,Daal Channa with 2 Chapatis & Onion Salad,Beef Nihari with 1 Roghani Naan & Ginger Lemon Garnish,Doodh Patti Chai with 2 Whole Wheat Rusks,419,15.89,18.51,None,"Pakistani, Indian, Traditional, Balanced"
1673,218.46,83.63,47.79,33.57,22.19,990,Oatmeal Porridge in Cow Milk with Sliced Bananas & Almonds,Bhindi Masala (Okra Curry) with 2 Whole Wheat Chapatis,Balochi Sajji (Roasted Chicken) with 1 cup Zeera Rice,Doodh Patti Chai with 2 Whole Wheat Rusks,558,11.26,47.22,"Diabetes, Hypertension, Heart Disease, Obesity, Kidney Disease","Pakistani, Indian, Low Fat, Dash, Balanced"
1683,198.33,81.64,59.1,21.54,15.03,1272,1 Crispy Aloo Paratha with Fresh Dahi & Mint Raita,Chicken Karahi (200g) with 2 Whole Wheat Chapatis & Salad,Anda Curry with 2 Chapatis & Onion Salad,Doodh Patti Chai with 2 Whole Wheat Rusks,426,11.42,32.55,"Hypertension, Heart Disease, Kidney Disease","Pakistani, Indian, Traditional, Balanced"
2035,231.21,85.78,82.08,48.55,21.62,1410,1 Crispy Aloo Paratha with Fresh Dahi & Mint Raita,Kofta Curry (Spiced Meatballs) with 2 Chapatis,Palak Paneer (Spinach with Cottage Cheese) with 2 Chapatis,Gajar ka Halwa (100g Small Cup - Traditional Sweet),740,16.53,48.55,Hypertension,"Pakistani, Indian, Traditional, Balanced"
1772,214.99,74.57,69.24,41.64,19.56,1404,Halwa Puri with Chana Masala (Sunday Special),Kofta Curry (Spiced Meatballs) with 2 Chapatis,"Mix Sabzi (Carrot, Peas, Potatoes) with 2 Chapatis",1 Chicken Shami Kebab with Sliced Cucumber & Mint Raita,276,13.17,50.36,None,"Pakistani, Indian, Traditional, Balanced"
1493,185.11,65.97,54.0,14.32,28.23,1084,Anda Ghotala (Spiced Scrambled Eggs) with 1 Tandoori Roti,Bhindi Masala (Okra Curry) with 2 Whole Wheat Chapatis,Palak Paneer (Spinach with Cottage Cheese) with 2 Chapatis,Roasted Chickpeas (Bhuna Chana - 50g) with Green Tea,583,15.65,68.52,"Diabetes, Hypertension, Heart Disease, Obesity, Kidney Disease","Pakistani, Indian, Traditional, Balanced"
1519,201.32,61.72,49.38,33.24,22.6,1140,Plain Desi Ghee Paratha with Shami Kabab & Chai,Lobia / Red Kidney Bean Curry (Kalool) with Zeera Rice,Anda Curry with 2 Chapatis & Onion Salad,"Fresh Fruit Chaat (Apple, Guava, Banana & Chaat Masala)",337,12.91,60.77,"Diabetes, Kidney Disease","Pakistani, Indian, Low Fat, Dash, Balanced"
1860,231.44,102.74,55.7,16.76,26.17,1547,Besan ka Chilla (Savory Gram Flour Pancake) with Mint Dahi,Beef Pulao Gosht with Mint Raita & Sliced Cucumbers,Chicken Haleem with 1 Tandoori Naan & Brown Onions,"Chana Chaat with Dahi, Onion, Tomato & Tamarind Chutney",395,16.98,28.66,"Diabetes, Heart Disease, Obesity","Pakistani, Indian, Traditional, Balanced"
1602,188.42,105.4,44.16,28.26,23.55,1348,Wheat Dalia (Cracked Wheat Porridge in Buffalo Milk),Daal Channa with 2 Chapatis & Onion Salad,Chicken Tikka Boti (Grilled) with Mint Raita & Fresh Salad,Dahi Bhalla (Dahi Baray) with Chaat Masala & Papdi,630,13.07,34.15,"Diabetes, Hypertension, Heart Disease, Obesity","Pakistani, Indian, Low Fat, Dash, Balanced"
1481,189.34,79.86,44.69,19.02,20.73,1010,Wheat Dalia (Cracked Wheat Porridge in Buffalo Milk),Chicken Biryani with Mint Zeera Raita & Fresh Salad,Palak Gosht (Spinach Mutton Curry) with 1.5 Chapatis,Roasted Chickpeas (Bhuna Chana - 50g) with Green Tea,561,14.09,38.14,"Hypertension, Heart Disease, Obesity, Kidney Disease","Pakistani, Indian, Low Fat, Dash, Balanced"
1810,216.9,74.29,72.59,39.45,16.22,1477,Halwa Puri with Chana Masala (Sunday Special),Chicken Biryani with Mint Zeera Raita & Fresh Salad,Palak Gosht (Spinach Mutton Curry) with 1.5 Chapatis,Dahi Bhalla (Dahi Baray) with Chaat Masala & Papdi,453,13.66,39.71,None,"Pakistani, Indian, Traditional, Balanced"
1556,186.74,69.57,58.13,17.85,20.96,1373,Besan ka Chilla (Savory Gram Flour Pancake) with Mint Dahi,Bhindi Masala (Okra Curry) with 2 Whole Wheat Chapatis,Beef Nihari with 1 Roghani Naan & Ginger Lemon Garnish,Dahi Bhalla (Dahi Baray) with Chaat Masala & Papdi,412,13.09,43.94,Kidney Disease,"Pakistani, Indian, Traditional, Balanced"
1601,184.59,91.74,49.48,46.15,20.68,1201,Oatmeal Porridge in Cow Milk with Sliced Bananas & Almonds,Aloo Gosht (Potato Beef Curry) with 1.5 Tandoori Rotis,Machli (Fried Spiced Fish) with 1 Roti & Fresh Lemon,"Fresh Fruit Chaat (Apple, Guava, Banana & Chaat Masala)",445,12.23,73.39,"Heart Disease, Obesity","Pakistani, Indian, Low Fat, Dash, Balanced"
1681,211.45,93.8,45.87,11.93,30.47,1301,2 Boiled Eggs with 2 Brown Bread Toasts & Green Tea,Daal Channa with 2 Chapatis & Onion Salad,Chicken Haleem with 1 Tandoori Naan & Brown Onions,Roasted Chickpeas (Bhuna Chana - 50g) with Green Tea,369,15.83,15.72,"Diabetes, Heart Disease, Obesity","Pakistani, Indian, Low Fat, Dash, Balanced"
2693,312.83,105.25,115.08,77.65,16.76,1933,Halwa Puri with Chana Masala (Sunday Special),Beef Pulao Gosht with Mint Raita & Sliced Cucumbers,Beef Nihari with 1 Roghani Naan & Ginger Lemon Garnish,Gajar ka Halwa (100g Small Cup - Traditional Sweet),447,16.98,18.99,None,"Pakistani, Indian, Traditional, Balanced"
1159,181.69,43.34,27.09,35.42,22.09,717,Oatmeal Porridge in Cow Milk with Sliced Bananas & Almonds,Daal Masoor Curry with Boiled Basmati Rice & Kachumber,Palak Paneer (Spinach with Cottage Cheese) with 2 Chapatis,"Fresh Fruit Chaat (Apple, Guava, Banana & Chaat Masala)",483,11.08,75.01,"Hypertension, Heart Disease, Obesity, Kidney Disease","Pakistani, Indian, Vegetarian, Balanced"
1774,244.2,86.39,44.92,29.95,31.91,1302,Oatmeal Porridge in Cow Milk with Sliced Bananas & Almonds,Lobia / Red Kidney Bean Curry (Kalool) with Zeera Rice,Peshawari Chapli Kabab with 1 Whole Wheat Roti & Salad,"Chana Chaat with Dahi, Onion, Tomato & Tamarind Chutney",513,17.05,43.2,"Diabetes, Heart Disease, Obesity, Kidney Disease","Pakistani, Indian, Low Fat, Dash, Balanced"
2229,295.65,75.07,84.31,57.17,28.29,1594,Halwa Puri with Chana Masala (Sunday Special),Bhindi Masala (Okra Curry) with 2 Whole Wheat Chapatis,Chicken Haleem with 1 Tandoori Naan & Brown Onions,Doodh Patti Chai with 2 Whole Wheat Rusks,491,14.44,47.93,None,"Pakistani, Indian, Traditional, Balanced"
1646,182.39,89.62,57.65,17.3,24.63,1467,2 Boiled Eggs with 2 Brown Bread Toasts & Green Tea,Aloo Gosht (Potato Beef Curry) with 1.5 Tandoori Rotis,Palak Paneer (Spinach with Cottage Cheese) with 2 Chapatis,"Chana Chaat with Dahi, Onion, Tomato & Tamarind Chutney",561,16.77,51.89,"Diabetes, Heart Disease, Obesity","Pakistani, Indian, Traditional, Balanced"
1674,192.6,90.69,58.9,16.08,19.73,1477,Anda Ghotala (Spiced Scrambled Eggs) with 1 Tandoori Roti,Chicken Biryani with Mint Zeera Raita & Fresh Salad,Palak Gosht (Spinach Mutton Curry) with 1.5 Chapatis,"Chana Chaat with Dahi, Onion, Tomato & Tamarind Chutney",453,15.61,56.1,"Hypertension, Heart Disease, Obesity","Pakistani, Indian, Traditional, Balanced"
1278,175.91,66.51,32.21,22.32,22.58,779,Oatmeal Porridge in Cow Milk with Sliced Bananas & Almonds,Chicken Karahi (200g) with 2 Whole Wheat Chapatis & Salad,"Mix Sabzi (Carrot, Peas, Potatoes) with 2 Chapatis",Roasted Chickpeas (Bhuna Chana - 50g) with Green Tea,350,10.85,50.76,"Diabetes, Hypertension, Heart Disease, Obesity, Kidney Disease","Pakistani, Indian, Low Fat, Dash, Balanced"
1548,170.99,73.53,62.55,11.25,15.84,1260,Anda Ghotala (Spiced Scrambled Eggs) with 1 Tandoori Roti,Beef Pulao Gosht with Mint Raita & Sliced Cucumbers,Palak Paneer (Spinach with Cottage Cheese) with 2 Chapatis,1 Vegetable Potato Samosa with Mint Green Chutney,436,13.68,37.8,Kidney Disease,"Pakistani, Indian, Traditional, Balanced"
1713,233.37,77.63,51.29,24.94,22.3,1313,Wheat Dalia (Cracked Wheat Porridge in Buffalo Milk),Lobia / Red Kidney Bean Curry (Kalool) with Zeera Rice,Beef Nihari with 1 Roghani Naan & Ginger Lemon Garnish,Dahi Bhalla (Dahi Baray) with Chaat Masala & Papdi,522,13.36,18.35,Kidney Disease,"Pakistani, Indian, Traditional, Balanced"
1198,131.69,82.31,35.21,16.92,17.83,1006,Besan ka Chilla (Savory Gram Flour Pancake) with Mint Dahi,Daal Channa with 2 Chapatis & Onion Salad,Chicken Tikka Boti (Grilled) with Mint Raita & Fresh Salad,Doodh Patti Chai with 2 Whole Wheat Rusks,361,11.07,26.52,"Hypertension, Heart Disease, Obesity, Kidney Disease","Pakistani, Indian, Low Carb, Traditional"
1937,207.92,109.98,69.49,19.15,21.01,1740,Anda Ghotala (Spiced Scrambled Eggs) with 1 Tandoori Roti,Kofta Curry (Spiced Meatballs) with 2 Chapatis,Chicken Haleem with 1 Tandoori Naan & Brown Onions,Dahi Bhalla (Dahi Baray) with Chaat Masala & Papdi,394,15.32,27.91,"Diabetes, Obesity","Pakistani, Indian, Traditional, Balanced"
1501,150.12,90.17,55.81,37.05,15.11,1126,Besan ka Chilla (Savory Gram Flour Pancake) with Mint Dahi,Kofta Curry (Spiced Meatballs) with 2 Chapatis,Machli (Fried Spiced Fish) with 1 Roti & Fresh Lemon,Gajar ka Halwa (100g Small Cup - Traditional Sweet),423,12.03,19.73,Hypertension,"Pakistani, Indian, Low Carb, Traditional"
1361,162.39,67.14,43.37,20.87,19.78,916,Oatmeal Porridge in Cow Milk with Sliced Bananas & Almonds,Aloo Gosht (Potato Beef Curry) with 1.5 Tandoori Rotis,Anda Curry with 2 Chapatis & Onion Salad,Roasted Chickpeas (Bhuna Chana - 50g) with Green Tea,363,12.16,23.59,"Heart Disease, Obesity, Kidney Disease","Pakistani, Indian, Low Carb, Traditional"
1239,199.64,41.05,31.41,19.79,23.92,813,Wheat Dalia (Cracked Wheat Porridge in Buffalo Milk),Lobia / Red Kidney Bean Curry (Kalool) with Zeera Rice,"Mix Sabzi (Carrot, Peas, Potatoes) with 2 Chapatis",1 Vegetable Potato Samosa with Mint Green Chutney,400,10.07,41.3,"Hypertension, Kidney Disease","Pakistani, Indian, Vegetarian, Balanced"
1333,181.27,62.64,39.1,12.88,22.93,1057,Anda Ghotala (Spiced Scrambled Eggs) with 1 Tandoori Roti,Lobia / Red Kidney Bean Curry (Kalool) with Zeera Rice,"Mix Sabzi (Carrot, Peas, Potatoes) with 2 Chapatis",1 Chicken Shami Kebab with Sliced Cucumber & Mint Raita,289,12.26,49.32,"Diabetes, Hypertension, Heart Disease, Obesity, Kidney Disease","Pakistani, Indian, Low Fat, Dash, Balanced"
1462,176.19,74.0,51.97,51.97,18.59,1180,Halwa Puri with Chana Masala (Sunday Special),Daal Channa with 2 Chapatis & Onion Salad,Chicken Tikka Boti (Grilled) with Mint Raita & Fresh Salad,"Fresh Fruit Chaat (Apple, Guava, Banana & Chaat Masala)",264,10.66,63.43,Kidney Disease,"Pakistani, Indian, Traditional, Balanced"
1898,234.86,82.2,68.99,42.08,18.59,1448,Halwa Puri with Chana Masala (Sunday Special),Daal Channa with 2 Chapatis & Onion Salad,Balochi Sajji (Roasted Chicken) with 1 cup Zeera Rice,Dahi Bhalla (Dahi Baray) with Chaat Masala & Papdi,342,12.43,16.15,None,"Pakistani, Indian, Traditional, Balanced"
1869,214.19,78.68,74.86,26.23,22.62,1639,Plain Desi Ghee Paratha with Shami Kabab & Chai,Aloo Gosht (Potato Beef Curry) with 1.5 Tandoori Rotis,"Mix Sabzi (Carrot, Peas, Potatoes) with 2 Chapatis",Dahi Bhalla (Dahi Baray) with Chaat Masala & Papdi,415,14.86,56.82,Diabetes,"Pakistani, Indian, Traditional, Balanced"
1568,177.73,118.49,39.26,11.62,25.56,1336,2 Boiled Eggs with 2 Brown Bread Toasts & Green Tea,Daal Masoor Curry with Boiled Basmati Rice & Kachumber,Chicken Tikka Boti (Grilled) with Mint Raita & Fresh Salad,Roasted Chickpeas (Bhuna Chana - 50g) with Green Tea,412,15.91,40.08,"Diabetes, Hypertension, Heart Disease, Obesity","Pakistani, Indian, High Protein, Traditional"
1519,124.09,118.74,57.77,11.77,16.05,1466,1 Crispy Aloo Paratha with Fresh Dahi & Mint Raita,Beef Shami Kebab (2 pcs) with 1 Whole Wheat Roti & Salad,Chicken Tikka Boti (Grilled) with Mint Raita & Fresh Salad,1 Chicken Shami Kebab with Sliced Cucumber & Mint Raita,369,13.69,39.58,"Hypertension, Heart Disease","Pakistani, Indian, High Protein, Traditional"
1309,127.54,85.47,46.79,30.23,12.01,961,2 Boiled Eggs with 2 Brown Bread Toasts & Green Tea,Beef Shami Kebab (2 pcs) with 1 Whole Wheat Roti & Salad,Balochi Sajji (Roasted Chicken) with 1 cup Zeera Rice,Gajar ka Halwa (100g Small Cup - Traditional Sweet),302,9.86,12.84,"Hypertension, Kidney Disease","Pakistani, Indian, Low Carb, Traditional"
1688,159.62,107.26,64.87,14.23,18.1,1373,Plain Desi Ghee Paratha with Shami Kabab & Chai,Kofta Curry (Spiced Meatballs) with 2 Chapatis,Machli (Fried Spiced Fish) with 1 Roti & Fresh Lemon,Roasted Chickpeas (Bhuna Chana - 50g) with Green Tea,376,14.74,17.79,None,"Pakistani, Indian, Low Carb, Traditional"
1723,196.92,108.63,52.44,25.15,15.95,1300,Wheat Dalia (Cracked Wheat Porridge in Buffalo Milk),Kofta Curry (Spiced Meatballs) with 2 Chapatis,Balochi Sajji (Roasted Chicken) with 1 cup Zeera Rice,Dahi Bhalla (Dahi Baray) with Chaat Masala & Papdi,524,12.31,18.19,"Hypertension, Heart Disease, Obesity","Pakistani, Indian, Traditional, Balanced"
1432,200.63,62.01,41.04,18.7,25.99,1085,1 Whole Wheat Chapati with Fried Egg & Doodh Patti Chai,Lobia / Red Kidney Bean Curry (Kalool) with Zeera Rice,Palak Paneer (Spinach with Cottage Cheese) with 2 Chapatis,"Chana Chaat with Dahi, Onion, Tomato & Tamarind Chutney",520,14.5,41.49,"Diabetes, Hypertension, Heart Disease, Obesity, Kidney Disease","Pakistani, Indian, Low Fat, Dash, Balanced"
1133,120.83,71.74,38.18,28.53,13.93,982,1 Whole Wheat Chapati with Fried Egg & Doodh Patti Chai,Beef Shami Kebab (2 pcs) with 1 Whole Wheat Roti & Salad,Machli (Fried Spiced Fish) with 1 Roti & Fresh Lemon,"Fresh Fruit Chaat (Apple, Guava, Banana & Chaat Masala)",256,9.23,50.35,"Hypertension, Heart Disease, Obesity, Kidney Disease","Pakistani, Indian, Low Carb, Traditional"
1673,241.38,75.17,43.93,38.11,25.94,1281,1 Whole Wheat Chapati with Fried Egg & Doodh Patti Chai,Daal Masoor Curry with Boiled Basmati Rice & Kachumber,Chicken Haleem with 1 Tandoori Naan & Brown Onions,"Fresh Fruit Chaat (Apple, Guava, Banana & Chaat Masala)",318,13.34,69.87,"Heart Disease, Obesity, Kidney Disease","Pakistani, Indian, Low Fat, Dash, Balanced"
1914,246.83,94.54,63.41,66.8,23.21,1529,Halwa Puri with Chana Masala (Sunday Special),Daal Masoor Curry with Boiled Basmati Rice & Kachumber,Chicken Tikka Boti (Grilled) with Mint Raita & Fresh Salad,"Fresh Fruit Chaat (Apple, Guava, Banana & Chaat Masala)",345,14.04,90.58,None,"Pakistani, Indian, Traditional, Balanced"
2050,213.04,106.18,81.9,14.89,22.45,1810,Anda Ghotala (Spiced Scrambled Eggs) with 1 Tandoori Roti,Aloo Gosht (Potato Beef Curry) with 1.5 Tandoori Rotis,Chicken Haleem with 1 Tandoori Naan & Brown Onions,1 Vegetable Potato Samosa with Mint Green Chutney,304,16.04,32.07,None,"Pakistani, Indian, Traditional, Balanced"
1251,156.13,51.19,43.02,10.2,19.34,1029,Besan ka Chilla (Savory Gram Flour Pancake) with Mint Dahi,Daal Channa with 2 Chapatis & Onion Salad,Anda Curry with 2 Chapatis & Onion Salad,1 Vegetable Potato Samosa with Mint Green Chutney,275,11.36,21.73,"Hypertension, Kidney Disease","Pakistani, Indian, Low Carb, Traditional"
1418,176.87,62.57,47.97,13.35,16.02,1176,Mooli Paratha with Zeera Raita & Chai,Beef Pulao Gosht with Mint Raita & Sliced Cucumbers,Anda Curry with 2 Chapatis & Onion Salad,"Chana Chaat with Dahi, Onion, Tomato & Tamarind Chutney",330,11.35,31.7,"Heart Disease, Kidney Disease","Pakistani, Indian, Low Fat, Dash, Balanced"
1471,186.56,53.56,54.81,40.87,20.87,1048,Mooli Paratha with Zeera Raita & Chai,Beef Shami Kebab (2 pcs) with 1 Whole Wheat Roti & Salad,"Mix Sabzi (Carrot, Peas, Potatoes) with 2 Chapatis",Gajar ka Halwa (100g Small Cup - Traditional Sweet),394,10.96,55.77,"Hypertension, Kidney Disease","Pakistani, Indian, Traditional, Balanced"
1593,206.65,70.15,54.03,15.64,18.3,1308,1 Crispy Aloo Paratha with Fresh Dahi & Mint Raita,Chicken Biryani with Mint Zeera Raita & Fresh Salad,"Mix Sabzi (Carrot, Peas, Potatoes) with 2 Chapatis",1 Chicken Shami Kebab with Sliced Cucumber & Mint Raita,384,11.56,55.93,"Hypertension, Heart Disease, Kidney Disease","Pakistani, Indian, Traditional, Balanced"
1602,206.88,73.97,50.05,45.6,21.47,1173,Wheat Dalia (Cracked Wheat Porridge in Buffalo Milk),Aloo Gosht (Potato Beef Curry) with 1.5 Tandoori Rotis,Anda Curry with 2 Chapatis & Onion Salad,"Fresh Fruit Chaat (Apple, Guava, Banana & Chaat Masala)",478,12.57,73.97,"Heart Disease, Obesity, Kidney Disease","Pakistani, Indian, Traditional, Balanced"
1181,162.22,77.95,24.33,35.15,21.45,843,Wheat Dalia (Cracked Wheat Porridge in Buffalo Milk),Lobia / Red Kidney Bean Curry (Kalool) with Zeera Rice,Chicken Tikka Boti (Grilled) with Mint Raita & Fresh Salad,"Fresh Fruit Chaat (Apple, Guava, Banana & Chaat Masala)",437,10.27,63.99,"Hypertension, Heart Disease, Obesity, Kidney Disease","Pakistani, Indian, Low Carb, Traditional"
2404,305.34,85.75,95.28,44.93,24.69,1873,Halwa Puri with Chana Masala (Sunday Special),Lobia / Red Kidney Bean Curry (Kalool) with Zeera Rice,Beef Nihari with 1 Roghani Naan & Ginger Lemon Garnish,1 Vegetable Potato Samosa with Mint Green Chutney,341,16.89,23.28,None,"Pakistani, Indian, Traditional, Balanced"
1369,168.61,64.36,44.42,16.77,17.04,1070,Mooli Paratha with Zeera Raita & Chai,Daal Channa with 2 Chapatis & Onion Salad,Machli (Fried Spiced Fish) with 1 Roti & Fresh Lemon,Doodh Patti Chai with 2 Whole Wheat Rusks,403,9.7,22.21,"Hypertension, Heart Disease, Kidney Disease","Pakistani, Indian, Low Carb, Traditional"
1649,202.23,81.48,54.98,12.47,24.54,1286,1 Crispy Aloo Paratha with Fresh Dahi & Mint Raita,Lobia / Red Kidney Bean Curry (Kalool) with Zeera Rice,Palak Gosht (Spinach Mutton Curry) with 1.5 Chapatis,1 Chicken Shami Kebab with Sliced Cucumber & Mint Raita,491,16.79,44.67,"Hypertension, Heart Disease, Kidney Disease","Pakistani, Indian, Traditional, Balanced"
2216,245.33,107.97,86.82,17.52,22.95,1809,1 Crispy Aloo Paratha with Fresh Dahi & Mint Raita,Aloo Gosht (Potato Beef Curry) with 1.5 Tandoori Rotis,Beef Nihari with 1 Roghani Naan & Ginger Lemon Garnish,Roasted Chickpeas (Bhuna Chana - 50g) with Green Tea,407,18.2,28.26,None,"Pakistani, Indian, Traditional, Balanced"
2133,252.19,111.95,73.65,35.35,18.5,1609,Wheat Dalia (Cracked Wheat Porridge in Buffalo Milk),Kofta Curry (Spiced Meatballs) with 2 Chapatis,Beef Nihari with 1 Roghani Naan & Ginger Lemon Garnish,Doodh Patti Chai with 2 Whole Wheat Rusks,589,15.32,21.21,None,"Pakistani, Indian, High Protein, Traditional"
1571,180.7,75.15,58.69,11.82,16.72,1343,1 Crispy Aloo Paratha with Fresh Dahi & Mint Raita,Daal Channa with 2 Chapatis & Onion Salad,Beef Nihari with 1 Roghani Naan & Ginger Lemon Garnish,1 Chicken Shami Kebab with Sliced Cucumber & Mint Raita,300,12.5,21.11,Kidney Disease,"Pakistani, Indian, Traditional, Balanced"
2076,253.62,97.63,72.38,14.59,22.33,1773,Mooli Paratha with Zeera Raita & Chai,Daal Masoor Curry with Boiled Basmati Rice & Kachumber,Beef Nihari with 1 Roghani Naan & Ginger Lemon Garnish,1 Chicken Shami Kebab with Sliced Cucumber & Mint Raita,387,16.61,43.77,None,"Pakistani, Indian, Traditional, Balanced"
1982,279.85,71.71,64.71,29.15,21.92,1493,1 Crispy Aloo Paratha with Fresh Dahi & Mint Raita,Chicken Biryani with Mint Zeera Raita & Fresh Salad,"Mix Sabzi (Carrot, Peas, Potatoes) with 2 Chapatis",Doodh Patti Chai with 2 Whole Wheat Rusks,548,12.71,63.55,"Hypertension, Heart Disease","Pakistani, Indian, Traditional, Balanced"
1860,226.7,96.29,61.63,27.73,21.13,1414,Wheat Dalia (Cracked Wheat Porridge in Buffalo Milk),Beef Pulao Gosht with Mint Raita & Sliced Cucumbers,Palak Gosht (Spinach Mutton Curry) with 1.5 Chapatis,Dahi Bhalla (Dahi Baray) with Chaat Masala & Papdi,704,16.95,40.72,"Diabetes, Heart Disease, Obesity","Pakistani, Indian, Traditional, Balanced"
2058,221.09,128.6,70.05,18.61,21.34,1872,2 Boiled Eggs with 2 Brown Bread Toasts & Green Tea,Chicken Karahi (200g) with 2 Whole Wheat Chapatis & Salad,Beef Nihari with 1 Roghani Naan & Ginger Lemon Garnish,"Chana Chaat with Dahi, Onion, Tomato & Tamarind Chutney",378,16.64,41.04,None,"Pakistani, Indian, High Protein, Traditional"
1521,199.7,74.5,42.22,22.97,29.59,952,Oatmeal Porridge in Cow Milk with Sliced Bananas & Almonds,Daal Channa with 2 Chapatis & Onion Salad,Palak Gosht (Spinach Mutton Curry) with 1.5 Chapatis,Roasted Chickpeas (Bhuna Chana - 50g) with Green Tea,533,16.76,41.39,"Diabetes, Hypertension, Heart Disease, Obesity, Kidney Disease","Pakistani, Indian, Low Fat, Dash, Balanced"
1901,232.77,74.95,74.74,20.29,20.39,1580,Plain Desi Ghee Paratha with Shami Kabab & Chai,Chicken Biryani with Mint Zeera Raita & Fresh Salad,"Mix Sabzi (Carrot, Peas, Potatoes) with 2 Chapatis",1 Vegetable Potato Samosa with Mint Green Chutney,379,13.35,58.19,None,"Pakistani, Indian, Traditional, Balanced"
1733,191.59,91.16,62.43,43.05,18.51,1205,Besan ka Chilla (Savory Gram Flour Pancake) with Mint Dahi,Chicken Karahi (200g) with 2 Whole Wheat Chapatis & Salad,Anda Curry with 2 Chapatis & Onion Salad,Gajar ka Halwa (100g Small Cup - Traditional Sweet),447,13.45,34.98,Hypertension,"Pakistani, Indian, Traditional, Balanced"
2169,253.59,96.28,85.19,67.86,19.81,1486,Halwa Puri with Chana Masala (Sunday Special),Chicken Karahi (200g) with 2 Whole Wheat Chapatis & Salad,Chicken Haleem with 1 Tandoori Naan & Brown Onions,Gajar ka Halwa (100g Small Cup - Traditional Sweet),386,13.27,26.75,None,"Pakistani, Indian, Traditional, Balanced"
1615,176.01,87.52,58.51,15.96,18.18,1451,1 Crispy Aloo Paratha with Fresh Dahi & Mint Raita,Aloo Gosht (Potato Beef Curry) with 1.5 Tandoori Rotis,Machli (Fried Spiced Fish) with 1 Roti & Fresh Lemon,"Chana Chaat with Dahi, Onion, Tomato & Tamarind Chutney",401,12.86,32.88,Heart Disease,"Pakistani, Indian, Traditional, Balanced"
1696,192.44,100.03,55.23,16.85,25.88,1326,1 Whole Wheat Chapati with Fried Egg & Doodh Patti Chai,Beef Shami Kebab (2 pcs) with 1 Whole Wheat Roti & Salad,Chicken Haleem with 1 Tandoori Naan & Brown Onions,Roasted Chickpeas (Bhuna Chana - 50g) with Green Tea,326,15.66,17.4,"Diabetes, Heart Disease, Obesity","Pakistani, Indian, Traditional, Balanced"
2088,193.83,109.61,91.72,24.23,18.92,1938,Plain Desi Ghee Paratha with Shami Kabab & Chai,Aloo Gosht (Potato Beef Curry) with 1.5 Tandoori Rotis,Peshawari Chapli Kabab with 1 Whole Wheat Roti & Salad,Dahi Bhalla (Dahi Baray) with Chaat Masala & Papdi,427,17.65,34.61,None,"Pakistani, Indian, Traditional, Balanced"
1653,183.39,109.24,49.24,10.19,22.07,1302,Besan ka Chilla (Savory Gram Flour Pancake) with Mint Dahi,Daal Channa with 2 Chapatis & Onion Salad,Balochi Sajji (Roasted Chicken) with 1 cup Zeera Rice,1 Chicken Shami Kebab with Sliced Cucumber & Mint Raita,334,15.17,22.07,"Diabetes, Hypertension, Heart Disease, Obesity","Pakistani, Indian, Low Fat, Dash, Balanced"
1911,247.25,90.9,59.21,19.74,30.65,1538,Plain Desi Ghee Paratha with Shami Kabab & Chai,Lobia / Red Kidney Bean Curry (Kalool) with Zeera Rice,Chicken Haleem with 1 Tandoori Naan & Brown Onions,"Chana Chaat with Dahi, Onion, Tomato & Tamarind Chutney",410,16.83,28.05,Diabetes,"Pakistani, Indian, Traditional, Balanced"
1642,207.53,78.08,53.9,17.63,28.01,1410,Anda Ghotala (Spiced Scrambled Eggs) with 1 Tandoori Roti,Bhindi Masala (Okra Curry) with 2 Whole Wheat Chapatis,Chicken Haleem with 1 Tandoori Naan & Brown Onions,"Chana Chaat with Dahi, Onion, Tomato & Tamarind Chutney",393,14.0,58.43,"Diabetes, Heart Disease, Obesity","Pakistani, Indian, Traditional, Balanced"
1460,145.98,112.75,45.61,10.57,19.13,1188,Besan ka Chilla (Savory Gram Flour Pancake) with Mint Dahi,Beef Pulao Gosht with Mint Raita & Sliced Cucumbers,Chicken Tikka Boti (Grilled) with Mint Raita & Fresh Salad,Roasted Chickpeas (Bhuna Chana - 50g) with Green Tea,362,14.9,27.69,"Heart Disease, Obesity","Pakistani, Indian, High Protein, Traditional"
1710,203.17,81.47,60.85,21.12,13.68,1378,Anda Ghotala (Spiced Scrambled Eggs) with 1 Tandoori Roti,Chicken Biryani with Mint Zeera Raita & Fresh Salad,Anda Curry with 2 Chapatis & Onion Salad,Doodh Patti Chai with 2 Whole Wheat Rusks,417,11.67,30.68,"Hypertension, Heart Disease, Obesity, Kidney Disease","Pakistani, Indian, Traditional, Balanced"
1705,175.32,82.55,71.28,43.54,17.34,1252,1 Whole Wheat Chapati with Fried Egg & Doodh Patti Chai,Aloo Gosht (Potato Beef Curry) with 1.5 Tandoori Rotis,Palak Gosht (Spinach Mutton Curry) with 1.5 Chapatis,Gajar ka Halwa (100g Small Cup - Traditional Sweet),472,14.93,39.5,Kidney Disease,"Pakistani, Indian, Traditional, Balanced"
1448,165.25,92.83,43.74,21.87,15.75,1113,Wheat Dalia (Cracked Wheat Porridge in Buffalo Milk),Beef Shami Kebab (2 pcs) with 1 Whole Wheat Roti & Salad,Balochi Sajji (Roasted Chicken) with 1 cup Zeera Rice,Dahi Bhalla (Dahi Baray) with Chaat Masala & Papdi,462,10.98,16.53,"Hypertension, Heart Disease, Obesity","Pakistani, Indian, Low Carb, Traditional"
1618,207.25,72.54,50.33,27.63,16.78,1243,Oatmeal Porridge in Cow Milk with Sliced Bananas & Almonds,Chicken Biryani with Mint Zeera Raita & Fresh Salad,Anda Curry with 2 Chapatis & Onion Salad,Dahi Bhalla (Dahi Baray) with Chaat Masala & Papdi,513,11.05,30.1,"Hypertension, Heart Disease, Obesity, Kidney Disease","Pakistani, Indian, Traditional, Balanced"
1274,171.64,50.61,40.25,10.17,18.76,1035,Besan ka Chilla (Savory Gram Flour Pancake) with Mint Dahi,Daal Masoor Curry with Boiled Basmati Rice & Kachumber,Anda Curry with 2 Chapatis & Onion Salad,1 Vegetable Potato Samosa with Mint Green Chutney,279,11.59,28.75,"Hypertension, Kidney Disease","Pakistani, Indian, Low Fat, Dash, Balanced"
1763,203.47,91.07,61.04,31.0,15.7,1308,Oatmeal Porridge in Cow Milk with Sliced Bananas & Almonds,Kofta Curry (Spiced Meatballs) with 2 Chapatis,Beef Nihari with 1 Roghani Naan & Ginger Lemon Garnish,Doodh Patti Chai with 2 Whole Wheat Rusks,426,12.79,20.83,None,"Pakistani, Indian, Traditional, Balanced"
2065,237.48,98.81,78.99,43.37,17.04,1580,Besan ka Chilla (Savory Gram Flour Pancake) with Mint Dahi,Chicken Biryani with Mint Zeera Raita & Fresh Salad,Beef Nihari with 1 Roghani Naan & Ginger Lemon Garnish,Gajar ka Halwa (100g Small Cup - Traditional Sweet),475,14.76,27.36,None,"Pakistani, Indian, Traditional, Balanced"
1649,176.09,86.17,65.1,32.78,15.46,1368,Plain Desi Ghee Paratha with Shami Kabab & Chai,Beef Pulao Gosht with Mint Raita & Sliced Cucumbers,Peshawari Chapli Kabab with 1 Whole Wheat Roti & Salad,"Fresh Fruit Chaat (Apple, Guava, Banana & Chaat Masala)",290,13.86,61.35,Kidney Disease,"Pakistani, Indian, Traditional, Balanced"
1783,223.44,71.65,64.99,13.97,21.16,1504,1 Crispy Aloo Paratha with Fresh Dahi & Mint Raita,Daal Masoor Curry with Boiled Basmati Rice & Kachumber,Peshawari Chapli Kabab with 1 Whole Wheat Roti & Salad,1 Vegetable Potato Samosa with Mint Green Chutney,360,14.72,40.82,None,"Pakistani, Indian, Traditional, Balanced"
2001,281.24,60.57,70.31,51.92,20.77,1417,Halwa Puri with Chana Masala (Sunday Special),Daal Masoor Curry with Boiled Basmati Rice & Kachumber,Anda Curry with 2 Chapatis & Onion Salad,Doodh Patti Chai with 2 Whole Wheat Rusks,406,13.52,29.75,None,"Pakistani, Indian, Traditional, Balanced"
1873,234.17,76.36,67.2,21.89,20.36,1497,Mooli Paratha with Zeera Raita & Chai,Daal Channa with 2 Chapatis & Onion Salad,Beef Nihari with 1 Roghani Naan & Ginger Lemon Garnish,Doodh Patti Chai with 2 Whole Wheat Rusks,412,13.44,26.98,None,"Pakistani, Indian, Traditional, Balanced"
1388,173.92,68.95,45.24,21.52,17.3,1151,1 Whole Wheat Chapati with Fried Egg & Doodh Patti Chai,Chicken Karahi (200g) with 2 Whole Wheat Chapatis & Salad,"Mix Sabzi (Carrot, Peas, Potatoes) with 2 Chapatis",Dahi Bhalla (Dahi Baray) with Chaat Masala & Papdi,325,10.1,49.63,"Hypertension, Heart Disease, Obesity, Kidney Disease","Pakistani, Indian, Low Fat, Dash, Balanced"
1489,147.08,104.73,51.67,19.08,12.57,1238,1 Crispy Aloo Paratha with Fresh Dahi & Mint Raita,Chicken Karahi (200g) with 2 Whole Wheat Chapatis & Salad,Chicken Tikka Boti (Grilled) with Mint Raita & Fresh Salad,Doodh Patti Chai with 2 Whole Wheat Rusks,400,10.43,37.7,"Hypertension, Heart Disease","Pakistani, Indian, Low Carb, Traditional"
1932,198.96,103.71,78.33,14.29,21.15,1761,Besan ka Chilla (Savory Gram Flour Pancake) with Mint Dahi,Beef Shami Kebab (2 pcs) with 1 Whole Wheat Roti & Salad,Beef Nihari with 1 Roghani Naan & Ginger Lemon Garnish,1 Vegetable Potato Samosa with Mint Green Chutney,314,17.15,28.02,None,"Pakistani, Indian, Traditional, Balanced"
1443,173.12,65.13,54.41,30.09,16.57,1138,Plain Desi Ghee Paratha with Shami Kabab & Chai,Chicken Biryani with Mint Zeera Raita & Fresh Salad,Palak Paneer (Spinach with Cottage Cheese) with 2 Chapatis,"Fresh Fruit Chaat (Apple, Guava, Banana & Chaat Masala)",462,11.95,70.49,Kidney Disease,"Pakistani, Indian, Traditional, Balanced"
1631,201.54,83.11,51.42,16.1,20.99,1361,Besan ka Chilla (Savory Gram Flour Pancake) with Mint Dahi,Beef Pulao Gosht with Mint Raita & Sliced Cucumbers,Anda Curry with 2 Chapatis & Onion Salad,"Chana Chaat with Dahi, Onion, Tomato & Tamarind Chutney",384,15.27,31.69,"Diabetes, Heart Disease, Obesity, Kidney Disease","Pakistani, Indian, Traditional, Balanced"
1564,155.37,88.21,60.97,38.35,16.23,1190,Besan ka Chilla (Savory Gram Flour Pancake) with Mint Dahi,Aloo Gosht (Potato Beef Curry) with 1.5 Tandoori Rotis,Machli (Fried Spiced Fish) with 1 Roti & Fresh Lemon,Gajar ka Halwa (100g Small Cup - Traditional Sweet),428,12.49,22.13,Kidney Disease,"Pakistani, Indian, Low Carb, Traditional"
1317,190.7,57.66,34.96,14.53,25.79,1053,Besan ka Chilla (Savory Gram Flour Pancake) with Mint Dahi,Daal Masoor Curry with Boiled Basmati Rice & Kachumber,Palak Paneer (Spinach with Cottage Cheese) with 2 Chapatis,"Chana Chaat with Dahi, Onion, Tomato & Tamarind Chutney",504,14.89,51.31,"Diabetes, Hypertension, Heart Disease, Obesity, Kidney Disease","Pakistani, Indian, Vegetarian, Balanced"
1231,143.23,60.31,44.23,10.05,20.94,930,Mooli Paratha with Zeera Raita & Chai,Beef Shami Kebab (2 pcs) with 1 Whole Wheat Roti & Salad,Palak Paneer (Spinach with Cottage Cheese) with 2 Chapatis,Roasted Chickpeas (Bhuna Chana - 50g) with Green Tea,448,12.98,39.37,"Diabetes, Hypertension, Heart Disease, Kidney Disease","Pakistani, Indian, Low Carb, Traditional"
1492,212.85,57.14,46.23,18.32,20.33,1239,1 Crispy Aloo Paratha with Fresh Dahi & Mint Raita,Chicken Biryani with Mint Zeera Raita & Fresh Salad,"Mix Sabzi (Carrot, Peas, Potatoes) with 2 Chapatis","Chana Chaat with Dahi, Onion, Tomato & Tamarind Chutney",384,10.99,57.57,"Hypertension, Heart Disease, Kidney Disease","Pakistani, Indian, Low Fat, Dash, Balanced"
1334,182.2,54.0,41.79,34.28,23.1,986,1 Whole Wheat Chapati with Fried Egg & Doodh Patti Chai,Daal Channa with 2 Chapatis & Onion Salad,Palak Paneer (Spinach with Cottage Cheese) with 2 Chapatis,"Fresh Fruit Chaat (Apple, Guava, Banana & Chaat Masala)",460,12.59,73.26,"Diabetes, Hypertension, Heart Disease, Obesity, Kidney Disease","Pakistani, Indian, Low Fat, Dash, Balanced"
1967,216.71,112.47,68.31,23.55,17.08,1684,2 Boiled Eggs with 2 Brown Bread Toasts & Green Tea,Chicken Biryani with Mint Zeera Raita & Fresh Salad,Peshawari Chapli Kabab with 1 Whole Wheat Roti & Salad,Doodh Patti Chai with 2 Whole Wheat Rusks,495,14.96,32.98,Obesity,"Pakistani, Indian, High Protein, Traditional"
1834,210.22,82.92,70.66,21.02,24.17,1577,1 Crispy Aloo Paratha with Fresh Dahi & Mint Raita,Beef Shami Kebab (2 pcs) with 1 Whole Wheat Roti & Salad,Palak Paneer (Spinach with Cottage Cheese) with 2 Chapatis,Dahi Bhalla (Dahi Baray) with Chaat Masala & Papdi,707,16.93,50.8,Hypertension,"Pakistani, Indian, Traditional, Balanced"
1448,157.92,85.76,49.35,24.67,22.81,1141,Oatmeal Porridge in Cow Milk with Sliced Bananas & Almonds,Bhindi Masala (Okra Curry) with 2 Whole Wheat Chapatis,Chicken Tikka Boti (Grilled) with Mint Raita & Fresh Salad,1 Vegetable Potato Samosa with Mint Green Chutney,488,11.41,64.7,"Hypertension, Kidney Disease","Pakistani, Indian, Low Carb, Traditional"
2131,271.07,69.63,86.9,45.36,27.65,1640,Halwa Puri with Chana Masala (Sunday Special),Bhindi Masala (Okra Curry) with 2 Whole Wheat Chapatis,Chicken Haleem with 1 Tandoori Naan & Brown Onions,1 Vegetable Potato Samosa with Mint Green Chutney,377,14.21,49.19,None,"Pakistani, Indian, Traditional, Balanced"
1502,194.53,56.62,52.97,34.91,19.89,1033,Mooli Paratha with Zeera Raita & Chai,Daal Masoor Curry with Boiled Basmati Rice & Kachumber,Palak Gosht (Spinach Mutton Curry) with 1.5 Chapatis,Gajar ka Halwa (100g Small Cup - Traditional Sweet),478,13.2,48.63,"Hypertension, Kidney Disease","Pakistani, Indian, Traditional, Balanced"
1382,197.74,49.94,41.87,29.76,21.19,883,Wheat Dalia (Cracked Wheat Porridge in Buffalo Milk),Bhindi Masala (Okra Curry) with 2 Whole Wheat Chapatis,Anda Curry with 2 Chapatis & Onion Salad,Doodh Patti Chai with 2 Whole Wheat Rusks,585,9.99,44.39,"Diabetes, Hypertension, Heart Disease, Obesity, Kidney Disease","Pakistani, Indian, Low Fat, Dash, Balanced"
1600,149.75,97.65,64.62,14.36,18.57,1456,Plain Desi Ghee Paratha with Shami Kabab & Chai,Daal Channa with 2 Chapatis & Onion Salad,Chicken Tikka Boti (Grilled) with Mint Raita & Fresh Salad,1 Vegetable Potato Samosa with Mint Green Chutney,328,13.23,31.28,None,"Pakistani, Indian, Low Carb, Traditional"
1519,212.28,73.03,40.41,29.21,19.67,1110,Mooli Paratha with Zeera Raita & Chai,Daal Masoor Curry with Boiled Basmati Rice & Kachumber,Balochi Sajji (Roasted Chicken) with 1 cup Zeera Rice,"Fresh Fruit Chaat (Apple, Guava, Banana & Chaat Masala)",307,11.1,73.03,"Hypertension, Heart Disease, Kidney Disease","Pakistani, Indian, Low Fat, Dash, Balanced"
2031,219.21,93.45,84.8,45.0,19.61,1673,Halwa Puri with Chana Masala (Sunday Special),Beef Shami Kebab (2 pcs) with 1 Whole Wheat Roti & Salad,Anda Curry with 2 Chapatis & Onion Salad,1 Chicken Shami Kebab with Sliced Cucumber & Mint Raita,323,15.81,30.0,None,"Pakistani, Indian, Traditional, Balanced"
1606,201.45,79.48,47.87,47.87,19.25,878,Oatmeal Porridge in Cow Milk with Sliced Bananas & Almonds,Daal Channa with 2 Chapatis & Onion Salad,Balochi Sajji (Roasted Chicken) with 1 cup Zeera Rice,Gajar ka Halwa (100g Small Cup - Traditional Sweet),459,10.87,16.95,"Hypertension, Kidney Disease","Pakistani, Indian, Low Fat, Dash, Balanced"
1724,222.78,80.9,53.35,36.93,24.51,1384,1 Crispy Aloo Paratha with Fresh Dahi & Mint Raita,Daal Channa with 2 Chapatis & Onion Salad,Machli (Fried Spiced Fish) with 1 Roti & Fresh Lemon,"Fresh Fruit Chaat (Apple, Guava, Banana & Chaat Masala)",451,13.02,73.87,"Hypertension, Heart Disease, Kidney Disease","Pakistani, Indian, Traditional, Balanced"
1599,181.86,94.27,52.78,44.94,17.45,1191,1 Whole Wheat Chapati with Fried Egg & Doodh Patti Chai,Daal Masoor Curry with Boiled Basmati Rice & Kachumber,Chicken Tikka Boti (Grilled) with Mint Raita & Fresh Salad,Gajar ka Halwa (100g Small Cup - Traditional Sweet),434,12.12,36.58,Hypertension,"Pakistani, Indian, Traditional, Balanced"
1512,164.74,78.98,55.72,19.87,18.41,1221,2 Boiled Eggs with 2 Brown Bread Toasts & Green Tea,Aloo Gosht (Potato Beef Curry) with 1.5 Tandoori Rotis,Palak Paneer (Spinach with Cottage Cheese) with 2 Chapatis,Doodh Patti Chai with 2 Whole Wheat Rusks,548,13.86,36.82,"Heart Disease, Obesity, Kidney Disease","Pakistani, Indian, Low Carb, Traditional"
1442,190.36,45.32,55.87,34.2,20.85,997,Halwa Puri with Chana Masala (Sunday Special),Bhindi Masala (Okra Curry) with 2 Whole Wheat Chapatis,Anda Curry with 2 Chapatis & Onion Salad,Roasted Chickpeas (Bhuna Chana - 50g) with Green Tea,317,11.12,37.91,Kidney Disease,"Pakistani, Indian, Traditional, Balanced"
1564,145.2,82.1,70.28,13.68,17.96,1378,Plain Desi Ghee Paratha with Shami Kabab & Chai,Beef Shami Kebab (2 pcs) with 1 Whole Wheat Roti & Salad,Palak Gosht (Spinach Mutton Curry) with 1.5 Chapatis,1 Vegetable Potato Samosa with Mint Green Chutney,363,15.54,39.56,Kidney Disease,"Pakistani, Indian, Low Carb, Traditional"
1343,179.08,56.82,42.62,16.79,21.01,1145,Mooli Paratha with Zeera Raita & Chai,Kofta Curry (Spiced Meatballs) with 2 Chapatis,"Mix Sabzi (Carrot, Peas, Potatoes) with 2 Chapatis","Chana Chaat with Dahi, Onion, Tomato & Tamarind Chutney",314,11.19,58.55,"Diabetes, Hypertension, Heart Disease, Kidney Disease","Pakistani, Indian, Low Fat, Dash, Balanced"
2172,291.08,77.25,78.93,50.94,32.47,1702,Halwa Puri with Chana Masala (Sunday Special),Bhindi Masala (Okra Curry) with 2 Whole Wheat Chapatis,Chicken Haleem with 1 Tandoori Naan & Brown Onions,"Chana Chaat with Dahi, Onion, Tomato & Tamarind Chutney",442,15.9,59.34,None,"Pakistani, Indian, Traditional, Balanced"
1874,241.46,56.0,75.89,54.62,28.17,1265,Plain Desi Ghee Paratha with Shami Kabab & Chai,Bhindi Masala (Okra Curry) with 2 Whole Wheat Chapatis,"Mix Sabzi (Carrot, Peas, Potatoes) with 2 Chapatis",Gajar ka Halwa (100g Small Cup - Traditional Sweet),546,13.68,83.36,Kidney Disease,"Pakistani, Indian, Traditional, Balanced"
1799,188.24,118.7,60.13,20.39,13.8,1454,1 Whole Wheat Chapati with Fried Egg & Doodh Patti Chai,Chicken Karahi (200g) with 2 Whole Wheat Chapatis & Salad,Balochi Sajji (Roasted Chicken) with 1 cup Zeera Rice,Dahi Bhalla (Dahi Baray) with Chaat Masala & Papdi,366,12.13,25.62,"Hypertension, Heart Disease, Obesity","Pakistani, Indian, High Protein, Traditional"
1812,226.18,83.67,61.16,22.5,21.58,1281,Mooli Paratha with Zeera Raita & Chai,Bhindi Masala (Okra Curry) with 2 Whole Wheat Chapatis,Balochi Sajji (Roasted Chicken) with 1 cup Zeera Rice,Doodh Patti Chai with 2 Whole Wheat Rusks,514,11.89,55.97,"Diabetes, Hypertension, Heart Disease, Kidney Disease","Pakistani, Indian, Traditional, Balanced"
1652,157.06,104.54,63.74,16.52,17.54,1418,1 Whole Wheat Chapati with Fried Egg & Doodh Patti Chai,Kofta Curry (Spiced Meatballs) with 2 Chapatis,Palak Gosht (Spinach Mutton Curry) with 1.5 Chapatis,1 Chicken Shami Kebab with Sliced Cucumber & Mint Raita,408,16.62,42.83,"Hypertension, Heart Disease, Obesity","Pakistani, Indian, Low Carb, Traditional"
1761,177.25,96.94,70.35,18.83,20.49,1473,1 Whole Wheat Chapati with Fried Egg & Doodh Patti Chai,Aloo Gosht (Potato Beef Curry) with 1.5 Tandoori Rotis,Palak Paneer (Spinach with Cottage Cheese) with 2 Chapatis,1 Chicken Shami Kebab with Sliced Cucumber & Mint Raita,537,16.84,46.53,"Diabetes, Obesity","Pakistani, Indian, Traditional, Balanced"
2346,321.08,82.52,84.76,69.04,24.7,1819,Halwa Puri with Chana Masala (Sunday Special),Daal Masoor Curry with Boiled Basmati Rice & Kachumber,Beef Nihari with 1 Roghani Naan & Ginger Lemon Garnish,"Fresh Fruit Chaat (Apple, Guava, Banana & Chaat Masala)",326,16.39,78.59,None,"Pakistani, Indian, Traditional, Balanced"
1959,266.64,63.58,69.74,46.15,23.79,1487,Halwa Puri with Chana Masala (Sunday Special),Lobia / Red Kidney Bean Curry (Kalool) with Zeera Rice,Anda Curry with 2 Chapatis & Onion Salad,Dahi Bhalla (Dahi Baray) with Chaat Masala & Papdi,426,14.15,23.59,None,"Pakistani, Indian, Traditional, Balanced"
1889,196.84,102.6,75.23,14.71,21.04,1561,Anda Ghotala (Spiced Scrambled Eggs) with 1 Tandoori Roti,Chicken Karahi (200g) with 2 Whole Wheat Chapatis & Salad,Palak Paneer (Spinach with Cottage Cheese) with 2 Chapatis,1 Vegetable Potato Samosa with Mint Green Chutney,532,16.29,61.09,Hypertension,"Pakistani, Indian, Traditional, Balanced"
1172,149.22,74.61,31.49,39.24,21.61,887,Wheat Dalia (Cracked Wheat Porridge in Buffalo Milk),Bhindi Masala (Okra Curry) with 2 Whole Wheat Chapatis,Chicken Tikka Boti (Grilled) with Mint Raita & Fresh Salad,"Fresh Fruit Chaat (Apple, Guava, Banana & Chaat Masala)",494,9.5,93.51,"Hypertension, Heart Disease, Obesity, Kidney Disease","Pakistani, Indian, Low Carb, Traditional"
1734,214.77,70.14,63.76,48.66,24.83,1230,Besan ka Chilla (Savory Gram Flour Pancake) with Mint Dahi,Aloo Gosht (Potato Beef Curry) with 1.5 Tandoori Rotis,"Mix Sabzi (Carrot, Peas, Potatoes) with 2 Chapatis",Gajar ka Halwa (100g Small Cup - Traditional Sweet),442,14.43,58.73,Kidney Disease,"Pakistani, Indian, Traditional, Balanced"
1272,164.24,58.72,39.74,36.2,17.04,932,Wheat Dalia (Cracked Wheat Porridge in Buffalo Milk),Aloo Gosht (Potato Beef Curry) with 1.5 Tandoori Rotis,Anda Curry with 2 Chapatis & Onion Salad,"Fresh Fruit Chaat (Apple, Guava, Banana & Chaat Masala)",380,9.98,58.72,"Heart Disease, Obesity, Kidney Disease","Pakistani, Indian, Low Carb, Traditional"
1979,227.3,86.41,81.32,38.7,14.11,1617,Halwa Puri with Chana Masala (Sunday Special),Chicken Biryani with Mint Zeera Raita & Fresh Salad,Machli (Fried Spiced Fish) with 1 Roti & Fresh Lemon,1 Vegetable Potato Samosa with Mint Green Chutney,363,11.66,24.49,None,"Pakistani, Indian, Traditional, Balanced"
1493,174.14,70.63,53.75,18.66,12.62,1244,1 Whole Wheat Chapati with Fried Egg & Doodh Patti Chai,Beef Pulao Gosht with Mint Raita & Sliced Cucumbers,Anda Curry with 2 Chapatis & Onion Salad,Dahi Bhalla (Dahi Baray) with Chaat Masala & Papdi,351,11.19,16.44,"Heart Disease, Obesity, Kidney Disease","Pakistani, Indian, Traditional, Balanced"
1334,127.25,88.47,49.24,10.2,17.34,1159,Besan ka Chilla (Savory Gram Flour Pancake) with Mint Dahi,Kofta Curry (Spiced Meatballs) with 2 Chapatis,Palak Gosht (Spinach Mutton Curry) with 1.5 Chapatis,1 Chicken Shami Kebab with Sliced Cucumber & Mint Raita,362,15.17,39.66,"Hypertension, Heart Disease, Obesity, Kidney Disease","Pakistani, Indian, Low Carb, Traditional"
1946,202.12,119.43,69.5,14.05,21.08,1654,2 Boiled Eggs with 2 Brown Bread Toasts & Green Tea,Kofta Curry (Spiced Meatballs) with 2 Chapatis,Beef Nihari with 1 Roghani Naan & Ginger Lemon Garnish,Roasted Chickpeas (Bhuna Chana - 50g) with Green Tea,351,17.29,20.0,None,"Pakistani, Indian, High Protein, Traditional"
1208,161.01,49.86,37.79,9.45,19.72,936,Besan ka Chilla (Savory Gram Flour Pancake) with Mint Dahi,Lobia / Red Kidney Bean Curry (Kalool) with Zeera Rice,Anda Curry with 2 Chapatis & Onion Salad,1 Vegetable Potato Samosa with Mint Green Chutney,283,11.25,20.54,"Hypertension, Kidney Disease","Pakistani, Indian, Low Carb, Traditional"
1492,158.09,84.48,53.85,15.32,18.77,1294,1 Whole Wheat Chapati with Fried Egg & Doodh Patti Chai,Daal Channa with 2 Chapatis & Onion Salad,Peshawari Chapli Kabab with 1 Whole Wheat Roti & Salad,1 Chicken Shami Kebab with Sliced Cucumber & Mint Raita,287,13.73,25.69,"Heart Disease, Obesity, Kidney Disease","Pakistani, Indian, Low Carb, Traditional"
1184,172.24,46.37,32.71,29.81,16.98,903,1 Whole Wheat Chapati with Fried Egg & Doodh Patti Chai,Daal Masoor Curry with Boiled Basmati Rice & Kachumber,Anda Curry with 2 Chapatis & Onion Salad,"Fresh Fruit Chaat (Apple, Guava, Banana & Chaat Masala)",253,9.61,57.97,"Hypertension, Heart Disease, Obesity, Kidney Disease","Pakistani, Indian, Low Fat, Dash, Balanced"
1281,178.75,57.81,36.73,21.34,22.94,849,Wheat Dalia (Cracked Wheat Porridge in Buffalo Milk),Aloo Gosht (Potato Beef Curry) with 1.5 Tandoori Rotis,"Mix Sabzi (Carrot, Peas, Potatoes) with 2 Chapatis",Roasted Chickpeas (Bhuna Chana - 50g) with Green Tea,400,11.47,43.13,"Diabetes, Heart Disease, Obesity, Kidney Disease","Pakistani, Indian, Low Fat, Dash, Balanced"
1635,220.81,67.62,52.55,54.67,21.98,993,Wheat Dalia (Cracked Wheat Porridge in Buffalo Milk),Kofta Curry (Spiced Meatballs) with 2 Chapatis,"Mix Sabzi (Carrot, Peas, Potatoes) with 2 Chapatis",Gajar ka Halwa (100g Small Cup - Traditional Sweet),563,11.68,50.43,"Hypertension, Kidney Disease","Pakistani, Indian, Traditional, Balanced"
1524,187.74,85.69,48.23,36.17,16.19,1150,Wheat Dalia (Cracked Wheat Porridge in Buffalo Milk),Chicken Karahi (200g) with 2 Whole Wheat Chapatis & Salad,Beef Nihari with 1 Roghani Naan & Ginger Lemon Garnish,"Fresh Fruit Chaat (Apple, Guava, Banana & Chaat Masala)",370,10.85,60.72,Kidney Disease,"Pakistani, Indian, Low Fat, Dash, Balanced"
1359,155.62,64.13,47.85,20.12,15.2,1020,Oatmeal Porridge in Cow Milk with Sliced Bananas & Almonds,Kofta Curry (Spiced Meatballs) with 2 Chapatis,Anda Curry with 2 Chapatis & Onion Salad,1 Vegetable Potato Samosa with Mint Green Chutney,331,10.46,24.15,"Hypertension, Kidney Disease","Pakistani, Indian, Low Carb, Traditional"
1542,210.77,53.13,56.18,55.31,19.6,1158,Halwa Puri with Chana Masala (Sunday Special),Kofta Curry (Spiced Meatballs) with 2 Chapatis,"Mix Sabzi (Carrot, Peas, Potatoes) with 2 Chapatis","Fresh Fruit Chaat (Apple, Guava, Banana & Chaat Masala)",240,10.8,80.13,Kidney Disease,"Pakistani, Indian, Traditional, Balanced"
1209,155.6,63.85,33.83,19.87,17.17,951,Wheat Dalia (Cracked Wheat Porridge in Buffalo Milk),Daal Channa with 2 Chapatis & Onion Salad,Machli (Fried Spiced Fish) with 1 Roti & Fresh Lemon,Dahi Bhalla (Dahi Baray) with Chaat Masala & Papdi,474,9.13,14.38,"Hypertension, Heart Disease, Obesity, Kidney Disease","Pakistani, Indian, Low Carb, Traditional"
1241,164.3,40.4,42.75,43.17,18.44,696,Oatmeal Porridge in Cow Milk with Sliced Bananas & Almonds,Bhindi Masala (Okra Curry) with 2 Whole Wheat Chapatis,Anda Curry with 2 Chapatis & Onion Salad,Gajar ka Halwa (100g Small Cup - Traditional Sweet),461,8.72,41.07,"Hypertension, Kidney Disease","Pakistani, Indian, Low Carb, Traditional"
1523,143.71,102.23,58.44,14.37,11.78,1351,1 Whole Wheat Chapati with Fried Egg & Doodh Patti Chai,Beef Pulao Gosht with Mint Raita & Sliced Cucumbers,Chicken Tikka Boti (Grilled) with Mint Raita & Fresh Salad,1 Vegetable Potato Samosa with Mint Green Chutney,297,11.69,25.87,None,"Pakistani, Indian, Low Carb, Traditional"
1793,234.06,93.41,48.85,17.18,28.67,1503,2 Boiled Eggs with 2 Brown Bread Toasts & Green Tea,Lobia / Red Kidney Bean Curry (Kalool) with Zeera Rice,Chicken Haleem with 1 Tandoori Naan & Brown Onions,Dahi Bhalla (Dahi Baray) with Chaat Masala & Papdi,462,15.25,18.79,"Diabetes, Heart Disease, Obesity","Pakistani, Indian, Low Fat, Dash, Balanced"
1483,173.44,79.73,48.96,20.51,18.18,1026,Oatmeal Porridge in Cow Milk with Sliced Bananas & Almonds,Beef Pulao Gosht with Mint Raita & Sliced Cucumbers,Palak Paneer (Spinach with Cottage Cheese) with 2 Chapatis,1 Chicken Shami Kebab with Sliced Cucumber & Mint Raita,555,13.89,37.3,"Heart Disease, Obesity, Kidney Disease","Pakistani, Indian, Low Fat, Dash, Balanced"
1895,176.2,98.55,84.0,44.56,15.26,1475,Plain Desi Ghee Paratha with Shami Kabab & Chai,Kofta Curry (Spiced Meatballs) with 2 Chapatis,Peshawari Chapli Kabab with 1 Whole Wheat Roti & Salad,Gajar ka Halwa (100g Small Cup - Traditional Sweet),405,15.06,27.15,None,"Pakistani, Indian, Traditional, Balanced"
1631,167.71,89.63,62.89,36.34,13.7,1249,2 Boiled Eggs with 2 Brown Bread Toasts & Green Tea,Beef Pulao Gosht with Mint Raita & Sliced Cucumbers,Peshawari Chapli Kabab with 1 Whole Wheat Roti & Salad,Gajar ka Halwa (100g Small Cup - Traditional Sweet),382,13.04,20.03,Kidney Disease,"Pakistani, Indian, Low Carb, Traditional"
1325,147.32,85.43,41.67,8.72,16.82,1011,Besan ka Chilla (Savory Gram Flour Pancake) with Mint Dahi,Beef Pulao Gosht with Mint Raita & Sliced Cucumbers,Machli (Fried Spiced Fish) with 1 Roti & Fresh Lemon,Roasted Chickpeas (Bhuna Chana - 50g) with Green Tea,336,12.64,13.51,"Heart Disease, Obesity, Kidney Disease","Pakistani, Indian, Low Carb, Traditional"
1178,164.8,50.5,32.78,28.8,19.49,780,Oatmeal Porridge in Cow Milk with Sliced Bananas & Almonds,Beef Shami Kebab (2 pcs) with 1 Whole Wheat Roti & Salad,"Mix Sabzi (Carrot, Peas, Potatoes) with 2 Chapatis",Doodh Patti Chai with 2 Whole Wheat Rusks,377,9.48,43.86,"Hypertension, Heart Disease, Obesity, Kidney Disease","Pakistani, Indian, Low Carb, Traditional"
1637,199.41,62.07,66.47,56.09,15.79,1030,Halwa Puri with Chana Masala (Sunday Special),Bhindi Masala (Okra Curry) with 2 Whole Wheat Chapatis,Balochi Sajji (Roasted Chicken) with 1 cup Zeera Rice,Gajar ka Halwa (100g Small Cup - Traditional Sweet),357,9.64,34.07,Kidney Disease,"Pakistani, Indian, Traditional, Balanced"
1449,220.87,47.53,41.41,41.91,25.05,937,Besan ka Chilla (Savory Gram Flour Pancake) with Mint Dahi,Daal Masoor Curry with Boiled Basmati Rice & Kachumber,"Mix Sabzi (Carrot, Peas, Potatoes) with 2 Chapatis",Gajar ka Halwa (100g Small Cup - Traditional Sweet),409,12.42,55.71,"Hypertension, Kidney Disease","Pakistani, Indian, Vegetarian, Balanced"
1504,194.56,60.17,52.65,20.56,21.76,1314,1 Crispy Aloo Paratha with Fresh Dahi & Mint Raita,Beef Shami Kebab (2 pcs) with 1 Whole Wheat Roti & Salad,"Mix Sabzi (Carrot, Peas, Potatoes) with 2 Chapatis",Dahi Bhalla (Dahi Baray) with Chaat Masala & Papdi,406,12.13,53.65,"Hypertension, Heart Disease, Kidney Disease","Pakistani, Indian, Traditional, Balanced"
1669,238.74,58.8,53.61,16.58,25.75,1371,Anda Ghotala (Spiced Scrambled Eggs) with 1 Tandoori Roti,Daal Masoor Curry with Boiled Basmati Rice & Kachumber,"Mix Sabzi (Carrot, Peas, Potatoes) with 2 Chapatis",1 Vegetable Potato Samosa with Mint Green Chutney,309,13.71,68.53,"Hypertension, Kidney Disease","Pakistani, Indian, Traditional, Balanced"
1667,206.54,77.91,56.17,18.12,16.94,1259,Mooli Paratha with Zeera Raita & Chai,Beef Pulao Gosht with Mint Raita & Sliced Cucumbers,Chicken Haleem with 1 Tandoori Naan & Brown Onions,Doodh Patti Chai with 2 Whole Wheat Rusks,380,11.69,20.38,"Heart Disease, Kidney Disease","Pakistani, Indian, Traditional, Balanced"
2031,201.22,99.84,89.11,43.12,14.09,1591,Plain Desi Ghee Paratha with Shami Kabab & Chai,Kofta Curry (Spiced Meatballs) with 2 Chapatis,Beef Nihari with 1 Roghani Naan & Ginger Lemon Garnish,Gajar ka Halwa (100g Small Cup - Traditional Sweet),388,14.66,19.64,None,"Pakistani, Indian, Traditional, Balanced"
2150,255.75,78.82,90.39,54.57,21.5,1576,Halwa Puri with Chana Masala (Sunday Special),Aloo Gosht (Potato Beef Curry) with 1.5 Tandoori Rotis,Palak Paneer (Spinach with Cottage Cheese) with 2 Chapatis,Doodh Patti Chai with 2 Whole Wheat Rusks,601,16.43,43.54,None,"Pakistani, Indian, Traditional, Balanced"
1262,177.34,52.94,36.88,13.23,24.62,935,Anda Ghotala (Spiced Scrambled Eggs) with 1 Tandoori Roti,Daal Channa with 2 Chapatis & Onion Salad,"Mix Sabzi (Carrot, Peas, Potatoes) with 2 Chapatis",Roasted Chickpeas (Bhuna Chana - 50g) with Green Tea,274,12.0,45.0,"Diabetes, Hypertension, Heart Disease, Obesity, Kidney Disease","Pakistani, Indian, Low Fat, Dash, Balanced"
1591,177.71,93.19,51.66,9.3,18.7,1302,2 Boiled Eggs with 2 Brown Bread Toasts & Green Tea,Daal Channa with 2 Chapatis & Onion Salad,Balochi Sajji (Roasted Chicken) with 1 cup Zeera Rice,1 Vegetable Potato Samosa with Mint Green Chutney,289,12.29,16.01,Hypertension,"Pakistani, Indian, Traditional, Balanced"
1529,189.71,57.14,57.47,14.51,25.11,1250,Besan ka Chilla (Savory Gram Flour Pancake) with Mint Dahi,Bhindi Masala (Okra Curry) with 2 Whole Wheat Chapatis,Anda Curry with 2 Chapatis & Onion Salad,1 Vegetable Potato Samosa with Mint Green Chutney,413,13.5,56.35,"Hypertension, Kidney Disease","Pakistani, Indian, Traditional, Balanced"
1750,196.72,84.07,66.78,12.94,21.54,1501,1 Crispy Aloo Paratha with Fresh Dahi & Mint Raita,Beef Shami Kebab (2 pcs) with 1 Whole Wheat Roti & Salad,Chicken Haleem with 1 Tandoori Naan & Brown Onions,1 Vegetable Potato Samosa with Mint Green Chutney,331,13.67,24.85,None,"Pakistani, Indian, Traditional, Balanced"
1610,252.53,50.19,41.56,55.77,29.46,821,Oatmeal Porridge in Cow Milk with Sliced Bananas & Almonds,Lobia / Red Kidney Bean Curry (Kalool) with Zeera Rice,"Mix Sabzi (Carrot, Peas, Potatoes) with 2 Chapatis",Gajar ka Halwa (100g Small Cup - Traditional Sweet),542,12.31,52.08,"Hypertension, Kidney Disease","Pakistani, Indian, Vegetarian, Balanced"
1743,218.77,90.01,52.98,22.22,20.17,1504,1 Whole Wheat Chapati with Fried Egg & Doodh Patti Chai,Daal Masoor Curry with Boiled Basmati Rice & Kachumber,Machli (Fried Spiced Fish) with 1 Roti & Fresh Lemon,Dahi Bhalla (Dahi Baray) with Chaat Masala & Papdi,479,13.33,27.92,"Diabetes, Hypertension, Heart Disease, Obesity","Pakistani, Indian, Traditional, Balanced"
2043,216.41,107.9,80.9,46.52,14.66,1527,1 Whole Wheat Chapati with Fried Egg & Doodh Patti Chai,Chicken Karahi (200g) with 2 Whole Wheat Chapatis & Salad,Beef Nihari with 1 Roghani Naan & Ginger Lemon Garnish,Gajar ka Halwa (100g Small Cup - Traditional Sweet),394,13.55,27.3,None,"Pakistani, Indian, Traditional, Balanced"
1451,174.53,58.5,55.21,36.06,20.12,997,Anda Ghotala (Spiced Scrambled Eggs) with 1 Tandoori Roti,Daal Channa with 2 Chapatis & Onion Salad,Palak Paneer (Spinach with Cottage Cheese) with 2 Chapatis,Gajar ka Halwa (100g Small Cup - Traditional Sweet),521,12.73,37.4,"Hypertension, Kidney Disease","Pakistani, Indian, Traditional, Balanced"
1979,246.24,75.94,78.82,69.04,26.24,1496,Halwa Puri with Chana Masala (Sunday Special),Beef Shami Kebab (2 pcs) with 1 Whole Wheat Roti & Salad,Palak Paneer (Spinach with Cottage Cheese) with 2 Chapatis,"Fresh Fruit Chaat (Apple, Guava, Banana & Chaat Masala)",529,16.8,94.35,None,"Pakistani, Indian, Traditional, Balanced"
1591,183.06,78.53,58.77,18.2,24.96,1446,Anda Ghotala (Spiced Scrambled Eggs) with 1 Tandoori Roti,Bhindi Masala (Okra Curry) with 2 Whole Wheat Chapatis,Peshawari Chapli Kabab with 1 Whole Wheat Roti & Salad,"Chana Chaat with Dahi, Onion, Tomato & Tamarind Chutney",390,14.87,68.65,"Diabetes, Heart Disease, Obesity","Pakistani, Indian, Traditional, Balanced"
1533,208.93,62.76,48.86,28.22,21.06,1205,Mooli Paratha with Zeera Raita & Chai,Lobia / Red Kidney Bean Curry (Kalool) with Zeera Rice,Beef Nihari with 1 Roghani Naan & Ginger Lemon Garnish,"Fresh Fruit Chaat (Apple, Guava, Banana & Chaat Masala)",308,11.96,60.24,Kidney Disease,"Pakistani, Indian, Low Fat, Dash, Balanced"
1384,132.36,97.55,49.42,9.88,12.03,1281,Mooli Paratha with Zeera Raita & Chai,Chicken Biryani with Mint Zeera Raita & Fresh Salad,Chicken Tikka Boti (Grilled) with Mint Raita & Fresh Salad,1 Chicken Shami Kebab with Sliced Cucumber & Mint Raita,348,10.31,40.4,"Hypertension, Heart Disease","Pakistani, Indian, Low Carb, Traditional"
1706,214.56,95.48,50.42,29.5,15.13,1228,Wheat Dalia (Cracked Wheat Porridge in Buffalo Milk),Chicken Biryani with Mint Zeera Raita & Fresh Salad,Machli (Fried Spiced Fish) with 1 Roti & Fresh Lemon,Doodh Patti Chai with 2 Whole Wheat Rusks,644,10.51,21.46,"Hypertension, Heart Disease, Obesity","Pakistani, Indian, Traditional, Balanced"
1551,193.39,70.37,53.61,20.58,22.31,1206,Anda Ghotala (Spiced Scrambled Eggs) with 1 Tandoori Roti,Bhindi Masala (Okra Curry) with 2 Whole Wheat Chapatis,Chicken Haleem with 1 Tandoori Naan & Brown Onions,Doodh Patti Chai with 2 Whole Wheat Rusks,402,11.68,44.52,"Diabetes, Heart Disease, Obesity, Kidney Disease","Pakistani, Indian, Traditional, Balanced"
1784,191.41,77.17,75.7,36.98,14.53,1392,Mooli Paratha with Zeera Raita & Chai,Aloo Gosht (Potato Beef Curry) with 1.5 Tandoori Rotis,Beef Nihari with 1 Roghani Naan & Ginger Lemon Garnish,Gajar ka Halwa (100g Small Cup - Traditional Sweet),365,12.27,27.84,Kidney Disease,"Pakistani, Indian, Traditional, Balanced"
1340,210.13,41.15,36.33,20.14,23.38,919,Mooli Paratha with Zeera Raita & Chai,Lobia / Red Kidney Bean Curry (Kalool) with Zeera Rice,"Mix Sabzi (Carrot, Peas, Potatoes) with 2 Chapatis",Doodh Patti Chai with 2 Whole Wheat Rusks,385,10.33,48.15,"Diabetes, Hypertension, Heart Disease, Kidney Disease","Pakistani, Indian, Vegetarian, Balanced"
1707,158.01,117.14,65.31,13.17,15.06,1527,1 Crispy Aloo Paratha with Fresh Dahi & Mint Raita,Chicken Karahi (200g) with 2 Whole Wheat Chapatis & Salad,Chicken Tikka Boti (Grilled) with Mint Raita & Fresh Salad,1 Vegetable Potato Samosa with Mint Green Chutney,369,12.33,46.35,Hypertension,"Pakistani, Indian, High Protein, Traditional"
1624,197.31,76.54,56.56,15.31,16.33,1344,1 Crispy Aloo Paratha with Fresh Dahi & Mint Raita,Beef Pulao Gosht with Mint Raita & Sliced Cucumbers,Chicken Haleem with 1 Tandoori Naan & Brown Onions,Dahi Bhalla (Dahi Baray) with Chaat Masala & Papdi,378,11.82,16.58,"Heart Disease, Kidney Disease","Pakistani, Indian, Traditional, Balanced"
1775,206.79,86.68,65.8,21.41,17.55,1337,Anda Ghotala (Spiced Scrambled Eggs) with 1 Tandoori Roti,Beef Pulao Gosht with Mint Raita & Sliced Cucumbers,Palak Paneer (Spinach with Cottage Cheese) with 2 Chapatis,Doodh Patti Chai with 2 Whole Wheat Rusks,590,15.35,40.21,"Obesity, Kidney Disease","Pakistani, Indian, Traditional, Balanced"
1649,184.03,87.89,58.47,38.34,20.03,1198,Besan ka Chilla (Savory Gram Flour Pancake) with Mint Dahi,Kofta Curry (Spiced Meatballs) with 2 Chapatis,Chicken Haleem with 1 Tandoori Naan & Brown Onions,Gajar ka Halwa (100g Small Cup - Traditional Sweet),388,13.42,19.65,Kidney Disease,"Pakistani, Indian, Traditional, Balanced"
1953,213.84,113.6,68.37,20.05,23.65,1655,Plain Desi Ghee Paratha with Shami Kabab & Chai,Chicken Karahi (200g) with 2 Whole Wheat Chapatis & Salad,Chicken Haleem with 1 Tandoori Naan & Brown Onions,"Chana Chaat with Dahi, Onion, Tomato & Tamarind Chutney",365,15.63,37.52,Diabetes,"Pakistani, Indian, High Protein, Traditional"
2053,205.33,110.17,84.21,27.34,19.84,1650,Plain Desi Ghee Paratha with Shami Kabab & Chai,Kofta Curry (Spiced Meatballs) with 2 Chapatis,Palak Gosht (Spinach Mutton Curry) with 1.5 Chapatis,Doodh Patti Chai with 2 Whole Wheat Rusks,559,18.92,44.99,None,"Pakistani, Indian, High Protein, Traditional"
1342,159.83,85.55,36.88,27.15,25.1,1086,Oatmeal Porridge in Cow Milk with Sliced Bananas & Almonds,Bhindi Masala (Okra Curry) with 2 Whole Wheat Chapatis,Chicken Tikka Boti (Grilled) with Mint Raita & Fresh Salad,"Chana Chaat with Dahi, Onion, Tomato & Tamarind Chutney",507,11.88,68.64,"Diabetes, Hypertension, Heart Disease, Obesity, Kidney Disease","Pakistani, Indian, Low Carb, Traditional"
2297,312.55,66.12,88.63,79.89,27.06,1458,Halwa Puri with Chana Masala (Sunday Special),Daal Masoor Curry with Boiled Basmati Rice & Kachumber,Palak Paneer (Spinach with Cottage Cheese) with 2 Chapatis,Gajar ka Halwa (100g Small Cup - Traditional Sweet),694,17.38,52.48,None,"Pakistani, Indian, Traditional, Balanced"
1451,165.88,87.88,44.43,31.1,17.58,1205,2 Boiled Eggs with 2 Brown Bread Toasts & Green Tea,Chicken Karahi (200g) with 2 Whole Wheat Chapatis & Salad,Anda Curry with 2 Chapatis & Onion Salad,"Fresh Fruit Chaat (Apple, Guava, Banana & Chaat Masala)",306,11.45,71.58,"Hypertension, Heart Disease, Obesity, Kidney Disease","Pakistani, Indian, Low Carb, Traditional"
1408,145.33,76.48,54.5,10.9,17.26,1217,2 Boiled Eggs with 2 Brown Bread Toasts & Green Tea,Kofta Curry (Spiced Meatballs) with 2 Chapatis,Palak Paneer (Spinach with Cottage Cheese) with 2 Chapatis,1 Vegetable Potato Samosa with Mint Green Chutney,445,13.26,35.88,"Hypertension, Kidney Disease","Pakistani, Indian, Low Carb, Traditional"
1509,172.76,85.34,49.95,33.3,21.85,1249,2 Boiled Eggs with 2 Brown Bread Toasts & Green Tea,Kofta Curry (Spiced Meatballs) with 2 Chapatis,Palak Paneer (Spinach with Cottage Cheese) with 2 Chapatis,"Fresh Fruit Chaat (Apple, Guava, Banana & Chaat Masala)",515,14.78,83.78,"Diabetes, Hypertension, Heart Disease, Obesity, Kidney Disease","Pakistani, Indian, Low Fat, Dash, Balanced"
1888,186.86,103.46,80.15,66.38,13.97,1426,Halwa Puri with Chana Masala (Sunday Special),Kofta Curry (Spiced Meatballs) with 2 Chapatis,Chicken Tikka Boti (Grilled) with Mint Raita & Fresh Salad,Gajar ka Halwa (100g Small Cup - Traditional Sweet),388,12.49,30.49,None,"Pakistani, Indian, Traditional, Balanced"
1269,191.3,46.41,34.09,21.31,24.15,919,Besan ka Chilla (Savory Gram Flour Pancake) with Mint Dahi,Daal Channa with 2 Chapatis & Onion Salad,"Mix Sabzi (Carrot, Peas, Potatoes) with 2 Chapatis",Doodh Patti Chai with 2 Whole Wheat Rusks,360,11.36,44.51,"Diabetes, Hypertension, Heart Disease, Obesity, Kidney Disease","Pakistani, Indian, Vegetarian, Balanced"
1819,218.32,99.53,59.93,26.76,23.01,1536,Wheat Dalia (Cracked Wheat Porridge in Buffalo Milk),Beef Shami Kebab (2 pcs) with 1 Whole Wheat Roti & Salad,Beef Nihari with 1 Roghani Naan & Ginger Lemon Garnish,"Chana Chaat with Dahi, Onion, Tomato & Tamarind Chutney",487,15.52,31.57,None,"Pakistani, Indian, Traditional, Balanced"
1112,143.16,54.32,33.26,35.37,20.04,758,Oatmeal Porridge in Cow Milk with Sliced Bananas & Almonds,Beef Shami Kebab (2 pcs) with 1 Whole Wheat Roti & Salad,Palak Paneer (Spinach with Cottage Cheese) with 2 Chapatis,"Fresh Fruit Chaat (Apple, Guava, Banana & Chaat Masala)",463,11.12,70.74,"Hypertension, Heart Disease, Obesity, Kidney Disease","Pakistani, Indian, Low Carb, Traditional"
1817,228.16,88.73,58.62,17.96,26.94,1595,Besan ka Chilla (Savory Gram Flour Pancake) with Mint Dahi,Daal Channa with 2 Chapatis & Onion Salad,Beef Nihari with 1 Roghani Naan & Ginger Lemon Garnish,"Chana Chaat with Dahi, Onion, Tomato & Tamarind Chutney",370,16.9,32.22,None,"Pakistani, Indian, Traditional, Balanced"
1243,159.12,83.04,29.34,38.79,21.48,950,Wheat Dalia (Cracked Wheat Porridge in Buffalo Milk),Daal Channa with 2 Chapatis & Onion Salad,Chicken Tikka Boti (Grilled) with Mint Raita & Fresh Salad,"Fresh Fruit Chaat (Apple, Guava, Banana & Chaat Masala)",448,10.44,70.11,"Hypertension, Heart Disease, Obesity, Kidney Disease","Pakistani, Indian, Low Carb, Traditional"
1466,163.93,75.59,54.19,30.51,16.12,1248,1 Crispy Aloo Paratha with Fresh Dahi & Mint Raita,Kofta Curry (Spiced Meatballs) with 2 Chapatis,Peshawari Chapli Kabab with 1 Whole Wheat Roti & Salad,"Fresh Fruit Chaat (Apple, Guava, Banana & Chaat Masala)",296,12.2,66.48,"Heart Disease, Kidney Disease","Pakistani, Indian, Low Carb, Traditional"
1139,136.97,62.3,35.07,34.41,19.23,825,Oatmeal Porridge in Cow Milk with Sliced Bananas & Almonds,Beef Shami Kebab (2 pcs) with 1 Whole Wheat Roti & Salad,Palak Gosht (Spinach Mutton Curry) with 1.5 Chapatis,"Fresh Fruit Chaat (Apple, Guava, Banana & Chaat Masala)",380,11.96,70.96,"Hypertension, Heart Disease, Obesity, Kidney Disease","Pakistani, Indian, Low Carb, Traditional"
1882,217.8,95.16,65.55,18.5,21.67,1723,2 Boiled Eggs with 2 Brown Bread Toasts & Green Tea,Daal Channa with 2 Chapatis & Onion Salad,Beef Nihari with 1 Roghani Naan & Ginger Lemon Garnish,Dahi Bhalla (Dahi Baray) with Chaat Masala & Papdi,412,15.12,20.09,None,"Pakistani, Indian, Traditional, Balanced"
1979,225.77,98.96,76.38,40.48,23.17,1422,Halwa Puri with Chana Masala (Sunday Special),Chicken Karahi (200g) with 2 Whole Wheat Chapatis & Salad,Palak Gosht (Spinach Mutton Curry) with 1.5 Chapatis,Roasted Chickpeas (Bhuna Chana - 50g) with Green Tea,418,17.4,47.74,None,"Pakistani, Indian, Traditional, Balanced"
1963,264.02,68.58,70.09,18.69,23.72,1612,Mooli Paratha with Zeera Raita & Chai,Chicken Biryani with Mint Zeera Raita & Fresh Salad,"Mix Sabzi (Carrot, Peas, Potatoes) with 2 Chapatis",1 Vegetable Potato Samosa with Mint Green Chutney,438,12.97,74.77,None,"Pakistani, Indian, Traditional, Balanced"
1789,206.3,116.32,50.48,31.27,15.91,1119,Oatmeal Porridge in Cow Milk with Sliced Bananas & Almonds,Chicken Karahi (200g) with 2 Whole Wheat Chapatis & Salad,Balochi Sajji (Roasted Chicken) with 1 cup Zeera Rice,Doodh Patti Chai with 2 Whole Wheat Rusks,466,11.52,27.98,"Hypertension, Heart Disease, Obesity","Pakistani, Indian, High Protein, Traditional"
2138,229.24,111.54,85.12,16.96,18.81,1696,Plain Desi Ghee Paratha with Shami Kabab & Chai,Beef Pulao Gosht with Mint Raita & Sliced Cucumbers,Beef Nihari with 1 Roghani Naan & Ginger Lemon Garnish,Roasted Chickpeas (Bhuna Chana - 50g) with Green Tea,360,17.78,15.93,None,"Pakistani, Indian, High Protein, Traditional"
1770,208.05,69.8,74.66,34.56,15.6,1409,Halwa Puri with Chana Masala (Sunday Special),Chicken Biryani with Mint Zeera Raita & Fresh Salad,Palak Gosht (Spinach Mutton Curry) with 1.5 Chapatis,1 Vegetable Potato Samosa with Mint Green Chutney,369,13.25,39.43,None,"Pakistani, Indian, Traditional, Balanced"
1448,200.27,82.79,33.71,29.25,23.79,1001,Besan ka Chilla (Savory Gram Flour Pancake) with Mint Dahi,Lobia / Red Kidney Bean Curry (Kalool) with Zeera Rice,Balochi Sajji (Roasted Chicken) with 1 cup Zeera Rice,"Fresh Fruit Chaat (Apple, Guava, Banana & Chaat Masala)",317,12.99,59.49,"Diabetes, Hypertension, Heart Disease, Obesity, Kidney Disease","Pakistani, Indian, Low Fat, Dash, Balanced"
1764,206.1,82.24,63.41,20.81,20.02,1407,Mooli Paratha with Zeera Raita & Chai,Aloo Gosht (Potato Beef Curry) with 1.5 Tandoori Rotis,Chicken Haleem with 1 Tandoori Naan & Brown Onions,Doodh Patti Chai with 2 Whole Wheat Rusks,391,12.68,28.24,"Diabetes, Heart Disease","Pakistani, Indian, Traditional, Balanced"
1663,199.58,85.47,54.98,16.17,21.44,1423,1 Crispy Aloo Paratha with Fresh Dahi & Mint Raita,Kofta Curry (Spiced Meatballs) with 2 Chapatis,Chicken Haleem with 1 Tandoori Naan & Brown Onions,"Chana Chaat with Dahi, Onion, Tomato & Tamarind Chutney",356,13.49,29.57,Heart Disease,"Pakistani, Indian, Traditional, Balanced"
1206,193.24,47.88,26.51,15.82,27.53,932,Besan ka Chilla (Savory Gram Flour Pancake) with Mint Dahi,Lobia / Red Kidney Bean Curry (Kalool) with Zeera Rice,"Mix Sabzi (Carrot, Peas, Potatoes) with 2 Chapatis","Chana Chaat with Dahi, Onion, Tomato & Tamarind Chutney",329,12.48,50.45,"Diabetes, Hypertension, Heart Disease, Obesity, Kidney Disease","Pakistani, Indian, Vegetarian, Balanced"
1458,201.29,55.49,46.56,31.51,25.87,1129,Mooli Paratha with Zeera Raita & Chai,Bhindi Masala (Okra Curry) with 2 Whole Wheat Chapatis,Chicken Haleem with 1 Tandoori Naan & Brown Onions,"Fresh Fruit Chaat (Apple, Guava, Banana & Chaat Masala)",372,10.91,89.36,"Diabetes, Heart Disease, Kidney Disease","Pakistani, Indian, Low Fat, Dash, Balanced"
1499,216.92,66.55,39.93,27.81,22.38,981,Wheat Dalia (Cracked Wheat Porridge in Buffalo Milk),Daal Masoor Curry with Boiled Basmati Rice & Kachumber,Palak Gosht (Spinach Mutton Curry) with 1.5 Chapatis,Doodh Patti Chai with 2 Whole Wheat Rusks,616,14.1,43.38,"Diabetes, Hypertension, Heart Disease, Obesity, Kidney Disease","Pakistani, Indian, Low Fat, Dash, Balanced"
1692,165.98,101.08,64.37,13.83,19.26,1468,Plain Desi Ghee Paratha with Shami Kabab & Chai,Daal Channa with 2 Chapatis & Onion Salad,Machli (Fried Spiced Fish) with 1 Roti & Fresh Lemon,1 Chicken Shami Kebab with Sliced Cucumber & Mint Raita,383,14.26,20.75,None,"Pakistani, Indian, Low Carb, Traditional"
1625,218.81,56.3,55.77,19.65,26.02,1338,1 Crispy Aloo Paratha with Fresh Dahi & Mint Raita,Bhindi Masala (Okra Curry) with 2 Whole Wheat Chapatis,Anda Curry with 2 Chapatis & Onion Salad,"Chana Chaat with Dahi, Onion, Tomato & Tamarind Chutney",489,13.28,63.73,"Hypertension, Heart Disease, Kidney Disease","Pakistani, Indian, Traditional, Balanced"
1806,207.87,97.07,62.06,12.11,19.27,1574,2 Boiled Eggs with 2 Brown Bread Toasts & Green Tea,Chicken Biryani with Mint Zeera Raita & Fresh Salad,Chicken Haleem with 1 Tandoori Naan & Brown Onions,1 Vegetable Potato Samosa with Mint Green Chutney,358,12.92,23.71,None,"Pakistani, Indian, Traditional, Balanced"
1147,145.71,60.11,35.06,28.69,21.22,929,Besan ka Chilla (Savory Gram Flour Pancake) with Mint Dahi,Bhindi Masala (Okra Curry) with 2 Whole Wheat Chapatis,Machli (Fried Spiced Fish) with 1 Roti & Fresh Lemon,"Fresh Fruit Chaat (Apple, Guava, Banana & Chaat Masala)",369,10.2,79.68,"Diabetes, Hypertension, Heart Disease, Obesity, Kidney Disease","Pakistani, Indian, Low Carb, Traditional"
1437,169.78,63.62,55.47,14.71,14.79,1160,1 Whole Wheat Chapati with Fried Egg & Doodh Patti Chai,Chicken Biryani with Mint Zeera Raita & Fresh Salad,Palak Paneer (Spinach with Cottage Cheese) with 2 Chapatis,1 Vegetable Potato Samosa with Mint Green Chutney,450,11.35,36.14,"Hypertension, Kidney Disease","Pakistani, Indian, Low Carb, Traditional"
1688,193.48,73.85,63.96,25.26,22.9,1236,Oatmeal Porridge in Cow Milk with Sliced Bananas & Almonds,Aloo Gosht (Potato Beef Curry) with 1.5 Tandoori Rotis,Palak Paneer (Spinach with Cottage Cheese) with 2 Chapatis,1 Vegetable Potato Samosa with Mint Green Chutney,597,15.05,48.37,Kidney Disease,"Pakistani, Indian, Traditional, Balanced"
1443,191.07,66.4,42.99,15.76,22.36,1223,2 Boiled Eggs with 2 Brown Bread Toasts & Green Tea,Daal Masoor Curry with Boiled Basmati Rice & Kachumber,Palak Paneer (Spinach with Cottage Cheese) with 2 Chapatis,Dahi Bhalla (Dahi Baray) with Chaat Masala & Papdi,568,14.04,42.99,"Diabetes, Hypertension, Heart Disease, Obesity, Kidney Disease","Pakistani, Indian, Low Fat, Dash, Balanced"
1476,160.37,87.93,48.75,25.06,16.31,1175,Oatmeal Porridge in Cow Milk with Sliced Bananas & Almonds,Chicken Karahi (200g) with 2 Whole Wheat Chapatis & Salad,Peshawari Chapli Kabab with 1 Whole Wheat Roti & Salad,Dahi Bhalla (Dahi Baray) with Chaat Masala & Papdi,405,11.66,35.08,"Heart Disease, Obesity, Kidney Disease","Pakistani, Indian, Low Carb, Traditional"
1569,219.39,87.76,36.75,32.36,23.26,1141,Besan ka Chilla (Savory Gram Flour Pancake) with Mint Dahi,Daal Masoor Curry with Boiled Basmati Rice & Kachumber,Balochi Sajji (Roasted Chicken) with 1 cup Zeera Rice,"Fresh Fruit Chaat (Apple, Guava, Banana & Chaat Masala)",318,13.71,74.05,"Diabetes, Hypertension, Heart Disease, Obesity, Kidney Disease","Pakistani, Indian, Low Fat, Dash, Balanced"
1950,213.4,81.13,86.92,37.71,15.91,1656,Halwa Puri with Chana Masala (Sunday Special),Beef Shami Kebab (2 pcs) with 1 Whole Wheat Roti & Salad,Beef Nihari with 1 Roghani Naan & Ginger Lemon Garnish,1 Vegetable Potato Samosa with Mint Green Chutney,235,13.71,21.16,None,"Pakistani, Indian, Traditional, Balanced"
1968,247.49,106.66,57.75,18.27,29.46,1532,1 Whole Wheat Chapati with Fried Egg & Doodh Patti Chai,Lobia / Red Kidney Bean Curry (Kalool) with Zeera Rice,Chicken Haleem with 1 Tandoori Naan & Brown Onions,1 Chicken Shami Kebab with Sliced Cucumber & Mint Raita,401,16.97,21.8,"Diabetes, Heart Disease, Obesity","Pakistani, Indian, Traditional, Balanced"
1513,172.38,74.95,57.04,41.4,14.79,1069,Wheat Dalia (Cracked Wheat Porridge in Buffalo Milk),Beef Shami Kebab (2 pcs) with 1 Whole Wheat Roti & Salad,Beef Nihari with 1 Roghani Naan & Ginger Lemon Garnish,Gajar ka Halwa (100g Small Cup - Traditional Sweet),435,11.07,16.48,Kidney Disease,"Pakistani, Indian, Traditional, Balanced"
1894,223.1,87.35,67.88,21.05,25.26,1610,Plain Desi Ghee Paratha with Shami Kabab & Chai,Daal Channa with 2 Chapatis & Onion Salad,Chicken Haleem with 1 Tandoori Naan & Brown Onions,Dahi Bhalla (Dahi Baray) with Chaat Masala & Papdi,421,15.05,18.94,Diabetes,"Pakistani, Indian, Traditional, Balanced"
1393,152.77,83.12,45.38,17.52,13.48,1114,2 Boiled Eggs with 2 Brown Bread Toasts & Green Tea,Chicken Karahi (200g) with 2 Whole Wheat Chapatis & Salad,Anda Curry with 2 Chapatis & Onion Salad,Doodh Patti Chai with 2 Whole Wheat Rusks,346,10.33,25.16,"Hypertension, Heart Disease, Obesity, Kidney Disease","Pakistani, Indian, Low Carb, Traditional"
1415,148.19,78.43,54.12,9.32,14.82,1207,2 Boiled Eggs with 2 Brown Bread Toasts & Green Tea,Beef Pulao Gosht with Mint Raita & Sliced Cucumbers,Palak Gosht (Spinach Mutton Curry) with 1.5 Chapatis,1 Vegetable Potato Samosa with Mint Green Chutney,350,13.49,31.22,Kidney Disease,"Pakistani, Indian, Low Carb, Traditional"
1331,152.12,64.65,47.54,32.41,18.85,967,2 Boiled Eggs with 2 Brown Bread Toasts & Green Tea,Daal Channa with 2 Chapatis & Onion Salad,Palak Gosht (Spinach Mutton Curry) with 1.5 Chapatis,Gajar ka Halwa (100g Small Cup - Traditional Sweet),430,12.65,31.0,"Hypertension, Kidney Disease","Pakistani, Indian, Low Carb, Traditional"
1525,146.18,127.11,45.55,15.89,20.87,1430,Besan ka Chilla (Savory Gram Flour Pancake) with Mint Dahi,Chicken Karahi (200g) with 2 Whole Wheat Chapatis & Salad,Chicken Tikka Boti (Grilled) with Mint Raita & Fresh Salad,"Chana Chaat with Dahi, Onion, Tomato & Tamarind Chutney",381,14.51,53.49,"Diabetes, Hypertension, Heart Disease, Obesity","Pakistani, Indian, High Protein, Traditional"
1520,215.64,73.93,40.56,32.35,21.05,981,Wheat Dalia (Cracked Wheat Porridge in Buffalo Milk),Chicken Karahi (200g) with 2 Whole Wheat Chapatis & Salad,"Mix Sabzi (Carrot, Peas, Potatoes) with 2 Chapatis",Doodh Patti Chai with 2 Whole Wheat Rusks,519,10.47,55.45,"Diabetes, Hypertension, Heart Disease, Obesity, Kidney Disease","Pakistani, Indian, Low Fat, Dash, Balanced"
1718,200.8,92.68,57.92,17.38,12.26,1236,Mooli Paratha with Zeera Raita & Chai,Beef Pulao Gosht with Mint Raita & Sliced Cucumbers,Balochi Sajji (Roasted Chicken) with 1 cup Zeera Rice,Doodh Patti Chai with 2 Whole Wheat Rusks,381,11.3,19.79,Heart Disease,"Pakistani, Indian, Traditional, Balanced"
1447,145.68,101.11,46.0,13.42,17.25,1371,2 Boiled Eggs with 2 Brown Bread Toasts & Green Tea,Kofta Curry (Spiced Meatballs) with 2 Chapatis,Machli (Fried Spiced Fish) with 1 Roti & Fresh Lemon,"Chana Chaat with Dahi, Onion, Tomato & Tamarind Chutney",364,12.65,26.36,"Hypertension, Heart Disease, Obesity","Pakistani, Indian, Low Carb, Traditional"
1335,172.97,67.68,39.95,10.81,22.94,1053,Besan ka Chilla (Savory Gram Flour Pancake) with Mint Dahi,Daal Masoor Curry with Boiled Basmati Rice & Kachumber,Palak Paneer (Spinach with Cottage Cheese) with 2 Chapatis,1 Chicken Shami Kebab with Sliced Cucumber & Mint Raita,489,15.04,46.53,"Diabetes, Hypertension, Heart Disease, Obesity, Kidney Disease","Pakistani, Indian, Low Fat, Dash, Balanced"
1342,165.57,84.4,37.11,18.08,20.74,1023,Wheat Dalia (Cracked Wheat Porridge in Buffalo Milk),Lobia / Red Kidney Bean Curry (Kalool) with Zeera Rice,Chicken Tikka Boti (Grilled) with Mint Raita & Fresh Salad,1 Vegetable Potato Samosa with Mint Green Chutney,457,11.23,28.55,"Hypertension, Kidney Disease","Pakistani, Indian, Low Carb, Traditional"
1959,271.73,81.62,62.67,61.09,21.06,1369,Halwa Puri with Chana Masala (Sunday Special),Daal Masoor Curry with Boiled Basmati Rice & Kachumber,Balochi Sajji (Roasted Chicken) with 1 cup Zeera Rice,"Fresh Fruit Chaat (Apple, Guava, Banana & Chaat Masala)",284,13.06,69.51,Kidney Disease,"Pakistani, Indian, Traditional, Balanced"
1650,160.8,110.55,59.77,21.69,13.96,1418,1 Crispy Aloo Paratha with Fresh Dahi & Mint Raita,Kofta Curry (Spiced Meatballs) with 2 Chapatis,Chicken Tikka Boti (Grilled) with Mint Raita & Fresh Salad,Doodh Patti Chai with 2 Whole Wheat Rusks,450,12.38,34.38,"Hypertension, Heart Disease","Pakistani, Indian, High Protein, Traditional"
1493,189.08,84.09,42.29,19.41,23.09,1100,Wheat Dalia (Cracked Wheat Porridge in Buffalo Milk),Lobia / Red Kidney Bean Curry (Kalool) with Zeera Rice,Peshawari Chapli Kabab with 1 Whole Wheat Roti & Salad,1 Chicken Shami Kebab with Sliced Cucumber & Mint Raita,468,14.13,26.87,"Diabetes, Heart Disease, Obesity, Kidney Disease","Pakistani, Indian, Low Fat, Dash, Balanced"
1628,179.68,87.17,60.04,16.01,19.3,1485,Besan ka Chilla (Savory Gram Flour Pancake) with Mint Dahi,Aloo Gosht (Potato Beef Curry) with 1.5 Tandoori Rotis,Beef Nihari with 1 Roghani Naan & Ginger Lemon Garnish,"Chana Chaat with Dahi, Onion, Tomato & Tamarind Chutney",298,14.77,30.69,None,"Pakistani, Indian, Traditional, Balanced"
1365,155.05,79.21,42.98,24.44,12.64,902,Oatmeal Porridge in Cow Milk with Sliced Bananas & Almonds,Aloo Gosht (Potato Beef Curry) with 1.5 Tandoori Rotis,Balochi Sajji (Roasted Chicken) with 1 cup Zeera Rice,Doodh Patti Chai with 2 Whole Wheat Rusks,350,9.44,16.43,"Heart Disease, Obesity, Kidney Disease","Pakistani, Indian, Low Carb, Traditional"
1951,205.56,105.93,73.58,43.8,17.75,1367,Mooli Paratha with Zeera Raita & Chai,Beef Shami Kebab (2 pcs) with 1 Whole Wheat Roti & Salad,Balochi Sajji (Roasted Chicken) with 1 cup Zeera Rice,Gajar ka Halwa (100g Small Cup - Traditional Sweet),456,13.43,30.37,Hypertension,"Pakistani, Indian, Traditional, Balanced"
1535,214.68,65.91,46.14,22.6,21.0,1281,1 Whole Wheat Chapati with Fried Egg & Doodh Patti Chai,Chicken Biryani with Mint Zeera Raita & Fresh Salad,"Mix Sabzi (Carrot, Peas, Potatoes) with 2 Chapatis","Chana Chaat with Dahi, Onion, Tomato & Tamarind Chutney",363,11.58,57.44,"Hypertension, Heart Disease, Obesity, Kidney Disease","Pakistani, Indian, Low Fat, Dash, Balanced"
1732,218.78,89.96,52.53,17.77,28.32,1266,1 Whole Wheat Chapati with Fried Egg & Doodh Patti Chai,Lobia / Red Kidney Bean Curry (Kalool) with Zeera Rice,Peshawari Chapli Kabab with 1 Whole Wheat Roti & Salad,Roasted Chickpeas (Bhuna Chana - 50g) with Green Tea,383,17.21,24.99,"Diabetes, Heart Disease, Obesity, Kidney Disease","Pakistani, Indian, Traditional, Balanced"
1869,223.88,79.88,67.92,18.48,17.28,1565,Mooli Paratha with Zeera Raita & Chai,Beef Pulao Gosht with Mint Raita & Sliced Cucumbers,Anda Curry with 2 Chapatis & Onion Salad,Dahi Bhalla (Dahi Baray) with Chaat Masala & Papdi,473,13.69,32.06,None,"Pakistani, Indian, Traditional, Balanced"
1594,169.32,98.11,55.78,18.92,17.83,1474,Plain Desi Ghee Paratha with Shami Kabab & Chai,Daal Masoor Curry with Boiled Basmati Rice & Kachumber,Chicken Tikka Boti (Grilled) with Mint Raita & Fresh Salad,Dahi Bhalla (Dahi Baray) with Chaat Masala & Papdi,413,13.35,37.85,None,"Pakistani, Indian, Low Carb, Traditional"
1524,186.92,74.4,52.17,18.6,19.05,1216,1 Whole Wheat Chapati with Fried Egg & Doodh Patti Chai,Beef Pulao Gosht with Mint Raita & Sliced Cucumbers,Palak Paneer (Spinach with Cottage Cheese) with 2 Chapatis,"Chana Chaat with Dahi, Onion, Tomato & Tamarind Chutney",495,14.25,39.02,"Heart Disease, Obesity, Kidney Disease","Pakistani, Indian, Traditional, Balanced"
2383,291.0,110.56,85.93,22.34,21.54,2085,1 Crispy Aloo Paratha with Fresh Dahi & Mint Raita,Chicken Biryani with Mint Zeera Raita & Fresh Salad,Beef Nihari with 1 Roghani Naan & Ginger Lemon Garnish,"Chana Chaat with Dahi, Onion, Tomato & Tamarind Chutney",504,17.07,43.54,None,"Pakistani, Indian, High Protein, Traditional"
1849,210.7,97.5,65.0,18.49,20.96,1569,2 Boiled Eggs with 2 Brown Bread Toasts & Green Tea,Beef Pulao Gosht with Mint Raita & Sliced Cucumbers,Palak Paneer (Spinach with Cottage Cheese) with 2 Chapatis,Dahi Bhalla (Dahi Baray) with Chaat Masala & Papdi,672,16.92,39.23,"Diabetes, Obesity","Pakistani, Indian, Traditional, Balanced"
1665,198.56,81.39,56.36,40.33,20.06,1262,2 Boiled Eggs with 2 Brown Bread Toasts & Green Tea,Daal Masoor Curry with Boiled Basmati Rice & Kachumber,Peshawari Chapli Kabab with 1 Whole Wheat Roti & Salad,Gajar ka Halwa (100g Small Cup - Traditional Sweet),419,14.07,32.58,Kidney Disease,"Pakistani, Indian, Traditional, Balanced"
1509,164.51,84.69,51.4,22.39,21.42,1090,Oatmeal Porridge in Cow Milk with Sliced Bananas & Almonds,Aloo Gosht (Potato Beef Curry) with 1.5 Tandoori Rotis,Peshawari Chapli Kabab with 1 Whole Wheat Roti & Salad,Roasted Chickpeas (Bhuna Chana - 50g) with Green Tea,370,14.41,29.2,"Diabetes, Heart Disease, Obesity, Kidney Disease","Pakistani, Indian, Low Carb, Traditional"
1450,159.08,69.25,57.55,17.31,19.37,1329,Anda Ghotala (Spiced Scrambled Eggs) with 1 Tandoori Roti,Bhindi Masala (Okra Curry) with 2 Whole Wheat Chapatis,Peshawari Chapli Kabab with 1 Whole Wheat Roti & Salad,Dahi Bhalla (Dahi Baray) with Chaat Masala & Papdi,388,12.45,53.81,"Heart Disease, Obesity, Kidney Disease","Pakistani, Indian, Low Carb, Traditional"
1750,197.56,79.97,69.62,20.23,17.4,1477,Plain Desi Ghee Paratha with Shami Kabab & Chai,Chicken Biryani with Mint Zeera Raita & Fresh Salad,Palak Paneer (Spinach with Cottage Cheese) with 2 Chapatis,Dahi Bhalla (Dahi Baray) with Chaat Masala & Papdi,607,14.21,41.39,None,"Pakistani, Indian, Traditional, Balanced"
1506,156.73,87.61,55.91,17.61,14.09,1330,2 Boiled Eggs with 2 Brown Bread Toasts & Green Tea,Beef Shami Kebab (2 pcs) with 1 Whole Wheat Roti & Salad,Beef Nihari with 1 Roghani Naan & Ginger Lemon Garnish,Doodh Patti Chai with 2 Whole Wheat Rusks,313,12.15,15.85,Kidney Disease,"Pakistani, Indian, Low Carb, Traditional"
2106,234.19,86.41,91.68,63.54,14.25,1561,Halwa Puri with Chana Masala (Sunday Special),Kofta Curry (Spiced Meatballs) with 2 Chapatis,Beef Nihari with 1 Roghani Naan & Ginger Lemon Garnish,Gajar ka Halwa (100g Small Cup - Traditional Sweet),345,13.52,19.06,None,"Pakistani, Indian, Traditional, Balanced"
2154,256.31,100.2,78.44,27.07,18.34,1701,Oatmeal Porridge in Cow Milk with Sliced Bananas & Almonds,Chicken Biryani with Mint Zeera Raita & Fresh Salad,Beef Nihari with 1 Roghani Naan & Ginger Lemon Garnish,1 Vegetable Potato Samosa with Mint Green Chutney,464,14.36,32.04,None,"Pakistani, Indian, Traditional, Balanced"
2057,284.17,94.34,56.83,31.26,31.26,1534,Oatmeal Porridge in Cow Milk with Sliced Bananas & Almonds,Lobia / Red Kidney Bean Curry (Kalool) with Zeera Rice,Beef Nihari with 1 Roghani Naan & Ginger Lemon Garnish,"Chana Chaat with Dahi, Onion, Tomato & Tamarind Chutney",517,17.5,35.8,None,"Pakistani, Indian, Traditional, Balanced"
1811,175.32,133.8,59.98,18.45,16.15,1788,2 Boiled Eggs with 2 Brown Bread Toasts & Green Tea,Chicken Biryani with Mint Zeera Raita & Fresh Salad,Chicken Tikka Boti (Grilled) with Mint Raita & Fresh Salad,Dahi Bhalla (Dahi Baray) with Chaat Masala & Papdi,525,13.61,40.37,"Heart Disease, Obesity","Pakistani, Indian, High Protein, Traditional"
1743,205.3,87.36,57.74,52.93,23.52,1112,Oatmeal Porridge in Cow Milk with Sliced Bananas & Almonds,Beef Shami Kebab (2 pcs) with 1 Whole Wheat Roti & Salad,Chicken Haleem with 1 Tandoori Naan & Brown Onions,Gajar ka Halwa (100g Small Cup - Traditional Sweet),492,13.15,22.45,Kidney Disease,"Pakistani, Indian, Traditional, Balanced"
1859,182.05,99.93,78.43,42.32,17.43,1346,Plain Desi Ghee Paratha with Shami Kabab & Chai,Chicken Karahi (200g) with 2 Whole Wheat Chapatis & Salad,Palak Gosht (Spinach Mutton Curry) with 1.5 Chapatis,Gajar ka Halwa (100g Small Cup - Traditional Sweet),504,15.69,46.96,None,"Pakistani, Indian, Traditional, Balanced"
1628,178.98,95.96,54.99,18.33,20.49,1499,1 Crispy Aloo Paratha with Fresh Dahi & Mint Raita,Daal Channa with 2 Chapatis & Onion Salad,Chicken Tikka Boti (Grilled) with Mint Raita & Fresh Salad,Dahi Bhalla (Dahi Baray) with Chaat Masala & Papdi,480,12.94,36.12,"Hypertension, Heart Disease","Pakistani, Indian, Traditional, Balanced"
1466,188.33,76.69,41.26,21.07,23.01,1048,Oatmeal Porridge in Cow Milk with Sliced Bananas & Almonds,Daal Masoor Curry with Boiled Basmati Rice & Kachumber,Palak Gosht (Spinach Mutton Curry) with 1.5 Chapatis,1 Chicken Shami Kebab with Sliced Cucumber & Mint Raita,485,15.34,50.48,"Diabetes, Hypertension, Heart Disease, Obesity, Kidney Disease","Pakistani, Indian, Low Fat, Dash, Balanced"
1927,192.73,98.36,79.32,13.51,18.57,1716,Mooli Paratha with Zeera Raita & Chai,Aloo Gosht (Potato Beef Curry) with 1.5 Tandoori Rotis,Machli (Fried Spiced Fish) with 1 Roti & Fresh Lemon,1 Vegetable Potato Samosa with Mint Green Chutney,411,13.87,37.61,None,"Pakistani, Indian, Traditional, Balanced"
1333,190.51,60.71,33.86,13.82,28.23,997,2 Boiled Eggs with 2 Brown Bread Toasts & Green Tea,Daal Channa with 2 Chapatis & Onion Salad,"Mix Sabzi (Carrot, Peas, Potatoes) with 2 Chapatis",Roasted Chickpeas (Bhuna Chana - 50g) with Green Tea,331,13.13,43.93,"Diabetes, Hypertension, Heart Disease, Obesity, Kidney Disease","Pakistani, Indian, Low Fat, Dash, Balanced"
1265,102.41,97.67,49.31,11.62,16.18,1119,Plain Desi Ghee Paratha with Shami Kabab & Chai,Beef Shami Kebab (2 pcs) with 1 Whole Wheat Roti & Salad,Chicken Tikka Boti (Grilled) with Mint Raita & Fresh Salad,Roasted Chickpeas (Bhuna Chana - 50g) with Green Tea,284,12.56,25.39,None,"Pakistani, Indian, Low Carb, Traditional"
1623,186.03,87.75,56.6,14.04,11.58,1290,1 Crispy Aloo Paratha with Fresh Dahi & Mint Raita,Beef Pulao Gosht with Mint Raita & Sliced Cucumbers,Balochi Sajji (Roasted Chicken) with 1 cup Zeera Rice,Dahi Bhalla (Dahi Baray) with Chaat Masala & Papdi,369,11.14,15.36,"Heart Disease, Kidney Disease","Pakistani, Indian, Traditional, Balanced"
1379,198.79,55.97,41.19,35.82,18.45,1075,1 Whole Wheat Chapati with Fried Egg & Doodh Patti Chai,Chicken Biryani with Mint Zeera Raita & Fresh Salad,"Mix Sabzi (Carrot, Peas, Potatoes) with 2 Chapatis","Fresh Fruit Chaat (Apple, Guava, Banana & Chaat Masala)",304,9.58,84.17,"Hypertension, Heart Disease, Obesity, Kidney Disease","Pakistani, Indian, Low Fat, Dash, Balanced"
1245,170.46,41.95,43.87,41.78,20.89,681,Wheat Dalia (Cracked Wheat Porridge in Buffalo Milk),Bhindi Masala (Okra Curry) with 2 Whole Wheat Chapatis,Palak Paneer (Spinach with Cottage Cheese) with 2 Chapatis,Gajar ka Halwa (100g Small Cup - Traditional Sweet),668,10.28,51.39,"Hypertension, Kidney Disease","Pakistani, Indian, Vegetarian, Balanced"
2106,222.76,111.93,82.16,25.36,16.43,1897,1 Whole Wheat Chapati with Fried Egg & Doodh Patti Chai,Kofta Curry (Spiced Meatballs) with 2 Chapatis,Beef Nihari with 1 Roghani Naan & Ginger Lemon Garnish,Dahi Bhalla (Dahi Baray) with Chaat Masala & Papdi,403,15.77,22.61,None,"Pakistani, Indian, High Protein, Traditional"
1759,171.33,101.32,70.25,13.71,19.87,1588,Besan ka Chilla (Savory Gram Flour Pancake) with Mint Dahi,Kofta Curry (Spiced Meatballs) with 2 Chapatis,Peshawari Chapli Kabab with 1 Whole Wheat Roti & Salad,1 Vegetable Potato Samosa with Mint Green Chutney,320,16.68,34.84,None,"Pakistani, Indian, Traditional, Balanced"
1350,161.16,70.39,44.17,11.16,24.27,1078,Besan ka Chilla (Savory Gram Flour Pancake) with Mint Dahi,Daal Channa with 2 Chapatis & Onion Salad,Palak Paneer (Spinach with Cottage Cheese) with 2 Chapatis,1 Chicken Shami Kebab with Sliced Cucumber & Mint Raita,500,15.24,40.29,"Diabetes, Hypertension, Heart Disease, Obesity, Kidney Disease","Pakistani, Indian, Low Carb, Traditional"
1768,176.79,86.59,78.02,36.53,15.06,1506,Halwa Puri with Chana Masala (Sunday Special),Aloo Gosht (Potato Beef Curry) with 1.5 Tandoori Rotis,Peshawari Chapli Kabab with 1 Whole Wheat Roti & Salad,1 Chicken Shami Kebab with Sliced Cucumber & Mint Raita,244,13.98,28.86,None,"Pakistani, Indian, Traditional, Balanced"
1905,225.9,97.55,64.46,24.53,22.59,1438,Plain Desi Ghee Paratha with Shami Kabab & Chai,Lobia / Red Kidney Bean Curry (Kalool) with Zeera Rice,Machli (Fried Spiced Fish) with 1 Roti & Fresh Lemon,Doodh Patti Chai with 2 Whole Wheat Rusks,525,14.83,17.68,Diabetes,"Pakistani, Indian, Traditional, Balanced"
1444,162.88,70.69,54.15,33.16,15.11,1007,2 Boiled Eggs with 2 Brown Bread Toasts & Green Tea,Beef Pulao Gosht with Mint Raita & Sliced Cucumbers,Palak Paneer (Spinach with Cottage Cheese) with 2 Chapatis,Gajar ka Halwa (100g Small Cup - Traditional Sweet),521,12.34,28.13,Kidney Disease,"Pakistani, Indian, Low Carb, Traditional"
1521,146.76,95.22,58.35,34.48,12.02,1149,Anda Ghotala (Spiced Scrambled Eggs) with 1 Tandoori Roti,Chicken Karahi (200g) with 2 Whole Wheat Chapatis & Salad,Machli (Fried Spiced Fish) with 1 Roti & Fresh Lemon,Gajar ka Halwa (100g Small Cup - Traditional Sweet),371,10.26,28.29,Hypertension,"Pakistani, Indian, Low Carb, Traditional"
2095,237.79,117.85,75.21,40.33,19.17,1435,Halwa Puri with Chana Masala (Sunday Special),Chicken Karahi (200g) with 2 Whole Wheat Chapatis & Salad,Balochi Sajji (Roasted Chicken) with 1 cup Zeera Rice,Roasted Chickpeas (Bhuna Chana - 50g) with Green Tea,304,14.56,25.14,None,"Pakistani, Indian, High Protein, Traditional"
1247,169.64,51.97,39.08,24.12,18.46,977,Wheat Dalia (Cracked Wheat Porridge in Buffalo Milk),Aloo Gosht (Potato Beef Curry) with 1.5 Tandoori Rotis,"Mix Sabzi (Carrot, Peas, Potatoes) with 2 Chapatis",Dahi Bhalla (Dahi Baray) with Chaat Masala & Papdi,420,9.65,42.41,"Heart Disease, Obesity, Kidney Disease","Pakistani, Indian, Low Carb, Traditional"
1479,180.6,73.53,48.16,24.25,17.2,1144,Oatmeal Porridge in Cow Milk with Sliced Bananas & Almonds,Chicken Biryani with Mint Zeera Raita & Fresh Salad,Palak Gosht (Spinach Mutton Curry) with 1.5 Chapatis,Dahi Bhalla (Dahi Baray) with Chaat Masala & Papdi,533,12.56,41.71,"Hypertension, Heart Disease, Obesity, Kidney Disease","Pakistani, Indian, Low Fat, Dash, Balanced"
1903,227.49,102.26,61.8,18.05,22.86,1597,Besan ka Chilla (Savory Gram Flour Pancake) with Mint Dahi,Beef Pulao Gosht with Mint Raita & Sliced Cucumbers,Chicken Haleem with 1 Tandoori Naan & Brown Onions,Dahi Bhalla (Dahi Baray) with Chaat Masala & Papdi,443,16.08,19.69,"Diabetes, Heart Disease, Obesity","Pakistani, Indian, Traditional, Balanced"
1800,183.3,89.44,75.64,22.08,22.31,1579,Plain Desi Ghee Paratha with Shami Kabab & Chai,Beef Shami Kebab (2 pcs) with 1 Whole Wheat Roti & Salad,Palak Paneer (Spinach with Cottage Cheese) with 2 Chapatis,Dahi Bhalla (Dahi Baray) with Chaat Masala & Papdi,629,17.23,44.17,Diabetes,"Pakistani, Indian, Traditional, Balanced"
1302,159.16,74.05,38.13,19.58,21.11,792,Oatmeal Porridge in Cow Milk with Sliced Bananas & Almonds,Chicken Karahi (200g) with 2 Whole Wheat Chapatis & Salad,Palak Paneer (Spinach with Cottage Cheese) with 2 Chapatis,Roasted Chickpeas (Bhuna Chana - 50g) with Green Tea,511,12.6,40.85,"Diabetes, Hypertension, Heart Disease, Obesity, Kidney Disease","Pakistani, Indian, Low Carb, Traditional"
1996,219.78,98.34,76.25,43.17,15.7,1435,Mooli Paratha with Zeera Raita & Chai,Beef Pulao Gosht with Mint Raita & Sliced Cucumbers,Machli (Fried Spiced Fish) with 1 Roti & Fresh Lemon,Gajar ka Halwa (100g Small Cup - Traditional Sweet),544,13.12,26.91,None,"Pakistani, Indian, Traditional, Balanced"
1564,210.03,83.65,42.55,19.09,21.91,1068,Wheat Dalia (Cracked Wheat Porridge in Buffalo Milk),Chicken Biryani with Mint Zeera Raita & Fresh Salad,Chicken Haleem with 1 Tandoori Naan & Brown Onions,Roasted Chickpeas (Bhuna Chana - 50g) with Green Tea,473,12.09,18.64,"Heart Disease, Obesity, Kidney Disease","Pakistani, Indian, Low Fat, Dash, Balanced"
1758,195.32,97.09,60.32,17.81,21.37,1597,Anda Ghotala (Spiced Scrambled Eggs) with 1 Tandoori Roti,Daal Channa with 2 Chapatis & Onion Salad,Machli (Fried Spiced Fish) with 1 Roti & Fresh Lemon,Dahi Bhalla (Dahi Baray) with Chaat Masala & Papdi,465,13.9,27.0,"Diabetes, Hypertension, Heart Disease, Obesity","Pakistani, Indian, Traditional, Balanced"
1730,207.13,115.33,46.49,22.36,27.66,1506,1 Whole Wheat Chapati with Fried Egg & Doodh Patti Chai,Lobia / Red Kidney Bean Curry (Kalool) with Zeera Rice,Chicken Tikka Boti (Grilled) with Mint Raita & Fresh Salad,"Chana Chaat with Dahi, Onion, Tomato & Tamarind Chutney",453,16.01,44.13,"Diabetes, Hypertension, Heart Disease, Obesity","Pakistani, Indian, High Protein, Traditional"
1846,234.24,84.37,61.04,20.84,18.86,1439,Mooli Paratha with Zeera Raita & Chai,Chicken Biryani with Mint Zeera Raita & Fresh Salad,Chicken Haleem with 1 Tandoori Naan & Brown Onions,Doodh Patti Chai with 2 Whole Wheat Rusks,457,11.81,30.27,Heart Disease,"Pakistani, Indian, Traditional, Balanced"
1411,153.83,96.47,42.75,7.65,14.28,1037,2 Boiled Eggs with 2 Brown Bread Toasts & Green Tea,Beef Pulao Gosht with Mint Raita & Sliced Cucumbers,Balochi Sajji (Roasted Chicken) with 1 cup Zeera Rice,Roasted Chickpeas (Bhuna Chana - 50g) with Green Tea,276,11.98,8.92,"Heart Disease, Obesity","Pakistani, Indian, Low Carb, Traditional"
1480,184.11,78.29,44.6,18.51,19.46,1224,1 Whole Wheat Chapati with Fried Egg & Doodh Patti Chai,Lobia / Red Kidney Bean Curry (Kalool) with Zeera Rice,Machli (Fried Spiced Fish) with 1 Roti & Fresh Lemon,Dahi Bhalla (Dahi Baray) with Chaat Masala & Papdi,427,11.67,16.13,"Hypertension, Heart Disease, Obesity, Kidney Disease","Pakistani, Indian, Low Fat, Dash, Balanced"
1772,186.71,101.52,66.3,44.56,18.25,1358,Plain Desi Ghee Paratha with Shami Kabab & Chai,Daal Masoor Curry with Boiled Basmati Rice & Kachumber,Chicken Tikka Boti (Grilled) with Mint Raita & Fresh Salad,Gajar ka Halwa (100g Small Cup - Traditional Sweet),461,13.79,38.72,None,"Pakistani, Indian, Traditional, Balanced"
2062,260.08,90.79,72.05,20.5,25.77,1640,1 Crispy Aloo Paratha with Fresh Dahi & Mint Raita,Beef Pulao Gosht with Mint Raita & Sliced Cucumbers,Palak Paneer (Spinach with Cottage Cheese) with 2 Chapatis,"Chana Chaat with Dahi, Onion, Tomato & Tamarind Chutney",703,18.74,56.23,None,"Pakistani, Indian, Traditional, Balanced"
1866,212.04,113.2,59.08,18.77,24.19,1590,Besan ka Chilla (Savory Gram Flour Pancake) with Mint Dahi,Chicken Karahi (200g) with 2 Whole Wheat Chapatis & Salad,Chicken Haleem with 1 Tandoori Naan & Brown Onions,Dahi Bhalla (Dahi Baray) with Chaat Masala & Papdi,431,15.35,33.13,"Diabetes, Heart Disease, Obesity","Pakistani, Indian, High Protein, Traditional"
1850,191.71,98.92,77.64,37.38,13.23,1543,Halwa Puri with Chana Masala (Sunday Special),Beef Pulao Gosht with Mint Raita & Sliced Cucumbers,Chicken Tikka Boti (Grilled) with Mint Raita & Fresh Salad,1 Vegetable Potato Samosa with Mint Green Chutney,292,12.65,27.8,None,"Pakistani, Indian, Traditional, Balanced"
1694,179.09,99.28,65.21,57.91,16.06,1421,Halwa Puri with Chana Masala (Sunday Special),Kofta Curry (Spiced Meatballs) with 2 Chapatis,Chicken Tikka Boti (Grilled) with Mint Raita & Fresh Salad,"Fresh Fruit Chaat (Apple, Guava, Banana & Chaat Masala)",282,12.17,72.03,None,"Pakistani, Indian, Traditional, Balanced"
1523,217.4,67.32,38.96,22.07,27.7,955,Wheat Dalia (Cracked Wheat Porridge in Buffalo Milk),Daal Channa with 2 Chapatis & Onion Salad,Anda Curry with 2 Chapatis & Onion Salad,Roasted Chickpeas (Bhuna Chana - 50g) with Green Tea,524,13.9,20.42,"Diabetes, Hypertension, Heart Disease, Obesity, Kidney Disease","Pakistani, Indian, Low Fat, Dash, Balanced"
1397,203.07,60.82,35.19,18.1,28.45,1206,2 Boiled Eggs with 2 Brown Bread Toasts & Green Tea,Daal Channa with 2 Chapatis & Onion Salad,"Mix Sabzi (Carrot, Peas, Potatoes) with 2 Chapatis","Chana Chaat with Dahi, Onion, Tomato & Tamarind Chutney",352,13.07,55.79,"Diabetes, Hypertension, Heart Disease, Obesity, Kidney Disease","Pakistani, Indian, Low Fat, Dash, Balanced"
1960,234.1,81.36,78.51,46.63,14.27,1523,Halwa Puri with Chana Masala (Sunday Special),Chicken Biryani with Mint Zeera Raita & Fresh Salad,Peshawari Chapli Kabab with 1 Whole Wheat Roti & Salad,Doodh Patti Chai with 2 Whole Wheat Rusks,381,12.66,28.07,None,"Pakistani, Indian, Traditional, Balanced"
1360,183.68,64.91,38.86,22.52,18.37,989,Oatmeal Porridge in Cow Milk with Sliced Bananas & Almonds,Chicken Biryani with Mint Zeera Raita & Fresh Salad,"Mix Sabzi (Carrot, Peas, Potatoes) with 2 Chapatis",1 Chicken Shami Kebab with Sliced Cucumber & Mint Raita,384,10.16,51.22,"Hypertension, Heart Disease, Obesity, Kidney Disease","Pakistani, Indian, Low Fat, Dash, Balanced"
1322,187.01,50.88,38.1,10.44,21.05,957,Mooli Paratha with Zeera Raita & Chai,Daal Masoor Curry with Boiled Basmati Rice & Kachumber,Anda Curry with 2 Chapatis & Onion Salad,Roasted Chickpeas (Bhuna Chana - 50g) with Green Tea,326,11.74,32.18,"Diabetes, Hypertension, Heart Disease, Kidney Disease","Pakistani, Indian, Low Fat, Dash, Balanced"
2055,231.8,72.91,91.14,43.2,17.7,1665,Halwa Puri with Chana Masala (Sunday Special),Aloo Gosht (Potato Beef Curry) with 1.5 Tandoori Rotis,Anda Curry with 2 Chapatis & Onion Salad,1 Vegetable Potato Samosa with Mint Green Chutney,290,14.01,28.45,None,"Pakistani, Indian, Traditional, Balanced"
1420,138.26,93.28,48.77,19.89,15.44,1136,Oatmeal Porridge in Cow Milk with Sliced Bananas & Almonds,Aloo Gosht (Potato Beef Curry) with 1.5 Tandoori Rotis,Machli (Fried Spiced Fish) with 1 Roti & Fresh Lemon,1 Chicken Shami Kebab with Sliced Cucumber & Mint Raita,388,11.55,24.62,"Heart Disease, Obesity","Pakistani, Indian, Low Carb, Traditional"
1310,171.28,71.79,36.1,34.0,18.89,953,Wheat Dalia (Cracked Wheat Porridge in Buffalo Milk),Kofta Curry (Spiced Meatballs) with 2 Chapatis,Chicken Haleem with 1 Tandoori Naan & Brown Onions,"Fresh Fruit Chaat (Apple, Guava, Banana & Chaat Masala)",361,10.16,50.8,"Heart Disease, Obesity, Kidney Disease","Pakistani, Indian, Low Fat, Dash, Balanced"
1971,240.13,74.74,80.04,67.54,19.01,1241,Halwa Puri with Chana Masala (Sunday Special),Bhindi Masala (Okra Curry) with 2 Whole Wheat Chapatis,Balochi Sajji (Roasted Chicken) with 1 cup Zeera Rice,Gajar ka Halwa (100g Small Cup - Traditional Sweet),430,11.61,41.02,Kidney Disease,"Pakistani, Indian, Traditional, Balanced"
1494,180.82,78.62,47.17,30.46,16.51,1219,2 Boiled Eggs with 2 Brown Bread Toasts & Green Tea,Beef Pulao Gosht with Mint Raita & Sliced Cucumbers,Anda Curry with 2 Chapatis & Onion Salad,"Fresh Fruit Chaat (Apple, Guava, Banana & Chaat Masala)",319,12.19,59.45,"Heart Disease, Obesity, Kidney Disease","Pakistani, Indian, Low Fat, Dash, Balanced"
1652,211.15,61.9,62.15,56.62,15.75,1124,Halwa Puri with Chana Masala (Sunday Special),Daal Masoor Curry with Boiled Basmati Rice & Kachumber,Machli (Fried Spiced Fish) with 1 Roti & Fresh Lemon,Gajar ka Halwa (100g Small Cup - Traditional Sweet),370,10.47,21.29,Kidney Disease,"Pakistani, Indian, Traditional, Balanced"
1487,146.09,87.4,59.73,10.91,15.55,1272,Anda Ghotala (Spiced Scrambled Eggs) with 1 Tandoori Roti,Chicken Karahi (200g) with 2 Whole Wheat Chapatis & Salad,Palak Gosht (Spinach Mutton Curry) with 1.5 Chapatis,1 Vegetable Potato Samosa with Mint Green Chutney,327,13.49,48.12,"Hypertension, Kidney Disease","Pakistani, Indian, Low Carb, Traditional"
1626,220.29,66.61,52.89,43.27,17.66,1071,Wheat Dalia (Cracked Wheat Porridge in Buffalo Milk),Daal Masoor Curry with Boiled Basmati Rice & Kachumber,Beef Nihari with 1 Roghani Naan & Ginger Lemon Garnish,Gajar ka Halwa (100g Small Cup - Traditional Sweet),476,11.54,22.29,Kidney Disease,"Pakistani, Indian, Traditional, Balanced"
1494,131.91,107.66,57.23,33.46,15.03,1358,Plain Desi Ghee Paratha with Shami Kabab & Chai,Kofta Curry (Spiced Meatballs) with 2 Chapatis,Chicken Tikka Boti (Grilled) with Mint Raita & Fresh Salad,"Fresh Fruit Chaat (Apple, Guava, Banana & Chaat Masala)",306,12.51,71.29,None,"Pakistani, Indian, Low Carb, Traditional"
1661,165.11,114.12,56.82,9.71,13.79,1321,Mooli Paratha with Zeera Raita & Chai,Chicken Karahi (200g) with 2 Whole Wheat Chapatis & Salad,Balochi Sajji (Roasted Chicken) with 1 cup Zeera Rice,1 Chicken Shami Kebab with Sliced Cucumber & Mint Raita,306,11.85,35.94,"Hypertension, Heart Disease","Pakistani, Indian, High Protein, Traditional"
1201,114.25,72.61,47.61,11.59,12.09,1085,1 Whole Wheat Chapati with Fried Egg & Doodh Patti Chai,Beef Shami Kebab (2 pcs) with 1 Whole Wheat Roti & Salad,Machli (Fried Spiced Fish) with 1 Roti & Fresh Lemon,1 Vegetable Potato Samosa with Mint Green Chutney,248,9.44,15.73,"Hypertension, Kidney Disease","Pakistani, Indian, Low Carb, Traditional"
1697,201.55,75.58,63.76,27.25,19.23,1327,Plain Desi Ghee Paratha with Shami Kabab & Chai,Kofta Curry (Spiced Meatballs) with 2 Chapatis,"Mix Sabzi (Carrot, Peas, Potatoes) with 2 Chapatis",Doodh Patti Chai with 2 Whole Wheat Rusks,386,13.06,48.33,Kidney Disease,"Pakistani, Indian, Traditional, Balanced"
2078,252.13,73.08,87.65,67.46,18.22,1349,Halwa Puri with Chana Masala (Sunday Special),Beef Pulao Gosht with Mint Raita & Sliced Cucumbers,Palak Paneer (Spinach with Cottage Cheese) with 2 Chapatis,Gajar ka Halwa (100g Small Cup - Traditional Sweet),591,15.07,34.47,Kidney Disease,"Pakistani, Indian, Traditional, Balanced"
1822,205.37,105.45,59.07,30.58,22.86,1380,Oatmeal Porridge in Cow Milk with Sliced Bananas & Almonds,Chicken Karahi (200g) with 2 Whole Wheat Chapatis & Salad,Palak Gosht (Spinach Mutton Curry) with 1.5 Chapatis,Dahi Bhalla (Dahi Baray) with Chaat Masala & Papdi,624,16.34,57.97,"Diabetes, Hypertension, Heart Disease, Obesity","Pakistani, Indian, Traditional, Balanced"
1821,236.98,75.7,64.18,41.69,22.82,1404,Plain Desi Ghee Paratha with Shami Kabab & Chai,Beef Pulao Gosht with Mint Raita & Sliced Cucumbers,"Mix Sabzi (Carrot, Peas, Potatoes) with 2 Chapatis","Fresh Fruit Chaat (Apple, Guava, Banana & Chaat Masala)",351,14.37,96.0,None,"Pakistani, Indian, Traditional, Balanced"
1447,194.86,71.35,42.81,38.87,20.96,1102,1 Whole Wheat Chapati with Fried Egg & Doodh Patti Chai,Chicken Karahi (200g) with 2 Whole Wheat Chapatis & Salad,"Mix Sabzi (Carrot, Peas, Potatoes) with 2 Chapatis","Fresh Fruit Chaat (Apple, Guava, Banana & Chaat Masala)",280,10.73,96.45,"Hypertension, Heart Disease, Obesity, Kidney Disease","Pakistani, Indian, Low Fat, Dash, Balanced"
1594,207.24,64.65,55.35,30.55,19.57,1302,1 Crispy Aloo Paratha with Fresh Dahi & Mint Raita,Daal Channa with 2 Chapatis & Onion Salad,Beef Nihari with 1 Roghani Naan & Ginger Lemon Garnish,"Fresh Fruit Chaat (Apple, Guava, Banana & Chaat Masala)",306,12.04,57.57,Kidney Disease,"Pakistani, Indian, Traditional, Balanced"
1698,190.52,92.67,61.9,12.93,17.07,1336,1 Crispy Aloo Paratha with Fresh Dahi & Mint Raita,Chicken Karahi (200g) with 2 Whole Wheat Chapatis & Salad,Beef Nihari with 1 Roghani Naan & Ginger Lemon Garnish,Roasted Chickpeas (Bhuna Chana - 50g) with Green Tea,319,13.28,26.72,None,"Pakistani, Indian, Traditional, Balanced"
2047,250.37,70.54,84.98,63.51,18.55,1462,Halwa Puri with Chana Masala (Sunday Special),Daal Channa with 2 Chapatis & Onion Salad,Beef Nihari with 1 Roghani Naan & Ginger Lemon Garnish,Gajar ka Halwa (100g Small Cup - Traditional Sweet),356,13.25,17.36,None,"Pakistani, Indian, Traditional, Balanced"
1780,209.8,77.88,65.17,19.07,21.19,1547,1 Crispy Aloo Paratha with Fresh Dahi & Mint Raita,Aloo Gosht (Potato Beef Curry) with 1.5 Tandoori Rotis,Anda Curry with 2 Chapatis & Onion Salad,"Chana Chaat with Dahi, Onion, Tomato & Tamarind Chutney",408,14.62,40.26,None,"Pakistani, Indian, Traditional, Balanced"
2019,257.65,73.24,79.12,72.53,20.79,1329,Halwa Puri with Chana Masala (Sunday Special),Chicken Karahi (200g) with 2 Whole Wheat Chapatis & Salad,"Mix Sabzi (Carrot, Peas, Potatoes) with 2 Chapatis",Gajar ka Halwa (100g Small Cup - Traditional Sweet),391,12.27,57.82,Kidney Disease,"Pakistani, Indian, Traditional, Balanced"
2003,211.85,96.94,82.32,15.77,21.3,1692,1 Crispy Aloo Paratha with Fresh Dahi & Mint Raita,Kofta Curry (Spiced Meatballs) with 2 Chapatis,Palak Gosht (Spinach Mutton Curry) with 1.5 Chapatis,1 Vegetable Potato Samosa with Mint Green Chutney,507,18.19,52.96,None,"Pakistani, Indian, Traditional, Balanced"
2423,260.81,118.52,99.25,47.89,15.93,1858,Anda Ghotala (Spiced Scrambled Eggs) with 1 Tandoori Roti,Beef Pulao Gosht with Mint Raita & Sliced Cucumbers,Beef Nihari with 1 Roghani Naan & Ginger Lemon Garnish,Gajar ka Halwa (100g Small Cup - Traditional Sweet),456,17.19,25.39,None,"Pakistani, Indian, High Protein, Traditional"
1822,210.6,88.45,66.34,14.22,15.58,1527,1 Crispy Aloo Paratha with Fresh Dahi & Mint Raita,Chicken Biryani with Mint Zeera Raita & Fresh Salad,Anda Curry with 2 Chapatis & Onion Salad,1 Chicken Shami Kebab with Sliced Cucumber & Mint Raita,437,13.16,34.75,Hypertension,"Pakistani, Indian, Traditional, Balanced"
1872,228.22,96.94,62.04,27.92,21.27,1424,Wheat Dalia (Cracked Wheat Porridge in Buffalo Milk),Beef Pulao Gosht with Mint Raita & Sliced Cucumbers,Palak Gosht (Spinach Mutton Curry) with 1.5 Chapatis,Dahi Bhalla (Dahi Baray) with Chaat Masala & Papdi,709,17.06,40.99,"Diabetes, Heart Disease, Obesity","Pakistani, Indian, Traditional, Balanced"
1716,196.78,74.59,67.5,46.91,25.63,1236,Besan ka Chilla (Savory Gram Flour Pancake) with Mint Dahi,Bhindi Masala (Okra Curry) with 2 Whole Wheat Chapatis,Peshawari Chapli Kabab with 1 Whole Wheat Roti & Salad,Gajar ka Halwa (100g Small Cup - Traditional Sweet),526,15.22,60.06,Kidney Disease,"Pakistani, Indian, Traditional, Balanced"
1335,149.21,68.8,49.32,27.77,14.67,1136,1 Crispy Aloo Paratha with Fresh Dahi & Mint Raita,Kofta Curry (Spiced Meatballs) with 2 Chapatis,Peshawari Chapli Kabab with 1 Whole Wheat Roti & Salad,"Fresh Fruit Chaat (Apple, Guava, Banana & Chaat Masala)",269,11.11,60.51,"Heart Disease, Kidney Disease","Pakistani, Indian, Low Carb, Traditional"
1365,138.23,90.88,44.8,17.49,13.23,998,Oatmeal Porridge in Cow Milk with Sliced Bananas & Almonds,Aloo Gosht (Potato Beef Curry) with 1.5 Tandoori Rotis,Balochi Sajji (Roasted Chicken) with 1 cup Zeera Rice,1 Chicken Shami Kebab with Sliced Cucumber & Mint Raita,299,10.67,20.48,"Heart Disease, Obesity","Pakistani, Indian, Low Carb, Traditional"
1586,188.32,90.3,48.24,15.97,24.12,1200,1 Whole Wheat Chapati with Fried Egg & Doodh Patti Chai,Daal Channa with 2 Chapatis & Onion Salad,Machli (Fried Spiced Fish) with 1 Roti & Fresh Lemon,Roasted Chickpeas (Bhuna Chana - 50g) with Green Tea,396,13.99,15.42,"Diabetes, Hypertension, Heart Disease, Obesity","Pakistani, Indian, Low Fat, Dash, Balanced"
1480,141.94,101.08,54.24,20.28,16.02,1272,Wheat Dalia (Cracked Wheat Porridge in Buffalo Milk),Aloo Gosht (Potato Beef Curry) with 1.5 Tandoori Rotis,Chicken Tikka Boti (Grilled) with Mint Raita & Fresh Salad,1 Vegetable Potato Samosa with Mint Green Chutney,436,11.66,33.96,None,"Pakistani, Indian, Low Carb, Traditional"
1264,179.78,52.07,34.71,17.36,18.16,935,Besan ka Chilla (Savory Gram Flour Pancake) with Mint Dahi,Daal Masoor Curry with Boiled Basmati Rice & Kachumber,Anda Curry with 2 Chapatis & Onion Salad,Doodh Patti Chai with 2 Whole Wheat Rusks,352,11.21,25.81,"Hypertension, Heart Disease, Obesity, Kidney Disease","Pakistani, Indian, Low Fat, Dash, Balanced"
2122,286.76,70.54,77.43,51.04,31.89,1617,Halwa Puri with Chana Masala (Sunday Special),Daal Channa with 2 Chapatis & Onion Salad,Palak Paneer (Spinach with Cottage Cheese) with 2 Chapatis,"Chana Chaat with Dahi, Onion, Tomato & Tamarind Chutney",608,18.35,53.91,None,"Pakistani, Indian, Traditional, Balanced"
2097,276.39,76.72,77.67,47.18,20.97,1534,Halwa Puri with Chana Masala (Sunday Special),Lobia / Red Kidney Bean Curry (Kalool) with Zeera Rice,Beef Nihari with 1 Roghani Naan & Ginger Lemon Garnish,Doodh Patti Chai with 2 Whole Wheat Rusks,376,14.39,17.16,None,"Pakistani, Indian, Traditional, Balanced"
1959,221.48,91.81,79.5,38.52,17.32,1571,Halwa Puri with Chana Masala (Sunday Special),Chicken Biryani with Mint Zeera Raita & Fresh Salad,Palak Gosht (Spinach Mutton Curry) with 1.5 Chapatis,1 Chicken Shami Kebab with Sliced Cucumber & Mint Raita,431,15.71,45.43,None,"Pakistani, Indian, Traditional, Balanced"
1612,165.55,102.79,56.05,12.98,23.16,1320,Besan ka Chilla (Savory Gram Flour Pancake) with Mint Dahi,Kofta Curry (Spiced Meatballs) with 2 Chapatis,Peshawari Chapli Kabab with 1 Whole Wheat Roti & Salad,Roasted Chickpeas (Bhuna Chana - 50g) with Green Tea,341,17.42,29.76,"Diabetes, Heart Disease, Obesity","Pakistani, Indian, Low Carb, Traditional"
1283,177.55,73.39,29.88,25.93,21.1,888,Besan ka Chilla (Savory Gram Flour Pancake) with Mint Dahi,Lobia / Red Kidney Bean Curry (Kalool) with Zeera Rice,Balochi Sajji (Roasted Chicken) with 1 cup Zeera Rice,"Fresh Fruit Chaat (Apple, Guava, Banana & Chaat Masala)",281,11.51,52.74,"Diabetes, Hypertension, Heart Disease, Obesity, Kidney Disease","Pakistani, Indian, Low Fat, Dash, Balanced"
1665,198.75,76.45,61.89,11.77,18.83,1403,Anda Ghotala (Spiced Scrambled Eggs) with 1 Tandoori Roti,Lobia / Red Kidney Bean Curry (Kalool) with Zeera Rice,Beef Nihari with 1 Roghani Naan & Ginger Lemon Garnish,1 Vegetable Potato Samosa with Mint Green Chutney,270,13.34,23.1,None,"Pakistani, Indian, Traditional, Balanced"
1316,156.95,72.15,42.19,16.45,13.08,966,Wheat Dalia (Cracked Wheat Porridge in Buffalo Milk),Beef Pulao Gosht with Mint Raita & Sliced Cucumbers,Anda Curry with 2 Chapatis & Onion Salad,1 Chicken Shami Kebab with Sliced Cucumber & Mint Raita,392,10.63,17.3,"Heart Disease, Obesity, Kidney Disease","Pakistani, Indian, Low Carb, Traditional"
1490,205.09,72.56,37.73,25.15,26.8,1093,Oatmeal Porridge in Cow Milk with Sliced Bananas & Almonds,Lobia / Red Kidney Bean Curry (Kalool) with Zeera Rice,Peshawari Chapli Kabab with 1 Whole Wheat Roti & Salad,"Chana Chaat with Dahi, Onion, Tomato & Tamarind Chutney",430,14.32,36.28,"Diabetes, Heart Disease, Obesity, Kidney Disease","Pakistani, Indian, Low Fat, Dash, Balanced"
2033,273.22,85.73,65.62,53.25,24.74,1285,Wheat Dalia (Cracked Wheat Porridge in Buffalo Milk),Lobia / Red Kidney Bean Curry (Kalool) with Zeera Rice,Beef Nihari with 1 Roghani Naan & Ginger Lemon Garnish,Gajar ka Halwa (100g Small Cup - Traditional Sweet),619,14.84,19.36,Kidney Disease,"Pakistani, Indian, Traditional, Balanced"
1839,205.17,83.64,73.94,21.72,14.33,1525,1 Crispy Aloo Paratha with Fresh Dahi & Mint Raita,Aloo Gosht (Potato Beef Curry) with 1.5 Tandoori Rotis,Beef Nihari with 1 Roghani Naan & Ginger Lemon Garnish,Doodh Patti Chai with 2 Whole Wheat Rusks,374,13.03,22.64,None,"Pakistani, Indian, Traditional, Balanced"
1577,195.58,83.32,50.89,32.63,21.75,1277,Besan ka Chilla (Savory Gram Flour Pancake) with Mint Dahi,Chicken Biryani with Mint Zeera Raita & Fresh Salad,Palak Gosht (Spinach Mutton Curry) with 1.5 Chapatis,"Fresh Fruit Chaat (Apple, Guava, Banana & Chaat Masala)",464,15.47,89.31,"Hypertension, Heart Disease, Obesity, Kidney Disease","Pakistani, Indian, Traditional, Balanced"
1252,117.31,94.55,42.02,13.57,17.68,1226,Besan ka Chilla (Savory Gram Flour Pancake) with Mint Dahi,Aloo Gosht (Potato Beef Curry) with 1.5 Tandoori Rotis,Chicken Tikka Boti (Grilled) with Mint Raita & Fresh Salad,"Chana Chaat with Dahi, Onion, Tomato & Tamarind Chutney",306,12.61,38.96,"Heart Disease, Obesity","Pakistani, Indian, Low Carb, Traditional"
1504,190.15,80.04,46.57,38.81,17.46,1101,Wheat Dalia (Cracked Wheat Porridge in Buffalo Milk),Beef Pulao Gosht with Mint Raita & Sliced Cucumbers,Peshawari Chapli Kabab with 1 Whole Wheat Roti & Salad,"Fresh Fruit Chaat (Apple, Guava, Banana & Chaat Masala)",422,12.42,62.58,"Heart Disease, Obesity, Kidney Disease","Pakistani, Indian, Low Fat, Dash, Balanced"
1577,133.63,112.49,62.43,12.6,18.07,1512,Besan ka Chilla (Savory Gram Flour Pancake) with Mint Dahi,Aloo Gosht (Potato Beef Curry) with 1.5 Tandoori Rotis,Chicken Tikka Boti (Grilled) with Mint Raita & Fresh Salad,1 Vegetable Potato Samosa with Mint Green Chutney,329,14.46,39.98,None,"Pakistani, Indian, High Protein, Traditional"
1461,189.37,74.1,43.74,11.84,25.11,1153,Besan ka Chilla (Savory Gram Flour Pancake) with Mint Dahi,Daal Masoor Curry with Boiled Basmati Rice & Kachumber,Palak Paneer (Spinach with Cottage Cheese) with 2 Chapatis,1 Chicken Shami Kebab with Sliced Cucumber & Mint Raita,535,16.47,50.94,"Diabetes, Hypertension, Heart Disease, Obesity, Kidney Disease","Pakistani, Indian, Low Fat, Dash, Balanced"
1943,259.9,81.6,59.12,58.77,31.02,1077,Oatmeal Porridge in Cow Milk with Sliced Bananas & Almonds,Lobia / Red Kidney Bean Curry (Kalool) with Zeera Rice,Palak Gosht (Spinach Mutton Curry) with 1.5 Chapatis,Gajar ka Halwa (100g Small Cup - Traditional Sweet),732,18.03,48.59,"Hypertension, Kidney Disease","Pakistani, Indian, Traditional, Balanced"
1574,200.13,71.96,49.47,18.55,27.55,1383,2 Boiled Eggs with 2 Brown Bread Toasts & Green Tea,Bhindi Masala (Okra Curry) with 2 Whole Wheat Chapatis,Anda Curry with 2 Chapatis & Onion Salad,"Chana Chaat with Dahi, Onion, Tomato & Tamarind Chutney",472,14.17,62.4,"Diabetes, Hypertension, Heart Disease, Obesity, Kidney Disease","Pakistani, Indian, Low Fat, Dash, Balanced"
1412,155.22,83.22,47.69,15.9,17.77,1300,1 Crispy Aloo Paratha with Fresh Dahi & Mint Raita,Daal Channa with 2 Chapatis & Onion Salad,Chicken Tikka Boti (Grilled) with Mint Raita & Fresh Salad,Dahi Bhalla (Dahi Baray) with Chaat Masala & Papdi,416,11.22,31.33,"Hypertension, Heart Disease, Kidney Disease","Pakistani, Indian, Low Carb, Traditional"
1699,214.85,67.94,62.89,18.36,22.49,1460,1 Crispy Aloo Paratha with Fresh Dahi & Mint Raita,Bhindi Masala (Okra Curry) with 2 Whole Wheat Chapatis,Beef Nihari with 1 Roghani Naan & Ginger Lemon Garnish,"Chana Chaat with Dahi, Onion, Tomato & Tamarind Chutney",413,13.31,53.25,None,"Pakistani, Indian, Traditional, Balanced"
1212,129.5,79.55,41.62,30.06,19.05,1091,Anda Ghotala (Spiced Scrambled Eggs) with 1 Tandoori Roti,Bhindi Masala (Okra Curry) with 2 Whole Wheat Chapatis,Chicken Tikka Boti (Grilled) with Mint Raita & Fresh Salad,"Fresh Fruit Chaat (Apple, Guava, Banana & Chaat Masala)",328,10.27,95.27,"Hypertension, Heart Disease, Obesity, Kidney Disease","Pakistani, Indian, Low Carb, Traditional"
1676,159.91,113.91,58.05,16.43,16.1,1599,2 Boiled Eggs with 2 Brown Bread Toasts & Green Tea,Kofta Curry (Spiced Meatballs) with 2 Chapatis,Machli (Fried Spiced Fish) with 1 Roti & Fresh Lemon,Dahi Bhalla (Dahi Baray) with Chaat Masala & Papdi,460,13.36,20.81,"Hypertension, Heart Disease, Obesity","Pakistani, Indian, High Protein, Traditional"
1724,188.26,106.04,53.87,24.95,19.28,1259,Oatmeal Porridge in Cow Milk with Sliced Bananas & Almonds,Chicken Karahi (200g) with 2 Whole Wheat Chapatis & Salad,Anda Curry with 2 Chapatis & Onion Salad,1 Chicken Shami Kebab with Sliced Cucumber & Mint Raita,442,13.61,40.83,"Hypertension, Heart Disease, Obesity","Pakistani, Indian, Traditional, Balanced"
1357,184.26,57.4,43.53,22.78,22.58,1028,Wheat Dalia (Cracked Wheat Porridge in Buffalo Milk),Beef Shami Kebab (2 pcs) with 1 Whole Wheat Roti & Salad,"Mix Sabzi (Carrot, Peas, Potatoes) with 2 Chapatis",1 Vegetable Potato Samosa with Mint Green Chutney,410,11.14,50.11,"Hypertension, Kidney Disease","Pakistani, Indian, Low Fat, Dash, Balanced"
1902,191.24,116.76,74.48,44.79,15.3,1651,Halwa Puri with Chana Masala (Sunday Special),Chicken Karahi (200g) with 2 Whole Wheat Chapatis & Salad,Chicken Tikka Boti (Grilled) with Mint Raita & Fresh Salad,Dahi Bhalla (Dahi Baray) with Chaat Masala & Papdi,382,12.68,40.76,None,"Pakistani, Indian, High Protein, Traditional"
2441,283.28,116.3,93.85,45.49,21.88,1900,Halwa Puri with Chana Masala (Sunday Special),Beef Pulao Gosht with Mint Raita & Sliced Cucumbers,Chicken Haleem with 1 Tandoori Naan & Brown Onions,1 Chicken Shami Kebab with Sliced Cucumber & Mint Raita,357,17.5,20.73,None,"Pakistani, Indian, High Protein, Traditional"
1612,208.25,74.59,50.56,16.52,18.72,1382,1 Crispy Aloo Paratha with Fresh Dahi & Mint Raita,Daal Masoor Curry with Boiled Basmati Rice & Kachumber,Machli (Fried Spiced Fish) with 1 Roti & Fresh Lemon,Dahi Bhalla (Dahi Baray) with Chaat Masala & Papdi,476,12.01,29.54,"Hypertension, Heart Disease, Kidney Disease","Pakistani, Indian, Traditional, Balanced"
1688,168.82,80.72,74.22,15.52,17.95,1407,Plain Desi Ghee Paratha with Shami Kabab & Chai,Kofta Curry (Spiced Meatballs) with 2 Chapatis,Palak Paneer (Spinach with Cottage Cheese) with 2 Chapatis,1 Vegetable Potato Samosa with Mint Green Chutney,480,15.14,39.29,None,"Pakistani, Indian, Low Carb, Traditional"
1777,228.3,90.33,53.6,16.38,23.03,1598,2 Boiled Eggs with 2 Brown Bread Toasts & Green Tea,Daal Masoor Curry with Boiled Basmati Rice & Kachumber,Beef Nihari with 1 Roghani Naan & Ginger Lemon Garnish,"Chana Chaat with Dahi, Onion, Tomato & Tamarind Chutney",352,15.48,35.24,None,"Pakistani, Indian, Traditional, Balanced"
2041,259.99,80.05,75.83,58.16,24.52,1340,Wheat Dalia (Cracked Wheat Porridge in Buffalo Milk),Bhindi Masala (Okra Curry) with 2 Whole Wheat Chapatis,Beef Nihari with 1 Roghani Naan & Ginger Lemon Garnish,Gajar ka Halwa (100g Small Cup - Traditional Sweet),684,13.91,49.6,Kidney Disease,"Pakistani, Indian, Traditional, Balanced"
1592,212.96,70.45,46.79,32.8,23.55,1205,Oatmeal Porridge in Cow Milk with Sliced Bananas & Almonds,Kofta Curry (Spiced Meatballs) with 2 Chapatis,"Mix Sabzi (Carrot, Peas, Potatoes) with 2 Chapatis",Dahi Bhalla (Dahi Baray) with Chaat Masala & Papdi,484,12.48,56.47,"Diabetes, Hypertension, Heart Disease, Obesity, Kidney Disease","Pakistani, Indian, Low Fat, Dash, Balanced"
1727,216.66,89.15,52.47,22.0,19.97,1490,1 Whole Wheat Chapati with Fried Egg & Doodh Patti Chai,Daal Masoor Curry with Boiled Basmati Rice & Kachumber,Machli (Fried Spiced Fish) with 1 Roti & Fresh Lemon,Dahi Bhalla (Dahi Baray) with Chaat Masala & Papdi,474,13.2,27.65,"Hypertension, Heart Disease, Obesity","Pakistani, Indian, Traditional, Balanced"
1594,171.94,75.23,64.03,17.19,17.64,1397,1 Crispy Aloo Paratha with Fresh Dahi & Mint Raita,Aloo Gosht (Potato Beef Curry) with 1.5 Tandoori Rotis,Palak Gosht (Spinach Mutton Curry) with 1.5 Chapatis,Dahi Bhalla (Dahi Baray) with Chaat Masala & Papdi,470,14.51,42.54,"Heart Disease, Kidney Disease","Pakistani, Indian, Traditional, Balanced"
1290,150.47,67.13,43.41,9.09,18.6,1108,2 Boiled Eggs with 2 Brown Bread Toasts & Green Tea,Lobia / Red Kidney Bean Curry (Kalool) with Zeera Rice,Peshawari Chapli Kabab with 1 Whole Wheat Roti & Salad,1 Vegetable Potato Samosa with Mint Green Chutney,269,11.91,21.5,Kidney Disease,"Pakistani, Indian, Low Carb, Traditional"
1151,136.55,84.16,28.17,9.02,22.76,885,Besan ka Chilla (Savory Gram Flour Pancake) with Mint Dahi,Lobia / Red Kidney Bean Curry (Kalool) with Zeera Rice,Chicken Tikka Boti (Grilled) with Mint Raita & Fresh Salad,Roasted Chickpeas (Bhuna Chana - 50g) with Green Tea,331,12.88,25.76,"Diabetes, Hypertension, Heart Disease, Obesity, Kidney Disease","Pakistani, Indian, Low Carb, Traditional"
1329,143.23,73.08,47.89,33.65,16.39,1009,Mooli Paratha with Zeera Raita & Chai,Daal Channa with 2 Chapatis & Onion Salad,Chicken Tikka Boti (Grilled) with Mint Raita & Fresh Salad,Gajar ka Halwa (100g Small Cup - Traditional Sweet),388,9.75,32.79,"Hypertension, Kidney Disease","Pakistani, Indian, Low Carb, Traditional"
1665,216.31,86.42,50.37,43.47,19.4,1267,Wheat Dalia (Cracked Wheat Porridge in Buffalo Milk),Chicken Biryani with Mint Zeera Raita & Fresh Salad,Peshawari Chapli Kabab with 1 Whole Wheat Roti & Salad,"Fresh Fruit Chaat (Apple, Guava, Banana & Chaat Masala)",504,12.51,76.87,"Heart Disease, Obesity, Kidney Disease","Pakistani, Indian, Traditional, Balanced"
1496,203.21,74.27,40.54,11.86,27.85,1093,2 Boiled Eggs with 2 Brown Bread Toasts & Green Tea,Daal Masoor Curry with Boiled Basmati Rice & Kachumber,Palak Paneer (Spinach with Cottage Cheese) with 2 Chapatis,Roasted Chickpeas (Bhuna Chana - 50g) with Green Tea,557,16.5,43.84,"Diabetes, Hypertension, Heart Disease, Obesity, Kidney Disease","Pakistani, Indian, Low Fat, Dash, Balanced"
1450,175.65,72.9,49.88,19.19,20.04,1211,Plain Desi Ghee Paratha with Shami Kabab & Chai,Chicken Karahi (200g) with 2 Whole Wheat Chapatis & Salad,"Mix Sabzi (Carrot, Peas, Potatoes) with 2 Chapatis","Chana Chaat with Dahi, Onion, Tomato & Tamarind Chutney",298,11.85,56.7,"Diabetes, Kidney Disease","Pakistani, Indian, Low Fat, Dash, Balanced"
1176,173.8,51.35,29.85,19.75,22.21,830,Wheat Dalia (Cracked Wheat Porridge in Buffalo Milk),Daal Channa with 2 Chapatis & Onion Salad,"Mix Sabzi (Carrot, Peas, Potatoes) with 2 Chapatis",1 Chicken Shami Kebab with Sliced Cucumber & Mint Raita,391,10.18,42.57,"Diabetes, Hypertension, Heart Disease, Obesity, Kidney Disease","Pakistani, Indian, Low Fat, Dash, Balanced"
1309,152.31,59.64,47.49,8.98,16.77,1112,Mooli Paratha with Zeera Raita & Chai,Daal Channa with 2 Chapatis & Onion Salad,Machli (Fried Spiced Fish) with 1 Roti & Fresh Lemon,1 Vegetable Potato Samosa with Mint Green Chutney,312,9.58,23.96,"Hypertension, Kidney Disease","Pakistani, Indian, Low Carb, Traditional"
1703,223.08,81.9,48.82,24.79,22.2,1121,Oatmeal Porridge in Cow Milk with Sliced Bananas & Almonds,Chicken Biryani with Mint Zeera Raita & Fresh Salad,Anda Curry with 2 Chapatis & Onion Salad,Roasted Chickpeas (Bhuna Chana - 50g) with Green Tea,501,13.47,30.18,"Hypertension, Heart Disease, Obesity, Kidney Disease","Pakistani, Indian, Low Fat, Dash, Balanced"
1803,229.42,100.66,50.33,28.68,24.0,1364,Wheat Dalia (Cracked Wheat Porridge in Buffalo Milk),Chicken Karahi (200g) with 2 Whole Wheat Chapatis & Salad,Anda Curry with 2 Chapatis & Onion Salad,"Chana Chaat with Dahi, Onion, Tomato & Tamarind Chutney",568,14.28,46.23,"Diabetes, Hypertension, Heart Disease, Obesity","Pakistani, Indian, Traditional, Balanced"
1561,161.83,76.34,61.4,38.08,15.23,1199,2 Boiled Eggs with 2 Brown Bread Toasts & Green Tea,Aloo Gosht (Potato Beef Curry) with 1.5 Tandoori Rotis,Anda Curry with 2 Chapatis & Onion Salad,Gajar ka Halwa (100g Small Cup - Traditional Sweet),386,11.9,22.37,Kidney Disease,"Pakistani, Indian, Low Carb, Traditional"
1460,159.32,92.67,46.47,18.14,13.54,1009,Oatmeal Porridge in Cow Milk with Sliced Bananas & Almonds,Chicken Karahi (200g) with 2 Whole Wheat Chapatis & Salad,Balochi Sajji (Roasted Chicken) with 1 cup Zeera Rice,1 Vegetable Potato Samosa with Mint Green Chutney,305,9.74,25.67,Hypertension,"Pakistani, Indian, Low Carb, Traditional"
2010,278.42,79.91,64.63,40.21,30.96,1357,Halwa Puri with Chana Masala (Sunday Special),Lobia / Red Kidney Bean Curry (Kalool) with Zeera Rice,Chicken Haleem with 1 Tandoori Naan & Brown Onions,Roasted Chickpeas (Bhuna Chana - 50g) with Green Tea,357,16.18,16.58,Kidney Disease,"Pakistani, Indian, Traditional, Balanced"
1491,213.35,52.55,47.9,14.82,23.01,1225,Anda Ghotala (Spiced Scrambled Eggs) with 1 Tandoori Roti,Daal Masoor Curry with Boiled Basmati Rice & Kachumber,"Mix Sabzi (Carrot, Peas, Potatoes) with 2 Chapatis",1 Vegetable Potato Samosa with Mint Green Chutney,277,12.25,61.24,"Hypertension, Kidney Disease","Pakistani, Indian, Low Fat, Dash, Balanced"
1836,182.53,126.16,62.81,10.74,15.25,1460,Mooli Paratha with Zeera Raita & Chai,Chicken Karahi (200g) with 2 Whole Wheat Chapatis & Salad,Balochi Sajji (Roasted Chicken) with 1 cup Zeera Rice,1 Chicken Shami Kebab with Sliced Cucumber & Mint Raita,338,13.1,39.73,"Hypertension, Heart Disease","Pakistani, Indian, High Protein, Traditional"
1736,183.58,95.28,65.85,12.47,15.66,1537,Mooli Paratha with Zeera Raita & Chai,Chicken Biryani with Mint Zeera Raita & Fresh Salad,Peshawari Chapli Kabab with 1 Whole Wheat Roti & Salad,1 Chicken Shami Kebab with Sliced Cucumber & Mint Raita,379,13.57,42.9,None,"Pakistani, Indian, Traditional, Balanced"
1580,166.5,105.13,52.83,31.49,17.18,1302,Anda Ghotala (Spiced Scrambled Eggs) with 1 Tandoori Roti,Beef Shami Kebab (2 pcs) with 1 Whole Wheat Roti & Salad,Balochi Sajji (Roasted Chicken) with 1 cup Zeera Rice,"Fresh Fruit Chaat (Apple, Guava, Banana & Chaat Masala)",251,12.81,69.38,"Hypertension, Heart Disease, Obesity","Pakistani, Indian, Low Carb, Traditional"
1387,157.18,67.5,49.93,18.95,15.9,1110,Besan ka Chilla (Savory Gram Flour Pancake) with Mint Dahi,Aloo Gosht (Potato Beef Curry) with 1.5 Tandoori Rotis,Anda Curry with 2 Chapatis & Onion Salad,Doodh Patti Chai with 2 Whole Wheat Rusks,347,11.93,23.12,"Heart Disease, Obesity, Kidney Disease","Pakistani, Indian, Low Carb, Traditional"
2050,194.56,106.19,89.17,47.48,17.95,1644,Anda Ghotala (Spiced Scrambled Eggs) with 1 Tandoori Roti,Aloo Gosht (Potato Beef Curry) with 1.5 Tandoori Rotis,Peshawari Chapli Kabab with 1 Whole Wheat Roti & Salad,Gajar ka Halwa (100g Small Cup - Traditional Sweet),417,16.44,39.37,None,"Pakistani, Indian, Traditional, Balanced"
2081,208.14,120.21,85.49,71.68,15.4,1529,Halwa Puri with Chana Masala (Sunday Special),Chicken Karahi (200g) with 2 Whole Wheat Chapatis & Salad,Chicken Tikka Boti (Grilled) with Mint Raita & Fresh Salad,Gajar ka Halwa (100g Small Cup - Traditional Sweet),425,12.96,41.42,None,"Pakistani, Indian, High Protein, Traditional"
1467,160.5,69.64,58.25,10.36,12.17,1234,Anda Ghotala (Spiced Scrambled Eggs) with 1 Tandoori Roti,Beef Pulao Gosht with Mint Raita & Sliced Cucumbers,Anda Curry with 2 Chapatis & Onion Salad,1 Vegetable Potato Samosa with Mint Green Chutney,255,11.3,22.44,Kidney Disease,"Pakistani, Indian, Low Carb, Traditional"
1750,221.73,73.58,61.95,13.59,27.28,1359,Anda Ghotala (Spiced Scrambled Eggs) with 1 Tandoori Roti,Lobia / Red Kidney Bean Curry (Kalool) with Zeera Rice,Palak Paneer (Spinach with Cottage Cheese) with 2 Chapatis,1 Vegetable Potato Samosa with Mint Green Chutney,554,16.74,48.37,"Hypertension, Kidney Disease","Pakistani, Indian, Traditional, Balanced"
1422,225.12,47.1,37.49,15.07,26.37,989,1 Crispy Aloo Paratha with Fresh Dahi & Mint Raita,Daal Masoor Curry with Boiled Basmati Rice & Kachumber,"Mix Sabzi (Carrot, Peas, Potatoes) with 2 Chapatis",Roasted Chickpeas (Bhuna Chana - 50g) with Green Tea,358,12.72,53.69,"Hypertension, Heart Disease, Kidney Disease","Pakistani, Indian, Vegetarian, Balanced"
1683,227.71,85.25,42.96,24.68,31.41,1054,Oatmeal Porridge in Cow Milk with Sliced Bananas & Almonds,Lobia / Red Kidney Bean Curry (Kalool) with Zeera Rice,Peshawari Chapli Kabab with 1 Whole Wheat Roti & Salad,Roasted Chickpeas (Bhuna Chana - 50g) with Green Tea,482,16.94,29.73,"Diabetes, Heart Disease, Obesity, Kidney Disease","Pakistani, Indian, Low Fat, Dash, Balanced"
1409,170.39,74.82,46.42,34.41,26.21,1136,Besan ka Chilla (Savory Gram Flour Pancake) with Mint Dahi,Beef Shami Kebab (2 pcs) with 1 Whole Wheat Roti & Salad,Palak Paneer (Spinach with Cottage Cheese) with 2 Chapatis,"Fresh Fruit Chaat (Apple, Guava, Banana & Chaat Masala)",524,16.06,91.2,"Diabetes, Hypertension, Heart Disease, Obesity, Kidney Disease","Pakistani, Indian, Low Fat, Dash, Balanced"
1834,213.94,98.15,63.48,22.92,20.34,1352,Anda Ghotala (Spiced Scrambled Eggs) with 1 Tandoori Roti,Bhindi Masala (Okra Curry) with 2 Whole Wheat Chapatis,Balochi Sajji (Roasted Chicken) with 1 cup Zeera Rice,Doodh Patti Chai with 2 Whole Wheat Rusks,464,12.93,52.31,"Diabetes, Hypertension, Heart Disease, Obesity","Pakistani, Indian, Traditional, Balanced"
1632,175.21,74.47,67.85,35.21,14.77,1280,Mooli Paratha with Zeera Raita & Chai,Beef Shami Kebab (2 pcs) with 1 Whole Wheat Roti & Salad,Beef Nihari with 1 Roghani Naan & Ginger Lemon Garnish,Gajar ka Halwa (100g Small Cup - Traditional Sweet),352,11.77,25.77,Kidney Disease,"Pakistani, Indian, Traditional, Balanced"
1716,212.38,107.76,47.39,18.83,18.62,1051,Wheat Dalia (Cracked Wheat Porridge in Buffalo Milk),Beef Pulao Gosht with Mint Raita & Sliced Cucumbers,Balochi Sajji (Roasted Chicken) with 1 cup Zeera Rice,Roasted Chickpeas (Bhuna Chana - 50g) with Green Tea,476,13.71,10.99,"Heart Disease, Obesity","Pakistani, Indian, Low Fat, Dash, Balanced"
2025,241.69,99.02,71.61,20.14,21.26,1790,1 Crispy Aloo Paratha with Fresh Dahi & Mint Raita,Chicken Biryani with Mint Zeera Raita & Fresh Salad,Peshawari Chapli Kabab with 1 Whole Wheat Roti & Salad,"Chana Chaat with Dahi, Onion, Tomato & Tamarind Chutney",481,16.0,49.23,None,"Pakistani, Indian, Traditional, Balanced"
1972,234.51,99.61,70.04,22.83,16.6,1619,Besan ka Chilla (Savory Gram Flour Pancake) with Mint Dahi,Chicken Biryani with Mint Zeera Raita & Fresh Salad,Beef Nihari with 1 Roghani Naan & Ginger Lemon Garnish,Doodh Patti Chai with 2 Whole Wheat Rusks,446,14.53,25.94,None,"Pakistani, Indian, Traditional, Balanced"
2231,244.98,101.93,94.6,44.51,21.11,1750,Halwa Puri with Chana Masala (Sunday Special),Chicken Karahi (200g) with 2 Whole Wheat Chapatis & Salad,Palak Gosht (Spinach Mutton Curry) with 1.5 Chapatis,1 Vegetable Potato Samosa with Mint Green Chutney,421,17.5,55.78,None,"Pakistani, Indian, Traditional, Balanced"
1620,187.91,93.49,52.58,9.26,16.2,1139,Mooli Paratha with Zeera Raita & Chai,Beef Pulao Gosht with Mint Raita & Sliced Cucumbers,Balochi Sajji (Roasted Chicken) with 1 cup Zeera Rice,Roasted Chickpeas (Bhuna Chana - 50g) with Green Tea,324,12.68,19.44,Heart Disease,"Pakistani, Indian, Traditional, Balanced"
1503,190.87,73.61,47.21,31.98,18.78,1168,Besan ka Chilla (Savory Gram Flour Pancake) with Mint Dahi,Beef Pulao Gosht with Mint Raita & Sliced Cucumbers,Anda Curry with 2 Chapatis & Onion Salad,"Fresh Fruit Chaat (Apple, Guava, Banana & Chaat Masala)",330,13.3,64.47,"Heart Disease, Obesity, Kidney Disease","Pakistani, Indian, Low Fat, Dash, Balanced"
1800,176.5,125.9,61.19,18.24,21.65,1718,Mooli Paratha with Zeera Raita & Chai,Kofta Curry (Spiced Meatballs) with 2 Chapatis,Chicken Tikka Boti (Grilled) with Mint Raita & Fresh Salad,"Chana Chaat with Dahi, Onion, Tomato & Tamarind Chutney",447,15.41,58.83,"Diabetes, Heart Disease","Pakistani, Indian, High Protein, Traditional"
1758,200.61,120.59,47.9,9.58,22.54,1375,2 Boiled Eggs with 2 Brown Bread Toasts & Green Tea,Lobia / Red Kidney Bean Curry (Kalool) with Zeera Rice,Balochi Sajji (Roasted Chicken) with 1 cup Zeera Rice,1 Chicken Shami Kebab with Sliced Cucumber & Mint Raita,372,15.33,19.16,"Diabetes, Hypertension, Heart Disease, Obesity","Pakistani, Indian, High Protein, Traditional"
1317,136.09,98.09,40.65,12.81,16.52,1211,Besan ka Chilla (Savory Gram Flour Pancake) with Mint Dahi,Beef Pulao Gosht with Mint Raita & Sliced Cucumbers,Chicken Tikka Boti (Grilled) with Mint Raita & Fresh Salad,"Chana Chaat with Dahi, Onion, Tomato & Tamarind Chutney",331,12.81,34.02,"Heart Disease, Obesity","Pakistani, Indian, Low Carb, Traditional"
1407,166.74,92.92,39.51,23.01,12.16,899,Wheat Dalia (Cracked Wheat Porridge in Buffalo Milk),Chicken Karahi (200g) with 2 Whole Wheat Chapatis & Salad,Balochi Sajji (Roasted Chicken) with 1 cup Zeera Rice,Doodh Patti Chai with 2 Whole Wheat Rusks,421,8.94,19.11,"Hypertension, Heart Disease, Obesity","Pakistani, Indian, Low Carb, Traditional"
1935,198.83,100.16,79.32,42.31,14.81,1470,Anda Ghotala (Spiced Scrambled Eggs) with 1 Tandoori Roti,Beef Pulao Gosht with Mint Raita & Sliced Cucumbers,Peshawari Chapli Kabab with 1 Whole Wheat Roti & Salad,Gajar ka Halwa (100g Small Cup - Traditional Sweet),407,15.12,29.61,None,"Pakistani, Indian, Traditional, Balanced"
1748,210.62,80.46,60.32,38.85,18.91,1145,Mooli Paratha with Zeera Raita & Chai,Daal Channa with 2 Chapatis & Onion Salad,Balochi Sajji (Roasted Chicken) with 1 cup Zeera Rice,Gajar ka Halwa (100g Small Cup - Traditional Sweet),424,11.55,24.54,"Hypertension, Kidney Disease","Pakistani, Indian, Traditional, Balanced"
1427,139.05,95.6,51.69,18.75,12.08,1226,1 Crispy Aloo Paratha with Fresh Dahi & Mint Raita,Kofta Curry (Spiced Meatballs) with 2 Chapatis,Chicken Tikka Boti (Grilled) with Mint Raita & Fresh Salad,Doodh Patti Chai with 2 Whole Wheat Rusks,389,10.7,29.73,"Hypertension, Heart Disease","Pakistani, Indian, Low Carb, Traditional"
1622,219.19,78.36,43.84,24.11,29.59,1041,Oatmeal Porridge in Cow Milk with Sliced Bananas & Almonds,Lobia / Red Kidney Bean Curry (Kalool) with Zeera Rice,Palak Paneer (Spinach with Cottage Cheese) with 2 Chapatis,1 Chicken Shami Kebab with Sliced Cucumber & Mint Raita,679,16.55,46.58,"Diabetes, Hypertension, Heart Disease, Obesity, Kidney Disease","Pakistani, Indian, Low Fat, Dash, Balanced"
1342,165.21,87.25,36.66,25.3,24.78,1110,Wheat Dalia (Cracked Wheat Porridge in Buffalo Milk),Bhindi Masala (Okra Curry) with 2 Whole Wheat Chapatis,Chicken Tikka Boti (Grilled) with Mint Raita & Fresh Salad,"Chana Chaat with Dahi, Onion, Tomato & Tamarind Chutney",573,11.77,65.57,"Diabetes, Hypertension, Heart Disease, Obesity, Kidney Disease","Pakistani, Indian, Low Carb, Traditional"
1621,245.39,47.11,50.94,23.55,31.77,1304,1 Crispy Aloo Paratha with Fresh Dahi & Mint Raita,Bhindi Masala (Okra Curry) with 2 Whole Wheat Chapatis,"Mix Sabzi (Carrot, Peas, Potatoes) with 2 Chapatis","Chana Chaat with Dahi, Onion, Tomato & Tamarind Chutney",493,13.36,94.21,"Hypertension, Heart Disease, Kidney Disease","Pakistani, Indian, Vegetarian, Balanced"
1822,237.95,68.46,66.57,45.32,20.96,1313,Halwa Puri with Chana Masala (Sunday Special),Lobia / Red Kidney Bean Curry (Kalool) with Zeera Rice,Peshawari Chapli Kabab with 1 Whole Wheat Roti & Salad,Doodh Patti Chai with 2 Whole Wheat Rusks,364,13.69,22.66,Kidney Disease,"Pakistani, Indian, Traditional, Balanced"
1947,300.49,56.61,60.31,49.73,32.8,1428,Halwa Puri with Chana Masala (Sunday Special),Lobia / Red Kidney Bean Curry (Kalool) with Zeera Rice,"Mix Sabzi (Carrot, Peas, Potatoes) with 2 Chapatis","Chana Chaat with Dahi, Onion, Tomato & Tamarind Chutney",386,15.34,60.84,None,"Pakistani, Indian, Traditional, Balanced"
2100,197.41,103.53,95.84,18.59,21.58,1825,Plain Desi Ghee Paratha with Shami Kabab & Chai,Aloo Gosht (Potato Beef Curry) with 1.5 Tandoori Rotis,Palak Gosht (Spinach Mutton Curry) with 1.5 Chapatis,1 Vegetable Potato Samosa with Mint Green Chutney,459,19.63,51.07,None,"Pakistani, Indian, Traditional, Balanced"
1251,103.97,91.64,47.58,8.81,14.71,1225,2 Boiled Eggs with 2 Brown Bread Toasts & Green Tea,Beef Shami Kebab (2 pcs) with 1 Whole Wheat Roti & Salad,Peshawari Chapli Kabab with 1 Whole Wheat Roti & Salad,1 Chicken Shami Kebab with Sliced Cucumber & Mint Raita,247,12.78,25.11,"Heart Disease, Obesity","Pakistani, Indian, Low Carb, Traditional"
1585,169.09,82.64,61.82,42.8,20.82,1194,Mooli Paratha with Zeera Raita & Chai,Bhindi Masala (Okra Curry) with 2 Whole Wheat Chapatis,Chicken Tikka Boti (Grilled) with Mint Raita & Fresh Salad,Gajar ka Halwa (100g Small Cup - Traditional Sweet),539,11.2,67.63,"Hypertension, Kidney Disease","Pakistani, Indian, Low Carb, Traditional"
1383,172.2,59.54,46.72,18.32,17.04,1081,Anda Ghotala (Spiced Scrambled Eggs) with 1 Tandoori Roti,Daal Channa with 2 Chapatis & Onion Salad,Anda Curry with 2 Chapatis & Onion Salad,Doodh Patti Chai with 2 Whole Wheat Rusks,334,10.9,22.44,"Hypertension, Heart Disease, Obesity, Kidney Disease","Pakistani, Indian, Low Fat, Dash, Balanced"
1233,116.63,97.99,38.24,9.56,19.12,1147,Besan ka Chilla (Savory Gram Flour Pancake) with Mint Dahi,Daal Channa with 2 Chapatis & Onion Salad,Chicken Tikka Boti (Grilled) with Mint Raita & Fresh Salad,1 Chicken Shami Kebab with Sliced Cucumber & Mint Raita,315,12.81,32.03,"Hypertension, Heart Disease, Obesity","Pakistani, Indian, Low Carb, Traditional"
1678,197.76,64.66,69.44,15.55,26.22,1367,Anda Ghotala (Spiced Scrambled Eggs) with 1 Tandoori Roti,Bhindi Masala (Okra Curry) with 2 Whole Wheat Chapatis,Palak Paneer (Spinach with Cottage Cheese) with 2 Chapatis,1 Vegetable Potato Samosa with Mint Green Chutney,594,15.33,77.77,"Hypertension, Kidney Disease","Pakistani, Indian, Traditional, Balanced"
1592,188.19,70.27,58.56,43.04,20.52,1191,2 Boiled Eggs with 2 Brown Bread Toasts & Green Tea,Aloo Gosht (Potato Beef Curry) with 1.5 Tandoori Rotis,"Mix Sabzi (Carrot, Peas, Potatoes) with 2 Chapatis",Gajar ka Halwa (100g Small Cup - Traditional Sweet),395,12.21,49.55,Kidney Disease,"Pakistani, Indian, Traditional, Balanced"
1788,222.49,76.06,67.98,58.0,20.73,1293,Halwa Puri with Chana Masala (Sunday Special),Chicken Karahi (200g) with 2 Whole Wheat Chapatis & Salad,Palak Paneer (Spinach with Cottage Cheese) with 2 Chapatis,"Fresh Fruit Chaat (Apple, Guava, Banana & Chaat Masala)",456,13.6,85.57,Kidney Disease,"Pakistani, Indian, Traditional, Balanced"
1942,186.34,115.28,78.02,12.35,15.27,1650,Anda Ghotala (Spiced Scrambled Eggs) with 1 Tandoori Roti,Aloo Gosht (Potato Beef Curry) with 1.5 Tandoori Rotis,Balochi Sajji (Roasted Chicken) with 1 cup Zeera Rice,1 Vegetable Potato Samosa with Mint Green Chutney,269,14.37,29.19,None,"Pakistani, Indian, High Protein, Traditional"
1364,155.7,64.04,51.48,27.79,18.42,1130,Mooli Paratha with Zeera Raita & Chai,Aloo Gosht (Potato Beef Curry) with 1.5 Tandoori Rotis,Palak Gosht (Spinach Mutton Curry) with 1.5 Chapatis,"Fresh Fruit Chaat (Apple, Guava, Banana & Chaat Masala)",356,12.81,79.53,"Heart Disease, Kidney Disease","Pakistani, Indian, Low Carb, Traditional"
1607,209.2,79.48,45.29,22.11,24.37,1122,Oatmeal Porridge in Cow Milk with Sliced Bananas & Almonds,Lobia / Red Kidney Bean Curry (Kalool) with Zeera Rice,Machli (Fried Spiced Fish) with 1 Roti & Fresh Lemon,1 Vegetable Potato Samosa with Mint Green Chutney,480,12.62,23.19,"Hypertension, Kidney Disease","Pakistani, Indian, Low Fat, Dash, Balanced"
1332,181.85,62.45,36.28,20.21,22.23,900,Oatmeal Porridge in Cow Milk with Sliced Bananas & Almonds,Daal Masoor Curry with Boiled Basmati Rice & Kachumber,Palak Paneer (Spinach with Cottage Cheese) with 2 Chapatis,1 Chicken Shami Kebab with Sliced Cucumber & Mint Raita,542,13.32,45.92,"Diabetes, Hypertension, Heart Disease, Obesity, Kidney Disease","Pakistani, Indian, Low Fat, Dash, Balanced"
1424,162.98,87.76,42.09,25.52,12.72,922,Oatmeal Porridge in Cow Milk with Sliced Bananas & Almonds,Kofta Curry (Spiced Meatballs) with 2 Chapatis,Balochi Sajji (Roasted Chicken) with 1 cup Zeera Rice,Doodh Patti Chai with 2 Whole Wheat Rusks,376,9.85,15.67,"Hypertension, Heart Disease, Obesity, Kidney Disease","Pakistani, Indian, Low Carb, Traditional"
1278,144.43,73.19,40.99,29.76,18.35,1132,2 Boiled Eggs with 2 Brown Bread Toasts & Green Tea,Beef Shami Kebab (2 pcs) with 1 Whole Wheat Roti & Salad,Anda Curry with 2 Chapatis & Onion Salad,"Fresh Fruit Chaat (Apple, Guava, Banana & Chaat Masala)",283,11.61,62.94,"Hypertension, Heart Disease, Obesity, Kidney Disease","Pakistani, Indian, Low Carb, Traditional"
1418,173.67,62.23,50.17,19.3,18.81,1100,Mooli Paratha with Zeera Raita & Chai,Bhindi Masala (Okra Curry) with 2 Whole Wheat Chapatis,Machli (Fried Spiced Fish) with 1 Roti & Fresh Lemon,Doodh Patti Chai with 2 Whole Wheat Rusks,487,9.65,48.72,"Hypertension, Heart Disease, Kidney Disease","Pakistani, Indian, Traditional, Balanced"
1842,204.68,114.28,56.29,29.0,17.51,1365,Oatmeal Porridge in Cow Milk with Sliced Bananas & Almonds,Kofta Curry (Spiced Meatballs) with 2 Chapatis,Balochi Sajji (Roasted Chicken) with 1 cup Zeera Rice,Dahi Bhalla (Dahi Baray) with Chaat Masala & Papdi,489,13.3,23.31,"Hypertension, Heart Disease, Obesity","Pakistani, Indian, High Protein, Traditional"
1578,179.33,72.36,60.97,36.76,17.66,1067,Mooli Paratha with Zeera Raita & Chai,Chicken Karahi (200g) with 2 Whole Wheat Chapatis & Salad,Palak Paneer (Spinach with Cottage Cheese) with 2 Chapatis,Gajar ka Halwa (100g Small Cup - Traditional Sweet),565,12.1,50.21,"Hypertension, Kidney Disease","Pakistani, Indian, Traditional, Balanced"
1561,178.1,82.11,53.2,21.97,20.47,1261,Besan ka Chilla (Savory Gram Flour Pancake) with Mint Dahi,Beef Shami Kebab (2 pcs) with 1 Whole Wheat Roti & Salad,Anda Curry with 2 Chapatis & Onion Salad,Doodh Patti Chai with 2 Whole Wheat Rusks,422,14.46,26.6,"Diabetes, Hypertension, Heart Disease, Obesity, Kidney Disease","Pakistani, Indian, Traditional, Balanced"
1509,136.14,106.05,55.74,14.3,12.82,1342,1 Whole Wheat Chapati with Fried Egg & Doodh Patti Chai,Kofta Curry (Spiced Meatballs) with 2 Chapatis,Machli (Fried Spiced Fish) with 1 Roti & Fresh Lemon,1 Chicken Shami Kebab with Sliced Cucumber & Mint Raita,326,12.23,19.73,"Hypertension, Heart Disease, Obesity","Pakistani, Indian, Low Carb, Traditional"
1761,178.06,100.16,69.67,22.93,16.93,1374,Plain Desi Ghee Paratha with Shami Kabab & Chai,Chicken Karahi (200g) with 2 Whole Wheat Chapatis & Salad,Palak Gosht (Spinach Mutton Curry) with 1.5 Chapatis,Doodh Patti Chai with 2 Whole Wheat Rusks,474,15.39,45.48,None,"Pakistani, Indian, Traditional, Balanced"
1798,205.44,102.72,58.06,35.73,24.9,1552,2 Boiled Eggs with 2 Brown Bread Toasts & Green Tea,Aloo Gosht (Potato Beef Curry) with 1.5 Tandoori Rotis,Chicken Haleem with 1 Tandoori Naan & Brown Onions,"Fresh Fruit Chaat (Apple, Guava, Banana & Chaat Masala)",329,14.85,69.78,"Heart Disease, Obesity","Pakistani, Indian, Traditional, Balanced"
1459,171.0,71.01,52.94,12.56,23.48,1092,1 Crispy Aloo Paratha with Fresh Dahi & Mint Raita,Beef Shami Kebab (2 pcs) with 1 Whole Wheat Roti & Salad,Palak Paneer (Spinach with Cottage Cheese) with 2 Chapatis,Roasted Chickpeas (Bhuna Chana - 50g) with Green Tea,531,15.26,39.61,"Hypertension, Heart Disease, Kidney Disease","Pakistani, Indian, Traditional, Balanced"
1408,143.53,103.1,42.7,12.72,16.62,1290,2 Boiled Eggs with 2 Brown Bread Toasts & Green Tea,Chicken Karahi (200g) with 2 Whole Wheat Chapatis & Salad,Machli (Fried Spiced Fish) with 1 Roti & Fresh Lemon,"Chana Chaat with Dahi, Onion, Tomato & Tamarind Chutney",350,11.54,32.25,"Hypertension, Heart Disease, Obesity","Pakistani, Indian, Low Carb, Traditional"
1623,202.16,95.25,47.14,25.27,12.64,1025,Wheat Dalia (Cracked Wheat Porridge in Buffalo Milk),Beef Pulao Gosht with Mint Raita & Sliced Cucumbers,Balochi Sajji (Roasted Chicken) with 1 cup Zeera Rice,Doodh Patti Chai with 2 Whole Wheat Rusks,486,10.79,9.72,"Heart Disease, Obesity","Pakistani, Indian, Low Fat, Dash, Balanced"
1590,177.3,79.52,61.27,33.46,15.04,1365,1 Whole Wheat Chapati with Fried Egg & Doodh Patti Chai,Aloo Gosht (Potato Beef Curry) with 1.5 Tandoori Rotis,Beef Nihari with 1 Roghani Naan & Ginger Lemon Garnish,"Fresh Fruit Chaat (Apple, Guava, Banana & Chaat Masala)",239,12.08,55.62,Kidney Disease,"Pakistani, Indian, Traditional, Balanced"
1473,178.83,74.16,47.34,25.77,19.15,1194,Wheat Dalia (Cracked Wheat Porridge in Buffalo Milk),Beef Shami Kebab (2 pcs) with 1 Whole Wheat Roti & Salad,Anda Curry with 2 Chapatis & Onion Salad,Dahi Bhalla (Dahi Baray) with Chaat Masala & Papdi,531,12.1,24.19,"Hypertension, Heart Disease, Obesity, Kidney Disease","Pakistani, Indian, Low Fat, Dash, Balanced"
1785,182.97,126.5,58.73,21.46,18.07,1615,1 Whole Wheat Chapati with Fried Egg & Doodh Patti Chai,Beef Pulao Gosht with Mint Raita & Sliced Cucumbers,Chicken Tikka Boti (Grilled) with Mint Raita & Fresh Salad,"Chana Chaat with Dahi, Onion, Tomato & Tamarind Chutney",407,15.13,39.53,"Heart Disease, Obesity","Pakistani, Indian, High Protein, Traditional"
1506,199.26,65.1,48.68,37.36,29.78,1177,2 Boiled Eggs with 2 Brown Bread Toasts & Green Tea,Bhindi Masala (Okra Curry) with 2 Whole Wheat Chapatis,Palak Paneer (Spinach with Cottage Cheese) with 2 Chapatis,"Fresh Fruit Chaat (Apple, Guava, Banana & Chaat Masala)",640,14.83,118.31,"Hypertension, Heart Disease, Obesity, Kidney Disease","Pakistani, Indian, Low Fat, Dash, Balanced"
1762,199.44,82.91,68.41,24.93,22.61,1449,Anda Ghotala (Spiced Scrambled Eggs) with 1 Tandoori Roti,Bhindi Masala (Okra Curry) with 2 Whole Wheat Chapatis,Peshawari Chapli Kabab with 1 Whole Wheat Roti & Salad,Doodh Patti Chai with 2 Whole Wheat Rusks,470,14.61,63.19,"Diabetes, Obesity","Pakistani, Indian, Traditional, Balanced"
1754,177.39,81.84,76.1,14.11,16.63,1562,1 Crispy Aloo Paratha with Fresh Dahi & Mint Raita,Aloo Gosht (Potato Beef Curry) with 1.5 Tandoori Rotis,Peshawari Chapli Kabab with 1 Whole Wheat Roti & Salad,1 Vegetable Potato Samosa with Mint Green Chutney,317,14.11,34.27,None,"Pakistani, Indian, Traditional, Balanced"
1913,211.75,96.43,69.45,57.72,22.43,1207,Oatmeal Porridge in Cow Milk with Sliced Bananas & Almonds,Kofta Curry (Spiced Meatballs) with 2 Chapatis,Palak Gosht (Spinach Mutton Curry) with 1.5 Chapatis,Gajar ka Halwa (100g Small Cup - Traditional Sweet),660,16.96,48.95,Hypertension,"Pakistani, Indian, Traditional, Balanced"
1549,152.04,85.41,62.41,13.61,18.3,1361,Plain Desi Ghee Paratha with Shami Kabab & Chai,Daal Channa with 2 Chapatis & Onion Salad,Peshawari Chapli Kabab with 1 Whole Wheat Roti & Salad,1 Chicken Shami Kebab with Sliced Cucumber & Mint Raita,291,14.36,25.81,Kidney Disease,"Pakistani, Indian, Low Carb, Traditional"
1321,181.49,67.39,31.9,25.61,19.59,827,Oatmeal Porridge in Cow Milk with Sliced Bananas & Almonds,Lobia / Red Kidney Bean Curry (Kalool) with Zeera Rice,Machli (Fried Spiced Fish) with 1 Roti & Fresh Lemon,Doodh Patti Chai with 2 Whole Wheat Rusks,472,10.06,16.17,"Hypertension, Heart Disease, Obesity, Kidney Disease","Pakistani, Indian, Low Fat, Dash, Balanced"
1428,148.69,103.69,43.04,29.35,16.24,1233,2 Boiled Eggs with 2 Brown Bread Toasts & Green Tea,Chicken Karahi (200g) with 2 Whole Wheat Chapatis & Salad,Machli (Fried Spiced Fish) with 1 Roti & Fresh Lemon,"Fresh Fruit Chaat (Apple, Guava, Banana & Chaat Masala)",333,10.86,67.01,"Hypertension, Heart Disease, Obesity","Pakistani, Indian, Low Carb, Traditional"
1447,168.0,87.74,44.53,47.57,19.53,956,Wheat Dalia (Cracked Wheat Porridge in Buffalo Milk),Daal Channa with 2 Chapatis & Onion Salad,Chicken Tikka Boti (Grilled) with Mint Raita & Fresh Salad,Gajar ka Halwa (100g Small Cup - Traditional Sweet),562,10.83,27.83,"Hypertension, Kidney Disease","Pakistani, Indian, Low Carb, Traditional"
1377,172.42,59.46,46.08,20.31,19.82,1080,2 Boiled Eggs with 2 Brown Bread Toasts & Green Tea,Bhindi Masala (Okra Curry) with 2 Whole Wheat Chapatis,Anda Curry with 2 Chapatis & Onion Salad,Doodh Patti Chai with 2 Whole Wheat Rusks,446,10.8,43.6,"Hypertension, Heart Disease, Obesity, Kidney Disease","Pakistani, Indian, Low Fat, Dash, Balanced"
1863,168.48,110.01,80.77,15.36,15.86,1705,Plain Desi Ghee Paratha with Shami Kabab & Chai,Beef Shami Kebab (2 pcs) with 1 Whole Wheat Roti & Salad,Beef Nihari with 1 Roghani Naan & Ginger Lemon Garnish,1 Chicken Shami Kebab with Sliced Cucumber & Mint Raita,292,15.96,23.29,None,"Pakistani, Indian, High Protein, Traditional"
1920,197.64,116.22,74.11,47.72,21.9,1741,Halwa Puri with Chana Masala (Sunday Special),Beef Shami Kebab (2 pcs) with 1 Whole Wheat Roti & Salad,Chicken Tikka Boti (Grilled) with Mint Raita & Fresh Salad,"Chana Chaat with Dahi, Onion, Tomato & Tamarind Chutney",359,15.61,46.04,None,"Pakistani, Indian, High Protein, Traditional"
1555,165.78,80.09,60.54,23.47,16.3,1239,1 Whole Wheat Chapati with Fried Egg & Doodh Patti Chai,Aloo Gosht (Potato Beef Curry) with 1.5 Tandoori Rotis,Palak Gosht (Spinach Mutton Curry) with 1.5 Chapatis,Doodh Patti Chai with 2 Whole Wheat Rusks,428,14.16,36.79,"Heart Disease, Obesity, Kidney Disease","Pakistani, Indian, Low Carb, Traditional"
2054,287.83,68.85,69.76,45.15,27.09,1422,Halwa Puri with Chana Masala (Sunday Special),Daal Masoor Curry with Boiled Basmati Rice & Kachumber,Anda Curry with 2 Chapatis & Onion Salad,Roasted Chickpeas (Bhuna Chana - 50g) with Green Tea,372,16.37,31.61,None,"Pakistani, Indian, Traditional, Balanced"
1643,204.23,85.87,52.91,30.63,18.94,1365,Anda Ghotala (Spiced Scrambled Eggs) with 1 Tandoori Roti,Chicken Biryani with Mint Zeera Raita & Fresh Salad,Chicken Haleem with 1 Tandoori Naan & Brown Onions,"Fresh Fruit Chaat (Apple, Guava, Banana & Chaat Masala)",311,11.79,65.91,"Heart Disease, Obesity, Kidney Disease","Pakistani, Indian, Traditional, Balanced"
1840,167.86,111.52,75.31,20.69,17.82,1725,Plain Desi Ghee Paratha with Shami Kabab & Chai,Beef Shami Kebab (2 pcs) with 1 Whole Wheat Roti & Salad,Machli (Fried Spiced Fish) with 1 Roti & Fresh Lemon,Dahi Bhalla (Dahi Baray) with Chaat Masala & Papdi,471,14.95,22.99,None,"Pakistani, Indian, High Protein, Traditional"
1947,249.02,98.48,63.95,66.78,26.37,1494,Halwa Puri with Chana Masala (Sunday Special),Lobia / Red Kidney Bean Curry (Kalool) with Zeera Rice,Chicken Tikka Boti (Grilled) with Mint Raita & Fresh Salad,"Fresh Fruit Chaat (Apple, Guava, Banana & Chaat Masala)",379,14.71,82.06,None,"Pakistani, Indian, Traditional, Balanced"
1822,202.71,111.6,59.84,11.86,21.78,1499,Besan ka Chilla (Savory Gram Flour Pancake) with Mint Dahi,Beef Pulao Gosht with Mint Raita & Sliced Cucumbers,Chicken Haleem with 1 Tandoori Naan & Brown Onions,1 Chicken Shami Kebab with Sliced Cucumber & Mint Raita,356,16.5,21.03,"Diabetes, Heart Disease, Obesity","Pakistani, Indian, High Protein, Traditional"
1562,153.36,97.7,58.69,11.08,17.8,1354,2 Boiled Eggs with 2 Brown Bread Toasts & Green Tea,Chicken Karahi (200g) with 2 Whole Wheat Chapatis & Salad,Palak Gosht (Spinach Mutton Curry) with 1.5 Chapatis,1 Vegetable Potato Samosa with Mint Green Chutney,383,14.58,46.86,Hypertension,"Pakistani, Indian, Low Carb, Traditional"
1659,218.34,67.11,53.51,57.26,22.69,985,Oatmeal Porridge in Cow Milk with Sliced Bananas & Almonds,Kofta Curry (Spiced Meatballs) with 2 Chapatis,"Mix Sabzi (Carrot, Peas, Potatoes) with 2 Chapatis",Gajar ka Halwa (100g Small Cup - Traditional Sweet),503,11.99,54.58,"Hypertension, Kidney Disease","Pakistani, Indian, Traditional, Balanced"
1412,147.8,93.2,47.21,16.01,10.84,1141,1 Whole Wheat Chapati with Fried Egg & Doodh Patti Chai,Chicken Karahi (200g) with 2 Whole Wheat Chapatis & Salad,Balochi Sajji (Roasted Chicken) with 1 cup Zeera Rice,Dahi Bhalla (Dahi Baray) with Chaat Masala & Papdi,287,9.52,20.12,"Hypertension, Heart Disease, Obesity","Pakistani, Indian, Low Carb, Traditional"
1333,149.62,56.93,55.46,15.05,17.89,1152,Plain Desi Ghee Paratha with Shami Kabab & Chai,Beef Shami Kebab (2 pcs) with 1 Whole Wheat Roti & Salad,"Mix Sabzi (Carrot, Peas, Potatoes) with 2 Chapatis",1 Vegetable Potato Samosa with Mint Green Chutney,241,11.18,43.42,Kidney Disease,"Pakistani, Indian, Low Carb, Traditional"
2233,227.7,115.51,92.85,27.63,15.7,1868,Plain Desi Ghee Paratha with Shami Kabab & Chai,Kofta Curry (Spiced Meatballs) with 2 Chapatis,Beef Nihari with 1 Roghani Naan & Ginger Lemon Garnish,Doodh Patti Chai with 2 Whole Wheat Rusks,415,16.58,21.0,None,"Pakistani, Indian, High Protein, Traditional"
1928,224.81,92.3,73.56,39.3,12.52,1471,Halwa Puri with Chana Masala (Sunday Special),Beef Pulao Gosht with Mint Raita & Sliced Cucumbers,Balochi Sajji (Roasted Chicken) with 1 cup Zeera Rice,Dahi Bhalla (Dahi Baray) with Chaat Masala & Papdi,329,12.25,13.25,None,"Pakistani, Indian, Traditional, Balanced"
1216,159.02,55.7,37.25,20.15,24.92,748,Oatmeal Porridge in Cow Milk with Sliced Bananas & Almonds,Bhindi Masala (Okra Curry) with 2 Whole Wheat Chapatis,Palak Gosht (Spinach Mutton Curry) with 1.5 Chapatis,Roasted Chickpeas (Bhuna Chana - 50g) with Green Tea,489,13.18,56.13,"Diabetes, Hypertension, Heart Disease, Obesity, Kidney Disease","Pakistani, Indian, Low Carb, Traditional"
2425,292.35,113.11,89.33,56.27,22.62,1775,Halwa Puri with Chana Masala (Sunday Special),Chicken Karahi (200g) with 2 Whole Wheat Chapatis & Salad,Chicken Haleem with 1 Tandoori Naan & Brown Onions,Doodh Patti Chai with 2 Whole Wheat Rusks,418,15.2,29.58,None,"Pakistani, Indian, High Protein, Traditional"
1682,170.54,119.84,51.85,29.96,23.05,1452,Oatmeal Porridge in Cow Milk with Sliced Bananas & Almonds,Aloo Gosht (Potato Beef Curry) with 1.5 Tandoori Rotis,Chicken Tikka Boti (Grilled) with Mint Raita & Fresh Salad,"Chana Chaat with Dahi, Onion, Tomato & Tamarind Chutney",484,14.86,51.85,"Diabetes, Heart Disease, Obesity","Pakistani, Indian, High Protein, Traditional"
1498,158.66,72.83,57.94,45.46,15.78,1016,Oatmeal Porridge in Cow Milk with Sliced Bananas & Almonds,Aloo Gosht (Potato Beef Curry) with 1.5 Tandoori Rotis,Peshawari Chapli Kabab with 1 Whole Wheat Roti & Salad,Gajar ka Halwa (100g Small Cup - Traditional Sweet),406,11.68,27.63,Kidney Disease,"Pakistani, Indian, Low Carb, Traditional"
1969,250.75,89.63,65.79,22.8,18.96,1523,1 Crispy Aloo Paratha with Fresh Dahi & Mint Raita,Chicken Biryani with Mint Zeera Raita & Fresh Salad,Chicken Haleem with 1 Tandoori Naan & Brown Onions,Doodh Patti Chai with 2 Whole Wheat Rusks,492,12.64,25.39,None,"Pakistani, Indian, Traditional, Balanced"
1823,280.96,55.15,52.83,24.38,28.33,1474,1 Crispy Aloo Paratha with Fresh Dahi & Mint Raita,Daal Masoor Curry with Boiled Basmati Rice & Kachumber,"Mix Sabzi (Carrot, Peas, Potatoes) with 2 Chapatis",Dahi Bhalla (Dahi Baray) with Chaat Masala & Papdi,505,14.16,69.08,"Hypertension, Heart Disease","Pakistani, Indian, Vegetarian, Balanced"
1779,213.09,90.62,58.22,21.97,15.71,1450,2 Boiled Eggs with 2 Brown Bread Toasts & Green Tea,Chicken Biryani with Mint Zeera Raita & Fresh Salad,Anda Curry with 2 Chapatis & Onion Salad,Doodh Patti Chai with 2 Whole Wheat Rusks,483,12.41,26.36,"Hypertension, Heart Disease, Obesity","Pakistani, Indian, Traditional, Balanced"
1701,188.45,101.23,57.94,12.38,22.29,1325,Besan ka Chilla (Savory Gram Flour Pancake) with Mint Dahi,Beef Pulao Gosht with Mint Raita & Sliced Cucumbers,Peshawari Chapli Kabab with 1 Whole Wheat Roti & Salad,Roasted Chickpeas (Bhuna Chana - 50g) with Green Tea,361,17.66,25.31,"Diabetes, Heart Disease, Obesity","Pakistani, Indian, Traditional, Balanced"
1685,160.87,85.41,74.69,40.89,18.19,1274,Plain Desi Ghee Paratha with Shami Kabab & Chai,Beef Shami Kebab (2 pcs) with 1 Whole Wheat Roti & Salad,Palak Gosht (Spinach Mutton Curry) with 1.5 Chapatis,Gajar ka Halwa (100g Small Cup - Traditional Sweet),479,15.8,38.78,Kidney Disease,"Pakistani, Indian, Low Carb, Traditional"
1897,203.84,100.15,72.82,15.91,27.22,1485,Anda Ghotala (Spiced Scrambled Eggs) with 1 Tandoori Roti,Aloo Gosht (Potato Beef Curry) with 1.5 Tandoori Rotis,Palak Paneer (Spinach with Cottage Cheese) with 2 Chapatis,Roasted Chickpeas (Bhuna Chana - 50g) with Green Tea,583,19.56,53.02,"Diabetes, Obesity","Pakistani, Indian, Traditional, Balanced"
1644,199.22,84.62,53.19,25.14,20.99,1320,Wheat Dalia (Cracked Wheat Porridge in Buffalo Milk),Aloo Gosht (Potato Beef Curry) with 1.5 Tandoori Rotis,Chicken Haleem with 1 Tandoori Naan & Brown Onions,Dahi Bhalla (Dahi Baray) with Chaat Masala & Papdi,493,12.48,20.31,"Diabetes, Heart Disease, Obesity, Kidney Disease","Pakistani, Indian, Traditional, Balanced"
1583,199.05,72.38,55.19,30.94,18.19,1267,1 Crispy Aloo Paratha with Fresh Dahi & Mint Raita,Chicken Biryani with Mint Zeera Raita & Fresh Salad,Palak Gosht (Spinach Mutton Curry) with 1.5 Chapatis,"Fresh Fruit Chaat (Apple, Guava, Banana & Chaat Masala)",457,13.3,82.33,"Hypertension, Heart Disease, Kidney Disease","Pakistani, Indian, Traditional, Balanced"
1319,163.37,53.35,48.5,37.01,18.89,936,Besan ka Chilla (Savory Gram Flour Pancake) with Mint Dahi,Aloo Gosht (Potato Beef Curry) with 1.5 Tandoori Rotis,"Mix Sabzi (Carrot, Peas, Potatoes) with 2 Chapatis",Gajar ka Halwa (100g Small Cup - Traditional Sweet),336,10.98,44.67,Kidney Disease,"Pakistani, Indian, Low Carb, Traditional"
1558,204.92,80.05,45.89,24.55,22.63,1153,Besan ka Chilla (Savory Gram Flour Pancake) with Mint Dahi,Chicken Karahi (200g) with 2 Whole Wheat Chapatis & Salad,"Mix Sabzi (Carrot, Peas, Potatoes) with 2 Chapatis",Doodh Patti Chai with 2 Whole Wheat Rusks,400,12.7,60.83,"Diabetes, Hypertension, Heart Disease, Obesity, Kidney Disease","Pakistani, Indian, Low Fat, Dash, Balanced"
1278,177.72,55.43,38.08,27.5,22.93,939,Anda Ghotala (Spiced Scrambled Eggs) with 1 Tandoori Roti,Lobia / Red Kidney Bean Curry (Kalool) with Zeera Rice,Palak Paneer (Spinach with Cottage Cheese) with 2 Chapatis,"Fresh Fruit Chaat (Apple, Guava, Banana & Chaat Masala)",436,12.69,72.36,"Diabetes, Hypertension, Heart Disease, Obesity, Kidney Disease","Pakistani, Indian, Low Fat, Dash, Balanced"
1860,177.9,131.11,66.42,13.28,16.17,1721,Mooli Paratha with Zeera Raita & Chai,Chicken Biryani with Mint Zeera Raita & Fresh Salad,Chicken Tikka Boti (Grilled) with Mint Raita & Fresh Salad,1 Chicken Shami Kebab with Sliced Cucumber & Mint Raita,468,13.86,54.29,None,"Pakistani, Indian, High Protein, Traditional"
1134,152.88,47.26,36.58,14.38,24.41,912,Besan ka Chilla (Savory Gram Flour Pancake) with Mint Dahi,Bhindi Masala (Okra Curry) with 2 Whole Wheat Chapatis,Palak Paneer (Spinach with Cottage Cheese) with 2 Chapatis,"Chana Chaat with Dahi, Onion, Tomato & Tamarind Chutney",501,12.66,61.23,"Diabetes, Hypertension, Heart Disease, Obesity, Kidney Disease","Pakistani, Indian, Vegetarian, Balanced"
1863,257.82,76.76,54.49,37.5,31.41,1453,Mooli Paratha with Zeera Raita & Chai,Daal Channa with 2 Chapatis & Onion Salad,Chicken Haleem with 1 Tandoori Naan & Brown Onions,"Fresh Fruit Chaat (Apple, Guava, Banana & Chaat Masala)",393,14.41,80.86,Heart Disease,"Pakistani, Indian, Traditional, Balanced"
2007,242.84,89.01,74.6,45.79,20.58,1595,Halwa Puri with Chana Masala (Sunday Special),Chicken Karahi (200g) with 2 Whole Wheat Chapatis & Salad,Anda Curry with 2 Chapatis & Onion Salad,"Chana Chaat with Dahi, Onion, Tomato & Tamarind Chutney",345,14.2,42.19,None,"Pakistani, Indian, Traditional, Balanced"
1883,226.36,94.36,62.94,56.01,19.06,1149,Wheat Dalia (Cracked Wheat Porridge in Buffalo Milk),Chicken Karahi (200g) with 2 Whole Wheat Chapatis & Salad,Anda Curry with 2 Chapatis & Onion Salad,Gajar ka Halwa (100g Small Cup - Traditional Sweet),629,12.47,34.07,Hypertension,"Pakistani, Indian, Traditional, Balanced"
1657,152.75,118.86,59.7,12.37,18.72,1463,Besan ka Chilla (Savory Gram Flour Pancake) with Mint Dahi,Chicken Karahi (200g) with 2 Whole Wheat Chapatis & Salad,Peshawari Chapli Kabab with 1 Whole Wheat Roti & Salad,1 Chicken Shami Kebab with Sliced Cucumber & Mint Raita,323,16.03,42.49,"Heart Disease, Obesity","Pakistani, Indian, High Protein, Traditional"
1614,158.57,94.86,64.83,11.85,16.88,1381,Anda Ghotala (Spiced Scrambled Eggs) with 1 Tandoori Roti,Chicken Karahi (200g) with 2 Whole Wheat Chapatis & Salad,Palak Gosht (Spinach Mutton Curry) with 1.5 Chapatis,1 Vegetable Potato Samosa with Mint Green Chutney,354,14.64,52.24,Hypertension,"Pakistani, Indian, Low Carb, Traditional"
2065,221.46,111.88,79.01,14.65,20.19,1684,1 Crispy Aloo Paratha with Fresh Dahi & Mint Raita,Beef Pulao Gosht with Mint Raita & Sliced Cucumbers,Palak Gosht (Spinach Mutton Curry) with 1.5 Chapatis,1 Chicken Shami Kebab with Sliced Cucumber & Mint Raita,548,19.49,49.6,None,"Pakistani, Indian, High Protein, Traditional"
1318,175.06,65.9,39.24,40.24,23.44,921,Wheat Dalia (Cracked Wheat Porridge in Buffalo Milk),Beef Shami Kebab (2 pcs) with 1 Whole Wheat Roti & Salad,Palak Paneer (Spinach with Cottage Cheese) with 2 Chapatis,"Fresh Fruit Chaat (Apple, Guava, Banana & Chaat Masala)",614,13.08,80.99,"Hypertension, Heart Disease, Obesity, Kidney Disease","Pakistani, Indian, Low Fat, Dash, Balanced"
1839,218.98,88.36,66.79,47.63,21.13,1303,Anda Ghotala (Spiced Scrambled Eggs) with 1 Tandoori Roti,Chicken Karahi (200g) with 2 Whole Wheat Chapatis & Salad,"Mix Sabzi (Carrot, Peas, Potatoes) with 2 Chapatis",Gajar ka Halwa (100g Small Cup - Traditional Sweet),416,12.92,67.89,"Hypertension, Kidney Disease","Pakistani, Indian, Traditional, Balanced"
1545,174.05,91.02,51.06,13.76,15.27,1270,1 Crispy Aloo Paratha with Fresh Dahi & Mint Raita,Kofta Curry (Spiced Meatballs) with 2 Chapatis,Balochi Sajji (Roasted Chicken) with 1 cup Zeera Rice,"Chana Chaat with Dahi, Onion, Tomato & Tamarind Chutney",320,11.9,26.64,"Hypertension, Heart Disease","Pakistani, Indian, Traditional, Balanced"
1899,207.75,97.94,72.71,22.26,18.8,1711,1 Whole Wheat Chapati with Fried Egg & Doodh Patti Chai,Aloo Gosht (Potato Beef Curry) with 1.5 Tandoori Rotis,Beef Nihari with 1 Roghani Naan & Ginger Lemon Garnish,"Chana Chaat with Dahi, Onion, Tomato & Tamarind Chutney",317,15.33,30.67,None,"Pakistani, Indian, Traditional, Balanced"
2239,266.29,101.57,83.07,15.32,22.15,1803,1 Crispy Aloo Paratha with Fresh Dahi & Mint Raita,Beef Pulao Gosht with Mint Raita & Sliced Cucumbers,Chicken Haleem with 1 Tandoori Naan & Brown Onions,1 Vegetable Potato Samosa with Mint Green Chutney,418,16.14,23.57,None,"Pakistani, Indian, Traditional, Balanced"
1940,206.97,132.3,62.33,11.76,17.05,1576,Besan ka Chilla (Savory Gram Flour Pancake) with Mint Dahi,Chicken Biryani with Mint Zeera Raita & Fresh Salad,Balochi Sajji (Roasted Chicken) with 1 cup Zeera Rice,1 Chicken Shami Kebab with Sliced Cucumber & Mint Raita,406,15.41,29.99,"Hypertension, Heart Disease, Obesity","Pakistani, Indian, High Protein, Traditional"
1618,182.43,82.35,59.37,32.7,11.36,1076,Mooli Paratha with Zeera Raita & Chai,Beef Pulao Gosht with Mint Raita & Sliced Cucumbers,Balochi Sajji (Roasted Chicken) with 1 cup Zeera Rice,Gajar ka Halwa (100g Small Cup - Traditional Sweet),366,10.33,18.93,Kidney Disease,"Pakistani, Indian, Traditional, Balanced"
1394,210.83,39.04,44.22,14.29,21.44,1090,1 Crispy Aloo Paratha with Fresh Dahi & Mint Raita,Daal Masoor Curry with Boiled Basmati Rice & Kachumber,"Mix Sabzi (Carrot, Peas, Potatoes) with 2 Chapatis",1 Vegetable Potato Samosa with Mint Green Chutney,308,10.72,53.6,"Hypertension, Kidney Disease","Pakistani, Indian, Vegetarian, Balanced"
1810,222.96,101.77,57.28,42.96,19.23,1365,Wheat Dalia (Cracked Wheat Porridge in Buffalo Milk),Chicken Karahi (200g) with 2 Whole Wheat Chapatis & Salad,Beef Nihari with 1 Roghani Naan & Ginger Lemon Garnish,"Fresh Fruit Chaat (Apple, Guava, Banana & Chaat Masala)",440,12.89,72.11,None,"Pakistani, Indian, Traditional, Balanced"
1575,193.8,74.69,50.97,27.76,25.23,1181,Oatmeal Porridge in Cow Milk with Sliced Bananas & Almonds,Aloo Gosht (Potato Beef Curry) with 1.5 Tandoori Rotis,Palak Paneer (Spinach with Cottage Cheese) with 2 Chapatis,"Chana Chaat with Dahi, Onion, Tomato & Tamarind Chutney",611,15.34,53.5,"Diabetes, Heart Disease, Obesity, Kidney Disease","Pakistani, Indian, Traditional, Balanced"
1554,181.72,86.05,49.52,20.44,19.35,1136,Oatmeal Porridge in Cow Milk with Sliced Bananas & Almonds,Chicken Karahi (200g) with 2 Whole Wheat Chapatis & Salad,Chicken Haleem with 1 Tandoori Naan & Brown Onions,1 Vegetable Potato Samosa with Mint Green Chutney,336,11.09,28.17,Kidney Disease,"Pakistani, Indian, Low Fat, Dash, Balanced"
1273,206.6,48.42,28.13,17.06,27.12,1033,Besan ka Chilla (Savory Gram Flour Pancake) with Mint Dahi,Daal Masoor Curry with Boiled Basmati Rice & Kachumber,"Mix Sabzi (Carrot, Peas, Potatoes) with 2 Chapatis","Chana Chaat with Dahi, Onion, Tomato & Tamarind Chutney",327,12.91,61.34,"Diabetes, Hypertension, Heart Disease, Obesity, Kidney Disease","Pakistani, Indian, Vegetarian, Balanced"
1637,235.48,65.26,46.53,15.7,30.05,1301,2 Boiled Eggs with 2 Brown Bread Toasts & Green Tea,Lobia / Red Kidney Bean Curry (Kalool) with Zeera Rice,"Mix Sabzi (Carrot, Peas, Potatoes) with 2 Chapatis",1 Vegetable Potato Samosa with Mint Green Chutney,376,14.24,53.82,"Hypertension, Kidney Disease","Pakistani, Indian, Low Fat, Dash, Balanced"
2126,241.72,94.22,84.49,47.0,16.79,1600,1 Crispy Aloo Paratha with Fresh Dahi & Mint Raita,Chicken Biryani with Mint Zeera Raita & Fresh Salad,Peshawari Chapli Kabab with 1 Whole Wheat Roti & Salad,Gajar ka Halwa (100g Small Cup - Traditional Sweet),548,14.44,38.05,None,"Pakistani, Indian, Traditional, Balanced"
1549,182.09,86.35,51.15,14.74,21.78,1295,Besan ka Chilla (Savory Gram Flour Pancake) with Mint Dahi,Beef Pulao Gosht with Mint Raita & Sliced Cucumbers,Palak Gosht (Spinach Mutton Curry) with 1.5 Chapatis,"Chana Chaat with Dahi, Onion, Tomato & Tamarind Chutney",441,16.99,45.52,"Diabetes, Heart Disease, Obesity, Kidney Disease","Pakistani, Indian, Traditional, Balanced"
1800,197.38,113.2,57.47,15.67,19.51,1405,1 Whole Wheat Chapati with Fried Egg & Doodh Patti Chai,Daal Channa with 2 Chapatis & Onion Salad,Balochi Sajji (Roasted Chicken) with 1 cup Zeera Rice,1 Chicken Shami Kebab with Sliced Cucumber & Mint Raita,325,14.28,18.58,"Hypertension, Heart Disease, Obesity","Pakistani, Indian, High Protein, Traditional"
1707,195.11,113.07,47.11,27.71,21.95,1319,Oatmeal Porridge in Cow Milk with Sliced Bananas & Almonds,Chicken Karahi (200g) with 2 Whole Wheat Chapatis & Salad,Machli (Fried Spiced Fish) with 1 Roti & Fresh Lemon,"Chana Chaat with Dahi, Onion, Tomato & Tamarind Chutney",504,13.19,43.23,"Diabetes, Hypertension, Heart Disease, Obesity","Pakistani, Indian, High Protein, Traditional"
1332,150.51,80.54,45.26,20.85,20.64,1073,Wheat Dalia (Cracked Wheat Porridge in Buffalo Milk),Bhindi Masala (Okra Curry) with 2 Whole Wheat Chapatis,Chicken Tikka Boti (Grilled) with Mint Raita & Fresh Salad,1 Vegetable Potato Samosa with Mint Green Chutney,514,10.37,56.44,"Hypertension, Kidney Disease","Pakistani, Indian, Low Carb, Traditional"
1395,189.67,64.74,37.84,27.36,21.16,903,Oatmeal Porridge in Cow Milk with Sliced Bananas & Almonds,Lobia / Red Kidney Bean Curry (Kalool) with Zeera Rice,Peshawari Chapli Kabab with 1 Whole Wheat Roti & Salad,Doodh Patti Chai with 2 Whole Wheat Rusks,433,11.95,23.71,"Diabetes, Heart Disease, Obesity, Kidney Disease","Pakistani, Indian, Low Fat, Dash, Balanced"
1961,234.38,96.35,67.61,21.41,28.96,1656,Plain Desi Ghee Paratha with Shami Kabab & Chai,Lobia / Red Kidney Bean Curry (Kalool) with Zeera Rice,Peshawari Chapli Kabab with 1 Whole Wheat Roti & Salad,"Chana Chaat with Dahi, Onion, Tomato & Tamarind Chutney",428,18.71,39.44,Diabetes,"Pakistani, Indian, Traditional, Balanced"
1780,259.03,73.71,48.44,34.75,29.8,1306,1 Crispy Aloo Paratha with Fresh Dahi & Mint Raita,Lobia / Red Kidney Bean Curry (Kalool) with Zeera Rice,Chicken Haleem with 1 Tandoori Naan & Brown Onions,"Fresh Fruit Chaat (Apple, Guava, Banana & Chaat Masala)",405,14.22,66.86,"Heart Disease, Kidney Disease","Pakistani, Indian, Low Fat, Dash, Balanced"
1962,254.93,73.93,69.83,45.67,24.61,1341,1 Crispy Aloo Paratha with Fresh Dahi & Mint Raita,Daal Masoor Curry with Boiled Basmati Rice & Kachumber,Palak Gosht (Spinach Mutton Curry) with 1.5 Chapatis,Gajar ka Halwa (100g Small Cup - Traditional Sweet),626,17.18,55.42,"Hypertension, Kidney Disease","Pakistani, Indian, Traditional, Balanced"
1812,220.39,94.83,59.34,22.25,22.04,1425,Wheat Dalia (Cracked Wheat Porridge in Buffalo Milk),Daal Channa with 2 Chapatis & Onion Salad,Beef Nihari with 1 Roghani Naan & Ginger Lemon Garnish,1 Chicken Shami Kebab with Sliced Cucumber & Mint Raita,472,14.73,21.72,None,"Pakistani, Indian, Traditional, Balanced"
1951,209.8,89.41,82.35,65.68,14.22,1402,Halwa Puri with Chana Masala (Sunday Special),Kofta Curry (Spiced Meatballs) with 2 Chapatis,Machli (Fried Spiced Fish) with 1 Roti & Fresh Lemon,Gajar ka Halwa (100g Small Cup - Traditional Sweet),412,12.16,18.63,None,"Pakistani, Indian, Traditional, Balanced"
1500,165.38,80.13,56.26,17.22,13.9,1176,Anda Ghotala (Spiced Scrambled Eggs) with 1 Tandoori Roti,Beef Pulao Gosht with Mint Raita & Sliced Cucumbers,Palak Gosht (Spinach Mutton Curry) with 1.5 Chapatis,Doodh Patti Chai with 2 Whole Wheat Rusks,405,13.64,34.53,"Heart Disease, Obesity, Kidney Disease","Pakistani, Indian, Low Carb, Traditional"
1484,179.64,60.53,57.11,18.55,23.43,1250,Anda Ghotala (Spiced Scrambled Eggs) with 1 Tandoori Roti,Bhindi Masala (Okra Curry) with 2 Whole Wheat Chapatis,Palak Paneer (Spinach with Cottage Cheese) with 2 Chapatis,Dahi Bhalla (Dahi Baray) with Chaat Masala & Papdi,610,13.67,67.85,"Diabetes, Hypertension, Heart Disease, Obesity, Kidney Disease","Pakistani, Indian, Traditional, Balanced"
1685,168.53,126.4,53.84,12.29,19.9,1580,Anda Ghotala (Spiced Scrambled Eggs) with 1 Tandoori Roti,Daal Masoor Curry with Boiled Basmati Rice & Kachumber,Chicken Tikka Boti (Grilled) with Mint Raita & Fresh Salad,1 Chicken Shami Kebab with Sliced Cucumber & Mint Raita,363,15.57,52.67,"Hypertension, Heart Disease, Obesity","Pakistani, Indian, High Protein, Traditional"
1711,162.74,106.52,67.96,12.48,12.3,1368,Plain Desi Ghee Paratha with Shami Kabab & Chai,Chicken Karahi (200g) with 2 Whole Wheat Chapatis & Salad,Balochi Sajji (Roasted Chicken) with 1 cup Zeera Rice,1 Vegetable Potato Samosa with Mint Green Chutney,259,11.84,24.5,None,"Pakistani, Indian, Low Carb, Traditional"
1354,178.19,75.12,37.12,26.2,16.42,1031,Anda Ghotala (Spiced Scrambled Eggs) with 1 Tandoori Roti,Daal Masoor Curry with Boiled Basmati Rice & Kachumber,Balochi Sajji (Roasted Chicken) with 1 cup Zeera Rice,"Fresh Fruit Chaat (Apple, Guava, Banana & Chaat Masala)",231,10.57,62.02,"Hypertension, Heart Disease, Obesity, Kidney Disease","Pakistani, Indian, Low Fat, Dash, Balanced"
1399,150.07,78.28,50.95,17.6,13.71,1158,1 Crispy Aloo Paratha with Fresh Dahi & Mint Raita,Beef Shami Kebab (2 pcs) with 1 Whole Wheat Roti & Salad,Machli (Fried Spiced Fish) with 1 Roti & Fresh Lemon,Doodh Patti Chai with 2 Whole Wheat Rusks,403,10.38,18.99,"Hypertension, Heart Disease, Kidney Disease","Pakistani, Indian, Low Carb, Traditional"
1628,170.82,95.46,58.78,20.6,18.49,1477,1 Whole Wheat Chapati with Fried Egg & Doodh Patti Chai,Kofta Curry (Spiced Meatballs) with 2 Chapatis,Peshawari Chapli Kabab with 1 Whole Wheat Roti & Salad,"Chana Chaat with Dahi, Onion, Tomato & Tamarind Chutney",317,14.77,35.17,"Heart Disease, Obesity","Pakistani, Indian, Traditional, Balanced"
1728,231.02,69.8,55.29,11.85,26.66,1343,Mooli Paratha with Zeera Raita & Chai,Lobia / Red Kidney Bean Curry (Kalool) with Zeera Rice,Chicken Haleem with 1 Tandoori Naan & Brown Onions,1 Vegetable Potato Samosa with Mint Green Chutney,360,13.43,28.14,Kidney Disease,"Pakistani, Indian, Traditional, Balanced"
1289,189.67,55.15,32.47,45.87,25.56,886,Oatmeal Porridge in Cow Milk with Sliced Bananas & Almonds,Beef Shami Kebab (2 pcs) with 1 Whole Wheat Roti & Salad,"Mix Sabzi (Carrot, Peas, Potatoes) with 2 Chapatis","Fresh Fruit Chaat (Apple, Guava, Banana & Chaat Masala)",361,11.13,96.9,"Hypertension, Heart Disease, Obesity, Kidney Disease","Pakistani, Indian, Low Fat, Dash, Balanced"
1645,185.77,73.16,65.02,36.27,13.89,1247,Mooli Paratha with Zeera Raita & Chai,Chicken Biryani with Mint Zeera Raita & Fresh Salad,Peshawari Chapli Kabab with 1 Whole Wheat Roti & Salad,Gajar ka Halwa (100g Small Cup - Traditional Sweet),420,11.15,35.39,Kidney Disease,"Pakistani, Indian, Traditional, Balanced"
1513,174.57,85.54,50.92,11.64,20.17,1280,1 Crispy Aloo Paratha with Fresh Dahi & Mint Raita,Lobia / Red Kidney Bean Curry (Kalool) with Zeera Rice,Chicken Tikka Boti (Grilled) with Mint Raita & Fresh Salad,1 Vegetable Potato Samosa with Mint Green Chutney,378,12.32,33.46,"Hypertension, Kidney Disease","Pakistani, Indian, Traditional, Balanced"
1628,222.9,54.85,57.36,54.63,27.32,891,Wheat Dalia (Cracked Wheat Porridge in Buffalo Milk),Bhindi Masala (Okra Curry) with 2 Whole Wheat Chapatis,Palak Paneer (Spinach with Cottage Cheese) with 2 Chapatis,Gajar ka Halwa (100g Small Cup - Traditional Sweet),874,13.44,67.2,"Hypertension, Kidney Disease","Pakistani, Indian, Vegetarian, Balanced"
1694,189.22,97.53,56.65,13.08,28.62,1413,Besan ka Chilla (Savory Gram Flour Pancake) with Mint Dahi,Daal Channa with 2 Chapatis & Onion Salad,Palak Gosht (Spinach Mutton Curry) with 1.5 Chapatis,1 Chicken Shami Kebab with Sliced Cucumber & Mint Raita,496,19.86,50.81,"Diabetes, Hypertension, Heart Disease, Obesity","Pakistani, Indian, Traditional, Balanced"
2189,233.03,97.13,94.19,16.88,17.75,1927,1 Crispy Aloo Paratha with Fresh Dahi & Mint Raita,Aloo Gosht (Potato Beef Curry) with 1.5 Tandoori Rotis,Beef Nihari with 1 Roghani Naan & Ginger Lemon Garnish,1 Vegetable Potato Samosa with Mint Green Chutney,354,15.9,30.49,None,"Pakistani, Indian, Traditional, Balanced"
1448,159.96,80.99,48.59,29.87,17.92,1073,Oatmeal Porridge in Cow Milk with Sliced Bananas & Almonds,Beef Shami Kebab (2 pcs) with 1 Whole Wheat Roti & Salad,Peshawari Chapli Kabab with 1 Whole Wheat Roti & Salad,Doodh Patti Chai with 2 Whole Wheat Rusks,420,12.55,27.84,"Heart Disease, Obesity, Kidney Disease","Pakistani, Indian, Low Carb, Traditional"
1411,181.66,70.55,42.33,17.64,22.22,1173,1 Whole Wheat Chapati with Fried Egg & Doodh Patti Chai,Lobia / Red Kidney Bean Curry (Kalool) with Zeera Rice,Peshawari Chapli Kabab with 1 Whole Wheat Roti & Salad,"Chana Chaat with Dahi, Onion, Tomato & Tamarind Chutney",317,13.4,29.54,"Diabetes, Heart Disease, Obesity, Kidney Disease","Pakistani, Indian, Low Fat, Dash, Balanced"
1682,198.81,84.26,58.53,36.7,18.77,1171,Besan ka Chilla (Savory Gram Flour Pancake) with Mint Dahi,Beef Pulao Gosht with Mint Raita & Sliced Cucumbers,Chicken Haleem with 1 Tandoori Naan & Brown Onions,Gajar ka Halwa (100g Small Cup - Traditional Sweet),395,13.28,15.33,Kidney Disease,"Pakistani, Indian, Traditional, Balanced"
1235,178.83,51.09,32.78,37.04,24.1,817,Oatmeal Porridge in Cow Milk with Sliced Bananas & Almonds,Bhindi Masala (Okra Curry) with 2 Whole Wheat Chapatis,Chicken Haleem with 1 Tandoori Naan & Brown Onions,"Fresh Fruit Chaat (Apple, Guava, Banana & Chaat Masala)",375,9.54,74.94,"Heart Disease, Obesity, Kidney Disease","Pakistani, Indian, Low Fat, Dash, Balanced"
1960,220.52,97.12,74.62,13.92,15.48,1682,1 Crispy Aloo Paratha with Fresh Dahi & Mint Raita,Chicken Biryani with Mint Zeera Raita & Fresh Salad,Machli (Fried Spiced Fish) with 1 Roti & Fresh Lemon,1 Vegetable Potato Samosa with Mint Green Chutney,479,12.47,31.18,None,"Pakistani, Indian, Traditional, Balanced"
2002,206.49,103.45,81.65,44.77,13.8,1517,Plain Desi Ghee Paratha with Shami Kabab & Chai,Chicken Biryani with Mint Zeera Raita & Fresh Salad,Machli (Fried Spiced Fish) with 1 Roti & Fresh Lemon,Gajar ka Halwa (100g Small Cup - Traditional Sweet),532,12.75,23.7,None,"Pakistani, Indian, Traditional, Balanced"
1404,177.86,62.55,46.21,12.76,21.96,996,Plain Desi Ghee Paratha with Shami Kabab & Chai,Lobia / Red Kidney Bean Curry (Kalool) with Zeera Rice,Anda Curry with 2 Chapatis & Onion Salad,Roasted Chickpeas (Bhuna Chana - 50g) with Green Tea,328,13.19,17.02,"Diabetes, Kidney Disease","Pakistani, Indian, Low Fat, Dash, Balanced"
1325,144.05,91.06,40.56,14.9,12.17,960,Besan ka Chilla (Savory Gram Flour Pancake) with Mint Dahi,Chicken Karahi (200g) with 2 Whole Wheat Chapatis & Salad,Balochi Sajji (Roasted Chicken) with 1 cup Zeera Rice,Doodh Patti Chai with 2 Whole Wheat Rusks,294,9.93,20.7,"Hypertension, Heart Disease, Obesity","Pakistani, Indian, Low Carb, Traditional"
1851,199.93,105.11,67.3,39.09,13.36,1237,1 Crispy Aloo Paratha with Fresh Dahi & Mint Raita,Chicken Karahi (200g) with 2 Whole Wheat Chapatis & Salad,Balochi Sajji (Roasted Chicken) with 1 cup Zeera Rice,Gajar ka Halwa (100g Small Cup - Traditional Sweet),421,11.38,27.71,Hypertension,"Pakistani, Indian, Traditional, Balanced"
1250,150.96,75.02,35.01,9.26,22.78,954,Besan ka Chilla (Savory Gram Flour Pancake) with Mint Dahi,Daal Channa with 2 Chapatis & Onion Salad,Machli (Fried Spiced Fish) with 1 Roti & Fresh Lemon,Roasted Chickpeas (Bhuna Chana - 50g) with Green Tea,347,12.78,16.21,"Diabetes, Hypertension, Heart Disease, Obesity, Kidney Disease","Pakistani, Indian, Low Carb, Traditional"
1423,191.96,64.27,44.56,17.14,19.37,1234,Anda Ghotala (Spiced Scrambled Eggs) with 1 Tandoori Roti,Chicken Biryani with Mint Zeera Raita & Fresh Salad,"Mix Sabzi (Carrot, Peas, Potatoes) with 2 Chapatis","Chana Chaat with Dahi, Onion, Tomato & Tamarind Chutney",321,11.14,58.27,"Hypertension, Heart Disease, Obesity, Kidney Disease","Pakistani, Indian, Low Fat, Dash, Balanced"
1317,171.67,74.58,35.83,25.0,18.0,958,Anda Ghotala (Spiced Scrambled Eggs) with 1 Tandoori Roti,Lobia / Red Kidney Bean Curry (Kalool) with Zeera Rice,Balochi Sajji (Roasted Chicken) with 1 cup Zeera Rice,"Fresh Fruit Chaat (Apple, Guava, Banana & Chaat Masala)",246,10.58,52.92,"Hypertension, Heart Disease, Obesity, Kidney Disease","Pakistani, Indian, Low Fat, Dash, Balanced"
1608,178.89,73.81,63.24,36.14,12.47,1156,Anda Ghotala (Spiced Scrambled Eggs) with 1 Tandoori Roti,Beef Pulao Gosht with Mint Raita & Sliced Cucumbers,Anda Curry with 2 Chapatis & Onion Salad,Gajar ka Halwa (100g Small Cup - Traditional Sweet),366,11.65,21.68,Kidney Disease,"Pakistani, Indian, Traditional, Balanced"
1521,139.74,112.0,53.94,24.15,12.54,1315,1 Whole Wheat Chapati with Fried Egg & Doodh Patti Chai,Kofta Curry (Spiced Meatballs) with 2 Chapatis,Chicken Tikka Boti (Grilled) with Mint Raita & Fresh Salad,Doodh Patti Chai with 2 Whole Wheat Rusks,380,11.71,28.26,"Hypertension, Heart Disease, Obesity","Pakistani, Indian, High Protein, Traditional"
1858,250.82,74.68,59.28,23.03,25.54,1391,Mooli Paratha with Zeera Raita & Chai,Daal Masoor Curry with Boiled Basmati Rice & Kachumber,Palak Gosht (Spinach Mutton Curry) with 1.5 Chapatis,Doodh Patti Chai with 2 Whole Wheat Rusks,593,16.99,62.13,"Diabetes, Hypertension, Heart Disease, Kidney Disease","Pakistani, Indian, Traditional, Balanced"
1570,164.87,95.2,55.94,10.8,17.67,1305,2 Boiled Eggs with 2 Brown Bread Toasts & Green Tea,Beef Pulao Gosht with Mint Raita & Sliced Cucumbers,Palak Paneer (Spinach with Cottage Cheese) with 2 Chapatis,1 Chicken Shami Kebab with Sliced Cucumber & Mint Raita,515,15.41,35.82,"Heart Disease, Obesity","Pakistani, Indian, Low Carb, Traditional"
2098,246.57,106.52,76.78,37.31,17.74,1817,Anda Ghotala (Spiced Scrambled Eggs) with 1 Tandoori Roti,Chicken Biryani with Mint Zeera Raita & Fresh Salad,Beef Nihari with 1 Roghani Naan & Ginger Lemon Garnish,"Fresh Fruit Chaat (Apple, Guava, Banana & Chaat Masala)",357,14.82,78.94,None,"Pakistani, Indian, Traditional, Balanced"
1414,173.48,82.73,41.91,11.03,24.57,963,Besan ka Chilla (Savory Gram Flour Pancake) with Mint Dahi,Bhindi Masala (Okra Curry) with 2 Whole Wheat Chapatis,Balochi Sajji (Roasted Chicken) with 1 cup Zeera Rice,Roasted Chickpeas (Bhuna Chana - 50g) with Green Tea,376,13.44,41.61,"Diabetes, Hypertension, Heart Disease, Obesity, Kidney Disease","Pakistani, Indian, Low Fat, Dash, Balanced"
1301,173.44,42.67,45.96,45.1,22.11,694,Oatmeal Porridge in Cow Milk with Sliced Bananas & Almonds,Bhindi Masala (Okra Curry) with 2 Whole Wheat Chapatis,Palak Paneer (Spinach with Cottage Cheese) with 2 Chapatis,Gajar ka Halwa (100g Small Cup - Traditional Sweet),642,10.84,56.37,"Hypertension, Kidney Disease","Pakistani, Indian, Vegetarian, Balanced"
1770,243.44,95.72,43.71,21.58,29.88,1234,Wheat Dalia (Cracked Wheat Porridge in Buffalo Milk),Lobia / Red Kidney Bean Curry (Kalool) with Zeera Rice,Chicken Haleem with 1 Tandoori Naan & Brown Onions,1 Chicken Shami Kebab with Sliced Cucumber & Mint Raita,537,15.27,21.02,"Diabetes, Heart Disease, Obesity","Pakistani, Indian, Low Fat, Dash, Balanced"
1571,203.04,73.74,48.62,33.66,22.33,1261,1 Crispy Aloo Paratha with Fresh Dahi & Mint Raita,Daal Channa with 2 Chapatis & Onion Salad,Machli (Fried Spiced Fish) with 1 Roti & Fresh Lemon,"Fresh Fruit Chaat (Apple, Guava, Banana & Chaat Masala)",411,11.86,67.33,"Hypertension, Heart Disease, Kidney Disease","Pakistani, Indian, Low Fat, Dash, Balanced"
1739,189.06,95.42,64.21,15.61,13.56,1570,2 Boiled Eggs with 2 Brown Bread Toasts & Green Tea,Beef Pulao Gosht with Mint Raita & Sliced Cucumbers,Beef Nihari with 1 Roghani Naan & Ginger Lemon Garnish,Dahi Bhalla (Dahi Baray) with Chaat Masala & Papdi,357,13.38,15.16,None,"Pakistani, Indian, Traditional, Balanced"
1902,224.94,98.56,62.61,34.78,18.2,1322,Oatmeal Porridge in Cow Milk with Sliced Bananas & Almonds,Beef Pulao Gosht with Mint Raita & Sliced Cucumbers,Peshawari Chapli Kabab with 1 Whole Wheat Roti & Salad,Doodh Patti Chai with 2 Whole Wheat Rusks,522,14.96,27.25,"Heart Disease, Obesity","Pakistani, Indian, Traditional, Balanced"
1337,135.72,94.9,42.66,9.69,21.74,1102,Besan ka Chilla (Savory Gram Flour Pancake) with Mint Dahi,Beef Shami Kebab (2 pcs) with 1 Whole Wheat Roti & Salad,Machli (Fried Spiced Fish) with 1 Roti & Fresh Lemon,Roasted Chickpeas (Bhuna Chana - 50g) with Green Tea,357,14.29,19.9,"Diabetes, Hypertension, Heart Disease, Obesity","Pakistani, Indian, Low Carb, Traditional"
1596,174.45,82.97,61.16,18.3,23.93,1308,1 Whole Wheat Chapati with Fried Egg & Doodh Patti Chai,Bhindi Masala (Okra Curry) with 2 Whole Wheat Chapatis,Palak Gosht (Spinach Mutton Curry) with 1.5 Chapatis,1 Chicken Shami Kebab with Sliced Cucumber & Mint Raita,500,16.17,70.2,"Diabetes, Hypertension, Heart Disease, Obesity, Kidney Disease","Pakistani, Indian, Traditional, Balanced"
1488,135.59,97.17,59.32,11.77,13.18,1375,1 Crispy Aloo Paratha with Fresh Dahi & Mint Raita,Kofta Curry (Spiced Meatballs) with 2 Chapatis,Chicken Tikka Boti (Grilled) with Mint Raita & Fresh Salad,1 Vegetable Potato Samosa with Mint Green Chutney,325,11.49,33.9,Hypertension,"Pakistani, Indian, Low Carb, Traditional"
1472,159.48,84.03,50.09,9.71,19.32,1319,2 Boiled Eggs with 2 Brown Bread Toasts & Green Tea,Daal Channa with 2 Chapatis & Onion Salad,Machli (Fried Spiced Fish) with 1 Roti & Fresh Lemon,1 Vegetable Potato Samosa with Mint Green Chutney,348,11.86,17.89,"Hypertension, Kidney Disease","Pakistani, Indian, Low Carb, Traditional"
1404,164.55,80.63,45.52,14.81,24.9,1229,Besan ka Chilla (Savory Gram Flour Pancake) with Mint Dahi,Beef Shami Kebab (2 pcs) with 1 Whole Wheat Roti & Salad,"Mix Sabzi (Carrot, Peas, Potatoes) with 2 Chapatis",1 Chicken Shami Kebab with Sliced Cucumber & Mint Raita,318,14.81,58.69,"Diabetes, Hypertension, Heart Disease, Obesity, Kidney Disease","Pakistani, Indian, Low Carb, Traditional"
1955,206.27,92.07,82.18,13.97,18.8,1762,Mooli Paratha with Zeera Raita & Chai,Beef Shami Kebab (2 pcs) with 1 Whole Wheat Roti & Salad,Beef Nihari with 1 Roghani Naan & Ginger Lemon Garnish,1 Vegetable Potato Samosa with Mint Green Chutney,322,14.93,34.38,None,"Pakistani, Indian, Traditional, Balanced"
1795,189.44,96.59,69.94,12.67,18.39,1542,Besan ka Chilla (Savory Gram Flour Pancake) with Mint Dahi,Beef Pulao Gosht with Mint Raita & Sliced Cucumbers,Peshawari Chapli Kabab with 1 Whole Wheat Roti & Salad,1 Vegetable Potato Samosa with Mint Green Chutney,330,16.41,29.19,None,"Pakistani, Indian, Traditional, Balanced"
1464,220.58,58.65,33.59,26.07,24.76,1053,Oatmeal Porridge in Cow Milk with Sliced Bananas & Almonds,Daal Masoor Curry with Boiled Basmati Rice & Kachumber,Anda Curry with 2 Chapatis & Onion Salad,"Chana Chaat with Dahi, Onion, Tomato & Tamarind Chutney",436,12.83,41.11,"Diabetes, Hypertension, Heart Disease, Obesity, Kidney Disease","Pakistani, Indian, Low Fat, Dash, Balanced"
1367,164.79,74.07,43.39,9.64,15.78,1148,1 Crispy Aloo Paratha with Fresh Dahi & Mint Raita,Daal Masoor Curry with Boiled Basmati Rice & Kachumber,Machli (Fried Spiced Fish) with 1 Roti & Fresh Lemon,1 Chicken Shami Kebab with Sliced Cucumber & Mint Raita,351,11.04,27.17,"Hypertension, Heart Disease, Kidney Disease","Pakistani, Indian, Low Carb, Traditional"
1821,229.75,78.79,62.31,52.02,16.8,1100,Wheat Dalia (Cracked Wheat Porridge in Buffalo Milk),Beef Pulao Gosht with Mint Raita & Sliced Cucumbers,Anda Curry with 2 Chapatis & Onion Salad,Gajar ka Halwa (100g Small Cup - Traditional Sweet),607,12.57,18.97,Kidney Disease,"Pakistani, Indian, Traditional, Balanced"
1650,185.07,105.92,51.29,15.61,22.3,1416,2 Boiled Eggs with 2 Brown Bread Toasts & Green Tea,Chicken Karahi (200g) with 2 Whole Wheat Chapatis & Salad,"Mix Sabzi (Carrot, Peas, Potatoes) with 2 Chapatis",1 Chicken Shami Kebab with Sliced Cucumber & Mint Raita,346,13.94,65.22,"Diabetes, Hypertension, Heart Disease, Obesity","Pakistani, Indian, Traditional, Balanced"
1788,182.09,115.72,60.88,19.74,14.81,1426,2 Boiled Eggs with 2 Brown Bread Toasts & Green Tea,Aloo Gosht (Potato Beef Curry) with 1.5 Tandoori Rotis,Balochi Sajji (Roasted Chicken) with 1 cup Zeera Rice,Doodh Patti Chai with 2 Whole Wheat Rusks,378,13.16,17.55,"Heart Disease, Obesity","Pakistani, Indian, High Protein, Traditional"
1533,144.02,102.94,56.78,13.39,12.0,1265,1 Whole Wheat Chapati with Fried Egg & Doodh Patti Chai,Aloo Gosht (Potato Beef Curry) with 1.5 Tandoori Rotis,Balochi Sajji (Roasted Chicken) with 1 cup Zeera Rice,1 Chicken Shami Kebab with Sliced Cucumber & Mint Raita,245,11.91,18.46,"Heart Disease, Obesity","Pakistani, Indian, Low Carb, Traditional"
1778,219.8,85.66,59.8,13.68,23.92,1444,1 Crispy Aloo Paratha with Fresh Dahi & Mint Raita,Daal Masoor Curry with Boiled Basmati Rice & Kachumber,Palak Gosht (Spinach Mutton Curry) with 1.5 Chapatis,1 Chicken Shami Kebab with Sliced Cucumber & Mint Raita,506,17.78,57.11,"Hypertension, Heart Disease","Pakistani, Indian, Traditional, Balanced"
1626,178.95,85.11,60.56,18.55,21.06,1473,Anda Ghotala (Spiced Scrambled Eggs) with 1 Tandoori Roti,Bhindi Masala (Okra Curry) with 2 Whole Wheat Chapatis,Machli (Fried Spiced Fish) with 1 Roti & Fresh Lemon,Dahi Bhalla (Dahi Baray) with Chaat Masala & Papdi,507,12.44,54.01,"Diabetes, Hypertension, Heart Disease, Obesity","Pakistani, Indian, Traditional, Balanced"
1774,226.16,84.81,54.32,17.18,24.61,1474,Mooli Paratha with Zeera Raita & Chai,Lobia / Red Kidney Bean Curry (Kalool) with Zeera Rice,Machli (Fried Spiced Fish) with 1 Roti & Fresh Lemon,Dahi Bhalla (Dahi Baray) with Chaat Masala & Papdi,543,13.64,31.04,"Diabetes, Hypertension, Heart Disease","Pakistani, Indian, Traditional, Balanced"
1902,215.71,122.35,57.99,11.02,22.38,1473,Anda Ghotala (Spiced Scrambled Eggs) with 1 Tandoori Roti,Lobia / Red Kidney Bean Curry (Kalool) with Zeera Rice,Balochi Sajji (Roasted Chicken) with 1 cup Zeera Rice,1 Chicken Shami Kebab with Sliced Cucumber & Mint Raita,354,16.12,27.25,"Diabetes, Hypertension, Heart Disease, Obesity","Pakistani, Indian, High Protein, Traditional"
1233,107.17,97.55,44.23,9.36,13.61,1131,Besan ka Chilla (Savory Gram Flour Pancake) with Mint Dahi,Chicken Karahi (200g) with 2 Whole Wheat Chapatis & Salad,Chicken Tikka Boti (Grilled) with Mint Raita & Fresh Salad,1 Vegetable Potato Samosa with Mint Green Chutney,264,10.63,36.15,Hypertension,"Pakistani, Indian, Low Carb, Traditional"
1853,244.22,67.79,68.63,41.69,18.53,1356,Halwa Puri with Chana Masala (Sunday Special),Lobia / Red Kidney Bean Curry (Kalool) with Zeera Rice,Beef Nihari with 1 Roghani Naan & Ginger Lemon Garnish,Doodh Patti Chai with 2 Whole Wheat Rusks,333,12.72,15.16,Kidney Disease,"Pakistani, Indian, Traditional, Balanced"
1910,222.68,106.65,63.87,24.61,25.78,1547,1 Whole Wheat Chapati with Fried Egg & Doodh Patti Chai,Chicken Karahi (200g) with 2 Whole Wheat Chapatis & Salad,Palak Paneer (Spinach with Cottage Cheese) with 2 Chapatis,"Chana Chaat with Dahi, Onion, Tomato & Tamarind Chutney",621,17.46,64.46,"Diabetes, Hypertension, Heart Disease, Obesity","Pakistani, Indian, Traditional, Balanced"
1856,218.67,92.25,63.78,22.21,23.57,1492,Mooli Paratha with Zeera Raita & Chai,Beef Shami Kebab (2 pcs) with 1 Whole Wheat Roti & Salad,Chicken Haleem with 1 Tandoori Naan & Brown Onions,Doodh Patti Chai with 2 Whole Wheat Rusks,438,14.12,30.18,"Diabetes, Heart Disease","Pakistani, Indian, Traditional, Balanced"
1160,138.24,56.36,40.73,11.52,17.86,1004,Mooli Paratha with Zeera Raita & Chai,Beef Shami Kebab (2 pcs) with 1 Whole Wheat Roti & Salad,"Mix Sabzi (Carrot, Peas, Potatoes) with 2 Chapatis",1 Chicken Shami Kebab with Sliced Cucumber & Mint Raita,259,10.2,50.19,"Hypertension, Heart Disease, Kidney Disease","Pakistani, Indian, Low Carb, Traditional"
1651,201.56,83.09,54.68,27.87,21.87,1260,Wheat Dalia (Cracked Wheat Porridge in Buffalo Milk),Kofta Curry (Spiced Meatballs) with 2 Chapatis,Palak Paneer (Spinach with Cottage Cheese) with 2 Chapatis,Dahi Bhalla (Dahi Baray) with Chaat Masala & Papdi,761,14.8,41.81,"Diabetes, Hypertension, Heart Disease, Obesity, Kidney Disease","Pakistani, Indian, Traditional, Balanced"
1714,186.37,77.87,67.48,43.38,18.96,1253,Besan ka Chilla (Savory Gram Flour Pancake) with Mint Dahi,Aloo Gosht (Potato Beef Curry) with 1.5 Tandoori Rotis,Anda Curry with 2 Chapatis & Onion Salad,Gajar ka Halwa (100g Small Cup - Traditional Sweet),434,14.14,28.38,Kidney Disease,"Pakistani, Indian, Traditional, Balanced"
1433,138.33,74.75,62.08,11.0,15.5,1275,Anda Ghotala (Spiced Scrambled Eggs) with 1 Tandoori Roti,Aloo Gosht (Potato Beef Curry) with 1.5 Tandoori Rotis,Palak Gosht (Spinach Mutton Curry) with 1.5 Chapatis,1 Vegetable Potato Samosa with Mint Green Chutney,308,13.67,41.67,Kidney Disease,"Pakistani, Indian, Low Carb, Traditional"
1902,258.32,69.06,68.17,55.16,22.24,1426,Halwa Puri with Chana Masala (Sunday Special),Lobia / Red Kidney Bean Curry (Kalool) with Zeera Rice,Beef Nihari with 1 Roghani Naan & Ginger Lemon Garnish,"Fresh Fruit Chaat (Apple, Guava, Banana & Chaat Masala)",287,13.63,56.06,None,"Pakistani, Indian, Traditional, Balanced"
1814,179.18,105.43,70.47,13.33,20.65,1562,Mooli Paratha with Zeera Raita & Chai,Kofta Curry (Spiced Meatballs) with 2 Chapatis,Palak Gosht (Spinach Mutton Curry) with 1.5 Chapatis,1 Chicken Shami Kebab with Sliced Cucumber & Mint Raita,481,17.81,57.9,"Diabetes, Hypertension","Pakistani, Indian, Traditional, Balanced"
1442,163.24,89.78,47.61,29.93,14.15,1261,1 Crispy Aloo Paratha with Fresh Dahi & Mint Raita,Chicken Biryani with Mint Zeera Raita & Fresh Salad,Chicken Tikka Boti (Grilled) with Mint Raita & Fresh Salad,"Fresh Fruit Chaat (Apple, Guava, Banana & Chaat Masala)",372,10.07,73.46,"Hypertension, Heart Disease, Kidney Disease","Pakistani, Indian, Low Carb, Traditional"
1614,231.87,62.52,46.05,21.67,25.25,1100,Wheat Dalia (Cracked Wheat Porridge in Buffalo Milk),Lobia / Red Kidney Bean Curry (Kalool) with Zeera Rice,Anda Curry with 2 Chapatis & Onion Salad,1 Vegetable Potato Samosa with Mint Green Chutney,515,13.0,23.84,"Hypertension, Kidney Disease","Pakistani, Indian, Low Fat, Dash, Balanced"
1522,164.27,70.03,63.55,33.72,14.7,1254,Halwa Puri with Chana Masala (Sunday Special),Beef Shami Kebab (2 pcs) with 1 Whole Wheat Roti & Salad,Anda Curry with 2 Chapatis & Onion Salad,1 Chicken Shami Kebab with Sliced Cucumber & Mint Raita,242,11.84,22.48,Kidney Disease,"Pakistani, Indian, Low Carb, Traditional"
1661,186.8,97.82,55.06,14.94,21.14,1445,2 Boiled Eggs with 2 Brown Bread Toasts & Green Tea,Beef Pulao Gosht with Mint Raita & Sliced Cucumbers,Palak Gosht (Spinach Mutton Curry) with 1.5 Chapatis,"Chana Chaat with Dahi, Onion, Tomato & Tamarind Chutney",462,17.11,44.73,"Diabetes, Heart Disease, Obesity","Pakistani, Indian, Traditional, Balanced"
1523,182.6,67.65,55.63,14.66,25.64,1098,Plain Desi Ghee Paratha with Shami Kabab & Chai,Daal Channa with 2 Chapatis & Onion Salad,Palak Paneer (Spinach with Cottage Cheese) with 2 Chapatis,Roasted Chickpeas (Bhuna Chana - 50g) with Green Tea,511,15.8,33.59,"Diabetes, Kidney Disease","Pakistani, Indian, Traditional, Balanced"
1742,231.63,77.55,54.89,29.71,20.44,1254,Wheat Dalia (Cracked Wheat Porridge in Buffalo Milk),Daal Channa with 2 Chapatis & Onion Salad,Beef Nihari with 1 Roghani Naan & Ginger Lemon Garnish,Doodh Patti Chai with 2 Whole Wheat Rusks,514,12.69,16.11,Kidney Disease,"Pakistani, Indian, Traditional, Balanced"
1752,251.15,66.97,53.36,20.09,30.7,1261,Plain Desi Ghee Paratha with Shami Kabab & Chai,Daal Masoor Curry with Boiled Basmati Rice & Kachumber,"Mix Sabzi (Carrot, Peas, Potatoes) with 2 Chapatis",Roasted Chickpeas (Bhuna Chana - 50g) with Green Tea,385,16.3,59.72,"Diabetes, Kidney Disease","Pakistani, Indian, Traditional, Balanced"
2228,253.98,95.78,92.01,48.43,17.11,1840,Halwa Puri with Chana Masala (Sunday Special),Beef Pulao Gosht with Mint Raita & Sliced Cucumbers,Peshawari Chapli Kabab with 1 Whole Wheat Roti & Salad,Dahi Bhalla (Dahi Baray) with Chaat Masala & Papdi,398,16.14,26.37,None,"Pakistani, Indian, Traditional, Balanced"
1557,194.59,79.3,49.13,15.57,22.09,1401,Anda Ghotala (Spiced Scrambled Eggs) with 1 Tandoori Roti,Daal Masoor Curry with Boiled Basmati Rice & Kachumber,Peshawari Chapli Kabab with 1 Whole Wheat Roti & Salad,"Chana Chaat with Dahi, Onion, Tomato & Tamarind Chutney",311,14.89,46.7,"Diabetes, Heart Disease, Obesity","Pakistani, Indian, Low Fat, Dash, Balanced"
1544,171.32,75.65,59.37,33.5,11.28,1103,1 Crispy Aloo Paratha with Fresh Dahi & Mint Raita,Beef Pulao Gosht with Mint Raita & Sliced Cucumbers,Machli (Fried Spiced Fish) with 1 Roti & Fresh Lemon,Gajar ka Halwa (100g Small Cup - Traditional Sweet),424,10.18,15.27,Kidney Disease,"Pakistani, Indian, Traditional, Balanced"
1814,256.27,65.77,56.13,23.25,29.14,1236,Mooli Paratha with Zeera Raita & Chai,Lobia / Red Kidney Bean Curry (Kalool) with Zeera Rice,Palak Paneer (Spinach with Cottage Cheese) with 2 Chapatis,Doodh Patti Chai with 2 Whole Wheat Rusks,726,16.1,51.03,"Diabetes, Hypertension, Heart Disease, Kidney Disease","Pakistani, Indian, Vegetarian, Balanced"
1965,243.51,92.6,64.08,53.4,21.36,1196,Oatmeal Porridge in Cow Milk with Sliced Bananas & Almonds,Beef Pulao Gosht with Mint Raita & Sliced Cucumbers,Chicken Haleem with 1 Tandoori Naan & Brown Onions,Gajar ka Halwa (100g Small Cup - Traditional Sweet),529,13.67,18.16,None,"Pakistani, Indian, Traditional, Balanced"
1804,230.48,85.68,58.12,18.04,24.45,1523,Besan ka Chilla (Savory Gram Flour Pancake) with Mint Dahi,Lobia / Red Kidney Bean Curry (Kalool) with Zeera Rice,Beef Nihari with 1 Roghani Naan & Ginger Lemon Garnish,Dahi Bhalla (Dahi Baray) with Chaat Masala & Papdi,426,15.93,22.55,None,"Pakistani, Indian, Traditional, Balanced"
2033,224.7,102.4,79.72,13.91,17.66,1733,Besan ka Chilla (Savory Gram Flour Pancake) with Mint Dahi,Beef Pulao Gosht with Mint Raita & Sliced Cucumbers,Beef Nihari with 1 Roghani Naan & Ginger Lemon Garnish,1 Vegetable Potato Samosa with Mint Green Chutney,332,16.59,21.94,None,"Pakistani, Indian, Traditional, Balanced"
1751,171.66,127.01,59.15,17.98,17.86,1624,Besan ka Chilla (Savory Gram Flour Pancake) with Mint Dahi,Beef Pulao Gosht with Mint Raita & Sliced Cucumbers,Chicken Tikka Boti (Grilled) with Mint Raita & Fresh Salad,Dahi Bhalla (Dahi Baray) with Chaat Masala & Papdi,481,15.66,34.8,"Heart Disease, Obesity","Pakistani, Indian, High Protein, Traditional"
1608,226.97,49.0,57.6,41.7,19.52,1100,Halwa Puri with Chana Masala (Sunday Special),Daal Masoor Curry with Boiled Basmati Rice & Kachumber,Palak Paneer (Spinach with Cottage Cheese) with 2 Chapatis,Doodh Patti Chai with 2 Whole Wheat Rusks,486,12.55,37.4,Kidney Disease,"Pakistani, Indian, Traditional, Balanced"
1926,248.02,73.09,71.08,44.56,27.52,1522,Halwa Puri with Chana Masala (Sunday Special),Daal Channa with 2 Chapatis & Onion Salad,Palak Gosht (Spinach Mutton Curry) with 1.5 Chapatis,"Chana Chaat with Dahi, Onion, Tomato & Tamarind Chutney",444,17.44,49.4,None,"Pakistani, Indian, Traditional, Balanced"
1347,141.23,78.52,49.25,11.34,21.84,1171,2 Boiled Eggs with 2 Brown Bread Toasts & Green Tea,Bhindi Masala (Okra Curry) with 2 Whole Wheat Chapatis,Palak Gosht (Spinach Mutton Curry) with 1.5 Chapatis,1 Chicken Shami Kebab with Sliced Cucumber & Mint Raita,451,14.5,61.79,"Diabetes, Hypertension, Heart Disease, Obesity, Kidney Disease","Pakistani, Indian, Low Carb, Traditional"
2127,246.89,108.56,77.15,20.94,18.96,1907,Besan ka Chilla (Savory Gram Flour Pancake) with Mint Dahi,Chicken Biryani with Mint Zeera Raita & Fresh Salad,Beef Nihari with 1 Roghani Naan & Ginger Lemon Garnish,Dahi Bhalla (Dahi Baray) with Chaat Masala & Papdi,485,16.2,30.86,None,"Pakistani, Indian, Traditional, Balanced"
1526,179.52,80.34,53.86,29.8,17.41,1275,Anda Ghotala (Spiced Scrambled Eggs) with 1 Tandoori Roti,Chicken Biryani with Mint Zeera Raita & Fresh Salad,Palak Gosht (Spinach Mutton Curry) with 1.5 Chapatis,"Fresh Fruit Chaat (Apple, Guava, Banana & Chaat Masala)",395,13.55,83.48,"Hypertension, Heart Disease, Obesity, Kidney Disease","Pakistani, Indian, Traditional, Balanced"
1359,140.16,84.85,48.97,10.13,14.1,1216,Besan ka Chilla (Savory Gram Flour Pancake) with Mint Dahi,Chicken Biryani with Mint Zeera Raita & Fresh Salad,Peshawari Chapli Kabab with 1 Whole Wheat Roti & Salad,1 Chicken Shami Kebab with Sliced Cucumber & Mint Raita,300,12.41,29.97,"Heart Disease, Obesity, Kidney Disease","Pakistani, Indian, Low Carb, Traditional"
1587,214.97,86.5,40.95,34.8,21.8,1095,1 Whole Wheat Chapati with Fried Egg & Doodh Patti Chai,Lobia / Red Kidney Bean Curry (Kalool) with Zeera Rice,Balochi Sajji (Roasted Chicken) with 1 cup Zeera Rice,"Fresh Fruit Chaat (Apple, Guava, Banana & Chaat Masala)",312,12.28,57.84,"Diabetes, Hypertension, Heart Disease, Obesity, Kidney Disease","Pakistani, Indian, Low Fat, Dash, Balanced"
2189,284.52,95.2,74.41,47.06,23.2,1598,Halwa Puri with Chana Masala (Sunday Special),Lobia / Red Kidney Bean Curry (Kalool) with Zeera Rice,Balochi Sajji (Roasted Chicken) with 1 cup Zeera Rice,Dahi Bhalla (Dahi Baray) with Chaat Masala & Papdi,421,14.88,18.6,None,"Pakistani, Indian, Traditional, Balanced"
1642,185.21,83.61,60.28,33.2,11.53,1092,Mooli Paratha with Zeera Raita & Chai,Beef Pulao Gosht with Mint Raita & Sliced Cucumbers,Balochi Sajji (Roasted Chicken) with 1 cup Zeera Rice,Gajar ka Halwa (100g Small Cup - Traditional Sweet),371,10.48,19.22,Kidney Disease,"Pakistani, Indian, Traditional, Balanced"
1794,253.28,54.69,64.28,46.53,21.78,1228,Halwa Puri with Chana Masala (Sunday Special),Daal Masoor Curry with Boiled Basmati Rice & Kachumber,Palak Paneer (Spinach with Cottage Cheese) with 2 Chapatis,Doodh Patti Chai with 2 Whole Wheat Rusks,542,14.01,41.73,Kidney Disease,"Pakistani, Indian, Traditional, Balanced"
1724,216.67,72.81,59.99,20.39,27.72,1491,Anda Ghotala (Spiced Scrambled Eggs) with 1 Tandoori Roti,Bhindi Masala (Okra Curry) with 2 Whole Wheat Chapatis,Anda Curry with 2 Chapatis & Onion Salad,"Chana Chaat with Dahi, Onion, Tomato & Tamarind Chutney",460,15.03,72.22,"Diabetes, Hypertension, Heart Disease, Obesity","Pakistani, Indian, Traditional, Balanced"
1537,152.59,92.95,57.49,17.19,20.52,1472,Besan ka Chilla (Savory Gram Flour Pancake) with Mint Dahi,Beef Shami Kebab (2 pcs) with 1 Whole Wheat Roti & Salad,Peshawari Chapli Kabab with 1 Whole Wheat Roti & Salad,Dahi Bhalla (Dahi Baray) with Chaat Masala & Papdi,381,15.69,32.24,"Diabetes, Heart Disease, Obesity","Pakistani, Indian, Low Carb, Traditional"
1473,168.29,69.1,52.06,22.61,19.25,1125,Oatmeal Porridge in Cow Milk with Sliced Bananas & Almonds,Beef Shami Kebab (2 pcs) with 1 Whole Wheat Roti & Salad,Anda Curry with 2 Chapatis & Onion Salad,1 Vegetable Potato Samosa with Mint Green Chutney,373,12.1,28.4,"Hypertension, Kidney Disease","Pakistani, Indian, Low Carb, Traditional"
1828,202.64,99.58,64.05,19.22,27.37,1630,2 Boiled Eggs with 2 Brown Bread Toasts & Green Tea,Aloo Gosht (Potato Beef Curry) with 1.5 Tandoori Rotis,Palak Paneer (Spinach with Cottage Cheese) with 2 Chapatis,"Chana Chaat with Dahi, Onion, Tomato & Tamarind Chutney",623,18.63,57.65,"Diabetes, Heart Disease, Obesity","Pakistani, Indian, Traditional, Balanced"
1494,165.75,83.74,51.37,12.95,16.14,1252,Mooli Paratha with Zeera Raita & Chai,Aloo Gosht (Potato Beef Curry) with 1.5 Tandoori Rotis,Balochi Sajji (Roasted Chicken) with 1 cup Zeera Rice,"Chana Chaat with Dahi, Onion, Tomato & Tamarind Chutney",294,11.48,32.81,"Heart Disease, Kidney Disease","Pakistani, Indian, Low Carb, Traditional"
1633,165.48,118.6,52.96,34.75,18.75,1423,Mooli Paratha with Zeera Raita & Chai,Chicken Karahi (200g) with 2 Whole Wheat Chapatis & Salad,Chicken Tikka Boti (Grilled) with Mint Raita & Fresh Salad,"Fresh Fruit Chaat (Apple, Guava, Banana & Chaat Masala)",375,12.14,100.39,"Hypertension, Heart Disease","Pakistani, Indian, High Protein, Traditional"
1921,206.55,99.06,73.85,14.44,19.54,1521,Plain Desi Ghee Paratha with Shami Kabab & Chai,Daal Channa with 2 Chapatis & Onion Salad,Balochi Sajji (Roasted Chicken) with 1 cup Zeera Rice,1 Vegetable Potato Samosa with Mint Green Chutney,316,14.33,18.32,None,"Pakistani, Indian, Traditional, Balanced"
1535,215.34,67.29,41.37,27.42,29.91,1117,Oatmeal Porridge in Cow Milk with Sliced Bananas & Almonds,Bhindi Masala (Okra Curry) with 2 Whole Wheat Chapatis,Chicken Haleem with 1 Tandoori Naan & Brown Onions,"Chana Chaat with Dahi, Onion, Tomato & Tamarind Chutney",484,12.76,54.83,"Diabetes, Heart Disease, Obesity, Kidney Disease","Pakistani, Indian, Low Fat, Dash, Balanced"
1570,197.75,68.83,53.8,21.81,23.46,1309,1 Whole Wheat Chapati with Fried Egg & Doodh Patti Chai,Bhindi Masala (Okra Curry) with 2 Whole Wheat Chapatis,Chicken Haleem with 1 Tandoori Naan & Brown Onions,Dahi Bhalla (Dahi Baray) with Chaat Masala & Papdi,427,11.83,41.2,"Diabetes, Heart Disease, Obesity, Kidney Disease","Pakistani, Indian, Traditional, Balanced"
1322,182.49,50.31,42.21,28.57,23.45,1023,Mooli Paratha with Zeera Raita & Chai,Bhindi Masala (Okra Curry) with 2 Whole Wheat Chapatis,Chicken Haleem with 1 Tandoori Naan & Brown Onions,"Fresh Fruit Chaat (Apple, Guava, Banana & Chaat Masala)",337,9.89,81.01,"Diabetes, Heart Disease, Kidney Disease","Pakistani, Indian, Low Fat, Dash, Balanced"
1526,165.65,88.93,54.05,28.77,15.26,1360,2 Boiled Eggs with 2 Brown Bread Toasts & Green Tea,Kofta Curry (Spiced Meatballs) with 2 Chapatis,Beef Nihari with 1 Roghani Naan & Ginger Lemon Garnish,"Fresh Fruit Chaat (Apple, Guava, Banana & Chaat Masala)",257,12.29,54.49,Kidney Disease,"Pakistani, Indian, Low Carb, Traditional"
1953,286.04,84.88,53.49,48.26,26.16,1436,Wheat Dalia (Cracked Wheat Porridge in Buffalo Milk),Daal Masoor Curry with Boiled Basmati Rice & Kachumber,Beef Nihari with 1 Roghani Naan & Ginger Lemon Garnish,"Fresh Fruit Chaat (Apple, Guava, Banana & Chaat Masala)",512,15.12,79.65,None,"Pakistani, Indian, Traditional, Balanced"
1549,180.61,75.25,57.55,12.39,16.2,1257,1 Crispy Aloo Paratha with Fresh Dahi & Mint Raita,Chicken Biryani with Mint Zeera Raita & Fresh Salad,Palak Paneer (Spinach with Cottage Cheese) with 2 Chapatis,1 Chicken Shami Kebab with Sliced Cucumber & Mint Raita,536,12.93,43.38,"Hypertension, Heart Disease, Kidney Disease","Pakistani, Indian, Traditional, Balanced"
1506,162.73,80.15,56.58,14.5,18.52,1300,1 Whole Wheat Chapati with Fried Egg & Doodh Patti Chai,Beef Shami Kebab (2 pcs) with 1 Whole Wheat Roti & Salad,Chicken Haleem with 1 Tandoori Naan & Brown Onions,1 Vegetable Potato Samosa with Mint Green Chutney,248,12.06,17.77,Kidney Disease,"Pakistani, Indian, Low Carb, Traditional"
1796,210.93,81.71,68.38,25.15,25.84,1402,Anda Ghotala (Spiced Scrambled Eggs) with 1 Tandoori Roti,Bhindi Masala (Okra Curry) with 2 Whole Wheat Chapatis,Palak Gosht (Spinach Mutton Curry) with 1.5 Chapatis,Doodh Patti Chai with 2 Whole Wheat Rusks,608,16.92,79.39,"Diabetes, Hypertension, Obesity","Pakistani, Indian, Traditional, Balanced"
1723,188.7,113.99,53.23,11.45,19.52,1429,2 Boiled Eggs with 2 Brown Bread Toasts & Green Tea,Chicken Biryani with Mint Zeera Raita & Fresh Salad,Machli (Fried Spiced Fish) with 1 Roti & Fresh Lemon,Roasted Chickpeas (Bhuna Chana - 50g) with Green Tea,464,13.96,22.36,"Hypertension, Heart Disease, Obesity","Pakistani, Indian, High Protein, Traditional"
1882,213.77,109.21,59.25,33.69,17.43,1243,Oatmeal Porridge in Cow Milk with Sliced Bananas & Almonds,Aloo Gosht (Potato Beef Curry) with 1.5 Tandoori Rotis,Balochi Sajji (Roasted Chicken) with 1 cup Zeera Rice,Doodh Patti Chai with 2 Whole Wheat Rusks,482,13.01,22.65,"Heart Disease, Obesity","Pakistani, Indian, Traditional, Balanced"
1682,242.55,62.88,51.98,52.99,20.69,1024,Wheat Dalia (Cracked Wheat Porridge in Buffalo Milk),Chicken Biryani with Mint Zeera Raita & Fresh Salad,"Mix Sabzi (Carrot, Peas, Potatoes) with 2 Chapatis",Gajar ka Halwa (100g Small Cup - Traditional Sweet),601,10.5,52.48,"Hypertension, Kidney Disease","Pakistani, Indian, Traditional, Balanced"
1593,153.02,120.0,52.4,18.87,13.1,1383,2 Boiled Eggs with 2 Brown Bread Toasts & Green Tea,Beef Pulao Gosht with Mint Raita & Sliced Cucumbers,Chicken Tikka Boti (Grilled) with Mint Raita & Fresh Salad,Doodh Patti Chai with 2 Whole Wheat Rusks,424,12.68,25.15,"Heart Disease, Obesity","Pakistani, Indian, High Protein, Traditional"
1327,139.94,64.24,53.16,14.08,14.36,1154,1 Whole Wheat Chapati with Fried Egg & Doodh Patti Chai,Beef Shami Kebab (2 pcs) with 1 Whole Wheat Roti & Salad,Anda Curry with 2 Chapatis & Onion Salad,1 Vegetable Potato Samosa with Mint Green Chutney,245,10.81,20.9,"Hypertension, Kidney Disease","Pakistani, Indian, Low Carb, Traditional"
1687,188.27,90.21,60.79,20.3,18.34,1294,Mooli Paratha with Zeera Raita & Chai,Chicken Karahi (200g) with 2 Whole Wheat Chapatis & Salad,Palak Gosht (Spinach Mutton Curry) with 1.5 Chapatis,Doodh Patti Chai with 2 Whole Wheat Rusks,500,14.22,55.4,"Hypertension, Heart Disease","Pakistani, Indian, Traditional, Balanced"
1958,196.82,102.98,80.66,14.2,16.94,1755,Mooli Paratha with Zeera Raita & Chai,Aloo Gosht (Potato Beef Curry) with 1.5 Tandoori Rotis,Beef Nihari with 1 Roghani Naan & Ginger Lemon Garnish,1 Chicken Shami Kebab with Sliced Cucumber & Mint Raita,330,15.32,35.51,None,"Pakistani, Indian, Traditional, Balanced"
1947,226.22,81.04,74.63,25.65,18.07,1539,1 Crispy Aloo Paratha with Fresh Dahi & Mint Raita,Aloo Gosht (Potato Beef Curry) with 1.5 Tandoori Rotis,Anda Curry with 2 Chapatis & Onion Salad,Doodh Patti Chai with 2 Whole Wheat Rusks,484,14.11,30.9,None,"Pakistani, Indian, Traditional, Balanced"
1802,191.36,117.93,60.08,16.69,19.69,1635,Mooli Paratha with Zeera Raita & Chai,Beef Pulao Gosht with Mint Raita & Sliced Cucumbers,Chicken Tikka Boti (Grilled) with Mint Raita & Fresh Salad,"Chana Chaat with Dahi, Onion, Tomato & Tamarind Chutney",445,14.91,51.18,Heart Disease,"Pakistani, Indian, High Protein, Traditional"
1439,168.33,77.43,47.55,22.72,18.52,1195,Oatmeal Porridge in Cow Milk with Sliced Bananas & Almonds,Beef Shami Kebab (2 pcs) with 1 Whole Wheat Roti & Salad,Beef Nihari with 1 Roghani Naan & Ginger Lemon Garnish,"Chana Chaat with Dahi, Onion, Tomato & Tamarind Chutney",332,12.37,27.77,Kidney Disease,"Pakistani, Indian, Low Carb, Traditional"
1448,175.07,76.87,47.69,35.35,26.93,1167,Besan ka Chilla (Savory Gram Flour Pancake) with Mint Dahi,Beef Shami Kebab (2 pcs) with 1 Whole Wheat Roti & Salad,Palak Paneer (Spinach with Cottage Cheese) with 2 Chapatis,"Fresh Fruit Chaat (Apple, Guava, Banana & Chaat Masala)",539,16.5,93.71,"Hypertension, Heart Disease, Obesity, Kidney Disease","Pakistani, Indian, Low Fat, Dash, Balanced"
1154,137.17,60.22,39.73,26.76,17.48,970,Anda Ghotala (Spiced Scrambled Eggs) with 1 Tandoori Roti,Bhindi Masala (Okra Curry) with 2 Whole Wheat Chapatis,Machli (Fried Spiced Fish) with 1 Roti & Fresh Lemon,"Fresh Fruit Chaat (Apple, Guava, Banana & Chaat Masala)",318,9.03,76.11,"Hypertension, Heart Disease, Obesity, Kidney Disease","Pakistani, Indian, Low Carb, Traditional"
1270,161.94,54.12,42.19,27.27,19.6,1048,Mooli Paratha with Zeera Raita & Chai,Daal Channa with 2 Chapatis & Onion Salad,Peshawari Chapli Kabab with 1 Whole Wheat Roti & Salad,"Fresh Fruit Chaat (Apple, Guava, Banana & Chaat Masala)",273,10.82,65.63,"Heart Disease, Kidney Disease","Pakistani, Indian, Low Carb, Traditional"
1670,190.88,101.12,51.13,35.79,20.22,1386,2 Boiled Eggs with 2 Brown Bread Toasts & Green Tea,Chicken Karahi (200g) with 2 Whole Wheat Chapatis & Salad,Anda Curry with 2 Chapatis & Onion Salad,"Fresh Fruit Chaat (Apple, Guava, Banana & Chaat Masala)",352,13.18,82.37,"Hypertension, Heart Disease, Obesity","Pakistani, Indian, Traditional, Balanced"
1821,195.77,88.78,70.0,16.5,21.97,1525,Plain Desi Ghee Paratha with Shami Kabab & Chai,Daal Channa with 2 Chapatis & Onion Salad,Anda Curry with 2 Chapatis & Onion Salad,1 Chicken Shami Kebab with Sliced Cucumber & Mint Raita,376,15.82,26.75,Diabetes,"Pakistani, Indian, Traditional, Balanced"
1626,190.79,81.77,60.42,52.24,15.72,1217,Halwa Puri with Chana Masala (Sunday Special),Beef Shami Kebab (2 pcs) with 1 Whole Wheat Roti & Salad,Balochi Sajji (Roasted Chicken) with 1 cup Zeera Rice,"Fresh Fruit Chaat (Apple, Guava, Banana & Chaat Masala)",218,11.17,54.51,Kidney Disease,"Pakistani, Indian, Traditional, Balanced"
2179,261.01,77.72,92.05,79.24,23.07,1480,Halwa Puri with Chana Masala (Sunday Special),Bhindi Masala (Okra Curry) with 2 Whole Wheat Chapatis,Machli (Fried Spiced Fish) with 1 Roti & Fresh Lemon,Gajar ka Halwa (100g Small Cup - Traditional Sweet),571,13.17,50.11,None,"Pakistani, Indian, Traditional, Balanced"
2432,299.28,101.32,94.56,48.32,20.06,2037,Halwa Puri with Chana Masala (Sunday Special),Chicken Biryani with Mint Zeera Raita & Fresh Salad,Beef Nihari with 1 Roghani Naan & Ginger Lemon Garnish,"Chana Chaat with Dahi, Onion, Tomato & Tamarind Chutney",395,16.21,36.37,None,"Pakistani, Indian, Traditional, Balanced"
2030,238.7,98.95,74.98,27.03,13.57,1653,1 Whole Wheat Chapati with Fried Egg & Doodh Patti Chai,Chicken Biryani with Mint Zeera Raita & Fresh Salad,Beef Nihari with 1 Roghani Naan & Ginger Lemon Garnish,Doodh Patti Chai with 2 Whole Wheat Rusks,423,13.16,21.93,None,"Pakistani, Indian, Traditional, Balanced"
1622,216.27,66.98,50.76,12.69,26.48,1258,Besan ka Chilla (Savory Gram Flour Pancake) with Mint Dahi,Lobia / Red Kidney Bean Curry (Kalool) with Zeera Rice,Anda Curry with 2 Chapatis & Onion Salad,1 Vegetable Potato Samosa with Mint Green Chutney,381,15.12,27.59,"Hypertension, Kidney Disease","Pakistani, Indian, Traditional, Balanced"
1625,135.94,122.34,60.53,40.89,14.55,1359,2 Boiled Eggs with 2 Brown Bread Toasts & Green Tea,Kofta Curry (Spiced Meatballs) with 2 Chapatis,Chicken Tikka Boti (Grilled) with Mint Raita & Fresh Salad,Gajar ka Halwa (100g Small Cup - Traditional Sweet),441,12.85,31.33,Hypertension,"Pakistani, Indian, High Protein, Traditional"
1803,234.05,70.02,66.19,38.37,24.94,1295,Halwa Puri with Chana Masala (Sunday Special),Lobia / Red Kidney Bean Curry (Kalool) with Zeera Rice,Palak Paneer (Spinach with Cottage Cheese) with 2 Chapatis,1 Chicken Shami Kebab with Sliced Cucumber & Mint Raita,508,15.83,38.85,Kidney Disease,"Pakistani, Indian, Traditional, Balanced"
1828,217.53,112.23,53.8,15.62,18.74,1412,1 Whole Wheat Chapati with Fried Egg & Doodh Patti Chai,Daal Masoor Curry with Boiled Basmati Rice & Kachumber,Balochi Sajji (Roasted Chicken) with 1 cup Zeera Rice,1 Chicken Shami Kebab with Sliced Cucumber & Mint Raita,330,14.58,27.77,"Hypertension, Heart Disease, Obesity","Pakistani, Indian, High Protein, Traditional"
1727,203.3,104.93,52.47,16.4,21.1,1541,Besan ka Chilla (Savory Gram Flour Pancake) with Mint Dahi,Chicken Biryani with Mint Zeera Raita & Fresh Salad,Machli (Fried Spiced Fish) with 1 Roti & Fresh Lemon,"Chana Chaat with Dahi, Onion, Tomato & Tamarind Chutney",481,14.43,37.71,"Hypertension, Heart Disease, Obesity","Pakistani, Indian, Traditional, Balanced"
2111,239.98,88.88,88.33,67.77,21.11,1722,Halwa Puri with Chana Masala (Sunday Special),Aloo Gosht (Potato Beef Curry) with 1.5 Tandoori Rotis,Peshawari Chapli Kabab with 1 Whole Wheat Roti & Salad,"Fresh Fruit Chaat (Apple, Guava, Banana & Chaat Masala)",289,15.89,79.99,None,"Pakistani, Indian, Traditional, Balanced"
1500,131.65,97.49,61.24,11.25,11.25,1258,Plain Desi Ghee Paratha with Shami Kabab & Chai,Aloo Gosht (Potato Beef Curry) with 1.5 Tandoori Rotis,Balochi Sajji (Roasted Chicken) with 1 cup Zeera Rice,1 Chicken Shami Kebab with Sliced Cucumber & Mint Raita,237,11.92,17.91,None,"Pakistani, Indian, Low Carb, Traditional"
1238,153.18,71.25,34.29,12.47,21.64,1087,Besan ka Chilla (Savory Gram Flour Pancake) with Mint Dahi,Daal Channa with 2 Chapatis & Onion Salad,Machli (Fried Spiced Fish) with 1 Roti & Fresh Lemon,"Chana Chaat with Dahi, Onion, Tomato & Tamarind Chutney",347,12.02,25.38,"Diabetes, Hypertension, Heart Disease, Obesity, Kidney Disease","Pakistani, Indian, Low Carb, Traditional"
1516,185.09,67.16,54.65,35.43,18.95,1084,Anda Ghotala (Spiced Scrambled Eggs) with 1 Tandoori Roti,Daal Masoor Curry with Boiled Basmati Rice & Kachumber,Palak Gosht (Spinach Mutton Curry) with 1.5 Chapatis,Gajar ka Halwa (100g Small Cup - Traditional Sweet),441,14.01,45.83,"Hypertension, Kidney Disease","Pakistani, Indian, Traditional, Balanced"
1409,165.33,58.2,54.41,17.29,19.82,1164,Plain Desi Ghee Paratha with Shami Kabab & Chai,Daal Channa with 2 Chapatis & Onion Salad,Palak Paneer (Spinach with Cottage Cheese) with 2 Chapatis,Dahi Bhalla (Dahi Baray) with Chaat Masala & Papdi,502,12.99,32.05,Kidney Disease,"Pakistani, Indian, Low Carb, Traditional"
2116,291.33,83.82,68.79,39.88,24.86,1711,1 Crispy Aloo Paratha with Fresh Dahi & Mint Raita,Daal Masoor Curry with Boiled Basmati Rice & Kachumber,Beef Nihari with 1 Roghani Naan & Ginger Lemon Garnish,"Fresh Fruit Chaat (Apple, Guava, Banana & Chaat Masala)",405,16.07,84.39,None,"Pakistani, Indian, Traditional, Balanced"
1969,194.65,113.08,78.54,17.67,24.75,1553,Plain Desi Ghee Paratha with Shami Kabab & Chai,Kofta Curry (Spiced Meatballs) with 2 Chapatis,Palak Gosht (Spinach Mutton Curry) with 1.5 Chapatis,Roasted Chickpeas (Bhuna Chana - 50g) with Green Tea,495,20.7,44.44,Diabetes,"Pakistani, Indian, High Protein, Traditional"
1598,189.58,80.41,55.91,39.41,21.3,1246,1 Whole Wheat Chapati with Fried Egg & Doodh Patti Chai,Kofta Curry (Spiced Meatballs) with 2 Chapatis,Palak Paneer (Spinach with Cottage Cheese) with 2 Chapatis,"Fresh Fruit Chaat (Apple, Guava, Banana & Chaat Masala)",511,14.7,85.2,"Hypertension, Heart Disease, Obesity, Kidney Disease","Pakistani, Indian, Traditional, Balanced"
1962,250.28,105.97,57.5,18.6,27.62,1680,Besan ka Chilla (Savory Gram Flour Pancake) with Mint Dahi,Chicken Biryani with Mint Zeera Raita & Fresh Salad,Chicken Haleem with 1 Tandoori Naan & Brown Onions,"Chana Chaat with Dahi, Onion, Tomato & Tamarind Chutney",457,16.57,38.89,"Heart Disease, Obesity","Pakistani, Indian, Traditional, Balanced"
1684,241.87,61.33,53.56,51.83,24.88,1192,Halwa Puri with Chana Masala (Sunday Special),Lobia / Red Kidney Bean Curry (Kalool) with Zeera Rice,Chicken Haleem with 1 Tandoori Naan & Brown Onions,"Fresh Fruit Chaat (Apple, Guava, Banana & Chaat Masala)",281,12.27,52.26,Kidney Disease,"Pakistani, Indian, Traditional, Balanced"
1771,187.16,109.17,61.88,9.56,13.28,1389,Mooli Paratha with Zeera Raita & Chai,Beef Pulao Gosht with Mint Raita & Sliced Cucumbers,Balochi Sajji (Roasted Chicken) with 1 cup Zeera Rice,1 Chicken Shami Kebab with Sliced Cucumber & Mint Raita,332,13.08,25.16,Heart Disease,"Pakistani, Indian, Traditional, Balanced"
1645,156.48,116.79,58.68,41.42,18.18,1496,1 Whole Wheat Chapati with Fried Egg & Doodh Patti Chai,Aloo Gosht (Potato Beef Curry) with 1.5 Tandoori Rotis,Chicken Tikka Boti (Grilled) with Mint Raita & Fresh Salad,"Fresh Fruit Chaat (Apple, Guava, Banana & Chaat Masala)",334,13.46,85.15,"Heart Disease, Obesity","Pakistani, Indian, High Protein, Traditional"
1586,221.05,62.47,49.5,18.26,22.78,1288,Mooli Paratha with Zeera Raita & Chai,Beef Pulao Gosht with Mint Raita & Sliced Cucumbers,"Mix Sabzi (Carrot, Peas, Potatoes) with 2 Chapatis","Chana Chaat with Dahi, Onion, Tomato & Tamarind Chutney",370,12.78,61.51,"Diabetes, Heart Disease, Kidney Disease","Pakistani, Indian, Low Fat, Dash, Balanced"
2212,315.3,71.77,75.88,52.35,32.0,1671,Halwa Puri with Chana Masala (Sunday Special),Daal Masoor Curry with Boiled Basmati Rice & Kachumber,Palak Paneer (Spinach with Cottage Cheese) with 2 Chapatis,"Chana Chaat with Dahi, Onion, Tomato & Tamarind Chutney",629,19.18,64.71,None,"Pakistani, Indian, Traditional, Balanced"
1514,177.28,77.06,52.83,13.36,23.16,1140,Plain Desi Ghee Paratha with Shami Kabab & Chai,Lobia / Red Kidney Bean Curry (Kalool) with Zeera Rice,Peshawari Chapli Kabab with 1 Whole Wheat Roti & Salad,Roasted Chickpeas (Bhuna Chana - 50g) with Green Tea,325,15.06,21.38,"Diabetes, Kidney Disease","Pakistani, Indian, Traditional, Balanced"
1536,161.03,66.57,69.31,32.79,14.53,1311,Halwa Puri with Chana Masala (Sunday Special),Beef Shami Kebab (2 pcs) with 1 Whole Wheat Roti & Salad,Peshawari Chapli Kabab with 1 Whole Wheat Roti & Salad,1 Vegetable Potato Samosa with Mint Green Chutney,203,11.87,24.07,Kidney Disease,"Pakistani, Indian, Low Carb, Traditional"
1908,206.56,106.08,71.85,14.59,19.76,1617,Anda Ghotala (Spiced Scrambled Eggs) with 1 Tandoori Roti,Chicken Biryani with Mint Zeera Raita & Fresh Salad,Palak Paneer (Spinach with Cottage Cheese) with 2 Chapatis,1 Chicken Shami Kebab with Sliced Cucumber & Mint Raita,606,16.84,57.25,Obesity,"Pakistani, Indian, Traditional, Balanced"
1992,241.19,110.69,62.69,15.15,24.47,1410,Plain Desi Ghee Paratha with Shami Kabab & Chai,Daal Masoor Curry with Boiled Basmati Rice & Kachumber,Balochi Sajji (Roasted Chicken) with 1 cup Zeera Rice,Roasted Chickpeas (Bhuna Chana - 50g) with Green Tea,379,17.13,25.05,Diabetes,"Pakistani, Indian, High Protein, Traditional"
1635,209.9,67.84,55.43,20.29,27.6,1171,1 Whole Wheat Chapati with Fried Egg & Doodh Patti Chai,Bhindi Masala (Okra Curry) with 2 Whole Wheat Chapatis,Anda Curry with 2 Chapatis & Onion Salad,Roasted Chickpeas (Bhuna Chana - 50g) with Green Tea,452,14.5,51.03,"Diabetes, Hypertension, Heart Disease, Obesity, Kidney Disease","Pakistani, Indian, Traditional, Balanced"
1599,198.57,82.25,47.55,20.9,20.48,1076,Oatmeal Porridge in Cow Milk with Sliced Bananas & Almonds,Daal Channa with 2 Chapatis & Onion Salad,Balochi Sajji (Roasted Chicken) with 1 cup Zeera Rice,1 Vegetable Potato Samosa with Mint Green Chutney,366,11.6,19.86,"Hypertension, Kidney Disease","Pakistani, Indian, Low Fat, Dash, Balanced"
1737,241.5,82.23,44.28,29.9,28.64,1334,Oatmeal Porridge in Cow Milk with Sliced Bananas & Almonds,Daal Masoor Curry with Boiled Basmati Rice & Kachumber,Peshawari Chapli Kabab with 1 Whole Wheat Roti & Salad,"Chana Chaat with Dahi, Onion, Tomato & Tamarind Chutney",477,16.33,51.75,"Diabetes, Heart Disease, Obesity, Kidney Disease","Pakistani, Indian, Low Fat, Dash, Balanced"
1306,143.19,62.33,51.8,15.58,17.44,1196,Anda Ghotala (Spiced Scrambled Eggs) with 1 Tandoori Roti,Bhindi Masala (Okra Curry) with 2 Whole Wheat Chapatis,Peshawari Chapli Kabab with 1 Whole Wheat Roti & Salad,Dahi Bhalla (Dahi Baray) with Chaat Masala & Papdi,350,11.2,48.43,"Heart Disease, Obesity, Kidney Disease","Pakistani, Indian, Low Carb, Traditional"
1401,167.05,73.4,47.67,17.46,16.03,1097,Besan ka Chilla (Savory Gram Flour Pancake) with Mint Dahi,Chicken Biryani with Mint Zeera Raita & Fresh Salad,Palak Gosht (Spinach Mutton Curry) with 1.5 Chapatis,Doodh Patti Chai with 2 Whole Wheat Rusks,456,12.99,37.97,"Hypertension, Heart Disease, Obesity, Kidney Disease","Pakistani, Indian, Low Carb, Traditional"
1576,150.88,118.79,52.92,39.97,16.89,1419,1 Whole Wheat Chapati with Fried Egg & Doodh Patti Chai,Kofta Curry (Spiced Meatballs) with 2 Chapatis,Chicken Tikka Boti (Grilled) with Mint Raita & Fresh Salad,"Fresh Fruit Chaat (Apple, Guava, Banana & Chaat Masala)",332,12.95,81.07,"Hypertension, Heart Disease, Obesity","Pakistani, Indian, High Protein, Traditional"
1410,189.82,59.21,45.2,18.53,19.43,1049,Anda Ghotala (Spiced Scrambled Eggs) with 1 Tandoori Roti,Daal Masoor Curry with Boiled Basmati Rice & Kachumber,Palak Paneer (Spinach with Cottage Cheese) with 2 Chapatis,Doodh Patti Chai with 2 Whole Wheat Rusks,506,12.93,43.84,"Hypertension, Heart Disease, Obesity, Kidney Disease","Pakistani, Indian, Low Fat, Dash, Balanced"
1380,155.23,82.12,42.64,46.95,18.97,891,Oatmeal Porridge in Cow Milk with Sliced Bananas & Almonds,Daal Channa with 2 Chapatis & Onion Salad,Chicken Tikka Boti (Grilled) with Mint Raita & Fresh Salad,Gajar ka Halwa (100g Small Cup - Traditional Sweet),474,10.44,29.7,"Hypertension, Kidney Disease","Pakistani, Indian, Low Carb, Traditional"
1461,173.38,60.96,56.06,11.78,21.58,1197,Anda Ghotala (Spiced Scrambled Eggs) with 1 Tandoori Roti,Daal Channa with 2 Chapatis & Onion Salad,Palak Paneer (Spinach with Cottage Cheese) with 2 Chapatis,1 Vegetable Potato Samosa with Mint Green Chutney,448,13.66,41.46,"Hypertension, Kidney Disease","Pakistani, Indian, Traditional, Balanced"
1682,181.56,92.33,61.38,15.99,13.93,1372,1 Whole Wheat Chapati with Fried Egg & Doodh Patti Chai,Beef Pulao Gosht with Mint Raita & Sliced Cucumbers,Anda Curry with 2 Chapatis & Onion Salad,1 Chicken Shami Kebab with Sliced Cucumber & Mint Raita,330,13.62,20.63,"Heart Disease, Obesity","Pakistani, Indian, Traditional, Balanced"
1447,155.02,98.9,44.95,10.33,18.6,1364,2 Boiled Eggs with 2 Brown Bread Toasts & Green Tea,Daal Masoor Curry with Boiled Basmati Rice & Kachumber,Chicken Tikka Boti (Grilled) with Mint Raita & Fresh Salad,1 Vegetable Potato Samosa with Mint Green Chutney,331,12.61,38.75,Hypertension,"Pakistani, Indian, Low Carb, Traditional"
1763,208.55,78.68,66.83,34.6,20.48,1469,Plain Desi Ghee Paratha with Shami Kabab & Chai,Daal Channa with 2 Chapatis & Onion Salad,Beef Nihari with 1 Roghani Naan & Ginger Lemon Garnish,"Fresh Fruit Chaat (Apple, Guava, Banana & Chaat Masala)",294,13.93,58.3,None,"Pakistani, Indian, Traditional, Balanced"
1370,165.17,78.5,40.39,13.16,18.33,1107,Besan ka Chilla (Savory Gram Flour Pancake) with Mint Dahi,Daal Channa with 2 Chapatis & Onion Salad,Balochi Sajji (Roasted Chicken) with 1 cup Zeera Rice,Dahi Bhalla (Dahi Baray) with Chaat Masala & Papdi,336,11.62,16.34,"Hypertension, Heart Disease, Obesity, Kidney Disease","Pakistani, Indian, Low Carb, Traditional"
1968,239.06,96.35,70.07,39.67,16.59,1649,1 Whole Wheat Chapati with Fried Egg & Doodh Patti Chai,Chicken Biryani with Mint Zeera Raita & Fresh Salad,Beef Nihari with 1 Roghani Naan & Ginger Lemon Garnish,"Fresh Fruit Chaat (Apple, Guava, Banana & Chaat Masala)",350,13.4,68.01,None,"Pakistani, Indian, Traditional, Balanced"
1388,169.38,54.13,52.82,16.33,21.74,1170,Mooli Paratha with Zeera Raita & Chai,Bhindi Masala (Okra Curry) with 2 Whole Wheat Chapatis,Palak Gosht (Spinach Mutton Curry) with 1.5 Chapatis,Dahi Bhalla (Dahi Baray) with Chaat Masala & Papdi,511,12.75,65.92,"Diabetes, Hypertension, Heart Disease, Kidney Disease","Pakistani, Indian, Low Carb, Traditional"
1220,207.71,40.49,25.73,40.97,26.3,786,Wheat Dalia (Cracked Wheat Porridge in Buffalo Milk),Daal Channa with 2 Chapatis & Onion Salad,"Mix Sabzi (Carrot, Peas, Potatoes) with 2 Chapatis","Fresh Fruit Chaat (Apple, Guava, Banana & Chaat Masala)",414,9.91,84.32,"Hypertension, Heart Disease, Obesity, Kidney Disease","Pakistani, Indian, Vegetarian, Balanced"
1353,149.63,68.51,50.86,18.49,15.47,1143,1 Whole Wheat Chapati with Fried Egg & Doodh Patti Chai,Kofta Curry (Spiced Meatballs) with 2 Chapatis,Palak Paneer (Spinach with Cottage Cheese) with 2 Chapatis,Dahi Bhalla (Dahi Baray) with Chaat Masala & Papdi,475,12.11,32.36,"Hypertension, Heart Disease, Obesity, Kidney Disease","Pakistani, Indian, Low Carb, Traditional"
1435,137.79,97.21,51.44,18.4,13.12,1246,Mooli Paratha with Zeera Raita & Chai,Kofta Curry (Spiced Meatballs) with 2 Chapatis,Chicken Tikka Boti (Grilled) with Mint Raita & Fresh Salad,Doodh Patti Chai with 2 Whole Wheat Rusks,387,10.76,36.34,"Hypertension, Heart Disease","Pakistani, Indian, Low Carb, Traditional"
1563,131.45,93.26,69.72,13.77,13.94,1430,Plain Desi Ghee Paratha with Shami Kabab & Chai,Aloo Gosht (Potato Beef Curry) with 1.5 Tandoori Rotis,Peshawari Chapli Kabab with 1 Whole Wheat Roti & Salad,1 Chicken Shami Kebab with Sliced Cucumber & Mint Raita,262,14.12,27.98,None,"Pakistani, Indian, Low Carb, Traditional"
1758,193.8,100.84,62.53,12.96,22.2,1397,Besan ka Chilla (Savory Gram Flour Pancake) with Mint Dahi,Beef Pulao Gosht with Mint Raita & Sliced Cucumbers,Palak Paneer (Spinach with Cottage Cheese) with 2 Chapatis,1 Chicken Shami Kebab with Sliced Cucumber & Mint Raita,592,18.48,44.51,"Diabetes, Heart Disease, Obesity","Pakistani, Indian, Traditional, Balanced"
1281,188.32,44.65,37.37,42.71,26.99,786,Oatmeal Porridge in Cow Milk with Sliced Bananas & Almonds,Bhindi Masala (Okra Curry) with 2 Whole Wheat Chapatis,Palak Paneer (Spinach with Cottage Cheese) with 2 Chapatis,"Fresh Fruit Chaat (Apple, Guava, Banana & Chaat Masala)",616,11.94,104.84,"Hypertension, Heart Disease, Obesity, Kidney Disease","Pakistani, Indian, Vegetarian, Balanced"
1688,229.66,83.88,46.43,14.98,21.17,1318,1 Crispy Aloo Paratha with Fresh Dahi & Mint Raita,Daal Masoor Curry with Boiled Basmati Rice & Kachumber,Balochi Sajji (Roasted Chicken) with 1 cup Zeera Rice,"Chana Chaat with Dahi, Onion, Tomato & Tamarind Chutney",374,13.28,35.95,"Hypertension, Heart Disease, Kidney Disease","Pakistani, Indian, Low Fat, Dash, Balanced"
1755,173.41,94.75,71.03,45.44,14.42,1327,1 Whole Wheat Chapati with Fried Egg & Doodh Patti Chai,Aloo Gosht (Potato Beef Curry) with 1.5 Tandoori Rotis,Machli (Fried Spiced Fish) with 1 Roti & Fresh Lemon,Gajar ka Halwa (100g Small Cup - Traditional Sweet),439,12.12,19.85,None,"Pakistani, Indian, Traditional, Balanced"
1555,194.87,64.81,57.21,23.24,16.09,1162,Plain Desi Ghee Paratha with Shami Kabab & Chai,Beef Pulao Gosht with Mint Raita & Sliced Cucumbers,"Mix Sabzi (Carrot, Peas, Potatoes) with 2 Chapatis",Doodh Patti Chai with 2 Whole Wheat Rusks,353,11.62,38.44,Kidney Disease,"Pakistani, Indian, Traditional, Balanced"
1448,206.56,55.45,44.87,17.78,19.72,1202,1 Crispy Aloo Paratha with Fresh Dahi & Mint Raita,Chicken Biryani with Mint Zeera Raita & Fresh Salad,"Mix Sabzi (Carrot, Peas, Potatoes) with 2 Chapatis","Chana Chaat with Dahi, Onion, Tomato & Tamarind Chutney",372,10.67,55.87,"Hypertension, Heart Disease, Kidney Disease","Pakistani, Indian, Low Fat, Dash, Balanced"
1516,151.64,86.45,58.71,19.88,13.96,1387,1 Whole Wheat Chapati with Fried Egg & Doodh Patti Chai,Kofta Curry (Spiced Meatballs) with 2 Chapatis,Peshawari Chapli Kabab with 1 Whole Wheat Roti & Salad,Dahi Bhalla (Dahi Baray) with Chaat Masala & Papdi,328,12.67,24.5,"Heart Disease, Obesity, Kidney Disease","Pakistani, Indian, Low Carb, Traditional"
1850,252.96,69.68,60.31,25.76,32.56,1534,Plain Desi Ghee Paratha with Shami Kabab & Chai,Daal Channa with 2 Chapatis & Onion Salad,"Mix Sabzi (Carrot, Peas, Potatoes) with 2 Chapatis","Chana Chaat with Dahi, Onion, Tomato & Tamarind Chutney",416,16.4,66.17,Diabetes,"Pakistani, Indian, Traditional, Balanced"
1654,159.99,84.49,71.46,19.05,17.26,1474,Plain Desi Ghee Paratha with Shami Kabab & Chai,Aloo Gosht (Potato Beef Curry) with 1.5 Tandoori Rotis,Palak Gosht (Spinach Mutton Curry) with 1.5 Chapatis,Dahi Bhalla (Dahi Baray) with Chaat Masala & Papdi,440,15.55,39.55,None,"Pakistani, Indian, Low Carb, Traditional"
1282,181.28,68.09,32.1,20.78,22.37,800,Wheat Dalia (Cracked Wheat Porridge in Buffalo Milk),Chicken Karahi (200g) with 2 Whole Wheat Chapatis & Salad,"Mix Sabzi (Carrot, Peas, Potatoes) with 2 Chapatis",Roasted Chickpeas (Bhuna Chana - 50g) with Green Tea,407,10.79,48.19,"Diabetes, Hypertension, Heart Disease, Obesity, Kidney Disease","Pakistani, Indian, Low Fat, Dash, Balanced"
1407,144.0,80.02,55.03,13.82,14.73,1159,1 Whole Wheat Chapati with Fried Egg & Doodh Patti Chai,Chicken Karahi (200g) with 2 Whole Wheat Chapatis & Salad,Palak Gosht (Spinach Mutton Curry) with 1.5 Chapatis,1 Vegetable Potato Samosa with Mint Green Chutney,323,12.41,40.55,"Hypertension, Kidney Disease","Pakistani, Indian, Low Carb, Traditional"
1909,226.77,97.19,64.79,14.46,25.69,1562,1 Crispy Aloo Paratha with Fresh Dahi & Mint Raita,Lobia / Red Kidney Bean Curry (Kalool) with Zeera Rice,Peshawari Chapli Kabab with 1 Whole Wheat Roti & Salad,1 Chicken Shami Kebab with Sliced Cucumber & Mint Raita,440,17.47,36.45,Heart Disease,"Pakistani, Indian, Traditional, Balanced"
1723,188.94,113.92,54.46,20.01,15.89,1317,Wheat Dalia (Cracked Wheat Porridge in Buffalo Milk),Beef Pulao Gosht with Mint Raita & Sliced Cucumbers,Machli (Fried Spiced Fish) with 1 Roti & Fresh Lemon,1 Chicken Shami Kebab with Sliced Cucumber & Mint Raita,550,13.45,18.34,"Heart Disease, Obesity","Pakistani, Indian, High Protein, Traditional"
1886,222.7,84.65,70.45,25.0,20.68,1420,1 Crispy Aloo Paratha with Fresh Dahi & Mint Raita,Kofta Curry (Spiced Meatballs) with 2 Chapatis,Palak Paneer (Spinach with Cottage Cheese) with 2 Chapatis,Doodh Patti Chai with 2 Whole Wheat Rusks,693,15.91,46.02,Hypertension,"Pakistani, Indian, Traditional, Balanced"
2002,247.78,99.0,65.26,19.36,22.01,1814,2 Boiled Eggs with 2 Brown Bread Toasts & Green Tea,Daal Masoor Curry with Boiled Basmati Rice & Kachumber,Beef Nihari with 1 Roghani Naan & Ginger Lemon Garnish,Dahi Bhalla (Dahi Baray) with Chaat Masala & Papdi,437,16.15,29.87,None,"Pakistani, Indian, Traditional, Balanced"
1710,164.47,103.73,66.81,14.02,17.47,1476,Plain Desi Ghee Paratha with Shami Kabab & Chai,Kofta Curry (Spiced Meatballs) with 2 Chapatis,Chicken Haleem with 1 Tandoori Naan & Brown Onions,1 Chicken Shami Kebab with Sliced Cucumber & Mint Raita,294,14.3,20.09,None,"Pakistani, Indian, Low Carb, Traditional"
1703,145.46,129.67,63.48,13.53,20.41,1522,Anda Ghotala (Spiced Scrambled Eggs) with 1 Tandoori Roti,Aloo Gosht (Potato Beef Curry) with 1.5 Tandoori Rotis,Chicken Tikka Boti (Grilled) with Mint Raita & Fresh Salad,Roasted Chickpeas (Bhuna Chana - 50g) with Green Tea,350,16.12,41.72,"Diabetes, Heart Disease, Obesity","Pakistani, Indian, High Protein, Traditional"
1217,172.03,64.62,30.46,19.72,21.23,759,Wheat Dalia (Cracked Wheat Porridge in Buffalo Milk),Chicken Karahi (200g) with 2 Whole Wheat Chapatis & Salad,"Mix Sabzi (Carrot, Peas, Potatoes) with 2 Chapatis",Roasted Chickpeas (Bhuna Chana - 50g) with Green Tea,386,10.24,45.73,"Diabetes, Hypertension, Heart Disease, Obesity, Kidney Disease","Pakistani, Indian, Low Fat, Dash, Balanced"
1459,175.48,73.15,48.8,43.42,14.77,891,Wheat Dalia (Cracked Wheat Porridge in Buffalo Milk),Chicken Karahi (200g) with 2 Whole Wheat Chapatis & Salad,Anda Curry with 2 Chapatis & Onion Salad,Gajar ka Halwa (100g Small Cup - Traditional Sweet),488,9.67,26.41,"Hypertension, Kidney Disease","Pakistani, Indian, Low Fat, Dash, Balanced"
1444,160.21,73.24,54.58,10.12,16.11,1188,2 Boiled Eggs with 2 Brown Bread Toasts & Green Tea,Beef Pulao Gosht with Mint Raita & Sliced Cucumbers,Palak Paneer (Spinach with Cottage Cheese) with 2 Chapatis,1 Vegetable Potato Samosa with Mint Green Chutney,449,13.12,31.25,Kidney Disease,"Pakistani, Indian, Low Carb, Traditional"
1651,195.32,73.19,62.42,43.8,19.13,1208,Anda Ghotala (Spiced Scrambled Eggs) with 1 Tandoori Roti,Kofta Curry (Spiced Meatballs) with 2 Chapatis,"Mix Sabzi (Carrot, Peas, Potatoes) with 2 Chapatis",Gajar ka Halwa (100g Small Cup - Traditional Sweet),378,12.38,54.37,"Hypertension, Kidney Disease","Pakistani, Indian, Traditional, Balanced"
1692,241.39,41.7,62.5,49.03,26.94,1099,1 Crispy Aloo Paratha with Fresh Dahi & Mint Raita,Bhindi Masala (Okra Curry) with 2 Whole Wheat Chapatis,"Mix Sabzi (Carrot, Peas, Potatoes) with 2 Chapatis",Gajar ka Halwa (100g Small Cup - Traditional Sweet),550,11.64,81.9,"Hypertension, Kidney Disease","Pakistani, Indian, Vegetarian, Balanced"
1722,199.45,92.38,59.83,20.68,19.63,1302,Besan ka Chilla (Savory Gram Flour Pancake) with Mint Dahi,Beef Pulao Gosht with Mint Raita & Sliced Cucumbers,Palak Gosht (Spinach Mutton Curry) with 1.5 Chapatis,Doodh Patti Chai with 2 Whole Wheat Rusks,525,17.22,38.84,"Heart Disease, Obesity","Pakistani, Indian, Traditional, Balanced"
1793,218.15,106.22,50.6,24.56,22.16,1234,Oatmeal Porridge in Cow Milk with Sliced Bananas & Almonds,Chicken Biryani with Mint Zeera Raita & Fresh Salad,Machli (Fried Spiced Fish) with 1 Roti & Fresh Lemon,Roasted Chickpeas (Bhuna Chana - 50g) with Green Tea,565,13.71,27.41,"Hypertension, Heart Disease, Obesity","Pakistani, Indian, Traditional, Balanced"
1507,172.08,86.5,49.11,11.63,24.18,1181,Besan ka Chilla (Savory Gram Flour Pancake) with Mint Dahi,Aloo Gosht (Potato Beef Curry) with 1.5 Tandoori Rotis,Chicken Haleem with 1 Tandoori Naan & Brown Onions,Roasted Chickpeas (Bhuna Chana - 50g) with Green Tea,302,14.79,20.0,"Diabetes, Heart Disease, Obesity, Kidney Disease","Pakistani, Indian, Low Fat, Dash, Balanced"
1650,176.86,89.8,62.45,11.85,17.41,1468,Anda Ghotala (Spiced Scrambled Eggs) with 1 Tandoori Roti,Daal Channa with 2 Chapatis & Onion Salad,Beef Nihari with 1 Roghani Naan & Ginger Lemon Garnish,1 Chicken Shami Kebab with Sliced Cucumber & Mint Raita,264,13.86,24.61,None,"Pakistani, Indian, Traditional, Balanced"
1490,154.84,99.96,49.0,30.87,17.64,1303,2 Boiled Eggs with 2 Brown Bread Toasts & Green Tea,Chicken Karahi (200g) with 2 Whole Wheat Chapatis & Salad,Peshawari Chapli Kabab with 1 Whole Wheat Roti & Salad,"Fresh Fruit Chaat (Apple, Guava, Banana & Chaat Masala)",284,12.74,74.97,"Heart Disease, Obesity","Pakistani, Indian, Low Carb, Traditional"
1935,233.05,74.56,78.51,44.93,23.7,1550,Halwa Puri with Chana Masala (Sunday Special),Aloo Gosht (Potato Beef Curry) with 1.5 Tandoori Rotis,Palak Paneer (Spinach with Cottage Cheese) with 2 Chapatis,"Chana Chaat with Dahi, Onion, Tomato & Tamarind Chutney",509,16.39,50.36,None,"Pakistani, Indian, Traditional, Balanced"
1611,213.48,62.46,52.38,50.9,25.7,939,Oatmeal Porridge in Cow Milk with Sliced Bananas & Almonds,Bhindi Masala (Okra Curry) with 2 Whole Wheat Chapatis,Chicken Haleem with 1 Tandoori Naan & Brown Onions,Gajar ka Halwa (100g Small Cup - Traditional Sweet),539,11.27,44.47,Kidney Disease,"Pakistani, Indian, Traditional, Balanced"
1414,146.93,88.16,50.96,10.1,16.35,1148,Anda Ghotala (Spiced Scrambled Eggs) with 1 Tandoori Roti,Bhindi Masala (Okra Curry) with 2 Whole Wheat Chapatis,Balochi Sajji (Roasted Chicken) with 1 cup Zeera Rice,1 Chicken Shami Kebab with Sliced Cucumber & Mint Raita,303,11.29,45.0,"Hypertension, Heart Disease, Obesity, Kidney Disease","Pakistani, Indian, Low Carb, Traditional"
1520,162.07,106.21,47.43,13.28,15.38,1071,1 Whole Wheat Chapati with Fried Egg & Doodh Patti Chai,Chicken Karahi (200g) with 2 Whole Wheat Chapatis & Salad,Balochi Sajji (Roasted Chicken) with 1 cup Zeera Rice,Roasted Chickpeas (Bhuna Chana - 50g) with Green Tea,270,11.81,20.14,"Hypertension, Heart Disease, Obesity","Pakistani, Indian, Low Carb, Traditional"
1528,181.98,78.07,51.67,36.51,25.84,1326,2 Boiled Eggs with 2 Brown Bread Toasts & Green Tea,Bhindi Masala (Okra Curry) with 2 Whole Wheat Chapatis,Peshawari Chapli Kabab with 1 Whole Wheat Roti & Salad,"Fresh Fruit Chaat (Apple, Guava, Banana & Chaat Masala)",399,13.93,103.91,"Heart Disease, Obesity, Kidney Disease","Pakistani, Indian, Traditional, Balanced"
1811,200.72,94.02,66.33,37.49,21.23,1557,Mooli Paratha with Zeera Raita & Chai,Kofta Curry (Spiced Meatballs) with 2 Chapatis,Peshawari Chapli Kabab with 1 Whole Wheat Roti & Salad,"Fresh Fruit Chaat (Apple, Guava, Banana & Chaat Masala)",358,15.11,91.13,None,"Pakistani, Indian, Traditional, Balanced"
1242,138.41,76.29,39.19,8.75,16.18,1126,2 Boiled Eggs with 2 Brown Bread Toasts & Green Tea,Daal Masoor Curry with Boiled Basmati Rice & Kachumber,Peshawari Chapli Kabab with 1 Whole Wheat Roti & Salad,1 Chicken Shami Kebab with Sliced Cucumber & Mint Raita,258,12.17,28.77,"Heart Disease, Obesity, Kidney Disease","Pakistani, Indian, Low Carb, Traditional"
1411,136.5,80.54,57.79,13.2,17.11,1219,Plain Desi Ghee Paratha with Shami Kabab & Chai,Bhindi Masala (Okra Curry) with 2 Whole Wheat Chapatis,Machli (Fried Spiced Fish) with 1 Roti & Fresh Lemon,1 Chicken Shami Kebab with Sliced Cucumber & Mint Raita,382,11.56,41.41,Kidney Disease,"Pakistani, Indian, Low Carb, Traditional"
1852,224.09,86.69,64.87,31.25,25.0,1433,Wheat Dalia (Cracked Wheat Porridge in Buffalo Milk),Aloo Gosht (Potato Beef Curry) with 1.5 Tandoori Rotis,Palak Paneer (Spinach with Cottage Cheese) with 2 Chapatis,Dahi Bhalla (Dahi Baray) with Chaat Masala & Papdi,831,16.51,48.36,"Diabetes, Heart Disease, Obesity","Pakistani, Indian, Traditional, Balanced"
1216,119.79,86.16,41.47,28.1,16.59,1133,Mooli Paratha with Zeera Raita & Chai,Beef Shami Kebab (2 pcs) with 1 Whole Wheat Roti & Salad,Chicken Tikka Boti (Grilled) with Mint Raita & Fresh Salad,"Fresh Fruit Chaat (Apple, Guava, Banana & Chaat Masala)",295,10.41,76.48,"Hypertension, Heart Disease, Kidney Disease","Pakistani, Indian, Low Carb, Traditional"
2019,283.12,77.71,64.34,43.56,30.19,1524,Halwa Puri with Chana Masala (Sunday Special),Lobia / Red Kidney Bean Curry (Kalool) with Zeera Rice,Chicken Haleem with 1 Tandoori Naan & Brown Onions,"Chana Chaat with Dahi, Onion, Tomato & Tamarind Chutney",366,15.64,27.22,None,"Pakistani, Indian, Traditional, Balanced"
1587,186.65,90.17,50.31,11.27,22.09,1190,Mooli Paratha with Zeera Raita & Chai,Chicken Karahi (200g) with 2 Whole Wheat Chapatis & Salad,Chicken Haleem with 1 Tandoori Naan & Brown Onions,Roasted Chickpeas (Bhuna Chana - 50g) with Green Tea,325,12.71,31.56,"Diabetes, Heart Disease","Pakistani, Indian, Traditional, Balanced"
2031,203.06,107.15,84.25,44.82,13.83,1491,Plain Desi Ghee Paratha with Shami Kabab & Chai,Beef Pulao Gosht with Mint Raita & Sliced Cucumbers,Machli (Fried Spiced Fish) with 1 Roti & Fresh Lemon,Gajar ka Halwa (100g Small Cup - Traditional Sweet),502,14.15,15.66,None,"Pakistani, Indian, Traditional, Balanced"
1552,164.18,87.71,57.91,14.06,25.19,1361,Besan ka Chilla (Savory Gram Flour Pancake) with Mint Dahi,Bhindi Masala (Okra Curry) with 2 Whole Wheat Chapatis,Peshawari Chapli Kabab with 1 Whole Wheat Roti & Salad,1 Chicken Shami Kebab with Sliced Cucumber & Mint Raita,410,16.08,62.41,"Diabetes, Heart Disease, Obesity, Kidney Disease","Pakistani, Indian, Low Carb, Traditional"
1630,192.47,83.17,55.48,37.81,19.74,1149,Anda Ghotala (Spiced Scrambled Eggs) with 1 Tandoori Roti,Lobia / Red Kidney Bean Curry (Kalool) with Zeera Rice,Machli (Fried Spiced Fish) with 1 Roti & Fresh Lemon,Gajar ka Halwa (100g Small Cup - Traditional Sweet),452,12.37,22.09,"Hypertension, Kidney Disease","Pakistani, Indian, Traditional, Balanced"
1737,238.47,64.24,57.56,21.59,21.28,1470,Mooli Paratha with Zeera Raita & Chai,Chicken Biryani with Mint Zeera Raita & Fresh Salad,"Mix Sabzi (Carrot, Peas, Potatoes) with 2 Chapatis",Dahi Bhalla (Dahi Baray) with Chaat Masala & Papdi,478,11.62,65.27,"Hypertension, Heart Disease","Pakistani, Indian, Traditional, Balanced"
1712,157.87,109.17,68.37,43.91,16.68,1379,1 Crispy Aloo Paratha with Fresh Dahi & Mint Raita,Beef Shami Kebab (2 pcs) with 1 Whole Wheat Roti & Salad,Chicken Tikka Boti (Grilled) with Mint Raita & Fresh Salad,Gajar ka Halwa (100g Small Cup - Traditional Sweet),489,13.12,37.8,Hypertension,"Pakistani, Indian, Low Carb, Traditional"
1723,214.12,65.21,68.13,46.72,18.78,1265,Halwa Puri with Chana Masala (Sunday Special),Bhindi Masala (Okra Curry) with 2 Whole Wheat Chapatis,Machli (Fried Spiced Fish) with 1 Roti & Fresh Lemon,Doodh Patti Chai with 2 Whole Wheat Rusks,448,10.71,40.39,Kidney Disease,"Pakistani, Indian, Traditional, Balanced"
1702,154.7,110.87,67.55,12.58,18.05,1516,Anda Ghotala (Spiced Scrambled Eggs) with 1 Tandoori Roti,Kofta Curry (Spiced Meatballs) with 2 Chapatis,Palak Gosht (Spinach Mutton Curry) with 1.5 Chapatis,1 Chicken Shami Kebab with Sliced Cucumber & Mint Raita,402,17.53,50.53,"Hypertension, Obesity","Pakistani, Indian, High Protein, Traditional"
2297,278.89,110.74,78.51,34.57,19.92,1863,Oatmeal Porridge in Cow Milk with Sliced Bananas & Almonds,Chicken Biryani with Mint Zeera Raita & Fresh Salad,Beef Nihari with 1 Roghani Naan & Ginger Lemon Garnish,Dahi Bhalla (Dahi Baray) with Chaat Masala & Papdi,598,15.47,33.4,None,"Pakistani, Indian, High Protein, Traditional"
2158,288.52,67.44,82.1,56.88,27.33,1490,Halwa Puri with Chana Masala (Sunday Special),Daal Channa with 2 Chapatis & Onion Salad,Palak Paneer (Spinach with Cottage Cheese) with 2 Chapatis,Doodh Patti Chai with 2 Whole Wheat Rusks,657,16.77,41.64,None,"Pakistani, Indian, Traditional, Balanced"
1536,181.11,72.36,55.49,20.42,18.82,1181,Plain Desi Ghee Paratha with Shami Kabab & Chai,Lobia / Red Kidney Bean Curry (Kalool) with Zeera Rice,Peshawari Chapli Kabab with 1 Whole Wheat Roti & Salad,Doodh Patti Chai with 2 Whole Wheat Rusks,364,13.23,20.86,Kidney Disease,"Pakistani, Indian, Traditional, Balanced"
1586,191.11,63.74,60.38,43.05,25.2,1082,2 Boiled Eggs with 2 Brown Bread Toasts & Green Tea,Bhindi Masala (Okra Curry) with 2 Whole Wheat Chapatis,Palak Paneer (Spinach with Cottage Cheese) with 2 Chapatis,Gajar ka Halwa (100g Small Cup - Traditional Sweet),704,13.97,64.58,"Hypertension, Kidney Disease","Pakistani, Indian, Traditional, Balanced"
1892,255.11,79.93,61.65,22.85,21.79,1462,Wheat Dalia (Cracked Wheat Porridge in Buffalo Milk),Daal Masoor Curry with Boiled Basmati Rice & Kachumber,Beef Nihari with 1 Roghani Naan & Ginger Lemon Garnish,1 Vegetable Potato Samosa with Mint Green Chutney,462,14.24,29.23,None,"Pakistani, Indian, Traditional, Balanced"
1551,190.82,59.9,60.15,35.26,15.18,1070,1 Crispy Aloo Paratha with Fresh Dahi & Mint Raita,Chicken Biryani with Mint Zeera Raita & Fresh Salad,Palak Paneer (Spinach with Cottage Cheese) with 2 Chapatis,Gajar ka Halwa (100g Small Cup - Traditional Sweet),581,11.28,38.16,"Hypertension, Kidney Disease","Pakistani, Indian, Traditional, Balanced"
1538,205.65,68.4,47.84,31.29,22.35,1207,Plain Desi Ghee Paratha with Shami Kabab & Chai,Daal Masoor Curry with Boiled Basmati Rice & Kachumber,Chicken Haleem with 1 Tandoori Naan & Brown Onions,"Fresh Fruit Chaat (Apple, Guava, Banana & Chaat Masala)",286,12.52,60.35,"Diabetes, Kidney Disease","Pakistani, Indian, Low Fat, Dash, Balanced"
1379,151.32,72.89,50.86,40.77,13.79,937,Wheat Dalia (Cracked Wheat Porridge in Buffalo Milk),Kofta Curry (Spiced Meatballs) with 2 Chapatis,Peshawari Chapli Kabab with 1 Whole Wheat Roti & Salad,Gajar ka Halwa (100g Small Cup - Traditional Sweet),437,10.68,21.44,Kidney Disease,"Pakistani, Indian, Low Carb, Traditional"
2270,250.75,116.9,86.97,15.81,17.51,1988,Mooli Paratha with Zeera Raita & Chai,Chicken Biryani with Mint Zeera Raita & Fresh Salad,Beef Nihari with 1 Roghani Naan & Ginger Lemon Garnish,1 Chicken Shami Kebab with Sliced Cucumber & Mint Raita,441,16.04,41.79,None,"Pakistani, Indian, High Protein, Traditional"
1655,197.56,75.99,61.52,11.7,18.72,1395,Anda Ghotala (Spiced Scrambled Eggs) with 1 Tandoori Roti,Lobia / Red Kidney Bean Curry (Kalool) with Zeera Rice,Beef Nihari with 1 Roghani Naan & Ginger Lemon Garnish,1 Vegetable Potato Samosa with Mint Green Chutney,269,13.26,22.96,Kidney Disease,"Pakistani, Indian, Traditional, Balanced"
2013,214.15,110.56,76.81,23.28,15.71,1653,Anda Ghotala (Spiced Scrambled Eggs) with 1 Tandoori Roti,Beef Pulao Gosht with Mint Raita & Sliced Cucumbers,Peshawari Chapli Kabab with 1 Whole Wheat Roti & Salad,Doodh Patti Chai with 2 Whole Wheat Rusks,413,16.29,30.84,Obesity,"Pakistani, Indian, High Protein, Traditional"
1610,161.95,102.44,59.02,33.17,15.71,1337,Plain Desi Ghee Paratha with Shami Kabab & Chai,Chicken Karahi (200g) with 2 Whole Wheat Chapatis & Salad,Machli (Fried Spiced Fish) with 1 Roti & Fresh Lemon,"Fresh Fruit Chaat (Apple, Guava, Banana & Chaat Masala)",337,11.8,67.8,None,"Pakistani, Indian, Low Carb, Traditional"
1496,181.54,85.1,46.93,33.52,23.72,1135,Besan ka Chilla (Savory Gram Flour Pancake) with Mint Dahi,Chicken Karahi (200g) with 2 Whole Wheat Chapatis & Salad,Palak Paneer (Spinach with Cottage Cheese) with 2 Chapatis,"Fresh Fruit Chaat (Apple, Guava, Banana & Chaat Masala)",516,14.85,94.38,"Diabetes, Hypertension, Heart Disease, Obesity, Kidney Disease","Pakistani, Indian, Low Fat, Dash, Balanced"
1431,167.0,72.4,50.84,10.04,18.51,1061,Mooli Paratha with Zeera Raita & Chai,Beef Pulao Gosht with Mint Raita & Sliced Cucumbers,Palak Gosht (Spinach Mutton Curry) with 1.5 Chapatis,Roasted Chickpeas (Bhuna Chana - 50g) with Green Tea,395,14.23,37.02,"Heart Disease, Kidney Disease","Pakistani, Indian, Low Carb, Traditional"
1847,211.7,88.73,69.53,21.79,14.74,1453,1 Crispy Aloo Paratha with Fresh Dahi & Mint Raita,Beef Pulao Gosht with Mint Raita & Sliced Cucumbers,Peshawari Chapli Kabab with 1 Whole Wheat Roti & Salad,Doodh Patti Chai with 2 Whole Wheat Rusks,436,14.11,25.42,None,"Pakistani, Indian, Traditional, Balanced"
1725,197.13,72.15,69.98,45.83,18.92,1242,Plain Desi Ghee Paratha with Shami Kabab & Chai,Kofta Curry (Spiced Meatballs) with 2 Chapatis,"Mix Sabzi (Carrot, Peas, Potatoes) with 2 Chapatis",Gajar ka Halwa (100g Small Cup - Traditional Sweet),399,12.81,47.81,Kidney Disease,"Pakistani, Indian, Traditional, Balanced"
1663,210.53,84.74,50.53,45.26,19.79,1242,Oatmeal Porridge in Cow Milk with Sliced Bananas & Almonds,Chicken Biryani with Mint Zeera Raita & Fresh Salad,Peshawari Chapli Kabab with 1 Whole Wheat Roti & Salad,"Fresh Fruit Chaat (Apple, Guava, Banana & Chaat Masala)",437,12.63,80.0,"Heart Disease, Obesity, Kidney Disease","Pakistani, Indian, Traditional, Balanced"
1488,185.24,67.12,52.03,22.06,25.71,1114,Besan ka Chilla (Savory Gram Flour Pancake) with Mint Dahi,Bhindi Masala (Okra Curry) with 2 Whole Wheat Chapatis,Palak Gosht (Spinach Mutton Curry) with 1.5 Chapatis,Doodh Patti Chai with 2 Whole Wheat Rusks,572,15.61,67.64,"Diabetes, Hypertension, Heart Disease, Obesity, Kidney Disease","Pakistani, Indian, Traditional, Balanced"
1876,240.24,89.23,58.34,18.88,24.6,1544,1 Crispy Aloo Paratha with Fresh Dahi & Mint Raita,Lobia / Red Kidney Bean Curry (Kalool) with Zeera Rice,Machli (Fried Spiced Fish) with 1 Roti & Fresh Lemon,Dahi Bhalla (Dahi Baray) with Chaat Masala & Papdi,578,14.41,25.17,"Hypertension, Heart Disease","Pakistani, Indian, Traditional, Balanced"
1993,227.15,106.61,70.18,18.21,19.82,1714,Anda Ghotala (Spiced Scrambled Eggs) with 1 Tandoori Roti,Beef Pulao Gosht with Mint Raita & Sliced Cucumbers,Chicken Haleem with 1 Tandoori Naan & Brown Onions,Dahi Bhalla (Dahi Baray) with Chaat Masala & Papdi,407,15.32,23.04,Obesity,"Pakistani, Indian, Traditional, Balanced"
1572,176.51,120.14,39.06,11.39,28.24,1275,2 Boiled Eggs with 2 Brown Bread Toasts & Green Tea,Lobia / Red Kidney Bean Curry (Kalool) with Zeera Rice,Chicken Tikka Boti (Grilled) with Mint Raita & Fresh Salad,Roasted Chickpeas (Bhuna Chana - 50g) with Green Tea,438,16.28,30.75,"Diabetes, Hypertension, Heart Disease, Obesity","Pakistani, Indian, High Protein, Traditional"
1526,186.56,67.84,53.53,34.45,19.93,1261,1 Crispy Aloo Paratha with Fresh Dahi & Mint Raita,Beef Shami Kebab (2 pcs) with 1 Whole Wheat Roti & Salad,Anda Curry with 2 Chapatis & Onion Salad,"Fresh Fruit Chaat (Apple, Guava, Banana & Chaat Masala)",350,12.51,73.14,"Hypertension, Heart Disease, Kidney Disease","Pakistani, Indian, Traditional, Balanced"
1919,195.43,124.2,65.34,21.19,15.89,1530,2 Boiled Eggs with 2 Brown Bread Toasts & Green Tea,Aloo Gosht (Potato Beef Curry) with 1.5 Tandoori Rotis,Balochi Sajji (Roasted Chicken) with 1 cup Zeera Rice,Doodh Patti Chai with 2 Whole Wheat Rusks,406,14.13,18.84,Obesity,"Pakistani, Indian, High Protein, Traditional"
1660,251.15,46.08,51.87,16.38,26.97,1310,Mooli Paratha with Zeera Raita & Chai,Daal Masoor Curry with Boiled Basmati Rice & Kachumber,"Mix Sabzi (Carrot, Peas, Potatoes) with 2 Chapatis",1 Vegetable Potato Samosa with Mint Green Chutney,360,12.78,72.07,"Hypertension, Kidney Disease","Pakistani, Indian, Vegetarian, Balanced"
1521,193.46,54.7,56.28,36.49,22.16,1046,Mooli Paratha with Zeera Raita & Chai,Bhindi Masala (Okra Curry) with 2 Whole Wheat Chapatis,Chicken Haleem with 1 Tandoori Naan & Brown Onions,Gajar ka Halwa (100g Small Cup - Traditional Sweet),440,10.38,45.73,Kidney Disease,"Pakistani, Indian, Traditional, Balanced"
1427,117.81,94.74,60.98,35.26,10.95,1153,Plain Desi Ghee Paratha with Shami Kabab & Chai,Kofta Curry (Spiced Meatballs) with 2 Chapatis,Chicken Tikka Boti (Grilled) with Mint Raita & Fresh Salad,Gajar ka Halwa (100g Small Cup - Traditional Sweet),348,10.87,25.3,None,"Pakistani, Indian, Low Carb, Traditional"
1579,250.43,58.66,37.79,25.38,31.25,1072,Besan ka Chilla (Savory Gram Flour Pancake) with Mint Dahi,Lobia / Red Kidney Bean Curry (Kalool) with Zeera Rice,"Mix Sabzi (Carrot, Peas, Potatoes) with 2 Chapatis",Doodh Patti Chai with 2 Whole Wheat Rusks,468,14.55,53.58,"Diabetes, Hypertension, Heart Disease, Obesity, Kidney Disease","Pakistani, Indian, Vegetarian, Balanced"
1326,137.81,93.45,44.36,27.56,12.83,1214,Anda Ghotala (Spiced Scrambled Eggs) with 1 Tandoori Roti,Chicken Biryani with Mint Zeera Raita & Fresh Salad,Chicken Tikka Boti (Grilled) with Mint Raita & Fresh Salad,"Fresh Fruit Chaat (Apple, Guava, Banana & Chaat Masala)",297,9.9,71.49,"Hypertension, Heart Disease, Obesity","Pakistani, Indian, Low Carb, Traditional"
1686,203.13,72.67,63.11,39.94,18.24,1085,1 Crispy Aloo Paratha with Fresh Dahi & Mint Raita,Bhindi Masala (Okra Curry) with 2 Whole Wheat Chapatis,Balochi Sajji (Roasted Chicken) with 1 cup Zeera Rice,Gajar ka Halwa (100g Small Cup - Traditional Sweet),483,10.75,43.39,"Hypertension, Kidney Disease","Pakistani, Indian, Traditional, Balanced"
1393,132.31,88.09,51.79,33.08,12.19,1097,2 Boiled Eggs with 2 Brown Bread Toasts & Green Tea,Kofta Curry (Spiced Meatballs) with 2 Chapatis,Machli (Fried Spiced Fish) with 1 Roti & Fresh Lemon,Gajar ka Halwa (100g Small Cup - Traditional Sweet),383,10.27,15.23,"Hypertension, Kidney Disease","Pakistani, Indian, Low Carb, Traditional"
1932,232.63,111.12,61.27,27.0,21.29,1553,Wheat Dalia (Cracked Wheat Porridge in Buffalo Milk),Chicken Karahi (200g) with 2 Whole Wheat Chapatis & Salad,Beef Nihari with 1 Roghani Naan & Ginger Lemon Garnish,"Chana Chaat with Dahi, Onion, Tomato & Tamarind Chutney",493,14.75,38.94,None,"Pakistani, Indian, High Protein, Traditional"
1383,147.95,70.89,53.72,18.05,14.27,1162,1 Crispy Aloo Paratha with Fresh Dahi & Mint Raita,Beef Shami Kebab (2 pcs) with 1 Whole Wheat Roti & Salad,Peshawari Chapli Kabab with 1 Whole Wheat Roti & Salad,Doodh Patti Chai with 2 Whole Wheat Rusks,339,11.54,25.1,"Heart Disease, Kidney Disease","Pakistani, Indian, Low Carb, Traditional"
1765,184.09,87.96,73.07,42.7,14.71,1376,1 Whole Wheat Chapati with Fried Egg & Doodh Patti Chai,Beef Shami Kebab (2 pcs) with 1 Whole Wheat Roti & Salad,Beef Nihari with 1 Roghani Naan & Ginger Lemon Garnish,Gajar ka Halwa (100g Small Cup - Traditional Sweet),351,13.0,18.03,Kidney Disease,"Pakistani, Indian, Traditional, Balanced"
1743,198.77,84.7,64.92,15.67,18.21,1351,Plain Desi Ghee Paratha with Shami Kabab & Chai,Chicken Biryani with Mint Zeera Raita & Fresh Salad,Anda Curry with 2 Chapatis & Onion Salad,Roasted Chickpeas (Bhuna Chana - 50g) with Green Tea,392,14.0,24.97,Kidney Disease,"Pakistani, Indian, Traditional, Balanced"
1720,177.38,97.24,65.18,26.18,14.85,1421,1 Whole Wheat Chapati with Fried Egg & Doodh Patti Chai,Kofta Curry (Spiced Meatballs) with 2 Chapatis,Peshawari Chapli Kabab with 1 Whole Wheat Roti & Salad,Doodh Patti Chai with 2 Whole Wheat Rusks,369,13.89,25.11,Obesity,"Pakistani, Indian, Traditional, Balanced"
1348,172.53,67.0,42.71,14.24,20.1,1122,Besan ka Chilla (Savory Gram Flour Pancake) with Mint Dahi,Chicken Biryani with Mint Zeera Raita & Fresh Salad,Palak Paneer (Spinach with Cottage Cheese) with 2 Chapatis,"Chana Chaat with Dahi, Onion, Tomato & Tamarind Chutney",503,13.23,45.64,"Hypertension, Heart Disease, Obesity, Kidney Disease","Pakistani, Indian, Low Fat, Dash, Balanced"
1824,156.01,124.47,72.84,12.62,16.17,1698,Anda Ghotala (Spiced Scrambled Eggs) with 1 Tandoori Roti,Aloo Gosht (Potato Beef Curry) with 1.5 Tandoori Rotis,Machli (Fried Spiced Fish) with 1 Roti & Fresh Lemon,1 Chicken Shami Kebab with Sliced Cucumber & Mint Raita,361,15.26,33.27,Obesity,"Pakistani, Indian, High Protein, Traditional"
1303,142.77,79.69,44.41,18.26,13.86,1087,Plain Desi Ghee Paratha with Shami Kabab & Chai,Daal Masoor Curry with Boiled Basmati Rice & Kachumber,Chicken Tikka Boti (Grilled) with Mint Raita & Fresh Salad,Doodh Patti Chai with 2 Whole Wheat Rusks,336,10.54,29.05,Kidney Disease,"Pakistani, Indian, Low Carb, Traditional"
1304,145.7,62.24,50.82,14.39,16.73,1097,1 Whole Wheat Chapati with Fried Egg & Doodh Patti Chai,Bhindi Masala (Okra Curry) with 2 Whole Wheat Chapatis,Machli (Fried Spiced Fish) with 1 Roti & Fresh Lemon,1 Vegetable Potato Samosa with Mint Green Chutney,346,9.44,38.67,"Hypertension, Kidney Disease","Pakistani, Indian, Low Carb, Traditional"
1823,195.87,113.93,62.06,16.48,18.91,1658,2 Boiled Eggs with 2 Brown Bread Toasts & Green Tea,Chicken Karahi (200g) with 2 Whole Wheat Chapatis & Salad,Beef Nihari with 1 Roghani Naan & Ginger Lemon Garnish,"Chana Chaat with Dahi, Onion, Tomato & Tamarind Chutney",335,14.74,36.36,None,"Pakistani, Indian, High Protein, Traditional"
1369,195.39,57.47,38.97,16.2,30.62,1014,2 Boiled Eggs with 2 Brown Bread Toasts & Green Tea,Bhindi Masala (Okra Curry) with 2 Whole Wheat Chapatis,"Mix Sabzi (Carrot, Peas, Potatoes) with 2 Chapatis",Roasted Chickpeas (Bhuna Chana - 50g) with Green Tea,413,13.17,73.66,"Diabetes, Hypertension, Heart Disease, Obesity, Kidney Disease","Pakistani, Indian, Low Fat, Dash, Balanced"
1581,211.46,63.89,50.61,10.84,24.4,1229,Mooli Paratha with Zeera Raita & Chai,Lobia / Red Kidney Bean Curry (Kalool) with Zeera Rice,Chicken Haleem with 1 Tandoori Naan & Brown Onions,1 Vegetable Potato Samosa with Mint Green Chutney,330,12.29,25.75,Kidney Disease,"Pakistani, Indian, Traditional, Balanced"
1131,156.83,43.33,35.49,16.92,21.21,982,2 Boiled Eggs with 2 Brown Bread Toasts & Green Tea,Bhindi Masala (Okra Curry) with 2 Whole Wheat Chapatis,"Mix Sabzi (Carrot, Peas, Potatoes) with 2 Chapatis",Dahi Bhalla (Dahi Baray) with Chaat Masala & Papdi,371,9.33,60.25,"Diabetes, Hypertension, Heart Disease, Obesity, Kidney Disease","Pakistani, Indian, Low Carb, Traditional"
2098,266.98,91.13,75.17,40.39,23.25,1537,Halwa Puri with Chana Masala (Sunday Special),Chicken Biryani with Mint Zeera Raita & Fresh Salad,Chicken Haleem with 1 Tandoori Naan & Brown Onions,Roasted Chickpeas (Bhuna Chana - 50g) with Green Tea,365,14.68,21.67,None,"Pakistani, Indian, Traditional, Balanced"
1162,110.33,76.9,42.63,8.78,16.72,1045,2 Boiled Eggs with 2 Brown Bread Toasts & Green Tea,Beef Shami Kebab (2 pcs) with 1 Whole Wheat Roti & Salad,Palak Paneer (Spinach with Cottage Cheese) with 2 Chapatis,1 Chicken Shami Kebab with Sliced Cucumber & Mint Raita,410,12.7,33.85,"Hypertension, Heart Disease, Obesity, Kidney Disease","Pakistani, Indian, Low Carb, Traditional"
2183,255.91,94.15,83.94,50.71,28.76,1479,Plain Desi Ghee Paratha with Shami Kabab & Chai,Lobia / Red Kidney Bean Curry (Kalool) with Zeera Rice,Palak Gosht (Spinach Mutton Curry) with 1.5 Chapatis,Gajar ka Halwa (100g Small Cup - Traditional Sweet),657,20.19,45.78,None,"Pakistani, Indian, Traditional, Balanced"
1421,151.18,80.14,51.0,15.48,17.67,1266,2 Boiled Eggs with 2 Brown Bread Toasts & Green Tea,Kofta Curry (Spiced Meatballs) with 2 Chapatis,Palak Paneer (Spinach with Cottage Cheese) with 2 Chapatis,Dahi Bhalla (Dahi Baray) with Chaat Masala & Papdi,528,13.48,35.52,"Hypertension, Heart Disease, Obesity, Kidney Disease","Pakistani, Indian, Low Carb, Traditional"
1468,210.68,60.12,39.9,23.41,25.32,1128,2 Boiled Eggs with 2 Brown Bread Toasts & Green Tea,Daal Channa with 2 Chapatis & Onion Salad,"Mix Sabzi (Carrot, Peas, Potatoes) with 2 Chapatis",Doodh Patti Chai with 2 Whole Wheat Rusks,404,12.02,46.82,"Diabetes, Hypertension, Heart Disease, Obesity, Kidney Disease","Pakistani, Indian, Low Fat, Dash, Balanced"
2133,243.79,96.7,84.98,18.17,24.03,1817,1 Crispy Aloo Paratha with Fresh Dahi & Mint Raita,Bhindi Masala (Okra Curry) with 2 Whole Wheat Chapatis,Beef Nihari with 1 Roghani Naan & Ginger Lemon Garnish,1 Chicken Shami Kebab with Sliced Cucumber & Mint Raita,486,16.53,59.78,None,"Pakistani, Indian, Traditional, Balanced"
1434,232.75,54.55,31.69,19.22,30.55,1164,Besan ka Chilla (Savory Gram Flour Pancake) with Mint Dahi,Daal Masoor Curry with Boiled Basmati Rice & Kachumber,"Mix Sabzi (Carrot, Peas, Potatoes) with 2 Chapatis","Chana Chaat with Dahi, Onion, Tomato & Tamarind Chutney",369,14.55,69.1,"Diabetes, Hypertension, Heart Disease, Obesity, Kidney Disease","Pakistani, Indian, Vegetarian, Balanced"
1712,219.27,92.11,47.86,22.03,24.33,1101,Oatmeal Porridge in Cow Milk with Sliced Bananas & Almonds,Beef Pulao Gosht with Mint Raita & Sliced Cucumbers,Chicken Haleem with 1 Tandoori Naan & Brown Onions,Roasted Chickpeas (Bhuna Chana - 50g) with Green Tea,421,14.52,16.02,"Diabetes, Heart Disease, Obesity","Pakistani, Indian, Low Fat, Dash, Balanced"
1425,121.05,96.56,58.66,14.9,12.85,1341,1 Whole Wheat Chapati with Fried Egg & Doodh Patti Chai,Aloo Gosht (Potato Beef Curry) with 1.5 Tandoori Rotis,Chicken Tikka Boti (Grilled) with Mint Raita & Fresh Salad,1 Vegetable Potato Samosa with Mint Green Chutney,265,11.27,30.73,None,"Pakistani, Indian, Low Carb, Traditional"
1397,143.07,66.23,60.17,11.36,16.07,1203,Anda Ghotala (Spiced Scrambled Eggs) with 1 Tandoori Roti,Aloo Gosht (Potato Beef Curry) with 1.5 Tandoori Rotis,Palak Paneer (Spinach with Cottage Cheese) with 2 Chapatis,1 Vegetable Potato Samosa with Mint Green Chutney,387,12.71,40.4,Kidney Disease,"Pakistani, Indian, Low Carb, Traditional"
1784,212.53,79.15,69.79,35.16,19.5,1268,Halwa Puri with Chana Masala (Sunday Special),Beef Pulao Gosht with Mint Raita & Sliced Cucumbers,Palak Gosht (Spinach Mutton Curry) with 1.5 Chapatis,Roasted Chickpeas (Bhuna Chana - 50g) with Green Tea,380,16.01,31.49,Kidney Disease,"Pakistani, Indian, Traditional, Balanced"
2064,212.88,106.66,84.18,46.16,14.23,1564,Plain Desi Ghee Paratha with Shami Kabab & Chai,Chicken Biryani with Mint Zeera Raita & Fresh Salad,Machli (Fried Spiced Fish) with 1 Roti & Fresh Lemon,Gajar ka Halwa (100g Small Cup - Traditional Sweet),548,13.14,24.44,None,"Pakistani, Indian, Traditional, Balanced"
2103,220.86,112.53,85.71,42.28,19.98,1662,Halwa Puri with Chana Masala (Sunday Special),Chicken Karahi (200g) with 2 Whole Wheat Chapatis & Salad,Palak Gosht (Spinach Mutton Curry) with 1.5 Chapatis,1 Chicken Shami Kebab with Sliced Cucumber & Mint Raita,421,17.67,54.69,None,"Pakistani, Indian, High Protein, Traditional"
1777,211.5,97.57,57.24,39.79,22.35,1439,1 Whole Wheat Chapati with Fried Egg & Doodh Patti Chai,Kofta Curry (Spiced Meatballs) with 2 Chapatis,Chicken Haleem with 1 Tandoori Naan & Brown Onions,"Fresh Fruit Chaat (Apple, Guava, Banana & Chaat Masala)",311,13.85,65.41,"Heart Disease, Obesity","Pakistani, Indian, Traditional, Balanced"
1341,179.71,48.28,48.1,17.43,25.75,966,Plain Desi Ghee Paratha with Shami Kabab & Chai,Bhindi Masala (Okra Curry) with 2 Whole Wheat Chapatis,"Mix Sabzi (Carrot, Peas, Potatoes) with 2 Chapatis",Roasted Chickpeas (Bhuna Chana - 50g) with Green Tea,358,12.16,63.93,"Diabetes, Kidney Disease","Pakistani, Indian, Low Fat, Dash, Balanced"
1592,163.25,91.7,59.46,23.68,13.4,1310,1 Whole Wheat Chapati with Fried Egg & Doodh Patti Chai,Aloo Gosht (Potato Beef Curry) with 1.5 Tandoori Rotis,Machli (Fried Spiced Fish) with 1 Roti & Fresh Lemon,Doodh Patti Chai with 2 Whole Wheat Rusks,393,11.39,17.64,"Heart Disease, Obesity","Pakistani, Indian, Low Carb, Traditional"
1892,188.1,115.81,73.65,13.6,15.07,1666,1 Crispy Aloo Paratha with Fresh Dahi & Mint Raita,Beef Pulao Gosht with Mint Raita & Sliced Cucumbers,Chicken Tikka Boti (Grilled) with Mint Raita & Fresh Salad,1 Vegetable Potato Samosa with Mint Green Chutney,414,14.16,36.26,None,"Pakistani, Indian, High Protein, Traditional"
1725,143.56,131.99,63.1,18.52,17.6,1760,2 Boiled Eggs with 2 Brown Bread Toasts & Green Tea,Aloo Gosht (Potato Beef Curry) with 1.5 Tandoori Rotis,Chicken Tikka Boti (Grilled) with Mint Raita & Fresh Salad,Dahi Bhalla (Dahi Baray) with Chaat Masala & Papdi,452,14.7,38.21,"Heart Disease, Obesity","Pakistani, Indian, High Protein, Traditional"
1702,225.36,73.31,55.93,13.12,21.27,1312,1 Crispy Aloo Paratha with Fresh Dahi & Mint Raita,Daal Masoor Curry with Boiled Basmati Rice & Kachumber,Beef Nihari with 1 Roghani Naan & Ginger Lemon Garnish,Roasted Chickpeas (Bhuna Chana - 50g) with Green Tea,344,14.3,26.25,Kidney Disease,"Pakistani, Indian, Traditional, Balanced"
1319,174.06,80.0,31.21,25.49,19.6,967,2 Boiled Eggs with 2 Brown Bread Toasts & Green Tea,Lobia / Red Kidney Bean Curry (Kalool) with Zeera Rice,Balochi Sajji (Roasted Chicken) with 1 cup Zeera Rice,"Fresh Fruit Chaat (Apple, Guava, Banana & Chaat Masala)",281,10.9,50.11,"Hypertension, Heart Disease, Obesity, Kidney Disease","Pakistani, Indian, Low Fat, Dash, Balanced"
1983,205.55,100.7,79.42,21.8,20.97,1754,Plain Desi Ghee Paratha with Shami Kabab & Chai,Aloo Gosht (Potato Beef Curry) with 1.5 Tandoori Rotis,Chicken Haleem with 1 Tandoori Naan & Brown Onions,Dahi Bhalla (Dahi Baray) with Chaat Masala & Papdi,400,15.47,22.84,Diabetes,"Pakistani, Indian, Traditional, Balanced"
1741,210.31,80.27,62.51,56.08,24.54,1057,Wheat Dalia (Cracked Wheat Porridge in Buffalo Milk),Beef Shami Kebab (2 pcs) with 1 Whole Wheat Roti & Salad,Palak Paneer (Spinach with Cottage Cheese) with 2 Chapatis,Gajar ka Halwa (100g Small Cup - Traditional Sweet),835,15.42,43.81,"Hypertension, Kidney Disease","Pakistani, Indian, Traditional, Balanced"
1964,181.33,117.63,81.95,14.53,16.62,1651,Plain Desi Ghee Paratha with Shami Kabab & Chai,Beef Shami Kebab (2 pcs) with 1 Whole Wheat Roti & Salad,Balochi Sajji (Roasted Chicken) with 1 cup Zeera Rice,1 Vegetable Potato Samosa with Mint Green Chutney,302,15.23,21.5,None,"Pakistani, Indian, High Protein, Traditional"
2038,277.05,76.19,69.26,44.53,26.91,1553,Halwa Puri with Chana Masala (Sunday Special),Lobia / Red Kidney Bean Curry (Kalool) with Zeera Rice,Chicken Haleem with 1 Tandoori Naan & Brown Onions,Dahi Bhalla (Dahi Baray) with Chaat Masala & Papdi,406,14.64,18.8,None,"Pakistani, Indian, Traditional, Balanced"
1761,192.49,91.87,66.72,22.97,19.14,1389,Anda Ghotala (Spiced Scrambled Eggs) with 1 Tandoori Roti,Kofta Curry (Spiced Meatballs) with 2 Chapatis,Palak Paneer (Spinach with Cottage Cheese) with 2 Chapatis,Doodh Patti Chai with 2 Whole Wheat Rusks,596,15.75,46.48,"Hypertension, Obesity","Pakistani, Indian, Traditional, Balanced"
1950,245.79,101.47,60.32,23.11,22.55,1522,Besan ka Chilla (Savory Gram Flour Pancake) with Mint Dahi,Chicken Biryani with Mint Zeera Raita & Fresh Salad,Chicken Haleem with 1 Tandoori Naan & Brown Onions,Doodh Patti Chai with 2 Whole Wheat Rusks,490,14.66,25.93,"Heart Disease, Obesity","Pakistani, Indian, Traditional, Balanced"
1467,203.81,59.61,41.78,25.48,21.91,1106,Wheat Dalia (Cracked Wheat Porridge in Buffalo Milk),Daal Channa with 2 Chapatis & Onion Salad,Anda Curry with 2 Chapatis & Onion Salad,Dahi Bhalla (Dahi Baray) with Chaat Masala & Papdi,540,11.52,21.4,"Diabetes, Hypertension, Heart Disease, Obesity, Kidney Disease","Pakistani, Indian, Low Fat, Dash, Balanced"
1646,187.88,76.45,62.32,37.67,19.07,1209,1 Crispy Aloo Paratha with Fresh Dahi & Mint Raita,Beef Shami Kebab (2 pcs) with 1 Whole Wheat Roti & Salad,Chicken Haleem with 1 Tandoori Naan & Brown Onions,Gajar ka Halwa (100g Small Cup - Traditional Sweet),400,12.09,20.46,Kidney Disease,"Pakistani, Indian, Traditional, Balanced"
1328,191.17,49.65,38.07,40.6,19.46,732,Wheat Dalia (Cracked Wheat Porridge in Buffalo Milk),Lobia / Red Kidney Bean Curry (Kalool) with Zeera Rice,Anda Curry with 2 Chapatis & Onion Salad,Gajar ka Halwa (100g Small Cup - Traditional Sweet),495,9.98,16.92,"Hypertension, Kidney Disease","Pakistani, Indian, Low Fat, Dash, Balanced"
2012,225.36,105.78,73.01,18.97,16.1,1725,1 Crispy Aloo Paratha with Fresh Dahi & Mint Raita,Beef Pulao Gosht with Mint Raita & Sliced Cucumbers,Machli (Fried Spiced Fish) with 1 Roti & Fresh Lemon,Dahi Bhalla (Dahi Baray) with Chaat Masala & Papdi,552,14.26,22.42,None,"Pakistani, Indian, Traditional, Balanced"
1645,183.43,88.23,58.82,16.45,13.76,1386,1 Whole Wheat Chapati with Fried Egg & Doodh Patti Chai,Chicken Biryani with Mint Zeera Raita & Fresh Salad,Anda Curry with 2 Chapatis & Onion Salad,1 Chicken Shami Kebab with Sliced Cucumber & Mint Raita,359,12.16,27.91,"Hypertension, Heart Disease, Obesity, Kidney Disease","Pakistani, Indian, Traditional, Balanced"
1514,225.15,57.78,42.34,22.91,25.2,1086,Anda Ghotala (Spiced Scrambled Eggs) with 1 Tandoori Roti,Lobia / Red Kidney Bean Curry (Kalool) with Zeera Rice,"Mix Sabzi (Carrot, Peas, Potatoes) with 2 Chapatis",Doodh Patti Chai with 2 Whole Wheat Rusks,389,12.45,50.81,"Diabetes, Hypertension, Heart Disease, Obesity, Kidney Disease","Pakistani, Indian, Low Fat, Dash, Balanced"
1895,282.55,86.53,41.79,30.61,33.79,1377,Oatmeal Porridge in Cow Milk with Sliced Bananas & Almonds,Daal Masoor Curry with Boiled Basmati Rice & Kachumber,Chicken Haleem with 1 Tandoori Naan & Brown Onions,"Chana Chaat with Dahi, Onion, Tomato & Tamarind Chutney",506,16.25,43.56,"Diabetes, Heart Disease, Obesity, Kidney Disease","Pakistani, Indian, Low Fat, Dash, Balanced"
1370,179.76,64.96,40.49,14.68,23.32,1112,2 Boiled Eggs with 2 Brown Bread Toasts & Green Tea,Lobia / Red Kidney Bean Curry (Kalool) with Zeera Rice,Palak Paneer (Spinach with Cottage Cheese) with 2 Chapatis,Dahi Bhalla (Dahi Baray) with Chaat Masala & Papdi,556,13.62,33.37,"Diabetes, Hypertension, Heart Disease, Obesity, Kidney Disease","Pakistani, Indian, Low Fat, Dash, Balanced"
1594,188.75,69.94,60.82,44.57,21.29,1185,Anda Ghotala (Spiced Scrambled Eggs) with 1 Tandoori Roti,Beef Shami Kebab (2 pcs) with 1 Whole Wheat Roti & Salad,"Mix Sabzi (Carrot, Peas, Potatoes) with 2 Chapatis",Gajar ka Halwa (100g Small Cup - Traditional Sweet),377,12.69,56.62,"Hypertension, Kidney Disease","Pakistani, Indian, Traditional, Balanced"
2343,299.42,94.92,86.24,53.16,20.39,1747,Halwa Puri with Chana Masala (Sunday Special),Chicken Biryani with Mint Zeera Raita & Fresh Salad,Chicken Haleem with 1 Tandoori Naan & Brown Onions,Doodh Patti Chai with 2 Whole Wheat Rusks,450,13.99,23.32,None,"Pakistani, Indian, Traditional, Balanced"
1770,144.51,131.94,71.21,14.14,13.09,1602,Plain Desi Ghee Paratha with Shami Kabab & Chai,Beef Pulao Gosht with Mint Raita & Sliced Cucumbers,Chicken Tikka Boti (Grilled) with Mint Raita & Fresh Salad,1 Chicken Shami Kebab with Sliced Cucumber & Mint Raita,361,15.08,30.89,None,"Pakistani, Indian, High Protein, Traditional"
2065,215.75,113.33,80.04,51.85,20.3,1450,1 Whole Wheat Chapati with Fried Egg & Doodh Patti Chai,Chicken Karahi (200g) with 2 Whole Wheat Chapatis & Salad,Palak Gosht (Spinach Mutton Curry) with 1.5 Chapatis,Gajar ka Halwa (100g Small Cup - Traditional Sweet),580,17.17,54.52,Hypertension,"Pakistani, Indian, High Protein, Traditional"
1270,131.91,71.73,47.41,13.19,13.19,1171,1 Crispy Aloo Paratha with Fresh Dahi & Mint Raita,Beef Shami Kebab (2 pcs) with 1 Whole Wheat Roti & Salad,Machli (Fried Spiced Fish) with 1 Roti & Fresh Lemon,Dahi Bhalla (Dahi Baray) with Chaat Masala & Papdi,367,9.81,19.37,"Hypertension, Heart Disease, Kidney Disease","Pakistani, Indian, Low Carb, Traditional"
1671,213.41,83.76,49.83,11.07,26.48,1359,2 Boiled Eggs with 2 Brown Bread Toasts & Green Tea,Lobia / Red Kidney Bean Curry (Kalool) with Zeera Rice,Chicken Haleem with 1 Tandoori Naan & Brown Onions,1 Vegetable Potato Samosa with Mint Green Chutney,342,14.09,18.12,Kidney Disease,"Pakistani, Indian, Low Fat, Dash, Balanced"
1822,220.47,81.54,66.96,22.32,19.13,1412,Plain Desi Ghee Paratha with Shami Kabab & Chai,Lobia / Red Kidney Bean Curry (Kalool) with Zeera Rice,Beef Nihari with 1 Roghani Naan & Ginger Lemon Garnish,Doodh Patti Chai with 2 Whole Wheat Rusks,383,14.12,15.94,None,"Pakistani, Indian, Traditional, Balanced"
1536,191.76,76.29,47.94,29.38,16.19,1067,Wheat Dalia (Cracked Wheat Porridge in Buffalo Milk),Kofta Curry (Spiced Meatballs) with 2 Chapatis,Anda Curry with 2 Chapatis & Onion Salad,Doodh Patti Chai with 2 Whole Wheat Rusks,526,11.34,20.62,"Hypertension, Heart Disease, Obesity, Kidney Disease","Pakistani, Indian, Low Fat, Dash, Balanced"
1748,193.68,100.18,60.67,12.8,20.82,1558,Anda Ghotala (Spiced Scrambled Eggs) with 1 Tandoori Roti,Daal Masoor Curry with Boiled Basmati Rice & Kachumber,Peshawari Chapli Kabab with 1 Whole Wheat Roti & Salad,1 Chicken Shami Kebab with Sliced Cucumber & Mint Raita,317,16.59,45.64,"Diabetes, Heart Disease, Obesity","Pakistani, Indian, Traditional, Balanced"
1307,169.4,67.02,38.65,33.71,19.16,966,Wheat Dalia (Cracked Wheat Porridge in Buffalo Milk),Aloo Gosht (Potato Beef Curry) with 1.5 Tandoori Rotis,Chicken Haleem with 1 Tandoori Naan & Brown Onions,"Fresh Fruit Chaat (Apple, Guava, Banana & Chaat Masala)",349,10.11,51.39,"Heart Disease, Obesity, Kidney Disease","Pakistani, Indian, Low Carb, Traditional"
1411,140.29,86.37,54.93,10.14,11.24,1242,1 Crispy Aloo Paratha with Fresh Dahi & Mint Raita,Beef Pulao Gosht with Mint Raita & Sliced Cucumbers,Chicken Tikka Boti (Grilled) with Mint Raita & Fresh Salad,1 Vegetable Potato Samosa with Mint Green Chutney,308,10.56,27.04,Kidney Disease,"Pakistani, Indian, Low Carb, Traditional"
1799,205.94,102.43,60.16,35.23,22.55,1517,Anda Ghotala (Spiced Scrambled Eggs) with 1 Tandoori Roti,Kofta Curry (Spiced Meatballs) with 2 Chapatis,Chicken Haleem with 1 Tandoori Naan & Brown Onions,"Fresh Fruit Chaat (Apple, Guava, Banana & Chaat Masala)",298,14.52,72.62,"Heart Disease, Obesity","Pakistani, Indian, Traditional, Balanced"
1782,229.72,79.44,59.58,23.08,22.22,1471,1 Crispy Aloo Paratha with Fresh Dahi & Mint Raita,Chicken Karahi (200g) with 2 Whole Wheat Chapatis & Salad,"Mix Sabzi (Carrot, Peas, Potatoes) with 2 Chapatis",Dahi Bhalla (Dahi Baray) with Chaat Masala & Papdi,456,12.67,66.02,"Hypertension, Heart Disease","Pakistani, Indian, Traditional, Balanced"
2092,216.09,100.38,90.86,16.21,14.05,1788,Plain Desi Ghee Paratha with Shami Kabab & Chai,Beef Pulao Gosht with Mint Raita & Sliced Cucumbers,Beef Nihari with 1 Roghani Naan & Ginger Lemon Garnish,1 Vegetable Potato Samosa with Mint Green Chutney,309,15.52,18.17,None,"Pakistani, Indian, Traditional, Balanced"
1897,187.47,122.62,69.21,19.62,19.4,1668,Plain Desi Ghee Paratha with Shami Kabab & Chai,Chicken Karahi (200g) with 2 Whole Wheat Chapatis & Salad,Machli (Fried Spiced Fish) with 1 Roti & Fresh Lemon,"Chana Chaat with Dahi, Onion, Tomato & Tamarind Chutney",425,14.93,39.78,None,"Pakistani, Indian, High Protein, Traditional"
1914,196.58,96.41,78.42,44.44,20.91,1443,Plain Desi Ghee Paratha with Shami Kabab & Chai,Beef Shami Kebab (2 pcs) with 1 Whole Wheat Roti & Salad,Chicken Haleem with 1 Tandoori Naan & Brown Onions,Gajar ka Halwa (100g Small Cup - Traditional Sweet),413,14.74,19.34,None,"Pakistani, Indian, Traditional, Balanced"
1657,218.42,68.67,54.14,21.75,19.44,1259,Oatmeal Porridge in Cow Milk with Sliced Bananas & Almonds,Daal Masoor Curry with Boiled Basmati Rice & Kachumber,Beef Nihari with 1 Roghani Naan & Ginger Lemon Garnish,1 Vegetable Potato Samosa with Mint Green Chutney,347,12.59,28.69,Kidney Disease,"Pakistani, Indian, Traditional, Balanced"
1547,186.75,70.93,56.12,11.51,20.56,1302,Anda Ghotala (Spiced Scrambled Eggs) with 1 Tandoori Roti,Daal Masoor Curry with Boiled Basmati Rice & Kachumber,Palak Gosht (Spinach Mutton Curry) with 1.5 Chapatis,1 Vegetable Potato Samosa with Mint Green Chutney,368,15.19,50.93,"Hypertension, Kidney Disease","Pakistani, Indian, Traditional, Balanced"
1827,199.7,99.53,63.73,52.05,16.46,1105,Oatmeal Porridge in Cow Milk with Sliced Bananas & Almonds,Aloo Gosht (Potato Beef Curry) with 1.5 Tandoori Rotis,Balochi Sajji (Roasted Chicken) with 1 cup Zeera Rice,Gajar ka Halwa (100g Small Cup - Traditional Sweet),473,12.22,22.31,None,"Pakistani, Indian, Traditional, Balanced"
1592,165.78,119.97,47.99,33.81,17.01,1483,2 Boiled Eggs with 2 Brown Bread Toasts & Green Tea,Chicken Biryani with Mint Zeera Raita & Fresh Salad,Chicken Tikka Boti (Grilled) with Mint Raita & Fresh Salad,"Fresh Fruit Chaat (Apple, Guava, Banana & Chaat Masala)",404,12.22,83.43,"Hypertension, Heart Disease, Obesity","Pakistani, Indian, High Protein, Traditional"
1272,129.02,80.37,45.7,13.44,15.77,1147,1 Whole Wheat Chapati with Fried Egg & Doodh Patti Chai,Daal Channa with 2 Chapatis & Onion Salad,Chicken Tikka Boti (Grilled) with Mint Raita & Fresh Salad,1 Vegetable Potato Samosa with Mint Green Chutney,269,10.3,25.98,"Hypertension, Kidney Disease","Pakistani, Indian, Low Carb, Traditional"
1710,247.29,69.91,48.53,42.18,30.97,1190,1 Whole Wheat Chapati with Fried Egg & Doodh Patti Chai,Lobia / Red Kidney Bean Curry (Kalool) with Zeera Rice,Palak Paneer (Spinach with Cottage Cheese) with 2 Chapatis,"Fresh Fruit Chaat (Apple, Guava, Banana & Chaat Masala)",607,16.52,90.71,"Hypertension, Heart Disease, Obesity, Kidney Disease","Pakistani, Indian, Low Fat, Dash, Balanced"
1289,171.29,50.35,44.23,20.23,23.72,913,Besan ka Chilla (Savory Gram Flour Pancake) with Mint Dahi,Bhindi Masala (Okra Curry) with 2 Whole Wheat Chapatis,Palak Paneer (Spinach with Cottage Cheese) with 2 Chapatis,Doodh Patti Chai with 2 Whole Wheat Rusks,602,12.89,59.29,"Diabetes, Hypertension, Heart Disease, Obesity, Kidney Disease","Pakistani, Indian, Vegetarian, Balanced"
1854,209.77,84.22,75.75,41.85,20.98,1483,Halwa Puri with Chana Masala (Sunday Special),Bhindi Masala (Okra Curry) with 2 Whole Wheat Chapatis,Machli (Fried Spiced Fish) with 1 Roti & Fresh Lemon,1 Chicken Shami Kebab with Sliced Cucumber & Mint Raita,418,13.03,48.73,None,"Pakistani, Indian, Traditional, Balanced"
1599,142.92,123.07,55.58,11.91,19.96,1520,Anda Ghotala (Spiced Scrambled Eggs) with 1 Tandoori Roti,Daal Channa with 2 Chapatis & Onion Salad,Chicken Tikka Boti (Grilled) with Mint Raita & Fresh Salad,1 Chicken Shami Kebab with Sliced Cucumber & Mint Raita,346,14.75,41.97,"Hypertension, Heart Disease, Obesity","Pakistani, Indian, High Protein, Traditional"
1849,209.73,116.22,57.3,19.46,13.3,1438,2 Boiled Eggs with 2 Brown Bread Toasts & Green Tea,Chicken Biryani with Mint Zeera Raita & Fresh Salad,Balochi Sajji (Roasted Chicken) with 1 cup Zeera Rice,Doodh Patti Chai with 2 Whole Wheat Rusks,443,12.0,19.46,"Hypertension, Heart Disease, Obesity","Pakistani, Indian, High Protein, Traditional"
2028,246.96,80.66,79.3,16.43,21.07,1631,1 Crispy Aloo Paratha with Fresh Dahi & Mint Raita,Chicken Biryani with Mint Zeera Raita & Fresh Salad,Palak Paneer (Spinach with Cottage Cheese) with 2 Chapatis,1 Vegetable Potato Samosa with Mint Green Chutney,668,15.63,54.38,None,"Pakistani, Indian, Traditional, Balanced"
1637,218.95,62.24,55.78,54.22,22.42,1017,Wheat Dalia (Cracked Wheat Porridge in Buffalo Milk),Aloo Gosht (Potato Beef Curry) with 1.5 Tandoori Rotis,"Mix Sabzi (Carrot, Peas, Potatoes) with 2 Chapatis",Gajar ka Halwa (100g Small Cup - Traditional Sweet),547,11.68,51.61,Kidney Disease,"Pakistani, Indian, Traditional, Balanced"
1306,150.27,79.65,40.07,9.85,20.69,1010,Besan ka Chilla (Savory Gram Flour Pancake) with Mint Dahi,Kofta Curry (Spiced Meatballs) with 2 Chapatis,Chicken Haleem with 1 Tandoori Naan & Brown Onions,Roasted Chickpeas (Bhuna Chana - 50g) with Green Tea,271,12.89,16.01,"Diabetes, Heart Disease, Obesity, Kidney Disease","Pakistani, Indian, Low Carb, Traditional"
2303,325.0,77.74,80.66,56.11,27.82,1824,Halwa Puri with Chana Masala (Sunday Special),Chicken Biryani with Mint Zeera Raita & Fresh Salad,"Mix Sabzi (Carrot, Peas, Potatoes) with 2 Chapatis","Chana Chaat with Dahi, Onion, Tomato & Tamarind Chutney",444,15.55,73.65,None,"Pakistani, Indian, Traditional, Balanced"
2005,227.52,86.96,82.91,64.11,13.3,1388,Halwa Puri with Chana Masala (Sunday Special),Beef Pulao Gosht with Mint Raita & Sliced Cucumbers,Machli (Fried Spiced Fish) with 1 Roti & Fresh Lemon,Gajar ka Halwa (100g Small Cup - Traditional Sweet),424,12.24,14.46,Kidney Disease,"Pakistani, Indian, Traditional, Balanced"
1621,270.99,51.53,34.74,38.22,28.6,973,Oatmeal Porridge in Cow Milk with Sliced Bananas & Almonds,Daal Masoor Curry with Boiled Basmati Rice & Kachumber,"Mix Sabzi (Carrot, Peas, Potatoes) with 2 Chapatis",Doodh Patti Chai with 2 Whole Wheat Rusks,527,12.51,64.27,"Hypertension, Heart Disease, Obesity, Kidney Disease","Pakistani, Indian, Vegetarian, Balanced"
1547,228.49,72.7,36.87,32.72,28.25,1194,Besan ka Chilla (Savory Gram Flour Pancake) with Mint Dahi,Daal Masoor Curry with Boiled Basmati Rice & Kachumber,Chicken Haleem with 1 Tandoori Naan & Brown Onions,"Fresh Fruit Chaat (Apple, Guava, Banana & Chaat Masala)",327,14.23,72.18,"Diabetes, Heart Disease, Obesity, Kidney Disease","Pakistani, Indian, Low Fat, Dash, Balanced"
1446,173.21,67.98,51.53,15.59,19.66,1204,1 Crispy Aloo Paratha with Fresh Dahi & Mint Raita,Kofta Curry (Spiced Meatballs) with 2 Chapatis,Palak Paneer (Spinach with Cottage Cheese) with 2 Chapatis,"Chana Chaat with Dahi, Onion, Tomato & Tamarind Chutney",502,13.6,45.03,"Hypertension, Heart Disease, Kidney Disease","Pakistani, Indian, Traditional, Balanced"
1312,135.6,68.86,49.75,33.9,14.53,1013,2 Boiled Eggs with 2 Brown Bread Toasts & Green Tea,Beef Shami Kebab (2 pcs) with 1 Whole Wheat Roti & Salad,Anda Curry with 2 Chapatis & Onion Salad,Gajar ka Halwa (100g Small Cup - Traditional Sweet),348,10.65,18.93,"Hypertension, Kidney Disease","Pakistani, Indian, Low Carb, Traditional"
1343,178.8,80.32,32.49,8.62,21.06,917,Besan ka Chilla (Savory Gram Flour Pancake) with Mint Dahi,Daal Masoor Curry with Boiled Basmati Rice & Kachumber,Balochi Sajji (Roasted Chicken) with 1 cup Zeera Rice,Roasted Chickpeas (Bhuna Chana - 50g) with Green Tea,290,13.07,21.33,"Diabetes, Hypertension, Heart Disease, Obesity, Kidney Disease","Pakistani, Indian, Low Fat, Dash, Balanced"
1931,254.36,80.08,63.59,24.73,22.26,1507,1 Crispy Aloo Paratha with Fresh Dahi & Mint Raita,Daal Masoor Curry with Boiled Basmati Rice & Kachumber,Peshawari Chapli Kabab with 1 Whole Wheat Roti & Salad,Doodh Patti Chai with 2 Whole Wheat Rusks,489,15.54,40.63,Heart Disease,"Pakistani, Indian, Traditional, Balanced"
1699,219.17,83.29,53.7,30.14,20.27,1249,1 Whole Wheat Chapati with Fried Egg & Doodh Patti Chai,Chicken Karahi (200g) with 2 Whole Wheat Chapatis & Salad,"Mix Sabzi (Carrot, Peas, Potatoes) with 2 Chapatis",Doodh Patti Chai with 2 Whole Wheat Rusks,395,11.84,58.63,"Diabetes, Hypertension, Heart Disease, Obesity, Kidney Disease","Pakistani, Indian, Traditional, Balanced"
1791,165.29,107.23,74.7,13.24,15.15,1505,Plain Desi Ghee Paratha with Shami Kabab & Chai,Beef Shami Kebab (2 pcs) with 1 Whole Wheat Roti & Salad,Balochi Sajji (Roasted Chicken) with 1 cup Zeera Rice,1 Vegetable Potato Samosa with Mint Green Chutney,275,13.88,19.6,None,"Pakistani, Indian, Low Carb, Traditional"
1950,199.57,109.42,75.4,13.04,17.46,1678,Mooli Paratha with Zeera Raita & Chai,Beef Pulao Gosht with Mint Raita & Sliced Cucumbers,Peshawari Chapli Kabab with 1 Whole Wheat Roti & Salad,1 Chicken Shami Kebab with Sliced Cucumber & Mint Raita,386,16.55,39.69,None,"Pakistani, Indian, Traditional, Balanced"
1386,158.65,76.94,43.49,20.55,20.55,1061,Oatmeal Porridge in Cow Milk with Sliced Bananas & Almonds,Daal Channa with 2 Chapatis & Onion Salad,Peshawari Chapli Kabab with 1 Whole Wheat Roti & Salad,1 Chicken Shami Kebab with Sliced Cucumber & Mint Raita,358,12.9,28.67,"Diabetes, Heart Disease, Obesity, Kidney Disease","Pakistani, Indian, Low Carb, Traditional"
1540,168.39,92.75,52.05,11.26,20.53,1234,Anda Ghotala (Spiced Scrambled Eggs) with 1 Tandoori Roti,Kofta Curry (Spiced Meatballs) with 2 Chapatis,Chicken Haleem with 1 Tandoori Naan & Brown Onions,Roasted Chickpeas (Bhuna Chana - 50g) with Green Tea,275,13.78,20.71,"Diabetes, Heart Disease, Obesity","Pakistani, Indian, Low Carb, Traditional"
1244,112.48,76.86,50.27,8.95,14.49,1201,2 Boiled Eggs with 2 Brown Bread Toasts & Green Tea,Beef Shami Kebab (2 pcs) with 1 Whole Wheat Roti & Salad,Peshawari Chapli Kabab with 1 Whole Wheat Roti & Salad,1 Vegetable Potato Samosa with Mint Green Chutney,226,11.67,23.43,Kidney Disease,"Pakistani, Indian, Low Carb, Traditional"
1351,131.61,81.82,49.79,19.48,15.33,1100,Oatmeal Porridge in Cow Milk with Sliced Bananas & Almonds,Aloo Gosht (Potato Beef Curry) with 1.5 Tandoori Rotis,Peshawari Chapli Kabab with 1 Whole Wheat Roti & Salad,1 Chicken Shami Kebab with Sliced Cucumber & Mint Raita,312,12.21,29.44,"Heart Disease, Obesity, Kidney Disease","Pakistani, Indian, Low Carb, Traditional"
1780,251.61,60.11,60.57,41.47,27.96,1295,Halwa Puri with Chana Masala (Sunday Special),Lobia / Red Kidney Bean Curry (Kalool) with Zeera Rice,Palak Paneer (Spinach with Cottage Cheese) with 2 Chapatis,"Chana Chaat with Dahi, Onion, Tomato & Tamarind Chutney",527,15.75,44.26,Kidney Disease,"Pakistani, Indian, Traditional, Balanced"
1747,194.68,105.55,53.95,34.01,17.59,1243,Oatmeal Porridge in Cow Milk with Sliced Bananas & Almonds,Kofta Curry (Spiced Meatballs) with 2 Chapatis,Machli (Fried Spiced Fish) with 1 Roti & Fresh Lemon,Doodh Patti Chai with 2 Whole Wheat Rusks,563,12.55,22.87,"Hypertension, Heart Disease, Obesity","Pakistani, Indian, Traditional, Balanced"
1777,222.32,65.24,71.93,36.91,21.72,1322,Halwa Puri with Chana Masala (Sunday Special),Bhindi Masala (Okra Curry) with 2 Whole Wheat Chapatis,Beef Nihari with 1 Roghani Naan & Ginger Lemon Garnish,Roasted Chickpeas (Bhuna Chana - 50g) with Green Tea,322,13.3,37.77,Kidney Disease,"Pakistani, Indian, Traditional, Balanced"
1422,134.3,100.73,50.15,12.21,10.64,1160,1 Whole Wheat Chapati with Fried Egg & Doodh Patti Chai,Kofta Curry (Spiced Meatballs) with 2 Chapatis,Balochi Sajji (Roasted Chicken) with 1 cup Zeera Rice,1 Chicken Shami Kebab with Sliced Cucumber & Mint Raita,235,11.08,15.7,"Hypertension, Heart Disease, Obesity","Pakistani, Indian, Low Carb, Traditional"
1493,167.63,82.68,51.95,41.03,13.1,921,Wheat Dalia (Cracked Wheat Porridge in Buffalo Milk),Aloo Gosht (Potato Beef Curry) with 1.5 Tandoori Rotis,Balochi Sajji (Roasted Chicken) with 1 cup Zeera Rice,Gajar ka Halwa (100g Small Cup - Traditional Sweet),441,9.87,15.28,Kidney Disease,"Pakistani, Indian, Low Carb, Traditional"
1332,121.06,116.87,40.51,17.69,13.97,1103,Wheat Dalia (Cracked Wheat Porridge in Buffalo Milk),Chicken Karahi (200g) with 2 Whole Wheat Chapatis & Salad,Chicken Tikka Boti (Grilled) with Mint Raita & Fresh Salad,1 Chicken Shami Kebab with Sliced Cucumber & Mint Raita,424,10.8,37.71,"Hypertension, Heart Disease, Obesity","Pakistani, Indian, High Protein, Traditional"
1581,165.46,82.94,61.26,40.84,20.94,1173,2 Boiled Eggs with 2 Brown Bread Toasts & Green Tea,Beef Shami Kebab (2 pcs) with 1 Whole Wheat Roti & Salad,Palak Paneer (Spinach with Cottage Cheese) with 2 Chapatis,Gajar ka Halwa (100g Small Cup - Traditional Sweet),613,14.87,39.27,"Hypertension, Kidney Disease","Pakistani, Indian, Low Carb, Traditional"
1573,168.23,79.49,63.09,19.52,13.88,1211,Plain Desi Ghee Paratha with Shami Kabab & Chai,Beef Pulao Gosht with Mint Raita & Sliced Cucumbers,Palak Gosht (Spinach Mutton Curry) with 1.5 Chapatis,Doodh Patti Chai with 2 Whole Wheat Rusks,425,14.05,29.44,Kidney Disease,"Pakistani, Indian, Low Carb, Traditional"
2037,226.22,112.04,75.91,41.81,20.48,1501,Halwa Puri with Chana Masala (Sunday Special),Chicken Karahi (200g) with 2 Whole Wheat Chapatis & Salad,Machli (Fried Spiced Fish) with 1 Roti & Fresh Lemon,Roasted Chickpeas (Bhuna Chana - 50g) with Green Tea,375,14.58,27.88,None,"Pakistani, Indian, High Protein, Traditional"
1568,168.84,102.97,51.02,20.87,11.13,1132,1 Whole Wheat Chapati with Fried Egg & Doodh Patti Chai,Chicken Karahi (200g) with 2 Whole Wheat Chapatis & Salad,Balochi Sajji (Roasted Chicken) with 1 cup Zeera Rice,Doodh Patti Chai with 2 Whole Wheat Rusks,315,10.11,19.95,"Hypertension, Heart Disease, Obesity","Pakistani, Indian, Low Carb, Traditional"
1648,209.01,67.31,57.9,20.71,13.46,1271,1 Crispy Aloo Paratha with Fresh Dahi & Mint Raita,Chicken Biryani with Mint Zeera Raita & Fresh Salad,Anda Curry with 2 Chapatis & Onion Salad,Doodh Patti Chai with 2 Whole Wheat Rusks,452,10.54,26.83,"Hypertension, Heart Disease, Kidney Disease","Pakistani, Indian, Traditional, Balanced"
1269,167.48,57.1,39.76,17.76,21.74,947,Besan ka Chilla (Savory Gram Flour Pancake) with Mint Dahi,Bhindi Masala (Okra Curry) with 2 Whole Wheat Chapatis,Chicken Haleem with 1 Tandoori Naan & Brown Onions,Doodh Patti Chai with 2 Whole Wheat Rusks,376,10.66,36.37,"Diabetes, Heart Disease, Obesity, Kidney Disease","Pakistani, Indian, Low Carb, Traditional"
1163,133.39,72.68,35.48,22.23,13.51,859,Wheat Dalia (Cracked Wheat Porridge in Buffalo Milk),Beef Shami Kebab (2 pcs) with 1 Whole Wheat Roti & Salad,Machli (Fried Spiced Fish) with 1 Roti & Fresh Lemon,Doodh Patti Chai with 2 Whole Wheat Rusks,449,8.81,13.68,"Hypertension, Heart Disease, Obesity, Kidney Disease","Pakistani, Indian, Low Carb, Traditional"
1635,196.94,82.72,58.1,58.1,20.78,1320,Halwa Puri with Chana Masala (Sunday Special),Daal Channa with 2 Chapatis & Onion Salad,Chicken Tikka Boti (Grilled) with Mint Raita & Fresh Salad,"Fresh Fruit Chaat (Apple, Guava, Banana & Chaat Masala)",295,11.92,70.9,Kidney Disease,"Pakistani, Indian, Traditional, Balanced"
2120,256.93,81.58,82.43,45.5,21.2,1563,1 Crispy Aloo Paratha with Fresh Dahi & Mint Raita,Daal Channa with 2 Chapatis & Onion Salad,Beef Nihari with 1 Roghani Naan & Ginger Lemon Garnish,Gajar ka Halwa (100g Small Cup - Traditional Sweet),482,14.77,23.55,None,"Pakistani, Indian, Traditional, Balanced"
1653,189.74,115.4,45.83,21.08,21.75,1126,Wheat Dalia (Cracked Wheat Porridge in Buffalo Milk),Chicken Karahi (200g) with 2 Whole Wheat Chapatis & Salad,Machli (Fried Spiced Fish) with 1 Roti & Fresh Lemon,Roasted Chickpeas (Bhuna Chana - 50g) with Green Tea,555,13.31,27.18,"Diabetes, Hypertension, Heart Disease, Obesity","Pakistani, Indian, High Protein, Traditional"
1894,231.99,74.71,74.49,20.22,20.33,1575,Plain Desi Ghee Paratha with Shami Kabab & Chai,Chicken Biryani with Mint Zeera Raita & Fresh Salad,"Mix Sabzi (Carrot, Peas, Potatoes) with 2 Chapatis",1 Vegetable Potato Samosa with Mint Green Chutney,378,13.3,58.0,None,"Pakistani, Indian, Traditional, Balanced"
2076,283.73,87.65,62.28,20.76,30.79,1649,1 Crispy Aloo Paratha with Fresh Dahi & Mint Raita,Lobia / Red Kidney Bean Curry (Kalool) with Zeera Rice,Chicken Haleem with 1 Tandoori Naan & Brown Onions,Dahi Bhalla (Dahi Baray) with Chaat Masala & Papdi,542,16.26,25.37,Heart Disease,"Pakistani, Indian, Traditional, Balanced"
1752,199.56,101.52,56.85,17.98,22.28,1473,2 Boiled Eggs with 2 Brown Bread Toasts & Green Tea,Bhindi Masala (Okra Curry) with 2 Whole Wheat Chapatis,Balochi Sajji (Roasted Chicken) with 1 cup Zeera Rice,Dahi Bhalla (Dahi Baray) with Chaat Masala & Papdi,499,13.23,47.57,"Diabetes, Hypertension, Heart Disease, Obesity","Pakistani, Indian, Traditional, Balanced"
1707,212.78,87.1,53.19,26.3,22.45,1380,2 Boiled Eggs with 2 Brown Bread Toasts & Green Tea,Kofta Curry (Spiced Meatballs) with 2 Chapatis,"Mix Sabzi (Carrot, Peas, Potatoes) with 2 Chapatis",Doodh Patti Chai with 2 Whole Wheat Rusks,433,13.68,53.78,"Diabetes, Hypertension, Heart Disease, Obesity, Kidney Disease","Pakistani, Indian, Traditional, Balanced"
1414,114.25,98.56,59.84,10.88,12.78,1378,Anda Ghotala (Spiced Scrambled Eggs) with 1 Tandoori Roti,Aloo Gosht (Potato Beef Curry) with 1.5 Tandoori Rotis,Chicken Tikka Boti (Grilled) with Mint Raita & Fresh Salad,1 Vegetable Potato Samosa with Mint Green Chutney,249,11.61,36.27,None,"Pakistani, Indian, Low Carb, Traditional"
1477,164.58,78.6,53.28,17.41,23.63,1298,Besan ka Chilla (Savory Gram Flour Pancake) with Mint Dahi,Beef Shami Kebab (2 pcs) with 1 Whole Wheat Roti & Salad,Palak Paneer (Spinach with Cottage Cheese) with 2 Chapatis,Dahi Bhalla (Dahi Baray) with Chaat Masala & Papdi,596,16.14,44.31,"Diabetes, Hypertension, Heart Disease, Obesity, Kidney Disease","Pakistani, Indian, Low Carb, Traditional"
1498,189.33,82.26,44.12,16.54,14.71,1103,Anda Ghotala (Spiced Scrambled Eggs) with 1 Tandoori Roti,Daal Masoor Curry with Boiled Basmati Rice & Kachumber,Balochi Sajji (Roasted Chicken) with 1 cup Zeera Rice,Doodh Patti Chai with 2 Whole Wheat Rusks,312,11.03,24.36,"Hypertension, Heart Disease, Obesity, Kidney Disease","Pakistani, Indian, Low Fat, Dash, Balanced"
1112,112.06,70.86,41.38,10.34,18.1,1017,Besan ka Chilla (Savory Gram Flour Pancake) with Mint Dahi,Bhindi Masala (Okra Curry) with 2 Whole Wheat Chapatis,Chicken Tikka Boti (Grilled) with Mint Raita & Fresh Salad,1 Vegetable Potato Samosa with Mint Green Chutney,323,10.26,50.43,"Hypertension, Kidney Disease","Pakistani, Indian, Low Carb, Traditional"
1300,149.92,73.3,41.66,9.11,15.57,1002,2 Boiled Eggs with 2 Brown Bread Toasts & Green Tea,Beef Pulao Gosht with Mint Raita & Sliced Cucumbers,Anda Curry with 2 Chapatis & Onion Salad,Roasted Chickpeas (Bhuna Chana - 50g) with Green Tea,294,11.84,13.67,"Heart Disease, Obesity, Kidney Disease","Pakistani, Indian, Low Carb, Traditional"
1530,209.67,81.84,35.84,42.79,23.11,952,Oatmeal Porridge in Cow Milk with Sliced Bananas & Almonds,Daal Channa with 2 Chapatis & Onion Salad,Balochi Sajji (Roasted Chicken) with 1 cup Zeera Rice,"Fresh Fruit Chaat (Apple, Guava, Banana & Chaat Masala)",380,11.45,64.18,"Hypertension, Heart Disease, Obesity, Kidney Disease","Pakistani, Indian, Low Fat, Dash, Balanced"
1740,206.82,87.0,59.16,20.38,19.19,1452,2 Boiled Eggs with 2 Brown Bread Toasts & Green Tea,Daal Channa with 2 Chapatis & Onion Salad,Beef Nihari with 1 Roghani Naan & Ginger Lemon Garnish,Doodh Patti Chai with 2 Whole Wheat Rusks,378,13.52,15.91,None,"Pakistani, Indian, Traditional, Balanced"
1301,136.93,68.89,50.92,14.55,17.12,1172,Anda Ghotala (Spiced Scrambled Eggs) with 1 Tandoori Roti,Beef Shami Kebab (2 pcs) with 1 Whole Wheat Roti & Salad,Palak Paneer (Spinach with Cottage Cheese) with 2 Chapatis,Dahi Bhalla (Dahi Baray) with Chaat Masala & Papdi,462,12.75,38.94,"Hypertension, Heart Disease, Obesity, Kidney Disease","Pakistani, Indian, Low Carb, Traditional"
2036,213.63,117.38,75.1,23.37,16.36,1758,2 Boiled Eggs with 2 Brown Bread Toasts & Green Tea,Kofta Curry (Spiced Meatballs) with 2 Chapatis,Beef Nihari with 1 Roghani Naan & Ginger Lemon Garnish,Doodh Patti Chai with 2 Whole Wheat Rusks,412,15.58,20.03,None,"Pakistani, Indian, High Protein, Traditional"
1383,182.09,52.86,45.94,37.09,17.7,885,1 Whole Wheat Chapati with Fried Egg & Doodh Patti Chai,Lobia / Red Kidney Bean Curry (Kalool) with Zeera Rice,Anda Curry with 2 Chapatis & Onion Salad,Gajar ka Halwa (100g Small Cup - Traditional Sweet),371,10.45,16.44,"Hypertension, Kidney Disease","Pakistani, Indian, Low Fat, Dash, Balanced"
1775,195.0,106.26,56.98,26.27,24.75,1261,Oatmeal Porridge in Cow Milk with Sliced Bananas & Almonds,Kofta Curry (Spiced Meatballs) with 2 Chapatis,Peshawari Chapli Kabab with 1 Whole Wheat Roti & Salad,Roasted Chickpeas (Bhuna Chana - 50g) with Green Tea,450,17.05,32.69,"Diabetes, Heart Disease, Obesity","Pakistani, Indian, Traditional, Balanced"
1315,141.37,78.9,45.21,13.97,16.19,1134,2 Boiled Eggs with 2 Brown Bread Toasts & Green Tea,Chicken Karahi (200g) with 2 Whole Wheat Chapatis & Salad,Palak Paneer (Spinach with Cottage Cheese) with 2 Chapatis,Dahi Bhalla (Dahi Baray) with Chaat Masala & Papdi,481,11.75,38.63,"Hypertension, Heart Disease, Obesity, Kidney Disease","Pakistani, Indian, Low Carb, Traditional"
1222,149.02,60.21,41.15,14.73,22.87,1083,Besan ka Chilla (Savory Gram Flour Pancake) with Mint Dahi,Bhindi Masala (Okra Curry) with 2 Whole Wheat Chapatis,Peshawari Chapli Kabab with 1 Whole Wheat Roti & Salad,"Chana Chaat with Dahi, Onion, Tomato & Tamarind Chutney",347,12.74,54.15,"Diabetes, Heart Disease, Obesity, Kidney Disease","Pakistani, Indian, Low Carb, Traditional"
1926,193.76,113.78,74.91,39.99,19.71,1622,Plain Desi Ghee Paratha with Shami Kabab & Chai,Chicken Karahi (200g) with 2 Whole Wheat Chapatis & Salad,Peshawari Chapli Kabab with 1 Whole Wheat Roti & Salad,"Fresh Fruit Chaat (Apple, Guava, Banana & Chaat Masala)",332,15.77,87.31,None,"Pakistani, Indian, High Protein, Traditional"
1407,188.27,65.61,42.31,34.23,19.68,1141,1 Whole Wheat Chapati with Fried Egg & Doodh Patti Chai,Daal Masoor Curry with Boiled Basmati Rice & Kachumber,Peshawari Chapli Kabab with 1 Whole Wheat Roti & Salad,"Fresh Fruit Chaat (Apple, Guava, Banana & Chaat Masala)",271,12.36,70.37,"Heart Disease, Obesity, Kidney Disease","Pakistani, Indian, Low Fat, Dash, Balanced"
1637,196.43,90.03,51.38,15.01,22.01,1373,Mooli Paratha with Zeera Raita & Chai,Chicken Karahi (200g) with 2 Whole Wheat Chapatis & Salad,Chicken Haleem with 1 Tandoori Naan & Brown Onions,"Chana Chaat with Dahi, Onion, Tomato & Tamarind Chutney",341,12.55,41.83,"Diabetes, Heart Disease","Pakistani, Indian, Traditional, Balanced"
1514,156.66,78.07,60.92,38.9,14.97,1097,1 Whole Wheat Chapati with Fried Egg & Doodh Patti Chai,Kofta Curry (Spiced Meatballs) with 2 Chapatis,Palak Gosht (Spinach Mutton Curry) with 1.5 Chapatis,Gajar ka Halwa (100g Small Cup - Traditional Sweet),431,13.32,33.94,"Hypertension, Kidney Disease","Pakistani, Indian, Low Carb, Traditional"
1381,161.96,67.48,48.28,12.98,23.05,1142,Besan ka Chilla (Savory Gram Flour Pancake) with Mint Dahi,Bhindi Masala (Okra Curry) with 2 Whole Wheat Chapatis,Anda Curry with 2 Chapatis & Onion Salad,1 Chicken Shami Kebab with Sliced Cucumber & Mint Raita,400,13.39,53.47,"Diabetes, Hypertension, Heart Disease, Obesity, Kidney Disease","Pakistani, Indian, Low Carb, Traditional"
1530,164.77,76.96,58.4,15.39,18.92,1403,Mooli Paratha with Zeera Raita & Chai,Aloo Gosht (Potato Beef Curry) with 1.5 Tandoori Rotis,Peshawari Chapli Kabab with 1 Whole Wheat Roti & Salad,"Chana Chaat with Dahi, Onion, Tomato & Tamarind Chutney",317,13.49,43.46,Heart Disease,"Pakistani, Indian, Low Carb, Traditional"
2085,208.48,126.37,80.13,18.29,25.97,1596,Plain Desi Ghee Paratha with Shami Kabab & Chai,Chicken Karahi (200g) with 2 Whole Wheat Chapatis & Salad,Palak Gosht (Spinach Mutton Curry) with 1.5 Chapatis,Roasted Chickpeas (Bhuna Chana - 50g) with Green Tea,518,20.85,55.32,Diabetes,"Pakistani, Indian, High Protein, Traditional"
1352,132.46,94.29,43.69,18.86,14.26,1067,Oatmeal Porridge in Cow Milk with Sliced Bananas & Almonds,Kofta Curry (Spiced Meatballs) with 2 Chapatis,Machli (Fried Spiced Fish) with 1 Roti & Fresh Lemon,1 Chicken Shami Kebab with Sliced Cucumber & Mint Raita,382,11.04,22.08,"Hypertension, Heart Disease, Obesity","Pakistani, Indian, Low Carb, Traditional"
1325,188.25,61.68,32.9,38.38,23.76,886,Oatmeal Porridge in Cow Milk with Sliced Bananas & Almonds,Lobia / Red Kidney Bean Curry (Kalool) with Zeera Rice,Peshawari Chapli Kabab with 1 Whole Wheat Roti & Salad,"Fresh Fruit Chaat (Apple, Guava, Banana & Chaat Masala)",366,12.06,64.43,"Heart Disease, Obesity, Kidney Disease","Pakistani, Indian, Low Fat, Dash, Balanced"
2007,255.22,95.36,64.97,12.76,23.55,1473,1 Crispy Aloo Paratha with Fresh Dahi & Mint Raita,Lobia / Red Kidney Bean Curry (Kalool) with Zeera Rice,Balochi Sajji (Roasted Chicken) with 1 cup Zeera Rice,1 Vegetable Potato Samosa with Mint Green Chutney,412,14.73,23.78,Hypertension,"Pakistani, Indian, Traditional, Balanced"
1353,146.25,81.16,46.33,10.57,16.15,1048,Anda Ghotala (Spiced Scrambled Eggs) with 1 Tandoori Roti,Chicken Karahi (200g) with 2 Whole Wheat Chapatis & Salad,Anda Curry with 2 Chapatis & Onion Salad,Roasted Chickpeas (Bhuna Chana - 50g) with Green Tea,266,11.67,29.59,"Hypertension, Heart Disease, Obesity, Kidney Disease","Pakistani, Indian, Low Carb, Traditional"
1457,198.1,60.69,45.64,28.16,21.56,1141,Wheat Dalia (Cracked Wheat Porridge in Buffalo Milk),Aloo Gosht (Potato Beef Curry) with 1.5 Tandoori Rotis,"Mix Sabzi (Carrot, Peas, Potatoes) with 2 Chapatis",Dahi Bhalla (Dahi Baray) with Chaat Masala & Papdi,490,11.26,49.53,"Diabetes, Heart Disease, Obesity, Kidney Disease","Pakistani, Indian, Low Fat, Dash, Balanced"
1385,184.11,53.08,47.27,18.66,19.9,1028,1 Crispy Aloo Paratha with Fresh Dahi & Mint Raita,Bhindi Masala (Okra Curry) with 2 Whole Wheat Chapatis,Chicken Haleem with 1 Tandoori Naan & Brown Onions,Doodh Patti Chai with 2 Whole Wheat Rusks,402,9.79,36.91,"Heart Disease, Kidney Disease","Pakistani, Indian, Low Fat, Dash, Balanced"
1297,148.76,67.89,43.68,37.19,17.3,995,Oatmeal Porridge in Cow Milk with Sliced Bananas & Almonds,Aloo Gosht (Potato Beef Curry) with 1.5 Tandoori Rotis,Peshawari Chapli Kabab with 1 Whole Wheat Roti & Salad,"Fresh Fruit Chaat (Apple, Guava, Banana & Chaat Masala)",303,11.16,64.0,"Heart Disease, Obesity, Kidney Disease","Pakistani, Indian, Low Carb, Traditional"
1577,165.19,92.17,56.31,10.79,18.3,1398,2 Boiled Eggs with 2 Brown Bread Toasts & Green Tea,Kofta Curry (Spiced Meatballs) with 2 Chapatis,Chicken Haleem with 1 Tandoori Naan & Brown Onions,1 Vegetable Potato Samosa with Mint Green Chutney,277,12.67,18.3,None,"Pakistani, Indian, Low Carb, Traditional"
1100,165.81,40.58,30.54,30.98,23.82,873,2 Boiled Eggs with 2 Brown Bread Toasts & Green Tea,Bhindi Masala (Okra Curry) with 2 Whole Wheat Chapatis,"Mix Sabzi (Carrot, Peas, Potatoes) with 2 Chapatis","Fresh Fruit Chaat (Apple, Guava, Banana & Chaat Masala)",319,9.34,99.92,"Diabetes, Hypertension, Heart Disease, Obesity, Kidney Disease","Pakistani, Indian, Low Carb, Traditional"
1453,110.87,102.46,64.04,12.9,14.15,1405,Plain Desi Ghee Paratha with Shami Kabab & Chai,Beef Shami Kebab (2 pcs) with 1 Whole Wheat Roti & Salad,Chicken Tikka Boti (Grilled) with Mint Raita & Fresh Salad,1 Vegetable Potato Samosa with Mint Green Chutney,282,12.52,31.06,None,"Pakistani, Indian, Low Carb, Traditional"
1546,173.12,70.84,60.95,13.25,19.43,1281,Plain Desi Ghee Paratha with Shami Kabab & Chai,Lobia / Red Kidney Bean Curry (Kalool) with Zeera Rice,Peshawari Chapli Kabab with 1 Whole Wheat Roti & Salad,1 Vegetable Potato Samosa with Mint Green Chutney,291,13.6,23.85,Kidney Disease,"Pakistani, Indian, Traditional, Balanced"
1536,196.02,80.53,45.47,18.19,19.3,1056,Wheat Dalia (Cracked Wheat Porridge in Buffalo Milk),Daal Channa with 2 Chapatis & Onion Salad,Balochi Sajji (Roasted Chicken) with 1 cup Zeera Rice,1 Vegetable Potato Samosa with Mint Green Chutney,414,11.01,15.66,"Hypertension, Kidney Disease","Pakistani, Indian, Low Fat, Dash, Balanced"
1350,172.42,65.96,38.95,43.11,21.09,966,Oatmeal Porridge in Cow Milk with Sliced Bananas & Almonds,Beef Shami Kebab (2 pcs) with 1 Whole Wheat Roti & Salad,Anda Curry with 2 Chapatis & Onion Salad,"Fresh Fruit Chaat (Apple, Guava, Banana & Chaat Masala)",374,11.53,70.63,"Hypertension, Heart Disease, Obesity, Kidney Disease","Pakistani, Indian, Low Fat, Dash, Balanced"
1372,177.01,67.26,43.37,24.34,16.37,1009,1 Whole Wheat Chapati with Fried Egg & Doodh Patti Chai,Chicken Karahi (200g) with 2 Whole Wheat Chapatis & Salad,"Mix Sabzi (Carrot, Peas, Potatoes) with 2 Chapatis",Doodh Patti Chai with 2 Whole Wheat Rusks,319,9.56,47.35,"Hypertension, Heart Disease, Obesity, Kidney Disease","Pakistani, Indian, Low Fat, Dash, Balanced"
1607,188.42,72.39,59.5,20.83,18.74,1220,Mooli Paratha with Zeera Raita & Chai,Kofta Curry (Spiced Meatballs) with 2 Chapatis,Palak Paneer (Spinach with Cottage Cheese) with 2 Chapatis,Doodh Patti Chai with 2 Whole Wheat Rusks,590,13.59,46.11,"Hypertension, Heart Disease, Kidney Disease","Pakistani, Indian, Traditional, Balanced"
1553,143.71,106.73,58.12,17.44,16.59,1522,1 Crispy Aloo Paratha with Fresh Dahi & Mint Raita,Beef Shami Kebab (2 pcs) with 1 Whole Wheat Roti & Salad,Chicken Tikka Boti (Grilled) with Mint Raita & Fresh Salad,Dahi Bhalla (Dahi Baray) with Chaat Masala & Papdi,444,12.89,37.51,"Hypertension, Heart Disease","Pakistani, Indian, Low Carb, Traditional"
1309,192.98,46.99,38.6,28.11,23.33,915,1 Crispy Aloo Paratha with Fresh Dahi & Mint Raita,Lobia / Red Kidney Bean Curry (Kalool) with Zeera Rice,Palak Paneer (Spinach with Cottage Cheese) with 2 Chapatis,"Fresh Fruit Chaat (Apple, Guava, Banana & Chaat Masala)",487,12.25,70.06,"Hypertension, Heart Disease, Kidney Disease","Pakistani, Indian, Vegetarian, Balanced"
2095,249.27,76.82,88.1,53.18,20.95,1536,Halwa Puri with Chana Masala (Sunday Special),Aloo Gosht (Potato Beef Curry) with 1.5 Tandoori Rotis,Palak Paneer (Spinach with Cottage Cheese) with 2 Chapatis,Doodh Patti Chai with 2 Whole Wheat Rusks,586,16.01,42.44,None,"Pakistani, Indian, Traditional, Balanced"
1781,236.19,62.25,65.05,44.04,19.02,1191,1 Crispy Aloo Paratha with Fresh Dahi & Mint Raita,Beef Pulao Gosht with Mint Raita & Sliced Cucumbers,"Mix Sabzi (Carrot, Peas, Potatoes) with 2 Chapatis",Gajar ka Halwa (100g Small Cup - Traditional Sweet),460,12.21,48.04,Kidney Disease,"Pakistani, Indian, Traditional, Balanced"
1339,201.78,59.51,30.5,18.6,25.39,786,Wheat Dalia (Cracked Wheat Porridge in Buffalo Milk),Lobia / Red Kidney Bean Curry (Kalool) with Zeera Rice,Anda Curry with 2 Chapatis & Onion Salad,Roasted Chickpeas (Bhuna Chana - 50g) with Green Tea,474,12.55,17.67,"Diabetes, Hypertension, Heart Disease, Obesity, Kidney Disease","Pakistani, Indian, Low Fat, Dash, Balanced"
1709,166.39,119.17,57.34,11.24,23.05,1574,2 Boiled Eggs with 2 Brown Bread Toasts & Green Tea,Beef Shami Kebab (2 pcs) with 1 Whole Wheat Roti & Salad,Chicken Haleem with 1 Tandoori Naan & Brown Onions,1 Chicken Shami Kebab with Sliced Cucumber & Mint Raita,332,15.85,23.05,"Diabetes, Heart Disease, Obesity","Pakistani, Indian, High Protein, Traditional"
1293,153.02,71.85,40.45,8.35,16.09,1143,2 Boiled Eggs with 2 Brown Bread Toasts & Green Tea,Daal Masoor Curry with Boiled Basmati Rice & Kachumber,Machli (Fried Spiced Fish) with 1 Roti & Fresh Lemon,1 Vegetable Potato Samosa with Mint Green Chutney,303,10.47,22.43,"Hypertension, Kidney Disease","Pakistani, Indian, Low Carb, Traditional"
1878,237.76,79.1,65.55,49.11,23.55,1278,1 Whole Wheat Chapati with Fried Egg & Doodh Patti Chai,Daal Masoor Curry with Boiled Basmati Rice & Kachumber,Palak Gosht (Spinach Mutton Curry) with 1.5 Chapatis,Gajar ka Halwa (100g Small Cup - Traditional Sweet),567,16.89,50.0,"Hypertension, Kidney Disease","Pakistani, Indian, Traditional, Balanced"
1559,208.46,65.02,47.65,20.85,21.54,1241,1 Whole Wheat Chapati with Fried Egg & Doodh Patti Chai,Lobia / Red Kidney Bean Curry (Kalool) with Zeera Rice,Anda Curry with 2 Chapatis & Onion Salad,Dahi Bhalla (Dahi Baray) with Chaat Masala & Papdi,417,12.71,20.85,"Diabetes, Hypertension, Heart Disease, Obesity, Kidney Disease","Pakistani, Indian, Low Fat, Dash, Balanced"
1361,145.2,70.13,51.98,16.91,12.87,1130,Mooli Paratha with Zeera Raita & Chai,Kofta Curry (Spiced Meatballs) with 2 Chapatis,Peshawari Chapli Kabab with 1 Whole Wheat Roti & Salad,Doodh Patti Chai with 2 Whole Wheat Rusks,318,10.73,28.46,"Heart Disease, Kidney Disease","Pakistani, Indian, Low Carb, Traditional"
1761,187.03,98.96,66.28,14.07,16.61,1498,Plain Desi Ghee Paratha with Shami Kabab & Chai,Chicken Biryani with Mint Zeera Raita & Fresh Salad,Chicken Haleem with 1 Tandoori Naan & Brown Onions,1 Chicken Shami Kebab with Sliced Cucumber & Mint Raita,340,13.26,23.15,None,"Pakistani, Indian, Traditional, Balanced"
1798,193.77,98.87,64.78,45.52,22.18,1366,Mooli Paratha with Zeera Raita & Chai,Daal Channa with 2 Chapatis & Onion Salad,Chicken Tikka Boti (Grilled) with Mint Raita & Fresh Salad,Gajar ka Halwa (100g Small Cup - Traditional Sweet),525,13.19,44.36,Hypertension,"Pakistani, Indian, Traditional, Balanced"
1876,198.04,83.5,80.46,13.81,16.19,1666,Mooli Paratha with Zeera Raita & Chai,Aloo Gosht (Potato Beef Curry) with 1.5 Tandoori Rotis,Beef Nihari with 1 Roghani Naan & Ginger Lemon Garnish,1 Vegetable Potato Samosa with Mint Green Chutney,295,13.62,32.37,None,"Pakistani, Indian, Traditional, Balanced"
1555,208.05,65.62,50.07,19.93,23.04,1312,1 Crispy Aloo Paratha with Fresh Dahi & Mint Raita,Kofta Curry (Spiced Meatballs) with 2 Chapatis,"Mix Sabzi (Carrot, Peas, Potatoes) with 2 Chapatis","Chana Chaat with Dahi, Onion, Tomato & Tamarind Chutney",369,12.93,60.28,"Hypertension, Heart Disease, Kidney Disease","Pakistani, Indian, Traditional, Balanced"
1507,177.03,75.05,55.09,14.6,18.46,1262,Anda Ghotala (Spiced Scrambled Eggs) with 1 Tandoori Roti,Chicken Karahi (200g) with 2 Whole Wheat Chapatis & Salad,"Mix Sabzi (Carrot, Peas, Potatoes) with 2 Chapatis",1 Vegetable Potato Samosa with Mint Green Chutney,254,11.3,60.27,"Hypertension, Kidney Disease","Pakistani, Indian, Traditional, Balanced"
1549,154.0,86.28,62.62,32.93,15.96,1345,Plain Desi Ghee Paratha with Shami Kabab & Chai,Kofta Curry (Spiced Meatballs) with 2 Chapatis,Peshawari Chapli Kabab with 1 Whole Wheat Roti & Salad,"Fresh Fruit Chaat (Apple, Guava, Banana & Chaat Masala)",269,13.45,64.48,Kidney Disease,"Pakistani, Indian, Low Carb, Traditional"
1487,173.71,96.63,42.34,23.89,22.04,1243,Wheat Dalia (Cracked Wheat Porridge in Buffalo Milk),Beef Shami Kebab (2 pcs) with 1 Whole Wheat Roti & Salad,Machli (Fried Spiced Fish) with 1 Roti & Fresh Lemon,"Chana Chaat with Dahi, Onion, Tomato & Tamarind Chutney",537,13.03,29.86,"Diabetes, Hypertension, Heart Disease, Obesity","Pakistani, Indian, Low Fat, Dash, Balanced"
1605,230.9,82.55,34.63,46.76,28.4,1039,Oatmeal Porridge in Cow Milk with Sliced Bananas & Almonds,Lobia / Red Kidney Bean Curry (Kalool) with Zeera Rice,Machli (Fried Spiced Fish) with 1 Roti & Fresh Lemon,"Fresh Fruit Chaat (Apple, Guava, Banana & Chaat Masala)",520,13.05,72.15,"Hypertension, Heart Disease, Obesity, Kidney Disease","Pakistani, Indian, Low Fat, Dash, Balanced"
1597,184.95,79.61,57.59,32.79,11.35,1101,Mooli Paratha with Zeera Raita & Chai,Chicken Biryani with Mint Zeera Raita & Fresh Salad,Balochi Sajji (Roasted Chicken) with 1 cup Zeera Rice,Gajar ka Halwa (100g Small Cup - Traditional Sweet),391,9.25,25.22,"Hypertension, Kidney Disease","Pakistani, Indian, Traditional, Balanced"
1437,157.66,90.42,45.91,12.52,15.58,1122,1 Whole Wheat Chapati with Fried Egg & Doodh Patti Chai,Daal Channa with 2 Chapatis & Onion Salad,Balochi Sajji (Roasted Chicken) with 1 cup Zeera Rice,1 Chicken Shami Kebab with Sliced Cucumber & Mint Raita,260,11.41,14.84,"Hypertension, Heart Disease, Obesity","Pakistani, Indian, Low Carb, Traditional"
1544,202.6,72.36,47.75,19.29,19.29,1370,2 Boiled Eggs with 2 Brown Bread Toasts & Green Tea,Chicken Biryani with Mint Zeera Raita & Fresh Salad,"Mix Sabzi (Carrot, Peas, Potatoes) with 2 Chapatis",Dahi Bhalla (Dahi Baray) with Chaat Masala & Papdi,424,11.29,51.13,"Hypertension, Heart Disease, Obesity, Kidney Disease","Pakistani, Indian, Low Fat, Dash, Balanced"
1568,208.52,66.12,49.9,39.21,19.78,1069,1 Whole Wheat Chapati with Fried Egg & Doodh Patti Chai,Daal Masoor Curry with Boiled Basmati Rice & Kachumber,Chicken Haleem with 1 Tandoori Naan & Brown Onions,Gajar ka Halwa (100g Small Cup - Traditional Sweet),361,11.41,20.5,Kidney Disease,"Pakistani, Indian, Low Fat, Dash, Balanced"
1660,185.02,80.41,63.98,19.02,13.31,1375,Mooli Paratha with Zeera Raita & Chai,Kofta Curry (Spiced Meatballs) with 2 Chapatis,Beef Nihari with 1 Roghani Naan & Ginger Lemon Garnish,Doodh Patti Chai with 2 Whole Wheat Rusks,342,11.76,24.64,Kidney Disease,"Pakistani, Indian, Traditional, Balanced"
1641,201.91,83.38,55.89,30.65,16.95,1388,Besan ka Chilla (Savory Gram Flour Pancake) with Mint Dahi,Chicken Biryani with Mint Zeera Raita & Fresh Salad,Beef Nihari with 1 Roghani Naan & Ginger Lemon Garnish,"Fresh Fruit Chaat (Apple, Guava, Banana & Chaat Masala)",320,12.71,62.65,Kidney Disease,"Pakistani, Indian, Traditional, Balanced"
1491,155.87,80.86,58.94,12.86,22.21,1276,Anda Ghotala (Spiced Scrambled Eggs) with 1 Tandoori Roti,Bhindi Masala (Okra Curry) with 2 Whole Wheat Chapatis,Palak Gosht (Spinach Mutton Curry) with 1.5 Chapatis,1 Chicken Shami Kebab with Sliced Cucumber & Mint Raita,448,15.49,71.12,"Diabetes, Hypertension, Heart Disease, Obesity, Kidney Disease","Pakistani, Indian, Low Carb, Traditional"
2047,216.42,99.03,84.1,16.11,21.76,1729,1 Crispy Aloo Paratha with Fresh Dahi & Mint Raita,Kofta Curry (Spiced Meatballs) with 2 Chapatis,Palak Gosht (Spinach Mutton Curry) with 1.5 Chapatis,1 Vegetable Potato Samosa with Mint Green Chutney,518,18.58,54.1,None,"Pakistani, Indian, Traditional, Balanced"
1971,196.01,129.04,72.42,14.16,18.73,1721,Besan ka Chilla (Savory Gram Flour Pancake) with Mint Dahi,Chicken Karahi (200g) with 2 Whole Wheat Chapatis & Salad,Beef Nihari with 1 Roghani Naan & Ginger Lemon Garnish,1 Chicken Shami Kebab with Sliced Cucumber & Mint Raita,338,16.88,36.48,None,"Pakistani, Indian, High Protein, Traditional"
1288,143.9,61.47,50.19,14.21,16.52,1084,1 Whole Wheat Chapati with Fried Egg & Doodh Patti Chai,Bhindi Masala (Okra Curry) with 2 Whole Wheat Chapatis,Machli (Fried Spiced Fish) with 1 Roti & Fresh Lemon,1 Vegetable Potato Samosa with Mint Green Chutney,342,9.33,38.19,"Hypertension, Kidney Disease","Pakistani, Indian, Low Carb, Traditional"
1904,219.74,109.87,62.01,26.65,19.58,1447,1 Whole Wheat Chapati with Fried Egg & Doodh Patti Chai,Chicken Karahi (200g) with 2 Whole Wheat Chapatis & Salad,Chicken Haleem with 1 Tandoori Naan & Brown Onions,Doodh Patti Chai with 2 Whole Wheat Rusks,397,13.16,25.56,"Heart Disease, Obesity","Pakistani, Indian, Traditional, Balanced"
1970,198.13,119.7,73.43,50.12,15.5,1422,1 Whole Wheat Chapati with Fried Egg & Doodh Patti Chai,Chicken Karahi (200g) with 2 Whole Wheat Chapatis & Salad,Machli (Fried Spiced Fish) with 1 Roti & Fresh Lemon,Gajar ka Halwa (100g Small Cup - Traditional Sweet),501,12.7,29.14,Hypertension,"Pakistani, Indian, High Protein, Traditional"
1720,248.4,71.47,47.34,48.87,24.64,1033,Wheat Dalia (Cracked Wheat Porridge in Buffalo Milk),Daal Masoor Curry with Boiled Basmati Rice & Kachumber,Chicken Haleem with 1 Tandoori Naan & Brown Onions,Gajar ka Halwa (100g Small Cup - Traditional Sweet),560,12.42,23.92,Kidney Disease,"Pakistani, Indian, Low Fat, Dash, Balanced"
1448,192.54,55.51,49.44,19.51,20.82,1075,1 Crispy Aloo Paratha with Fresh Dahi & Mint Raita,Bhindi Masala (Okra Curry) with 2 Whole Wheat Chapatis,Chicken Haleem with 1 Tandoori Naan & Brown Onions,Doodh Patti Chai with 2 Whole Wheat Rusks,421,10.23,38.6,"Heart Disease, Kidney Disease","Pakistani, Indian, Low Fat, Dash, Balanced"
1859,207.65,100.05,67.49,17.46,14.63,1718,2 Boiled Eggs with 2 Brown Bread Toasts & Green Tea,Chicken Biryani with Mint Zeera Raita & Fresh Salad,Beef Nihari with 1 Roghani Naan & Ginger Lemon Garnish,Dahi Bhalla (Dahi Baray) with Chaat Masala & Papdi,415,13.21,23.6,None,"Pakistani, Indian, Traditional, Balanced"
1452,113.06,114.52,56.53,15.11,13.16,1384,1 Whole Wheat Chapati with Fried Egg & Doodh Patti Chai,Aloo Gosht (Potato Beef Curry) with 1.5 Tandoori Rotis,Chicken Tikka Boti (Grilled) with Mint Raita & Fresh Salad,1 Chicken Shami Kebab with Sliced Cucumber & Mint Raita,292,12.57,33.14,"Heart Disease, Obesity","Pakistani, Indian, High Protein, Traditional"
1719,218.11,79.2,54.99,47.13,18.76,1091,Oatmeal Porridge in Cow Milk with Sliced Bananas & Almonds,Chicken Biryani with Mint Zeera Raita & Fresh Salad,Chicken Haleem with 1 Tandoori Naan & Brown Onions,Gajar ka Halwa (100g Small Cup - Traditional Sweet),494,10.91,23.11,Kidney Disease,"Pakistani, Indian, Traditional, Balanced"
1605,226.19,81.82,39.4,11.99,30.44,1167,Besan ka Chilla (Savory Gram Flour Pancake) with Mint Dahi,Daal Masoor Curry with Boiled Basmati Rice & Kachumber,Chicken Haleem with 1 Tandoori Naan & Brown Onions,Roasted Chickpeas (Bhuna Chana - 50g) with Green Tea,360,16.26,26.58,"Diabetes, Heart Disease, Obesity, Kidney Disease","Pakistani, Indian, Low Fat, Dash, Balanced"
1699,190.71,102.48,55.35,33.98,18.96,1392,Mooli Paratha with Zeera Raita & Chai,Chicken Karahi (200g) with 2 Whole Wheat Chapatis & Salad,Machli (Fried Spiced Fish) with 1 Roti & Fresh Lemon,"Fresh Fruit Chaat (Apple, Guava, Banana & Chaat Masala)",400,11.73,86.59,"Hypertension, Heart Disease","Pakistani, Indian, Traditional, Balanced"
1625,201.09,89.15,48.84,20.8,25.06,1134,Wheat Dalia (Cracked Wheat Porridge in Buffalo Milk),Aloo Gosht (Potato Beef Curry) with 1.5 Tandoori Rotis,Chicken Haleem with 1 Tandoori Naan & Brown Onions,Roasted Chickpeas (Bhuna Chana - 50g) with Green Tea,451,14.07,18.33,"Diabetes, Heart Disease, Obesity, Kidney Disease","Pakistani, Indian, Low Fat, Dash, Balanced"
1385,147.39,78.14,49.72,15.09,17.23,1234,2 Boiled Eggs with 2 Brown Bread Toasts & Green Tea,Kofta Curry (Spiced Meatballs) with 2 Chapatis,Palak Paneer (Spinach with Cottage Cheese) with 2 Chapatis,Dahi Bhalla (Dahi Baray) with Chaat Masala & Papdi,515,13.14,34.63,"Hypertension, Heart Disease, Obesity, Kidney Disease","Pakistani, Indian, Low Carb, Traditional"
1345,142.29,83.9,44.68,18.22,13.97,1015,Oatmeal Porridge in Cow Milk with Sliced Bananas & Almonds,Chicken Karahi (200g) with 2 Whole Wheat Chapatis & Salad,Machli (Fried Spiced Fish) with 1 Roti & Fresh Lemon,1 Vegetable Potato Samosa with Mint Green Chutney,351,9.28,26.9,"Hypertension, Kidney Disease","Pakistani, Indian, Low Carb, Traditional"
1421,140.18,89.07,52.08,18.5,14.6,1324,1 Whole Wheat Chapati with Fried Egg & Doodh Patti Chai,Beef Shami Kebab (2 pcs) with 1 Whole Wheat Roti & Salad,Machli (Fried Spiced Fish) with 1 Roti & Fresh Lemon,Dahi Bhalla (Dahi Baray) with Chaat Masala & Papdi,380,11.29,18.01,"Hypertension, Heart Disease, Obesity, Kidney Disease","Pakistani, Indian, Low Carb, Traditional"
1522,170.33,82.3,51.2,25.84,20.77,1254,Oatmeal Porridge in Cow Milk with Sliced Bananas & Almonds,Aloo Gosht (Potato Beef Curry) with 1.5 Tandoori Rotis,Peshawari Chapli Kabab with 1 Whole Wheat Roti & Salad,"Chana Chaat with Dahi, Onion, Tomato & Tamarind Chutney",378,13.88,39.23,"Diabetes, Heart Disease, Obesity, Kidney Disease","Pakistani, Indian, Traditional, Balanced"
1355,142.09,82.81,46.86,9.41,19.1,1110,Mooli Paratha with Zeera Raita & Chai,Beef Shami Kebab (2 pcs) with 1 Whole Wheat Roti & Salad,Machli (Fried Spiced Fish) with 1 Roti & Fresh Lemon,Roasted Chickpeas (Bhuna Chana - 50g) with Green Tea,353,12.14,25.41,"Hypertension, Heart Disease, Kidney Disease","Pakistani, Indian, Low Carb, Traditional"
1662,208.26,78.88,54.17,21.56,16.83,1294,Besan ka Chilla (Savory Gram Flour Pancake) with Mint Dahi,Chicken Biryani with Mint Zeera Raita & Fresh Salad,Anda Curry with 2 Chapatis & Onion Salad,Doodh Patti Chai with 2 Whole Wheat Rusks,463,12.62,28.4,"Hypertension, Heart Disease, Obesity, Kidney Disease","Pakistani, Indian, Traditional, Balanced"
1382,182.36,73.68,38.68,18.14,21.37,1008,Wheat Dalia (Cracked Wheat Porridge in Buffalo Milk),Daal Masoor Curry with Boiled Basmati Rice & Kachumber,Palak Gosht (Spinach Mutton Curry) with 1.5 Chapatis,1 Chicken Shami Kebab with Sliced Cucumber & Mint Raita,516,14.37,44.67,"Diabetes, Hypertension, Heart Disease, Obesity, Kidney Disease","Pakistani, Indian, Low Fat, Dash, Balanced"
2113,255.86,101.66,75.39,43.41,24.33,1622,Halwa Puri with Chana Masala (Sunday Special),Lobia / Red Kidney Bean Curry (Kalool) with Zeera Rice,Machli (Fried Spiced Fish) with 1 Roti & Fresh Lemon,1 Chicken Shami Kebab with Sliced Cucumber & Mint Raita,423,15.88,23.42,None,"Pakistani, Indian, Traditional, Balanced"
1777,196.74,112.65,58.71,17.98,18.3,1640,1 Crispy Aloo Paratha with Fresh Dahi & Mint Raita,Chicken Biryani with Mint Zeera Raita & Fresh Salad,Chicken Tikka Boti (Grilled) with Mint Raita & Fresh Salad,"Chana Chaat with Dahi, Onion, Tomato & Tamarind Chutney",481,13.43,50.77,Heart Disease,"Pakistani, Indian, High Protein, Traditional"
1943,213.64,75.69,86.56,63.72,17.96,1381,Halwa Puri with Chana Masala (Sunday Special),Aloo Gosht (Potato Beef Curry) with 1.5 Tandoori Rotis,Palak Gosht (Spinach Mutton Curry) with 1.5 Chapatis,Gajar ka Halwa (100g Small Cup - Traditional Sweet),447,15.19,39.6,Kidney Disease,"Pakistani, Indian, Traditional, Balanced"
1485,213.13,65.58,36.89,24.59,23.13,1093,Oatmeal Porridge in Cow Milk with Sliced Bananas & Almonds,Daal Masoor Curry with Boiled Basmati Rice & Kachumber,Chicken Haleem with 1 Tandoori Naan & Brown Onions,Dahi Bhalla (Dahi Baray) with Chaat Masala & Papdi,428,11.66,25.96,"Diabetes, Heart Disease, Obesity, Kidney Disease","Pakistani, Indian, Low Fat, Dash, Balanced"
1049,166.87,33.55,28.82,30.97,24.94,783,Besan ka Chilla (Savory Gram Flour Pancake) with Mint Dahi,Bhindi Masala (Okra Curry) with 2 Whole Wheat Chapatis,"Mix Sabzi (Carrot, Peas, Potatoes) with 2 Chapatis","Fresh Fruit Chaat (Apple, Guava, Banana & Chaat Masala)",314,9.81,101.07,"Diabetes, Hypertension, Heart Disease, Obesity, Kidney Disease","Pakistani, Indian, Vegetarian, Balanced"
1767,172.86,105.9,69.81,16.62,13.49,1567,1 Whole Wheat Chapati with Fried Egg & Doodh Patti Chai,Kofta Curry (Spiced Meatballs) with 2 Chapatis,Beef Nihari with 1 Roghani Naan & Ginger Lemon Garnish,1 Chicken Shami Kebab with Sliced Cucumber & Mint Raita,275,14.15,20.9,None,"Pakistani, Indian, Traditional, Balanced"
1630,199.27,62.5,62.95,35.78,18.39,1268,Halwa Puri with Chana Masala (Sunday Special),Daal Channa with 2 Chapatis & Onion Salad,Anda Curry with 2 Chapatis & Onion Salad,1 Chicken Shami Kebab with Sliced Cucumber & Mint Raita,276,12.23,21.74,Kidney Disease,"Pakistani, Indian, Traditional, Balanced"
1311,163.47,60.45,44.7,25.12,17.03,890,Wheat Dalia (Cracked Wheat Porridge in Buffalo Milk),Aloo Gosht (Potato Beef Curry) with 1.5 Tandoori Rotis,Palak Paneer (Spinach with Cottage Cheese) with 2 Chapatis,Doodh Patti Chai with 2 Whole Wheat Rusks,592,11.32,32.35,"Heart Disease, Obesity, Kidney Disease","Pakistani, Indian, Low Carb, Traditional"
1327,138.57,76.97,49.25,10.02,16.11,1110,2 Boiled Eggs with 2 Brown Bread Toasts & Green Tea,Chicken Karahi (200g) with 2 Whole Wheat Chapatis & Salad,Palak Paneer (Spinach with Cottage Cheese) with 2 Chapatis,1 Vegetable Potato Samosa with Mint Green Chutney,413,11.77,39.65,"Hypertension, Kidney Disease","Pakistani, Indian, Low Carb, Traditional"
1558,145.68,87.41,66.49,11.86,11.69,1296,Plain Desi Ghee Paratha with Shami Kabab & Chai,Aloo Gosht (Potato Beef Curry) with 1.5 Tandoori Rotis,Balochi Sajji (Roasted Chicken) with 1 cup Zeera Rice,1 Vegetable Potato Samosa with Mint Green Chutney,229,11.43,17.36,Kidney Disease,"Pakistani, Indian, Low Carb, Traditional"
1503,235.69,43.79,41.62,37.84,29.51,1135,Mooli Paratha with Zeera Raita & Chai,Daal Channa with 2 Chapatis & Onion Salad,"Mix Sabzi (Carrot, Peas, Potatoes) with 2 Chapatis","Fresh Fruit Chaat (Apple, Guava, Banana & Chaat Masala)",357,11.89,107.03,"Hypertension, Heart Disease, Kidney Disease","Pakistani, Indian, Vegetarian, Balanced"
1758,181.86,93.96,70.58,18.19,16.19,1585,Plain Desi Ghee Paratha with Shami Kabab & Chai,Kofta Curry (Spiced Meatballs) with 2 Chapatis,Beef Nihari with 1 Roghani Naan & Ginger Lemon Garnish,"Chana Chaat with Dahi, Onion, Tomato & Tamarind Chutney",299,14.46,26.41,None,"Pakistani, Indian, Traditional, Balanced"
1885,171.33,122.78,74.81,13.93,19.99,1679,Anda Ghotala (Spiced Scrambled Eggs) with 1 Tandoori Roti,Kofta Curry (Spiced Meatballs) with 2 Chapatis,Palak Gosht (Spinach Mutton Curry) with 1.5 Chapatis,1 Chicken Shami Kebab with Sliced Cucumber & Mint Raita,445,19.42,55.97,Obesity,"Pakistani, Indian, High Protein, Traditional"
1580,212.68,71.75,47.21,11.43,25.04,1282,Besan ka Chilla (Savory Gram Flour Pancake) with Mint Dahi,Daal Masoor Curry with Boiled Basmati Rice & Kachumber,Chicken Haleem with 1 Tandoori Naan & Brown Onions,1 Vegetable Potato Samosa with Mint Green Chutney,308,14.01,28.32,Kidney Disease,"Pakistani, Indian, Low Fat, Dash, Balanced"
1605,149.14,109.27,59.03,17.09,15.64,1543,Mooli Paratha with Zeera Raita & Chai,Kofta Curry (Spiced Meatballs) with 2 Chapatis,Chicken Tikka Boti (Grilled) with Mint Raita & Fresh Salad,Dahi Bhalla (Dahi Baray) with Chaat Masala & Papdi,435,12.53,42.98,"Hypertension, Heart Disease","Pakistani, Indian, Low Carb, Traditional"
1604,157.05,113.36,55.3,17.14,21.01,1559,1 Crispy Aloo Paratha with Fresh Dahi & Mint Raita,Beef Shami Kebab (2 pcs) with 1 Whole Wheat Roti & Salad,Chicken Tikka Boti (Grilled) with Mint Raita & Fresh Salad,"Chana Chaat with Dahi, Onion, Tomato & Tamarind Chutney",420,14.6,48.66,"Hypertension, Heart Disease","Pakistani, Indian, High Protein, Traditional"
1574,181.19,81.1,56.29,11.43,17.42,1187,Plain Desi Ghee Paratha with Shami Kabab & Chai,Lobia / Red Kidney Bean Curry (Kalool) with Zeera Rice,Balochi Sajji (Roasted Chicken) with 1 cup Zeera Rice,1 Vegetable Potato Samosa with Mint Green Chutney,281,12.14,14.95,Kidney Disease,"Pakistani, Indian, Traditional, Balanced"
1524,214.08,54.97,45.8,19.29,21.41,1080,Mooli Paratha with Zeera Raita & Chai,Lobia / Red Kidney Bean Curry (Kalool) with Zeera Rice,Anda Curry with 2 Chapatis & Onion Salad,Doodh Patti Chai with 2 Whole Wheat Rusks,434,11.67,27.96,"Diabetes, Hypertension, Heart Disease, Kidney Disease","Pakistani, Indian, Low Fat, Dash, Balanced"
1624,193.07,83.37,56.17,23.26,18.43,1356,Wheat Dalia (Cracked Wheat Porridge in Buffalo Milk),Aloo Gosht (Potato Beef Curry) with 1.5 Tandoori Rotis,Beef Nihari with 1 Roghani Naan & Ginger Lemon Garnish,"Chana Chaat with Dahi, Onion, Tomato & Tamarind Chutney",408,13.08,27.64,Kidney Disease,"Pakistani, Indian, Traditional, Balanced"
1642,158.22,96.33,65.59,42.06,17.82,1272,Plain Desi Ghee Paratha with Shami Kabab & Chai,Daal Channa with 2 Chapatis & Onion Salad,Chicken Tikka Boti (Grilled) with Mint Raita & Fresh Salad,Gajar ka Halwa (100g Small Cup - Traditional Sweet),431,12.72,28.54,None,"Pakistani, Indian, Low Carb, Traditional"
1418,154.76,76.92,51.71,10.84,22.7,1121,Mooli Paratha with Zeera Raita & Chai,Beef Shami Kebab (2 pcs) with 1 Whole Wheat Roti & Salad,Palak Gosht (Spinach Mutton Curry) with 1.5 Chapatis,Roasted Chickpeas (Bhuna Chana - 50g) with Green Tea,412,15.57,45.41,"Diabetes, Hypertension, Heart Disease, Kidney Disease","Pakistani, Indian, Low Carb, Traditional"
1414,156.71,80.61,48.63,22.97,15.4,1184,Wheat Dalia (Cracked Wheat Porridge in Buffalo Milk),Kofta Curry (Spiced Meatballs) with 2 Chapatis,Peshawari Chapli Kabab with 1 Whole Wheat Roti & Salad,Dahi Bhalla (Dahi Baray) with Chaat Masala & Papdi,450,11.8,24.32,"Heart Disease, Obesity, Kidney Disease","Pakistani, Indian, Low Carb, Traditional"
1806,201.65,88.22,67.74,18.06,24.89,1586,Mooli Paratha with Zeera Raita & Chai,Aloo Gosht (Potato Beef Curry) with 1.5 Tandoori Rotis,Palak Gosht (Spinach Mutton Curry) with 1.5 Chapatis,"Chana Chaat with Dahi, Onion, Tomato & Tamarind Chutney",494,17.75,65.12,Diabetes,"Pakistani, Indian, Traditional, Balanced"
1703,206.05,103.02,50.46,25.97,24.7,1298,Wheat Dalia (Cracked Wheat Porridge in Buffalo Milk),Chicken Karahi (200g) with 2 Whole Wheat Chapatis & Salad,Palak Gosht (Spinach Mutton Curry) with 1.5 Chapatis,"Chana Chaat with Dahi, Onion, Tomato & Tamarind Chutney",615,16.4,60.45,"Diabetes, Hypertension, Heart Disease, Obesity","Pakistani, Indian, Traditional, Balanced"
1436,141.13,64.16,64.41,13.13,12.96,1247,Plain Desi Ghee Paratha with Shami Kabab & Chai,Aloo Gosht (Potato Beef Curry) with 1.5 Tandoori Rotis,Anda Curry with 2 Chapatis & Onion Salad,1 Vegetable Potato Samosa with Mint Green Chutney,246,11.24,21.74,Kidney Disease,"Pakistani, Indian, Low Carb, Traditional"
1487,202.29,50.15,53.97,36.12,21.08,1130,Halwa Puri with Chana Masala (Sunday Special),Daal Channa with 2 Chapatis & Onion Salad,"Mix Sabzi (Carrot, Peas, Potatoes) with 2 Chapatis",1 Chicken Shami Kebab with Sliced Cucumber & Mint Raita,251,11.22,42.5,Kidney Disease,"Pakistani, Indian, Traditional, Balanced"
2058,228.68,99.48,80.04,24.01,19.09,1738,Mooli Paratha with Zeera Raita & Chai,Beef Shami Kebab (2 pcs) with 1 Whole Wheat Roti & Salad,Beef Nihari with 1 Roghani Naan & Ginger Lemon Garnish,Doodh Patti Chai with 2 Whole Wheat Rusks,434,15.32,32.59,None,"Pakistani, Indian, Traditional, Balanced"
1452,178.66,94.35,39.64,27.36,26.8,1200,Wheat Dalia (Cracked Wheat Porridge in Buffalo Milk),Bhindi Masala (Okra Curry) with 2 Whole Wheat Chapatis,Chicken Tikka Boti (Grilled) with Mint Raita & Fresh Salad,"Chana Chaat with Dahi, Onion, Tomato & Tamarind Chutney",620,12.73,70.91,"Diabetes, Hypertension, Heart Disease, Obesity","Pakistani, Indian, Low Fat, Dash, Balanced"
2129,222.26,111.13,87.15,42.11,21.41,1872,Plain Desi Ghee Paratha with Shami Kabab & Chai,Beef Shami Kebab (2 pcs) with 1 Whole Wheat Roti & Salad,Beef Nihari with 1 Roghani Naan & Ginger Lemon Garnish,"Fresh Fruit Chaat (Apple, Guava, Banana & Chaat Masala)",333,17.43,74.28,None,"Pakistani, Indian, High Protein, Traditional"
1822,222.8,77.75,63.82,23.21,23.44,1451,Mooli Paratha with Zeera Raita & Chai,Daal Channa with 2 Chapatis & Onion Salad,Peshawari Chapli Kabab with 1 Whole Wheat Roti & Salad,Doodh Patti Chai with 2 Whole Wheat Rusks,458,14.62,37.71,"Diabetes, Heart Disease","Pakistani, Indian, Traditional, Balanced"
1537,219.47,67.96,39.33,22.28,27.96,964,Wheat Dalia (Cracked Wheat Porridge in Buffalo Milk),Daal Channa with 2 Chapatis & Onion Salad,Anda Curry with 2 Chapatis & Onion Salad,Roasted Chickpeas (Bhuna Chana - 50g) with Green Tea,529,14.04,20.61,"Diabetes, Hypertension, Heart Disease, Obesity, Kidney Disease","Pakistani, Indian, Low Fat, Dash, Balanced"
1678,188.38,78.23,66.71,17.19,28.1,1256,Plain Desi Ghee Paratha with Shami Kabab & Chai,Bhindi Masala (Okra Curry) with 2 Whole Wheat Chapatis,Palak Gosht (Spinach Mutton Curry) with 1.5 Chapatis,Roasted Chickpeas (Bhuna Chana - 50g) with Green Tea,525,17.81,65.37,"Diabetes, Kidney Disease","Pakistani, Indian, Traditional, Balanced"
1830,187.31,131.01,59.33,11.37,18.51,1353,Anda Ghotala (Spiced Scrambled Eggs) with 1 Tandoori Roti,Chicken Karahi (200g) with 2 Whole Wheat Chapatis & Salad,Balochi Sajji (Roasted Chicken) with 1 cup Zeera Rice,Roasted Chickpeas (Bhuna Chana - 50g) with Green Tea,309,14.73,31.4,"Hypertension, Heart Disease, Obesity","Pakistani, Indian, High Protein, Traditional"
1614,182.7,67.62,67.44,36.71,16.9,1229,Anda Ghotala (Spiced Scrambled Eggs) with 1 Tandoori Roti,Bhindi Masala (Okra Curry) with 2 Whole Wheat Chapatis,Beef Nihari with 1 Roghani Naan & Ginger Lemon Garnish,Gajar ka Halwa (100g Small Cup - Traditional Sweet),380,11.53,42.69,Kidney Disease,"Pakistani, Indian, Traditional, Balanced"
1847,213.12,85.25,71.48,17.32,13.5,1590,1 Crispy Aloo Paratha with Fresh Dahi & Mint Raita,Beef Pulao Gosht with Mint Raita & Sliced Cucumbers,Beef Nihari with 1 Roghani Naan & Ginger Lemon Garnish,Dahi Bhalla (Dahi Baray) with Chaat Masala & Papdi,391,13.23,19.09,None,"Pakistani, Indian, Traditional, Balanced"
1491,165.84,94.1,47.98,15.09,22.55,1267,Besan ka Chilla (Savory Gram Flour Pancake) with Mint Dahi,Chicken Karahi (200g) with 2 Whole Wheat Chapatis & Salad,Palak Gosht (Spinach Mutton Curry) with 1.5 Chapatis,"Chana Chaat with Dahi, Onion, Tomato & Tamarind Chutney",424,16.12,56.37,"Diabetes, Hypertension, Heart Disease, Obesity","Pakistani, Indian, Low Carb, Traditional"
1360,191.82,54.5,40.81,11.41,25.18,896,1 Crispy Aloo Paratha with Fresh Dahi & Mint Raita,Lobia / Red Kidney Bean Curry (Kalool) with Zeera Rice,Palak Paneer (Spinach with Cottage Cheese) with 2 Chapatis,Roasted Chickpeas (Bhuna Chana - 50g) with Green Tea,515,13.94,33.38,"Hypertension, Heart Disease, Kidney Disease","Pakistani, Indian, Vegetarian, Balanced"
1813,215.69,98.9,56.22,43.02,23.86,1285,2 Boiled Eggs with 2 Brown Bread Toasts & Green Tea,Lobia / Red Kidney Bean Curry (Kalool) with Zeera Rice,Machli (Fried Spiced Fish) with 1 Roti & Fresh Lemon,Gajar ka Halwa (100g Small Cup - Traditional Sweet),556,14.11,18.36,Hypertension,"Pakistani, Indian, Traditional, Balanced"
1698,220.65,72.47,54.62,18.39,20.77,1471,Anda Ghotala (Spiced Scrambled Eggs) with 1 Tandoori Roti,Daal Masoor Curry with Boiled Basmati Rice & Kachumber,Anda Curry with 2 Chapatis & Onion Salad,Dahi Bhalla (Dahi Baray) with Chaat Masala & Papdi,411,13.95,38.4,"Diabetes, Hypertension, Heart Disease, Obesity","Pakistani, Indian, Traditional, Balanced"
1466,174.4,69.95,50.79,23.0,17.73,1159,1 Whole Wheat Chapati with Fried Egg & Doodh Patti Chai,Daal Channa with 2 Chapatis & Onion Salad,Peshawari Chapli Kabab with 1 Whole Wheat Roti & Salad,Doodh Patti Chai with 2 Whole Wheat Rusks,340,12.07,20.6,"Heart Disease, Obesity, Kidney Disease","Pakistani, Indian, Traditional, Balanced"
1428,138.23,105.49,47.29,14.55,12.73,1410,2 Boiled Eggs with 2 Brown Bread Toasts & Green Tea,Chicken Biryani with Mint Zeera Raita & Fresh Salad,Chicken Tikka Boti (Grilled) with Mint Raita & Fresh Salad,Dahi Bhalla (Dahi Baray) with Chaat Masala & Papdi,414,10.73,31.83,"Hypertension, Heart Disease, Obesity","Pakistani, Indian, Low Carb, Traditional"
1901,201.16,114.39,67.42,17.68,22.66,1824,2 Boiled Eggs with 2 Brown Bread Toasts & Green Tea,Beef Shami Kebab (2 pcs) with 1 Whole Wheat Roti & Salad,Beef Nihari with 1 Roghani Naan & Ginger Lemon Garnish,"Chana Chaat with Dahi, Onion, Tomato & Tamarind Chutney",359,17.13,32.61,None,"Pakistani, Indian, High Protein, Traditional"
1679,211.87,81.14,52.4,17.47,20.51,1364,1 Whole Wheat Chapati with Fried Egg & Doodh Patti Chai,Daal Masoor Curry with Boiled Basmati Rice & Kachumber,Anda Curry with 2 Chapatis & Onion Salad,1 Chicken Shami Kebab with Sliced Cucumber & Mint Raita,355,14.43,33.81,"Diabetes, Hypertension, Heart Disease, Obesity, Kidney Disease","Pakistani, Indian, Traditional, Balanced"
2143,216.51,110.66,88.03,45.38,17.5,1739,2 Boiled Eggs with 2 Brown Bread Toasts & Green Tea,Aloo Gosht (Potato Beef Curry) with 1.5 Tandoori Rotis,Beef Nihari with 1 Roghani Naan & Ginger Lemon Garnish,Gajar ka Halwa (100g Small Cup - Traditional Sweet),432,15.86,23.51,None,"Pakistani, Indian, High Protein, Traditional"
1558,150.85,108.67,55.08,11.61,20.05,1310,Besan ka Chilla (Savory Gram Flour Pancake) with Mint Dahi,Chicken Karahi (200g) with 2 Whole Wheat Chapatis & Salad,Palak Gosht (Spinach Mutton Curry) with 1.5 Chapatis,1 Chicken Shami Kebab with Sliced Cucumber & Mint Raita,417,16.77,53.09,"Diabetes, Hypertension, Heart Disease, Obesity","Pakistani, Indian, Low Carb, Traditional"
1809,215.45,81.58,66.94,37.65,17.36,1475,Plain Desi Ghee Paratha with Shami Kabab & Chai,Chicken Biryani with Mint Zeera Raita & Fresh Salad,Anda Curry with 2 Chapatis & Onion Salad,"Fresh Fruit Chaat (Apple, Guava, Banana & Chaat Masala)",387,12.97,72.69,None,"Pakistani, Indian, Traditional, Balanced"
1585,148.35,114.0,56.9,11.18,13.82,1524,2 Boiled Eggs with 2 Brown Bread Toasts & Green Tea,Chicken Biryani with Mint Zeera Raita & Fresh Salad,Chicken Tikka Boti (Grilled) with Mint Raita & Fresh Salad,1 Vegetable Potato Samosa with Mint Green Chutney,371,11.79,36.07,Hypertension,"Pakistani, Indian, High Protein, Traditional"
1387,149.32,83.68,45.94,13.54,16.33,1263,2 Boiled Eggs with 2 Brown Bread Toasts & Green Tea,Kofta Curry (Spiced Meatballs) with 2 Chapatis,Chicken Haleem with 1 Tandoori Naan & Brown Onions,Dahi Bhalla (Dahi Baray) with Chaat Masala & Papdi,316,11.24,15.59,"Heart Disease, Obesity, Kidney Disease","Pakistani, Indian, Low Carb, Traditional"
1726,184.08,94.44,65.67,21.57,12.08,1409,Plain Desi Ghee Paratha with Shami Kabab & Chai,Chicken Biryani with Mint Zeera Raita & Fresh Salad,Machli (Fried Spiced Fish) with 1 Roti & Fresh Lemon,Doodh Patti Chai with 2 Whole Wheat Rusks,455,11.31,20.13,None,"Pakistani, Indian, Traditional, Balanced"
