Calories (kcal),Carbohydrates (g),Protein (g),Fats (g),Free Sugar (g),Fibre (g),Sodium (mg),Breakfast,Lunch,Dinner,Snack,Calcium (mg),Iron (mg),Vitamin C (mg),Disease,Diet Preference
1663,199.63,81.76,60.17,16.27,22.41,1709,Vegetable Upma with Roasted Cashews & Filter Coffee,Homestyle Chicken Curry with 2 Chapatis & Onion Salad,Malabar Fish Curry with Steamed Rice & Beetroot Thoran,1 Vegetable Samosa with Mint Chutney & Masala Chai,400,11.87,40.83,,"Indian, Traditional, Balanced"
1505,141.4,84.27,68.62,14.85,21.29,1703,Ragi Dosa (2 pcs) with Tomato Onion Chutney & Buttermilk,Paneer Butter Masala with 2 Whole Wheat Phulkas & Boondi Raita,Tandoori Chicken (2 pcs leg/thigh) with Mint Raita & Green Salad,Khaman Dhokla (2 steamed pcs) with Green Coriander Chutney,881,11.68,40.2,Obesity,"Indian, Low Carb, Traditional"
1616,165.28,99.48,62.07,10.88,24.66,1720,Besan Chilla (2 savory gram flour pancakes) with Green Coriander Chutney,Homestyle Chicken Curry with 2 Chapatis & Onion Salad,Malabar Fish Curry with Steamed Rice & Beetroot Thoran,Paneer Tikka (3 grilled cubes) with Mint Coriander Chutney,569,13.16,49.84,Diabetes,"Indian, Low Carb, Traditional"
1724,254.76,76.82,45.32,17.24,35.04,1857,Besan Chilla (2 savory gram flour pancakes) with Green Coriander Chutney,Rajma Masala (Kidney Beans Curry) with Jeera Rice & Kachumber,Malabar Fish Curry with Steamed Rice & Beetroot Thoran,Bhel Puri (Puffed Rice with Veggies & Tamarind Chutney),412,16.25,57.14,Heart Disease,"Indian, Low Fat, Dash, Balanced"
1694,206.8,60.79,71.47,17.15,32.04,1838,2 Methi Theplas with Fresh Curd (Dahi) & Mint Chutney,Chole Masala (Spiced Chickpeas) with 1 Bhatura & Pickled Onions,Palak Paneer (Spinach Cottage Cheese) with 2 Whole Wheat Chapatis,Bhel Puri (Puffed Rice with Veggies & Tamarind Chutney),772,16.43,56.68,,"Indian, Vegetarian, Balanced"
1473,177.39,82.09,48.17,8.08,27.46,1425,Moong Dal Cheela with Paneer Stuffing & Mint Chutney,Dal Tadka (Yellow Lentil) with Steamed Basmati Rice & Cucumber Salad,Soya Chunks Curry with 1 cup Brown Rice & Fresh Salad,Paneer Tikka (3 grilled cubes) with Mint Coriander Chutney,733,14.16,38.48,"Obesity, Diabetes, Heart Disease","Indian, Vegetarian, Balanced"
1592,193.94,74.8,59.22,10.32,22.72,1627,"Poha with Peanuts, Curry Leaves & Lemon with Green Tea",Hyderabadi Chicken Biryani with Mirchi ka Salan & Onion Raita,Lauki Chana Dal Curry with 2 Phulkas & Cucumber Tomato Salad,Paneer Tikka (3 grilled cubes) with Mint Coriander Chutney,538,13.0,48.91,"Obesity, Diabetes","Indian, Traditional, Balanced"
1611,134.78,89.23,81.42,15.61,21.94,1808,Besan Chilla (2 savory gram flour pancakes) with Green Coriander Chutney,Paneer Butter Masala with 2 Whole Wheat Phulkas & Boondi Raita,Tandoori Chicken (2 pcs leg/thigh) with Mint Raita & Green Salad,1 Vegetable Samosa with Mint Chutney & Masala Chai,714,11.76,42.39,,"Indian, Low Carb, Traditional"
1553,196.34,70.25,53.6,17.26,28.73,1645,2 Methi Theplas with Fresh Curd (Dahi) & Mint Chutney,Homestyle Chicken Curry with 2 Chapatis & Onion Salad,Aloo Gobi Matar Masala with 2 Whole Wheat Rotis & Plain Dahi,Bhel Puri (Puffed Rice with Veggies & Tamarind Chutney),516,13.2,64.87,Obesity,"Indian, Traditional, Balanced"
1441,199.34,72.4,40.5,11.6,25.82,1469,Ragi Dosa (2 pcs) with Tomato Onion Chutney & Buttermilk,Fish Curry (Rohu in Mustard Gravy) with Steamed Rice & Green Salad,Soya Chunks Curry with 1 cup Brown Rice & Fresh Salad,1 Vegetable Samosa with Mint Chutney & Masala Chai,622,14.69,38.07,"Obesity, Heart Disease","Indian, Low Fat, Dash, Balanced"
1509,202.66,73.43,44.6,15.29,26.2,1509,Vegetable Upma with Roasted Cashews & Filter Coffee,"South Indian Meals: Sambar, Rasam, Cabbage Poriyal & Steamed Rice",Chicken Tikka Masala with 2 Whole Wheat Tandoori Rotis & Salad,Roasted Chana (Bhuna Chana - 50g) with Masala Chai,387,12.27,47.13,"Obesity, Heart Disease","Indian, Low Fat, Dash, Balanced"
1350,211.73,51.07,33.49,13.26,32.6,1473,2 Methi Theplas with Fresh Curd (Dahi) & Mint Chutney,"South Indian Meals: Sambar, Rasam, Cabbage Poriyal & Steamed Rice",Lauki Chana Dal Curry with 2 Phulkas & Cucumber Tomato Salad,"Sprouted Moong Chaat with Onion, Tomato, Lemon & Chaat Masala",465,12.86,68.64,"Obesity, Heart Disease","Indian, Low Fat, Dash, Balanced"
1340,193.48,45.71,42.07,12.96,33.1,1296,"Masala Dosa with Potato Filling, Sambar & Coconut Chutney",Baingan Bharta with 2 Bajra Rotis & Plain Dahi,Lauki Chana Dal Curry with 2 Phulkas & Cucumber Tomato Salad,Roasted Chana (Bhuna Chana - 50g) with Masala Chai,432,14.02,41.54,"Obesity, Hypertension, Diabetes, Heart Disease, Kidney Disease","Indian, Low Fat, Dash, Balanced"
1555,218.62,56.82,50.91,15.55,36.13,1598,2 Methi Theplas with Fresh Curd (Dahi) & Mint Chutney,Baingan Bharta with 2 Bajra Rotis & Plain Dahi,"Moong Dal Khichdi with Desi Ghee, Curd & Roasted Papad","Sprouted Moong Chaat with Onion, Tomato, Lemon & Chaat Masala",677,16.53,58.13,"Obesity, Heart Disease","Indian, Vegetarian, Balanced"
1614,194.39,78.37,58.16,16.29,26.54,1557,2 Boiled Eggs with 2 Multigrain Toasts & Masala Chai,Hyderabadi Chicken Biryani with Mirchi ka Salan & Onion Raita,Aloo Gobi Matar Masala with 2 Whole Wheat Rotis & Plain Dahi,Roasted Chana (Bhuna Chana - 50g) with Masala Chai,524,13.22,42.83,,"Indian, Traditional, Balanced"
1812,240.01,76.82,62.48,15.79,34.91,1901,2 Methi Theplas with Fresh Curd (Dahi) & Mint Chutney,Chole Masala (Spiced Chickpeas) with 1 Bhatura & Pickled Onions,Malabar Fish Curry with Steamed Rice & Beetroot Thoran,"Sprouted Moong Chaat with Onion, Tomato, Lemon & Chaat Masala",581,17.12,63.25,,"Indian, Traditional, Balanced"
1423,206.63,55.27,41.62,25.03,30.14,1335,Moong Dal Cheela with Paneer Stuffing & Mint Chutney,Dal Tadka (Yellow Lentil) with Steamed Basmati Rice & Cucumber Salad,Aloo Gobi Matar Masala with 2 Whole Wheat Rotis & Plain Dahi,"Fresh Fruit Chaat (Papaya, Apple, Guava & Chaat Masala)",550,11.29,107.39,"Obesity, Hypertension, Heart Disease, Kidney Disease","Indian, Low Fat, Dash, Balanced"
1517,249.03,58.09,33.24,28.4,30.12,1689,2 Idlis with Sambhar (1 katori) & Coconut Chutney (2 tbsp),"South Indian Meals: Sambar, Rasam, Cabbage Poriyal & Steamed Rice",Malabar Fish Curry with Steamed Rice & Beetroot Thoran,"Fresh Fruit Chaat (Papaya, Apple, Guava & Chaat Masala)",394,11.19,108.54,"Obesity, Heart Disease","Indian, Low Fat, Dash, Balanced"
1582,223.57,76.15,43.56,13.74,26.84,1928,2 Idlis with Sambhar (1 katori) & Coconut Chutney (2 tbsp),"South Indian Meals: Sambar, Rasam, Cabbage Poriyal & Steamed Rice",Chicken Tikka Masala with 2 Whole Wheat Tandoori Rotis & Salad,Khaman Dhokla (2 steamed pcs) with Green Coriander Chutney,351,12.04,55.7,"Obesity, Heart Disease","Indian, Low Fat, Dash, Balanced"
1244,127.18,77.71,47.66,11.62,27.69,1425,Besan Chilla (2 savory gram flour pancakes) with Green Coriander Chutney,Baingan Bharta with 2 Bajra Rotis & Plain Dahi,Tandoori Chicken (2 pcs leg/thigh) with Mint Raita & Green Salad,"Sprouted Moong Chaat with Onion, Tomato, Lemon & Chaat Masala",464,13.98,58.1,"Obesity, Diabetes, Heart Disease","Indian, Low Fat, Dash, Balanced"
1468,208.77,69.75,40.68,15.93,20.15,1525,Vegetable Upma with Roasted Cashews & Filter Coffee,Fish Curry (Rohu in Mustard Gravy) with Steamed Rice & Green Salad,Malabar Fish Curry with Steamed Rice & Beetroot Thoran,Bhel Puri (Puffed Rice with Veggies & Tamarind Chutney),357,10.94,41.73,Obesity,"Indian, Low Fat, Dash, Balanced"
1878,236.34,82.61,69.0,17.51,22.37,1931,Vegetable Upma with Roasted Cashews & Filter Coffee,Hyderabadi Chicken Biryani with Mirchi ka Salan & Onion Raita,Malabar Fish Curry with Steamed Rice & Beetroot Thoran,1 Vegetable Samosa with Mint Chutney & Masala Chai,464,12.34,39.04,,"Indian, Traditional, Balanced"
1434,158.23,81.54,53.36,12.05,25.08,1453,2 Boiled Eggs with 2 Multigrain Toasts & Masala Chai,Bhindi Do Pyaza with 2 Whole Wheat Rotis & Dal Palak,Chicken Tikka Masala with 2 Whole Wheat Tandoori Rotis & Salad,Roasted Makhana (Foxnuts - 30g) with Green Tea,495,12.83,41.99,"Obesity, Diabetes","Indian, Low Carb, Traditional"
1321,188.92,54.04,38.87,9.74,22.48,1358,"Poha with Peanuts, Curry Leaves & Lemon with Green Tea",Dal Tadka (Yellow Lentil) with Steamed Basmati Rice & Cucumber Salad,Egg Curry (2 Eggs) with 1.5 Whole Wheat Rotis & Kachumber Salad,"Sprouted Moong Chaat with Onion, Tomato, Lemon & Chaat Masala",311,12.93,55.54,"Obesity, Hypertension, Diabetes, Heart Disease, Kidney Disease","Indian, Low Fat, Dash, Balanced"
1405,203.2,52.37,43.63,28.79,26.73,1327,Vegetable Upma with Roasted Cashews & Filter Coffee,Malabar Fish Curry with Steamed Rice & Beetroot Thoran,Aloo Gobi Matar Masala with 2 Whole Wheat Rotis & Plain Dahi,"Fresh Fruit Chaat (Papaya, Apple, Guava & Chaat Masala)",435,10.32,108.58,"Obesity, Hypertension, Heart Disease, Kidney Disease","Indian, Low Fat, Dash, Balanced"
1414,133.28,79.02,64.11,11.27,20.16,1462,Ragi Dosa (2 pcs) with Tomato Onion Chutney & Buttermilk,Paneer Butter Masala with 2 Whole Wheat Phulkas & Boondi Raita,Tandoori Chicken (2 pcs leg/thigh) with Mint Raita & Green Salad,Roasted Makhana (Foxnuts - 30g) with Green Tea,860,10.99,32.87,"Obesity, Diabetes","Indian, Low Carb, Traditional"
1531,171.92,76.32,61.94,25.93,25.15,1712,1 Crispy Aloo Paratha with Fresh Curd (Dahi) & Zeera Pickle,Chole Masala (Spiced Chickpeas) with 1 Bhatura & Pickled Onions,Tandoori Chicken (2 pcs leg/thigh) with Mint Raita & Green Salad,"Fresh Fruit Chaat (Papaya, Apple, Guava & Chaat Masala)",487,12.52,91.0,Obesity,"Indian, Low Carb, Traditional"
1992,227.32,108.59,72.46,15.06,27.17,2030,1 Crispy Aloo Paratha with Fresh Curd (Dahi) & Zeera Pickle,Hyderabadi Chicken Biryani with Mirchi ka Salan & Onion Raita,Chicken Tikka Masala with 2 Whole Wheat Tandoori Rotis & Salad,Roasted Chana (Bhuna Chana - 50g) with Masala Chai,553,15.39,40.05,,"Indian, High Protein, Traditional"
1430,184.65,72.14,44.23,11.78,24.64,1395,Ragi Dosa (2 pcs) with Tomato Onion Chutney & Buttermilk,Fish Curry (Rohu in Mustard Gravy) with Steamed Rice & Green Salad,Egg Curry (2 Eggs) with 1.5 Whole Wheat Rotis & Kachumber Salad,Roasted Chana (Bhuna Chana - 50g) with Masala Chai,604,13.75,39.98,"Obesity, Hypertension, Diabetes, Heart Disease, Kidney Disease","Indian, Low Fat, Dash, Balanced"
1659,232.7,80.05,46.54,28.36,32.85,1643,1 Crispy Aloo Paratha with Fresh Curd (Dahi) & Zeera Pickle,Malabar Fish Curry with Steamed Rice & Beetroot Thoran,Soya Chunks Curry with 1 cup Brown Rice & Fresh Salad,"Fresh Fruit Chaat (Papaya, Apple, Guava & Chaat Masala)",595,15.77,101.4,Heart Disease,"Indian, Low Fat, Dash, Balanced"
1491,205.85,54.98,50.53,10.35,25.58,1398,Vegetable Upma with Roasted Cashews & Filter Coffee,Dal Tadka (Yellow Lentil) with Steamed Basmati Rice & Cucumber Salad,Palak Paneer (Spinach Cottage Cheese) with 2 Whole Wheat Chapatis,Roasted Makhana (Foxnuts - 30g) with Green Tea,623,12.32,41.62,"Obesity, Hypertension, Heart Disease, Kidney Disease","Indian, Vegetarian, Balanced"
1340,153.15,70.97,48.67,11.29,23.89,1384,Moong Dal Cheela with Paneer Stuffing & Mint Chutney,Homestyle Chicken Curry with 2 Chapatis & Onion Salad,Aloo Gobi Matar Masala with 2 Whole Wheat Rotis & Plain Dahi,Khaman Dhokla (2 steamed pcs) with Green Coriander Chutney,486,10.76,55.37,"Obesity, Hypertension, Diabetes, Heart Disease, Kidney Disease","Indian, Low Carb, Traditional"
1423,180.03,68.69,47.32,16.15,26.79,1339,2 Boiled Eggs with 2 Multigrain Toasts & Masala Chai,Malabar Fish Curry with Steamed Rice & Beetroot Thoran,Aloo Gobi Matar Masala with 2 Whole Wheat Rotis & Plain Dahi,Roasted Chana (Bhuna Chana - 50g) with Masala Chai,501,12.51,46.48,"Obesity, Hypertension, Heart Disease, Kidney Disease","Indian, Low Fat, Dash, Balanced"
1325,194.11,49.42,40.22,25.13,27.61,1243,"Poha with Peanuts, Curry Leaves & Lemon with Green Tea",Baingan Bharta with 2 Bajra Rotis & Plain Dahi,Malabar Fish Curry with Steamed Rice & Beetroot Thoran,"Fresh Fruit Chaat (Papaya, Apple, Guava & Chaat Masala)",423,13.62,96.09,"Obesity, Hypertension, Heart Disease, Kidney Disease","Indian, Low Fat, Dash, Balanced"
1218,163.35,63.76,35.11,9.58,21.31,1205,2 Boiled Eggs with 2 Multigrain Toasts & Masala Chai,Fish Curry (Rohu in Mustard Gravy) with Steamed Rice & Green Salad,Lauki Chana Dal Curry with 2 Phulkas & Cucumber Tomato Salad,Roasted Makhana (Foxnuts - 30g) with Green Tea,360,10.57,27.58,"Obesity, Hypertension, Diabetes, Kidney Disease","Indian, Low Fat, Dash, Balanced"
1466,142.82,107.62,51.18,11.98,24.38,1703,Ragi Dosa (2 pcs) with Tomato Onion Chutney & Buttermilk,Homestyle Chicken Curry with 2 Chapatis & Onion Salad,Tandoori Chicken (2 pcs leg/thigh) with Mint Raita & Green Salad,"Sprouted Moong Chaat with Onion, Tomato, Lemon & Chaat Masala",619,14.08,56.96,"Obesity, Diabetes, Heart Disease","Indian, Low Carb, Traditional"
1364,200.89,61.36,35.31,8.31,24.92,1350,Besan Chilla (2 savory gram flour pancakes) with Green Coriander Chutney,Dal Tadka (Yellow Lentil) with Steamed Basmati Rice & Cucumber Salad,Malabar Fish Curry with Steamed Rice & Beetroot Thoran,Roasted Makhana (Foxnuts - 30g) with Green Tea,330,11.61,35.59,"Obesity, Hypertension, Heart Disease, Kidney Disease","Indian, Low Fat, Dash, Balanced"
1397,218.73,49.71,36.36,25.94,34.94,1373,2 Methi Theplas with Fresh Curd (Dahi) & Mint Chutney,Rajma Masala (Kidney Beans Curry) with Jeera Rice & Kachumber,"Mix Vegetable Subzi (Beans, Carrot, Peas) with 2 Chapatis & Dal Fry","Fresh Fruit Chaat (Papaya, Apple, Guava & Chaat Masala)",463,13.26,96.96,"Obesity, Hypertension, Heart Disease, Kidney Disease","Indian, Low Fat, Dash, Balanced"
1404,192.38,72.72,37.78,10.7,25.25,1482,2 Idlis with Sambhar (1 katori) & Coconut Chutney (2 tbsp),Dal Tadka (Yellow Lentil) with Steamed Basmati Rice & Cucumber Salad,Chicken Tikka Masala with 2 Whole Wheat Tandoori Rotis & Salad,Roasted Chana (Bhuna Chana - 50g) with Masala Chai,327,11.98,29.73,"Obesity, Diabetes, Heart Disease","Indian, Low Fat, Dash, Balanced"
1241,143.99,70.06,43.53,14.03,23.65,1457,Ragi Dosa (2 pcs) with Tomato Onion Chutney & Buttermilk,Bhindi Do Pyaza with 2 Whole Wheat Rotis & Dal Palak,Tandoori Chicken (2 pcs leg/thigh) with Mint Raita & Green Salad,Bhel Puri (Puffed Rice with Veggies & Tamarind Chutney),618,12.05,52.89,"Obesity, Heart Disease","Indian, Low Fat, Dash, Balanced"
1577,180.12,78.95,61.58,30.47,27.89,1604,2 Boiled Eggs with 2 Multigrain Toasts & Masala Chai,Malabar Fish Curry with Steamed Rice & Beetroot Thoran,Palak Paneer (Spinach Cottage Cheese) with 2 Whole Wheat Chapatis,"Fresh Fruit Chaat (Papaya, Apple, Guava & Chaat Masala)",756,13.84,100.73,Obesity,"Indian, Traditional, Balanced"
1429,174.95,77.47,45.37,11.81,27.12,1454,Besan Chilla (2 savory gram flour pancakes) with Green Coriander Chutney,Homestyle Chicken Curry with 2 Chapatis & Onion Salad,"Moong Dal Khichdi with Desi Ghee, Curd & Roasted Papad",Roasted Chana (Bhuna Chana - 50g) with Masala Chai,389,13.27,31.52,"Obesity, Diabetes, Heart Disease","Indian, Low Fat, Dash, Balanced"
1308,173.33,64.15,41.02,8.81,22.16,1441,2 Idlis with Sambhar (1 katori) & Coconut Chutney (2 tbsp),Fish Curry (Rohu in Mustard Gravy) with Steamed Rice & Green Salad,"Mix Vegetable Subzi (Beans, Carrot, Peas) with 2 Chapatis & Dal Fry",Paneer Tikka (3 grilled cubes) with Mint Coriander Chutney,486,9.97,43.42,"Obesity, Diabetes, Heart Disease","Indian, Low Fat, Dash, Balanced"
1555,220.43,64.2,47.6,14.18,28.37,1702,1 Crispy Aloo Paratha with Fresh Curd (Dahi) & Zeera Pickle,Malabar Fish Curry with Steamed Rice & Beetroot Thoran,Lauki Chana Dal Curry with 2 Phulkas & Cucumber Tomato Salad,Khaman Dhokla (2 steamed pcs) with Green Coriander Chutney,462,12.5,50.85,"Obesity, Heart Disease","Indian, Low Fat, Dash, Balanced"
1609,163.76,107.26,58.38,15.48,20.23,1858,"Poha with Peanuts, Curry Leaves & Lemon with Green Tea",Homestyle Chicken Curry with 2 Chapatis & Onion Salad,Tandoori Chicken (2 pcs leg/thigh) with Mint Raita & Green Salad,Bhel Puri (Puffed Rice with Veggies & Tamarind Chutney),376,14.37,54.18,,"Indian, Low Carb, Traditional"
1520,164.52,79.07,61.99,12.14,17.62,1621,2 Boiled Eggs with 2 Multigrain Toasts & Masala Chai,Hyderabadi Chicken Biryani with Mirchi ka Salan & Onion Raita,"Moong Dal Khichdi with Desi Ghee, Curd & Roasted Papad",Paneer Tikka (3 grilled cubes) with Mint Coriander Chutney,609,10.68,21.55,Obesity,"Indian, Low Carb, Traditional"
1434,195.42,71.3,41.61,24.04,24.14,1414,Moong Dal Cheela with Paneer Stuffing & Mint Chutney,Fish Curry (Rohu in Mustard Gravy) with Steamed Rice & Green Salad,"Moong Dal Khichdi with Desi Ghee, Curd & Roasted Papad","Fresh Fruit Chaat (Papaya, Apple, Guava & Chaat Masala)",548,10.91,85.85,"Obesity, Heart Disease","Indian, Low Fat, Dash, Balanced"
1424,138.76,77.26,63.71,16.41,20.38,1613,Ragi Dosa (2 pcs) with Tomato Onion Chutney & Buttermilk,Paneer Butter Masala with 2 Whole Wheat Phulkas & Boondi Raita,Tandoori Chicken (2 pcs leg/thigh) with Mint Raita & Green Salad,Bhel Puri (Puffed Rice with Veggies & Tamarind Chutney),827,11.34,39.46,Obesity,"Indian, Low Carb, Traditional"
1712,166.97,103.52,69.61,11.86,31.45,1768,Moong Dal Cheela with Paneer Stuffing & Mint Chutney,Homestyle Chicken Curry with 2 Chapatis & Onion Salad,Palak Paneer (Spinach Cottage Cheese) with 2 Whole Wheat Chapatis,"Sprouted Moong Chaat with Onion, Tomato, Lemon & Chaat Masala",872,16.23,72.74,Diabetes,"Indian, Low Carb, Traditional"
1397,144.6,79.73,57.01,9.0,24.05,1553,Besan Chilla (2 savory gram flour pancakes) with Green Coriander Chutney,Chole Masala (Spiced Chickpeas) with 1 Bhatura & Pickled Onions,Tandoori Chicken (2 pcs leg/thigh) with Mint Raita & Green Salad,Roasted Makhana (Foxnuts - 30g) with Green Tea,386,12.97,37.97,"Obesity, Diabetes","Indian, Low Carb, Traditional"
1524,167.86,61.65,69.47,12.41,23.74,1485,"Poha with Peanuts, Curry Leaves & Lemon with Green Tea",Paneer Butter Masala with 2 Whole Wheat Phulkas & Boondi Raita,Lauki Chana Dal Curry with 2 Phulkas & Cucumber Tomato Salad,Paneer Tikka (3 grilled cubes) with Mint Coriander Chutney,798,12.12,49.73,"Obesity, Diabetes","Indian, Low Carb, Traditional"
1475,246.87,50.7,32.58,14.03,32.69,1789,2 Idlis with Sambhar (1 katori) & Coconut Chutney (2 tbsp),"South Indian Meals: Sambar, Rasam, Cabbage Poriyal & Steamed Rice",Lauki Chana Dal Curry with 2 Phulkas & Cucumber Tomato Salad,Khaman Dhokla (2 steamed pcs) with Green Coriander Chutney,357,12.04,59.54,"Obesity, Heart Disease","Indian, Low Fat, Dash, Balanced"
1605,225.79,63.1,51.38,17.02,29.15,1723,1 Crispy Aloo Paratha with Fresh Curd (Dahi) & Zeera Pickle,Bhindi Do Pyaza with 2 Whole Wheat Rotis & Dal Palak,Malabar Fish Curry with Steamed Rice & Beetroot Thoran,Bhel Puri (Puffed Rice with Veggies & Tamarind Chutney),563,13.35,62.08,Heart Disease,"Indian, Traditional, Balanced"
1640,175.31,62.2,78.13,16.31,26.36,1583,Moong Dal Cheela with Paneer Stuffing & Mint Chutney,Paneer Butter Masala with 2 Whole Wheat Phulkas & Boondi Raita,Aloo Gobi Matar Masala with 2 Whole Wheat Rotis & Plain Dahi,1 Vegetable Samosa with Mint Chutney & Masala Chai,868,11.19,57.65,,"Indian, Vegetarian, Balanced"
1575,239.53,58.56,43.12,14.82,36.17,1658,2 Methi Theplas with Fresh Curd (Dahi) & Mint Chutney,Rajma Masala (Kidney Beans Curry) with Jeera Rice & Kachumber,"Mix Vegetable Subzi (Beans, Carrot, Peas) with 2 Chapatis & Dal Fry",Khaman Dhokla (2 steamed pcs) with Green Coriander Chutney,493,14.93,55.14,"Obesity, Heart Disease","Indian, Low Fat, Dash, Balanced"
1471,148.6,82.26,60.53,13.12,24.64,1565,Moong Dal Cheela with Paneer Stuffing & Mint Chutney,Homestyle Chicken Curry with 2 Chapatis & Onion Salad,Palak Paneer (Spinach Cottage Cheese) with 2 Whole Wheat Chapatis,Bhel Puri (Puffed Rice with Veggies & Tamarind Chutney),715,13.12,51.44,"Obesity, Diabetes","Indian, Low Carb, Traditional"
1651,168.85,101.63,63.41,11.12,25.19,1757,Besan Chilla (2 savory gram flour pancakes) with Green Coriander Chutney,Homestyle Chicken Curry with 2 Chapatis & Onion Salad,Malabar Fish Curry with Steamed Rice & Beetroot Thoran,Paneer Tikka (3 grilled cubes) with Mint Coriander Chutney,581,13.44,50.92,Diabetes,"Indian, Low Carb, Traditional"
1376,169.4,57.49,53.34,8.12,20.94,1363,"Poha with Peanuts, Curry Leaves & Lemon with Green Tea",Dal Tadka (Yellow Lentil) with Steamed Basmati Rice & Cucumber Salad,Palak Paneer (Spinach Cottage Cheese) with 2 Whole Wheat Chapatis,Paneer Tikka (3 grilled cubes) with Mint Coriander Chutney,689,12.36,50.36,"Obesity, Hypertension, Diabetes, Kidney Disease","Indian, Low Carb, Traditional"
1323,147.64,77.99,46.93,11.64,24.31,1333,"Poha with Peanuts, Curry Leaves & Lemon with Green Tea",Bhindi Do Pyaza with 2 Whole Wheat Rotis & Dal Palak,Tandoori Chicken (2 pcs leg/thigh) with Mint Raita & Green Salad,Roasted Chana (Bhuna Chana - 50g) with Masala Chai,466,13.52,53.03,"Obesity, Hypertension, Diabetes, Heart Disease","Indian, Low Fat, Dash, Balanced"
1800,222.35,88.13,61.68,14.93,34.24,1822,"Masala Dosa with Potato Filling, Sambar & Coconut Chutney",Bhindi Do Pyaza with 2 Whole Wheat Rotis & Dal Palak,Chicken Tikka Masala with 2 Whole Wheat Tandoori Rotis & Salad,Roasted Chana (Bhuna Chana - 50g) with Masala Chai,526,16.02,58.28,,"Indian, High Protein, Traditional"
1717,209.57,61.6,72.42,17.38,32.46,1863,2 Methi Theplas with Fresh Curd (Dahi) & Mint Chutney,Chole Masala (Spiced Chickpeas) with 1 Bhatura & Pickled Onions,Palak Paneer (Spinach Cottage Cheese) with 2 Whole Wheat Chapatis,Bhel Puri (Puffed Rice with Veggies & Tamarind Chutney),782,16.65,57.44,,"Indian, Vegetarian, Balanced"
1457,185.85,66.61,51.56,14.0,24.45,1727,2 Idlis with Sambhar (1 katori) & Coconut Chutney (2 tbsp),Chole Masala (Spiced Chickpeas) with 1 Bhatura & Pickled Onions,Chicken Tikka Masala with 2 Whole Wheat Tandoori Rotis & Salad,Bhel Puri (Puffed Rice with Veggies & Tamarind Chutney),316,12.58,38.71,"Obesity, Diabetes, Heart Disease","Indian, Traditional, Balanced"
1390,197.74,57.94,39.92,10.95,26.16,1453,2 Idlis with Sambhar (1 katori) & Coconut Chutney (2 tbsp),Dal Tadka (Yellow Lentil) with Steamed Basmati Rice & Cucumber Salad,Egg Curry (2 Eggs) with 1.5 Whole Wheat Rotis & Kachumber Salad,Roasted Chana (Bhuna Chana - 50g) with Masala Chai,363,12.21,32.07,"Obesity, Heart Disease","Indian, Low Fat, Dash, Balanced"
1730,207.95,73.41,68.99,14.54,27.91,1779,Moong Dal Cheela with Paneer Stuffing & Mint Chutney,Chole Masala (Spiced Chickpeas) with 1 Bhatura & Pickled Onions,Malabar Fish Curry with Steamed Rice & Beetroot Thoran,1 Vegetable Samosa with Mint Chutney & Masala Chai,580,14.05,44.22,,"Indian, Traditional, Balanced"
1545,159.9,63.88,74.15,16.45,26.71,1654,Besan Chilla (2 savory gram flour pancakes) with Green Coriander Chutney,Paneer Butter Masala with 2 Whole Wheat Phulkas & Boondi Raita,Palak Paneer (Spinach Cottage Cheese) with 2 Whole Wheat Chapatis,Bhel Puri (Puffed Rice with Veggies & Tamarind Chutney),875,13.21,53.05,Obesity,"Indian, Low Carb, Traditional"
1689,163.92,88.88,77.23,10.26,24.61,1804,Besan Chilla (2 savory gram flour pancakes) with Green Coriander Chutney,Hyderabadi Chicken Biryani with Mirchi ka Salan & Onion Raita,Palak Paneer (Spinach Cottage Cheese) with 2 Whole Wheat Chapatis,Paneer Tikka (3 grilled cubes) with Mint Coriander Chutney,840,13.85,53.41,Diabetes,"Indian, Low Carb, Traditional"
1564,218.9,83.69,40.27,26.63,32.26,1516,2 Methi Theplas with Fresh Curd (Dahi) & Mint Chutney,Fish Curry (Rohu in Mustard Gravy) with Steamed Rice & Green Salad,Soya Chunks Curry with 1 cup Brown Rice & Fresh Salad,"Fresh Fruit Chaat (Papaya, Apple, Guava & Chaat Masala)",593,16.02,97.76,"Obesity, Heart Disease","Indian, Low Fat, Dash, Balanced"
1505,237.68,62.17,35.04,13.15,27.03,1572,"Poha with Peanuts, Curry Leaves & Lemon with Green Tea","South Indian Meals: Sambar, Rasam, Cabbage Poriyal & Steamed Rice",Malabar Fish Curry with Steamed Rice & Beetroot Thoran,"Sprouted Moong Chaat with Onion, Tomato, Lemon & Chaat Masala",370,13.77,74.91,"Obesity, Heart Disease","Indian, Low Fat, Dash, Balanced"
1667,235.23,63.88,53.63,26.01,24.51,1768,"Masala Dosa with Potato Filling, Sambar & Coconut Chutney",Hyderabadi Chicken Biryani with Mirchi ka Salan & Onion Raita,"Moong Dal Khichdi with Desi Ghee, Curd & Roasted Papad","Fresh Fruit Chaat (Papaya, Apple, Guava & Chaat Masala)",407,11.25,80.25,,"Indian, Traditional, Balanced"
1618,167.36,67.55,76.66,13.3,32.99,1613,2 Methi Theplas with Fresh Curd (Dahi) & Mint Chutney,Baingan Bharta with 2 Bajra Rotis & Plain Dahi,Palak Paneer (Spinach Cottage Cheese) with 2 Whole Wheat Chapatis,Paneer Tikka (3 grilled cubes) with Mint Coriander Chutney,1089,16.44,62.84,Diabetes,"Indian, Low Carb, Traditional"
1667,226.45,78.75,50.61,24.81,29.13,1707,"Masala Dosa with Potato Filling, Sambar & Coconut Chutney",Hyderabadi Chicken Biryani with Mirchi ka Salan & Onion Raita,Soya Chunks Curry with 1 cup Brown Rice & Fresh Salad,"Fresh Fruit Chaat (Papaya, Apple, Guava & Chaat Masala)",451,14.61,84.64,Heart Disease,"Indian, Traditional, Balanced"
1466,192.15,68.73,48.4,12.77,20.87,1511,2 Methi Theplas with Fresh Curd (Dahi) & Mint Chutney,Fish Curry (Rohu in Mustard Gravy) with Steamed Rice & Green Salad,Malabar Fish Curry with Steamed Rice & Beetroot Thoran,1 Vegetable Samosa with Mint Chutney & Masala Chai,463,11.15,38.86,"Obesity, Diabetes","Indian, Traditional, Balanced"
1376,192.55,56.43,43.74,13.53,22.24,1408,Vegetable Upma with Roasted Cashews & Filter Coffee,Fish Curry (Rohu in Mustard Gravy) with Steamed Rice & Green Salad,Lauki Chana Dal Curry with 2 Phulkas & Cucumber Tomato Salad,1 Vegetable Samosa with Mint Chutney & Masala Chai,347,10.38,39.66,"Obesity, Diabetes, Heart Disease","Indian, Low Fat, Dash, Balanced"
1470,120.39,89.54,71.6,29.4,20.47,1576,2 Boiled Eggs with 2 Multigrain Toasts & Masala Chai,Paneer Butter Masala with 2 Whole Wheat Phulkas & Boondi Raita,Tandoori Chicken (2 pcs leg/thigh) with Mint Raita & Green Salad,"Fresh Fruit Chaat (Papaya, Apple, Guava & Chaat Masala)",737,10.57,78.0,Obesity,"Indian, Low Carb, Traditional"
1636,214.61,71.11,55.74,14.48,28.07,1775,2 Methi Theplas with Fresh Curd (Dahi) & Mint Chutney,Hyderabadi Chicken Biryani with Mirchi ka Salan & Onion Raita,"Mix Vegetable Subzi (Beans, Carrot, Peas) with 2 Chapatis & Dal Fry",Khaman Dhokla (2 steamed pcs) with Green Coriander Chutney,499,13.09,46.91,,"Indian, Traditional, Balanced"
1495,207.57,63.45,44.93,13.07,36.0,1401,"Masala Dosa with Potato Filling, Sambar & Coconut Chutney",Baingan Bharta with 2 Bajra Rotis & Plain Dahi,Soya Chunks Curry with 1 cup Brown Rice & Fresh Salad,Roasted Chana (Bhuna Chana - 50g) with Masala Chai,542,17.58,39.29,"Obesity, Heart Disease","Indian, Low Fat, Dash, Balanced"
1266,188.56,46.07,36.97,12.93,30.68,1366,Ragi Dosa (2 pcs) with Tomato Onion Chutney & Buttermilk,Bhindi Do Pyaza with 2 Whole Wheat Rotis & Dal Palak,"Mix Vegetable Subzi (Beans, Carrot, Peas) with 2 Chapatis & Dal Fry",Khaman Dhokla (2 steamed pcs) with Green Coriander Chutney,599,12.66,59.36,"Obesity, Hypertension, Diabetes, Heart Disease, Kidney Disease","Indian, Low Fat, Dash, Balanced"
1314,196.98,47.06,37.83,14.26,23.48,1603,2 Idlis with Sambhar (1 katori) & Coconut Chutney (2 tbsp),"South Indian Meals: Sambar, Rasam, Cabbage Poriyal & Steamed Rice",Egg Curry (2 Eggs) with 1.5 Whole Wheat Rotis & Kachumber Salad,Bhel Puri (Puffed Rice with Veggies & Tamarind Chutney),331,10.53,51.34,"Obesity, Heart Disease","Indian, Low Fat, Dash, Balanced"
1410,180.35,70.05,45.42,11.51,28.02,1428,Besan Chilla (2 savory gram flour pancakes) with Green Coriander Chutney,Hyderabadi Chicken Biryani with Mirchi ka Salan & Onion Raita,Lauki Chana Dal Curry with 2 Phulkas & Cucumber Tomato Salad,Roasted Chana (Bhuna Chana - 50g) with Masala Chai,369,12.94,36.41,"Obesity, Diabetes, Heart Disease","Indian, Low Fat, Dash, Balanced"
1766,137.58,100.26,92.78,13.92,19.71,1919,1 Crispy Aloo Paratha with Fresh Curd (Dahi) & Zeera Pickle,Paneer Butter Masala with 2 Whole Wheat Phulkas & Boondi Raita,Tandoori Chicken (2 pcs leg/thigh) with Mint Raita & Green Salad,Paneer Tikka (3 grilled cubes) with Mint Coriander Chutney,1028,11.28,45.02,,"Indian, Low Carb, Traditional"
1468,174.07,70.64,54.74,11.61,29.37,1434,2 Methi Theplas with Fresh Curd (Dahi) & Mint Chutney,Baingan Bharta with 2 Bajra Rotis & Plain Dahi,Chicken Tikka Masala with 2 Whole Wheat Tandoori Rotis & Salad,Roasted Makhana (Foxnuts - 30g) with Green Tea,563,14.64,43.32,"Obesity, Diabetes","Indian, Low Carb, Traditional"
1223,137.61,69.73,44.57,11.16,23.66,1320,"Poha with Peanuts, Curry Leaves & Lemon with Green Tea",Baingan Bharta with 2 Bajra Rotis & Plain Dahi,Tandoori Chicken (2 pcs leg/thigh) with Mint Raita & Green Salad,"Sprouted Moong Chaat with Onion, Tomato, Lemon & Chaat Masala",430,13.82,58.39,"Obesity, Hypertension, Diabetes, Heart Disease, Kidney Disease","Indian, Low Fat, Dash, Balanced"
1609,210.01,69.35,55.75,16.24,27.49,1751,Besan Chilla (2 savory gram flour pancakes) with Green Coriander Chutney,Hyderabadi Chicken Biryani with Mirchi ka Salan & Onion Raita,Aloo Gobi Matar Masala with 2 Whole Wheat Rotis & Plain Dahi,Bhel Puri (Puffed Rice with Veggies & Tamarind Chutney),430,13.01,62.89,,"Indian, Traditional, Balanced"
1316,173.16,46.25,49.82,25.57,32.62,1288,Ragi Dosa (2 pcs) with Tomato Onion Chutney & Buttermilk,Baingan Bharta with 2 Bajra Rotis & Plain Dahi,Palak Paneer (Spinach Cottage Cheese) with 2 Whole Wheat Chapatis,"Fresh Fruit Chaat (Papaya, Apple, Guava & Chaat Masala)",882,14.85,101.43,"Obesity, Hypertension, Heart Disease, Kidney Disease","Indian, Low Carb, Traditional"
1620,221.83,70.19,51.72,12.79,21.12,1714,"Masala Dosa with Potato Filling, Sambar & Coconut Chutney",Fish Curry (Rohu in Mustard Gravy) with Steamed Rice & Green Salad,Malabar Fish Curry with Steamed Rice & Beetroot Thoran,1 Vegetable Samosa with Mint Chutney & Masala Chai,371,11.27,40.54,,"Indian, Traditional, Balanced"
1633,222.23,49.33,62.77,17.26,29.91,1697,Vegetable Upma with Roasted Cashews & Filter Coffee,Chole Masala (Spiced Chickpeas) with 1 Bhatura & Pickled Onions,"Mix Vegetable Subzi (Beans, Carrot, Peas) with 2 Chapatis & Dal Fry",1 Vegetable Samosa with Mint Chutney & Masala Chai,415,13.44,47.37,,"Indian, Vegetarian, Balanced"
1391,151.07,58.22,61.58,13.78,23.94,1325,Ragi Dosa (2 pcs) with Tomato Onion Chutney & Buttermilk,Paneer Butter Masala with 2 Whole Wheat Phulkas & Boondi Raita,Egg Curry (2 Eggs) with 1.5 Whole Wheat Rotis & Kachumber Salad,Roasted Chana (Bhuna Chana - 50g) with Masala Chai,813,12.19,33.92,"Obesity, Hypertension, Diabetes, Kidney Disease","Indian, Low Carb, Traditional"
1456,212.67,53.96,43.93,12.72,30.21,1570,Besan Chilla (2 savory gram flour pancakes) with Green Coriander Chutney,Dal Tadka (Yellow Lentil) with Steamed Basmati Rice & Cucumber Salad,Lauki Chana Dal Curry with 2 Phulkas & Cucumber Tomato Salad,1 Vegetable Samosa with Mint Chutney & Masala Chai,348,12.82,45.12,"Obesity, Heart Disease","Indian, Low Fat, Dash, Balanced"
1300,173.55,46.42,46.9,26.29,30.53,1300,Ragi Dosa (2 pcs) with Tomato Onion Chutney & Buttermilk,Baingan Bharta with 2 Bajra Rotis & Plain Dahi,Egg Curry (2 Eggs) with 1.5 Whole Wheat Rotis & Kachumber Salad,"Fresh Fruit Chaat (Papaya, Apple, Guava & Chaat Masala)",663,14.16,96.99,"Obesity, Hypertension, Heart Disease, Kidney Disease","Indian, Low Fat, Dash, Balanced"
1784,222.78,103.36,54.28,12.41,34.9,1894,Besan Chilla (2 savory gram flour pancakes) with Green Coriander Chutney,Hyderabadi Chicken Biryani with Mirchi ka Salan & Onion Raita,Soya Chunks Curry with 1 cup Brown Rice & Fresh Salad,"Sprouted Moong Chaat with Onion, Tomato, Lemon & Chaat Masala",527,18.83,58.82,,"Indian, High Protein, Traditional"
1295,207.13,44.27,33.14,22.98,30.58,1299,1 Crispy Aloo Paratha with Fresh Curd (Dahi) & Zeera Pickle,Rajma Masala (Kidney Beans Curry) with Jeera Rice & Kachumber,Lauki Chana Dal Curry with 2 Phulkas & Cucumber Tomato Salad,"Fresh Fruit Chaat (Papaya, Apple, Guava & Chaat Masala)",385,11.58,86.95,"Obesity, Hypertension, Heart Disease, Kidney Disease","Indian, Low Fat, Dash, Balanced"
1573,173.78,63.22,71.21,11.83,29.27,1526,"Poha with Peanuts, Curry Leaves & Lemon with Green Tea",Baingan Bharta with 2 Bajra Rotis & Plain Dahi,Palak Paneer (Spinach Cottage Cheese) with 2 Whole Wheat Chapatis,Paneer Tikka (3 grilled cubes) with Mint Coriander Chutney,931,16.71,67.68,"Obesity, Diabetes","Indian, Low Carb, Traditional"
1294,161.23,71.26,41.13,11.26,21.54,1533,1 Crispy Aloo Paratha with Fresh Curd (Dahi) & Zeera Pickle,"South Indian Meals: Sambar, Rasam, Cabbage Poriyal & Steamed Rice",Tandoori Chicken (2 pcs leg/thigh) with Mint Raita & Green Salad,"Sprouted Moong Chaat with Onion, Tomato, Lemon & Chaat Masala",433,10.46,59.3,"Obesity, Diabetes","Indian, Low Fat, Dash, Balanced"
1536,243.7,48.2,42.0,14.07,25.76,1748,1 Crispy Aloo Paratha with Fresh Curd (Dahi) & Zeera Pickle,"South Indian Meals: Sambar, Rasam, Cabbage Poriyal & Steamed Rice","Moong Dal Khichdi with Desi Ghee, Curd & Roasted Papad",Khaman Dhokla (2 steamed pcs) with Green Coriander Chutney,471,11.07,48.62,"Obesity, Heart Disease","Indian, Low Fat, Dash, Balanced"
1517,173.13,58.55,67.02,16.63,22.76,1722,2 Idlis with Sambhar (1 katori) & Coconut Chutney (2 tbsp),Paneer Butter Masala with 2 Whole Wheat Phulkas & Boondi Raita,Egg Curry (2 Eggs) with 1.5 Whole Wheat Rotis & Kachumber Salad,Bhel Puri (Puffed Rice with Veggies & Tamarind Chutney),642,11.09,40.46,Obesity,"Indian, Low Carb, Traditional"
1312,209.78,57.38,27.72,11.12,28.37,1530,2 Idlis with Sambhar (1 katori) & Coconut Chutney (2 tbsp),"South Indian Meals: Sambar, Rasam, Cabbage Poriyal & Steamed Rice",Soya Chunks Curry with 1 cup Brown Rice & Fresh Salad,Khaman Dhokla (2 steamed pcs) with Green Coriander Chutney,383,12.79,45.33,"Obesity, Heart Disease","Indian, Low Fat, Dash, Balanced"
1518,182.55,55.34,64.56,15.18,23.73,1595,2 Methi Theplas with Fresh Curd (Dahi) & Mint Chutney,Paneer Butter Masala with 2 Whole Wheat Phulkas & Boondi Raita,"Moong Dal Khichdi with Desi Ghee, Curd & Roasted Papad",Khaman Dhokla (2 steamed pcs) with Green Coriander Chutney,759,10.95,31.42,Obesity,"Indian, Vegetarian, Balanced"
1244,197.66,57.65,24.97,10.89,30.11,1320,Ragi Dosa (2 pcs) with Tomato Onion Chutney & Buttermilk,"South Indian Meals: Sambar, Rasam, Cabbage Poriyal & Steamed Rice",Soya Chunks Curry with 1 cup Brown Rice & Fresh Salad,"Sprouted Moong Chaat with Onion, Tomato, Lemon & Chaat Masala",578,14.44,57.74,"Obesity, Hypertension, Heart Disease, Kidney Disease","Indian, Low Fat, Dash, Balanced"
1426,173.32,47.78,61.59,27.52,27.61,1344,2 Methi Theplas with Fresh Curd (Dahi) & Mint Chutney,Paneer Butter Masala with 2 Whole Wheat Phulkas & Boondi Raita,Aloo Gobi Matar Masala with 2 Whole Wheat Rotis & Plain Dahi,"Fresh Fruit Chaat (Papaya, Apple, Guava & Chaat Masala)",761,10.45,99.56,"Obesity, Hypertension, Kidney Disease","Indian, Low Carb, Traditional"
1529,225.96,68.13,40.19,15.29,31.08,1647,Besan Chilla (2 savory gram flour pancakes) with Green Coriander Chutney,Rajma Masala (Kidney Beans Curry) with Jeera Rice & Kachumber,Malabar Fish Curry with Steamed Rice & Beetroot Thoran,Bhel Puri (Puffed Rice with Veggies & Tamarind Chutney),366,14.41,50.68,"Obesity, Heart Disease","Indian, Low Fat, Dash, Balanced"
1723,186.06,103.05,62.34,12.93,30.43,1739,Moong Dal Cheela with Paneer Stuffing & Mint Chutney,Homestyle Chicken Curry with 2 Chapatis & Onion Salad,Soya Chunks Curry with 1 cup Brown Rice & Fresh Salad,1 Vegetable Samosa with Mint Chutney & Masala Chai,648,16.54,43.25,Diabetes,"Indian, High Protein, Traditional"
1434,172.93,75.04,49.99,8.65,18.94,1466,"Poha with Peanuts, Curry Leaves & Lemon with Green Tea",Dal Tadka (Yellow Lentil) with Steamed Basmati Rice & Cucumber Salad,Chicken Tikka Masala with 2 Whole Wheat Tandoori Rotis & Salad,Paneer Tikka (3 grilled cubes) with Mint Coriander Chutney,452,11.93,43.71,Obesity,"Indian, Low Carb, Traditional"
1771,244.73,83.86,52.74,28.58,27.36,1920,2 Idlis with Sambhar (1 katori) & Coconut Chutney (2 tbsp),Hyderabadi Chicken Biryani with Mirchi ka Salan & Onion Raita,Malabar Fish Curry with Steamed Rice & Beetroot Thoran,"Fresh Fruit Chaat (Papaya, Apple, Guava & Chaat Masala)",437,12.36,94.67,,"Indian, Traditional, Balanced"
1581,177.78,88.84,57.96,13.11,24.43,1830,Besan Chilla (2 savory gram flour pancakes) with Green Coriander Chutney,Dal Tadka (Yellow Lentil) with Steamed Basmati Rice & Cucumber Salad,Tandoori Chicken (2 pcs leg/thigh) with Mint Raita & Green Salad,1 Vegetable Samosa with Mint Chutney & Masala Chai,418,12.9,44.0,"Obesity, Diabetes","Indian, High Protein, Traditional"
1442,188.24,66.28,48.86,7.41,21.13,1352,"Poha with Peanuts, Curry Leaves & Lemon with Green Tea",Fish Curry (Rohu in Mustard Gravy) with Steamed Rice & Green Salad,Palak Paneer (Spinach Cottage Cheese) with 2 Whole Wheat Chapatis,Roasted Makhana (Foxnuts - 30g) with Green Tea,588,13.42,51.36,"Obesity, Hypertension, Diabetes, Kidney Disease","Indian, Traditional, Balanced"
1339,146.96,76.43,49.73,8.3,24.82,1304,Moong Dal Cheela with Paneer Stuffing & Mint Chutney,Bhindi Do Pyaza with 2 Whole Wheat Rotis & Dal Palak,Chicken Tikka Masala with 2 Whole Wheat Tandoori Rotis & Salad,Roasted Makhana (Foxnuts - 30g) with Green Tea,546,11.7,47.68,"Obesity, Hypertension, Diabetes, Heart Disease","Indian, Low Carb, Traditional"
1759,198.4,69.46,77.67,32.07,33.07,1620,Moong Dal Cheela with Paneer Stuffing & Mint Chutney,Paneer Butter Masala with 2 Whole Wheat Phulkas & Boondi Raita,Aloo Gobi Matar Masala with 2 Whole Wheat Rotis & Plain Dahi,"Fresh Fruit Chaat (Papaya, Apple, Guava & Chaat Masala)",985,12.43,122.84,,"Indian, Vegetarian, Balanced"
1467,178.92,62.1,57.51,25.11,27.36,1413,1 Crispy Aloo Paratha with Fresh Curd (Dahi) & Zeera Pickle,Paneer Butter Masala with 2 Whole Wheat Phulkas & Boondi Raita,Soya Chunks Curry with 1 cup Brown Rice & Fresh Salad,"Fresh Fruit Chaat (Papaya, Apple, Guava & Chaat Masala)",745,12.69,80.19,Obesity,"Indian, Vegetarian, Balanced"
1666,198.91,61.03,71.23,19.68,30.72,1739,Besan Chilla (2 savory gram flour pancakes) with Green Coriander Chutney,Paneer Butter Masala with 2 Whole Wheat Phulkas & Boondi Raita,Aloo Gobi Matar Masala with 2 Whole Wheat Rotis & Plain Dahi,Bhel Puri (Puffed Rice with Veggies & Tamarind Chutney),745,13.12,68.63,,"Indian, Vegetarian, Balanced"
1775,166.95,96.68,82.57,12.3,23.85,2011,1 Crispy Aloo Paratha with Fresh Curd (Dahi) & Zeera Pickle,Chole Masala (Spiced Chickpeas) with 1 Bhatura & Pickled Onions,Tandoori Chicken (2 pcs leg/thigh) with Mint Raita & Green Salad,Paneer Tikka (3 grilled cubes) with Mint Coriander Chutney,738,13.9,48.56,Diabetes,"Indian, Low Carb, Traditional"
1555,213.06,72.18,46.66,29.32,42.97,1522,Besan Chilla (2 savory gram flour pancakes) with Green Coriander Chutney,Baingan Bharta with 2 Bajra Rotis & Plain Dahi,Soya Chunks Curry with 1 cup Brown Rice & Fresh Salad,"Fresh Fruit Chaat (Papaya, Apple, Guava & Chaat Masala)",611,19.69,111.57,"Obesity, Heart Disease","Indian, Low Fat, Dash, Balanced"
1597,202.81,73.1,56.72,27.3,30.33,1688,Ragi Dosa (2 pcs) with Tomato Onion Chutney & Buttermilk,Chole Masala (Spiced Chickpeas) with 1 Bhatura & Pickled Onions,Chicken Tikka Masala with 2 Whole Wheat Tandoori Rotis & Salad,"Fresh Fruit Chaat (Papaya, Apple, Guava & Chaat Masala)",586,14.96,95.74,Obesity,"Indian, Traditional, Balanced"
1517,206.29,87.1,38.87,11.21,31.06,1532,2 Methi Theplas with Fresh Curd (Dahi) & Mint Chutney,Fish Curry (Rohu in Mustard Gravy) with Steamed Rice & Green Salad,Soya Chunks Curry with 1 cup Brown Rice & Fresh Salad,"Sprouted Moong Chaat with Onion, Tomato, Lemon & Chaat Masala",574,16.66,54.92,"Obesity, Heart Disease","Indian, Low Fat, Dash, Balanced"
1726,228.78,81.72,55.0,12.58,24.87,1853,"Masala Dosa with Potato Filling, Sambar & Coconut Chutney",Hyderabadi Chicken Biryani with Mirchi ka Salan & Onion Raita,Malabar Fish Curry with Steamed Rice & Beetroot Thoran,"Sprouted Moong Chaat with Onion, Tomato, Lemon & Chaat Masala",400,12.97,50.91,,"Indian, Traditional, Balanced"
1400,192.05,51.68,47.9,12.61,26.11,1468,Ragi Dosa (2 pcs) with Tomato Onion Chutney & Buttermilk,Rajma Masala (Kidney Beans Curry) with Jeera Rice & Kachumber,Egg Curry (2 Eggs) with 1.5 Whole Wheat Rotis & Kachumber Salad,1 Vegetable Samosa with Mint Chutney & Masala Chai,547,13.06,42.32,"Obesity, Diabetes, Heart Disease","Indian, Low Fat, Dash, Balanced"
1607,227.06,60.74,50.96,13.87,30.96,1548,"Poha with Peanuts, Curry Leaves & Lemon with Green Tea","South Indian Meals: Sambar, Rasam, Cabbage Poriyal & Steamed Rice",Palak Paneer (Spinach Cottage Cheese) with 2 Whole Wheat Chapatis,Roasted Chana (Bhuna Chana - 50g) with Masala Chai,679,16.02,68.8,Heart Disease,"Indian, Vegetarian, Balanced"
1368,203.28,58.8,36.68,15.52,23.87,1446,Vegetable Upma with Roasted Cashews & Filter Coffee,Fish Curry (Rohu in Mustard Gravy) with Steamed Rice & Green Salad,Lauki Chana Dal Curry with 2 Phulkas & Cucumber Tomato Salad,Bhel Puri (Puffed Rice with Veggies & Tamarind Chutney),332,11.16,44.34,"Obesity, Heart Disease","Indian, Low Fat, Dash, Balanced"
1292,145.84,73.77,47.27,11.28,21.24,1466,"Poha with Peanuts, Curry Leaves & Lemon with Green Tea",Bhindi Do Pyaza with 2 Whole Wheat Rotis & Dal Palak,Tandoori Chicken (2 pcs leg/thigh) with Mint Raita & Green Salad,Khaman Dhokla (2 steamed pcs) with Green Coriander Chutney,420,12.22,57.79,"Obesity, Diabetes","Indian, Low Fat, Dash, Balanced"
1593,183.25,80.86,61.44,12.27,17.57,1686,"Poha with Peanuts, Curry Leaves & Lemon with Green Tea",Hyderabadi Chicken Biryani with Mirchi ka Salan & Onion Raita,Chicken Tikka Masala with 2 Whole Wheat Tandoori Rotis & Salad,1 Vegetable Samosa with Mint Chutney & Masala Chai,339,12.27,40.08,Obesity,"Indian, Traditional, Balanced"
1724,212.91,86.63,58.72,15.52,26.4,1821,Ragi Dosa (2 pcs) with Tomato Onion Chutney & Buttermilk,Homestyle Chicken Curry with 2 Chapatis & Onion Salad,Malabar Fish Curry with Steamed Rice & Beetroot Thoran,1 Vegetable Samosa with Mint Chutney & Masala Chai,637,14.22,46.12,,"Indian, High Protein, Traditional"
1527,197.05,68.59,52.47,14.15,21.27,1593,Vegetable Upma with Roasted Cashews & Filter Coffee,Dal Tadka (Yellow Lentil) with Steamed Basmati Rice & Cucumber Salad,Chicken Tikka Masala with 2 Whole Wheat Tandoori Rotis & Salad,1 Vegetable Samosa with Mint Chutney & Masala Chai,341,11.06,35.51,Obesity,"Indian, Traditional, Balanced"
1556,192.2,69.17,56.68,10.57,27.49,1500,Moong Dal Cheela with Paneer Stuffing & Mint Chutney,Dal Tadka (Yellow Lentil) with Steamed Basmati Rice & Cucumber Salad,Aloo Gobi Matar Masala with 2 Whole Wheat Rotis & Plain Dahi,Paneer Tikka (3 grilled cubes) with Mint Coriander Chutney,757,11.78,62.22,"Obesity, Diabetes","Indian, Vegetarian, Balanced"
1605,218.93,78.47,46.93,16.39,39.35,1728,Besan Chilla (2 savory gram flour pancakes) with Green Coriander Chutney,Bhindi Do Pyaza with 2 Whole Wheat Rotis & Dal Palak,Soya Chunks Curry with 1 cup Brown Rice & Fresh Salad,Bhel Puri (Puffed Rice with Veggies & Tamarind Chutney),585,18.84,67.55,Heart Disease,"Indian, Low Fat, Dash, Balanced"
1524,182.81,67.8,58.55,13.65,31.59,1717,Besan Chilla (2 savory gram flour pancakes) with Green Coriander Chutney,Bhindi Do Pyaza with 2 Whole Wheat Rotis & Dal Palak,Egg Curry (2 Eggs) with 1.5 Whole Wheat Rotis & Kachumber Salad,Khaman Dhokla (2 steamed pcs) with Green Coriander Chutney,499,14.75,68.68,"Obesity, Diabetes","Indian, Traditional, Balanced"
1590,170.82,73.02,69.96,16.61,21.2,1715,1 Crispy Aloo Paratha with Fresh Curd (Dahi) & Zeera Pickle,Paneer Butter Masala with 2 Whole Wheat Phulkas & Boondi Raita,Chicken Tikka Masala with 2 Whole Wheat Tandoori Rotis & Salad,Bhel Puri (Puffed Rice with Veggies & Tamarind Chutney),664,11.23,40.86,Obesity,"Indian, Low Carb, Traditional"
1697,202.96,71.11,67.44,12.78,28.59,1718,Moong Dal Cheela with Paneer Stuffing & Mint Chutney,Dal Tadka (Yellow Lentil) with Steamed Basmati Rice & Cucumber Salad,Palak Paneer (Spinach Cottage Cheese) with 2 Whole Wheat Chapatis,1 Vegetable Samosa with Mint Chutney & Masala Chai,829,14.03,51.73,,"Indian, Vegetarian, Balanced"
1544,210.52,61.87,52.11,12.89,22.45,1592,"Poha with Peanuts, Curry Leaves & Lemon with Green Tea",Hyderabadi Chicken Biryani with Mirchi ka Salan & Onion Raita,Aloo Gobi Matar Masala with 2 Whole Wheat Rotis & Plain Dahi,Khaman Dhokla (2 steamed pcs) with Green Coriander Chutney,386,12.32,60.64,Obesity,"Indian, Traditional, Balanced"
1450,187.79,68.68,48.12,18.06,26.51,1561,2 Boiled Eggs with 2 Multigrain Toasts & Masala Chai,Bhindi Do Pyaza with 2 Whole Wheat Rotis & Dal Palak,Malabar Fish Curry with Steamed Rice & Beetroot Thoran,Bhel Puri (Puffed Rice with Veggies & Tamarind Chutney),508,12.97,48.99,"Obesity, Heart Disease","Indian, Traditional, Balanced"
1457,160.74,90.4,49.98,9.46,26.73,1486,Ragi Dosa (2 pcs) with Tomato Onion Chutney & Buttermilk,Homestyle Chicken Curry with 2 Chapatis & Onion Salad,Soya Chunks Curry with 1 cup Brown Rice & Fresh Salad,Paneer Tikka (3 grilled cubes) with Mint Coriander Chutney,787,15.24,40.81,"Obesity, Diabetes, Heart Disease","Indian, Low Carb, Traditional"
1815,250.36,56.5,67.0,20.44,36.4,1921,2 Methi Theplas with Fresh Curd (Dahi) & Mint Chutney,Chole Masala (Spiced Chickpeas) with 1 Bhatura & Pickled Onions,Aloo Gobi Matar Masala with 2 Whole Wheat Rotis & Plain Dahi,Bhel Puri (Puffed Rice with Veggies & Tamarind Chutney),611,16.42,72.92,,"Indian, Vegetarian, Balanced"
1488,234.79,44.63,41.1,9.69,27.4,1439,"Masala Dosa with Potato Filling, Sambar & Coconut Chutney",Dal Tadka (Yellow Lentil) with Steamed Basmati Rice & Cucumber Salad,Aloo Gobi Matar Masala with 2 Whole Wheat Rotis & Plain Dahi,Roasted Makhana (Foxnuts - 30g) with Green Tea,376,11.16,51.38,"Obesity, Heart Disease","Indian, Low Fat, Dash, Balanced"
1460,218.42,50.71,44.17,12.97,26.99,1539,"Poha with Peanuts, Curry Leaves & Lemon with Green Tea",Bhindi Do Pyaza with 2 Whole Wheat Rotis & Dal Palak,"Moong Dal Khichdi with Desi Ghee, Curd & Roasted Papad",Khaman Dhokla (2 steamed pcs) with Green Coriander Chutney,461,13.6,56.82,"Obesity, Heart Disease","Indian, Low Fat, Dash, Balanced"
1745,210.88,97.92,57.03,10.14,36.2,1668,Moong Dal Cheela with Paneer Stuffing & Mint Chutney,Rajma Masala (Kidney Beans Curry) with Jeera Rice & Kachumber,Soya Chunks Curry with 1 cup Brown Rice & Fresh Salad,Paneer Tikka (3 grilled cubes) with Mint Coriander Chutney,870,17.99,50.27,,"Indian, High Protein, Traditional"
1733,218.44,89.17,57.17,10.56,25.71,1760,Besan Chilla (2 savory gram flour pancakes) with Green Coriander Chutney,Hyderabadi Chicken Biryani with Mirchi ka Salan & Onion Raita,Malabar Fish Curry with Steamed Rice & Beetroot Thoran,Roasted Makhana (Foxnuts - 30g) with Green Tea,430,13.55,39.89,,"Indian, High Protein, Traditional"
1399,188.55,59.55,44.78,11.37,26.52,1477,2 Methi Theplas with Fresh Curd (Dahi) & Mint Chutney,Dal Tadka (Yellow Lentil) with Steamed Basmati Rice & Cucumber Salad,Egg Curry (2 Eggs) with 1.5 Whole Wheat Rotis & Kachumber Salad,"Sprouted Moong Chaat with Onion, Tomato, Lemon & Chaat Masala",461,13.02,52.55,"Obesity, Diabetes, Heart Disease","Indian, Low Fat, Dash, Balanced"
1526,186.57,59.09,61.95,12.8,23.01,1629,"Masala Dosa with Potato Filling, Sambar & Coconut Chutney",Malabar Fish Curry with Steamed Rice & Beetroot Thoran,Palak Paneer (Spinach Cottage Cheese) with 2 Whole Wheat Chapatis,1 Vegetable Samosa with Mint Chutney & Masala Chai,593,11.82,47.18,"Obesity, Diabetes","Indian, Traditional, Balanced"
1568,144.84,66.3,82.2,13.94,23.59,1555,Moong Dal Cheela with Paneer Stuffing & Mint Chutney,Paneer Butter Masala with 2 Whole Wheat Phulkas & Boondi Raita,Palak Paneer (Spinach Cottage Cheese) with 2 Whole Wheat Chapatis,1 Vegetable Samosa with Mint Chutney & Masala Chai,1001,11.71,45.3,"Obesity, Diabetes","Indian, Low Carb, Traditional"
1579,229.27,54.69,49.08,26.18,27.56,1654,"Masala Dosa with Potato Filling, Sambar & Coconut Chutney",Dal Tadka (Yellow Lentil) with Steamed Basmati Rice & Cucumber Salad,Egg Curry (2 Eggs) with 1.5 Whole Wheat Rotis & Kachumber Salad,"Fresh Fruit Chaat (Papaya, Apple, Guava & Chaat Masala)",363,12.19,96.03,"Obesity, Heart Disease","Indian, Traditional, Balanced"
1713,186.82,82.97,73.17,14.65,23.19,1908,"Poha with Peanuts, Curry Leaves & Lemon with Green Tea",Chole Masala (Spiced Chickpeas) with 1 Bhatura & Pickled Onions,Tandoori Chicken (2 pcs leg/thigh) with Mint Raita & Green Salad,1 Vegetable Samosa with Mint Chutney & Masala Chai,434,15.18,50.08,,"Indian, Traditional, Balanced"
1365,171.82,65.18,46.71,10.69,28.04,1341,Ragi Dosa (2 pcs) with Tomato Onion Chutney & Buttermilk,Baingan Bharta with 2 Bajra Rotis & Plain Dahi,Chicken Tikka Masala with 2 Whole Wheat Tandoori Rotis & Salad,Roasted Makhana (Foxnuts - 30g) with Green Tea,626,14.35,41.92,"Obesity, Hypertension, Diabetes, Heart Disease, Kidney Disease","Indian, Low Fat, Dash, Balanced"
1713,200.99,88.81,61.73,13.02,25.53,1784,Moong Dal Cheela with Paneer Stuffing & Mint Chutney,Dal Tadka (Yellow Lentil) with Steamed Basmati Rice & Cucumber Salad,Chicken Tikka Masala with 2 Whole Wheat Tandoori Rotis & Salad,1 Vegetable Samosa with Mint Chutney & Masala Chai,537,13.13,42.66,,"Indian, High Protein, Traditional"
1355,187.34,62.21,40.55,8.73,21.12,1471,2 Idlis with Sambhar (1 katori) & Coconut Chutney (2 tbsp),Dal Tadka (Yellow Lentil) with Steamed Basmati Rice & Cucumber Salad,Malabar Fish Curry with Steamed Rice & Beetroot Thoran,Paneer Tikka (3 grilled cubes) with Mint Coriander Chutney,477,9.8,34.31,"Obesity, Diabetes","Indian, Low Fat, Dash, Balanced"
1648,195.85,98.78,53.06,14.07,28.54,1723,2 Boiled Eggs with 2 Multigrain Toasts & Masala Chai,Hyderabadi Chicken Biryani with Mirchi ka Salan & Onion Raita,Soya Chunks Curry with 1 cup Brown Rice & Fresh Salad,"Sprouted Moong Chaat with Onion, Tomato, Lemon & Chaat Masala",543,16.68,40.9,,"Indian, High Protein, Traditional"
1813,234.88,58.1,72.95,19.26,26.25,1958,"Masala Dosa with Potato Filling, Sambar & Coconut Chutney",Paneer Butter Masala with 2 Whole Wheat Phulkas & Boondi Raita,"Moong Dal Khichdi with Desi Ghee, Curd & Roasted Papad",Bhel Puri (Puffed Rice with Veggies & Tamarind Chutney),725,12.27,37.12,,"Indian, Vegetarian, Balanced"
1295,176.69,56.19,41.05,9.94,25.63,1259,Besan Chilla (2 savory gram flour pancakes) with Green Coriander Chutney,Malabar Fish Curry with Steamed Rice & Beetroot Thoran,Aloo Gobi Matar Masala with 2 Whole Wheat Rotis & Plain Dahi,Roasted Makhana (Foxnuts - 30g) with Green Tea,395,11.04,55.64,"Obesity, Hypertension, Diabetes, Heart Disease, Kidney Disease","Indian, Low Fat, Dash, Balanced"
1663,203.61,63.67,66.3,16.15,29.48,1615,Vegetable Upma with Roasted Cashews & Filter Coffee,Chole Masala (Spiced Chickpeas) with 1 Bhatura & Pickled Onions,Egg Curry (2 Eggs) with 1.5 Whole Wheat Rotis & Kachumber Salad,Roasted Chana (Bhuna Chana - 50g) with Masala Chai,456,15.21,40.07,,"Indian, Traditional, Balanced"
1475,180.5,67.59,55.04,10.07,20.85,1502,"Poha with Peanuts, Curry Leaves & Lemon with Green Tea",Hyderabadi Chicken Biryani with Mirchi ka Salan & Onion Raita,"Mix Vegetable Subzi (Beans, Carrot, Peas) with 2 Chapatis & Dal Fry",Paneer Tikka (3 grilled cubes) with Mint Coriander Chutney,499,11.84,47.8,"Obesity, Diabetes","Indian, Traditional, Balanced"
1520,240.9,54.36,38.38,11.59,30.59,1617,"Masala Dosa with Potato Filling, Sambar & Coconut Chutney",Rajma Masala (Kidney Beans Curry) with Jeera Rice & Kachumber,"Moong Dal Khichdi with Desi Ghee, Curd & Roasted Papad","Sprouted Moong Chaat with Onion, Tomato, Lemon & Chaat Masala",378,13.44,47.64,"Obesity, Heart Disease","Indian, Low Fat, Dash, Balanced"
1390,227.36,49.57,32.31,8.83,30.6,1284,"Poha with Peanuts, Curry Leaves & Lemon with Green Tea",Rajma Masala (Kidney Beans Curry) with Jeera Rice & Kachumber,Lauki Chana Dal Curry with 2 Phulkas & Cucumber Tomato Salad,Roasted Makhana (Foxnuts - 30g) with Green Tea,321,14.25,47.56,"Obesity, Hypertension, Heart Disease, Kidney Disease","Indian, Low Fat, Dash, Balanced"
1734,205.93,99.4,58.03,15.29,27.23,1859,2 Boiled Eggs with 2 Multigrain Toasts & Masala Chai,Hyderabadi Chicken Biryani with Mirchi ka Salan & Onion Raita,Soya Chunks Curry with 1 cup Brown Rice & Fresh Salad,Khaman Dhokla (2 steamed pcs) with Green Coriander Chutney,542,16.34,29.75,,"Indian, High Protein, Traditional"
1527,211.9,57.49,50.9,11.88,29.24,1457,1 Crispy Aloo Paratha with Fresh Curd (Dahi) & Zeera Pickle,Baingan Bharta with 2 Bajra Rotis & Plain Dahi,Malabar Fish Curry with Steamed Rice & Beetroot Thoran,Roasted Makhana (Foxnuts - 30g) with Green Tea,569,13.87,44.52,"Obesity, Heart Disease","Indian, Traditional, Balanced"
1523,214.03,58.24,48.47,13.27,27.37,1698,1 Crispy Aloo Paratha with Fresh Curd (Dahi) & Zeera Pickle,"South Indian Meals: Sambar, Rasam, Cabbage Poriyal & Steamed Rice",Egg Curry (2 Eggs) with 1.5 Whole Wheat Rotis & Kachumber Salad,"Sprouted Moong Chaat with Onion, Tomato, Lemon & Chaat Masala",482,12.76,71.72,"Obesity, Heart Disease","Indian, Traditional, Balanced"
1394,167.52,76.52,47.19,24.78,23.87,1439,2 Methi Theplas with Fresh Curd (Dahi) & Mint Chutney,Malabar Fish Curry with Steamed Rice & Beetroot Thoran,Chicken Tikka Masala with 2 Whole Wheat Tandoori Rotis & Salad,"Fresh Fruit Chaat (Papaya, Apple, Guava & Chaat Masala)",446,11.39,86.72,"Obesity, Heart Disease","Indian, Low Fat, Dash, Balanced"
1566,195.39,70.82,56.76,14.47,25.95,1571,Vegetable Upma with Roasted Cashews & Filter Coffee,Malabar Fish Curry with Steamed Rice & Beetroot Thoran,"Mix Vegetable Subzi (Beans, Carrot, Peas) with 2 Chapatis & Dal Fry",Paneer Tikka (3 grilled cubes) with Mint Coriander Chutney,608,11.68,53.14,Obesity,"Indian, Traditional, Balanced"
1643,185.86,98.79,55.64,13.14,23.77,1637,2 Boiled Eggs with 2 Multigrain Toasts & Masala Chai,Homestyle Chicken Curry with 2 Chapatis & Onion Salad,Malabar Fish Curry with Steamed Rice & Beetroot Thoran,Roasted Makhana (Foxnuts - 30g) with Green Tea,458,13.36,30.56,Diabetes,"Indian, High Protein, Traditional"
1422,201.25,52.88,46.68,12.87,19.45,1463,"Poha with Peanuts, Curry Leaves & Lemon with Green Tea",Malabar Fish Curry with Steamed Rice & Beetroot Thoran,"Moong Dal Khichdi with Desi Ghee, Curd & Roasted Papad",1 Vegetable Samosa with Mint Chutney & Masala Chai,372,11.39,37.69,Obesity,"Indian, Low Fat, Dash, Balanced"
1449,185.21,56.15,55.2,11.46,25.28,1524,"Poha with Peanuts, Curry Leaves & Lemon with Green Tea",Chole Masala (Spiced Chickpeas) with 1 Bhatura & Pickled Onions,Egg Curry (2 Eggs) with 1.5 Whole Wheat Rotis & Kachumber Salad,"Sprouted Moong Chaat with Onion, Tomato, Lemon & Chaat Masala",355,14.96,59.94,"Obesity, Diabetes","Indian, Traditional, Balanced"
1643,237.55,50.41,55.86,11.39,32.26,1684,"Masala Dosa with Potato Filling, Sambar & Coconut Chutney",Chole Masala (Spiced Chickpeas) with 1 Bhatura & Pickled Onions,"Mix Vegetable Subzi (Beans, Carrot, Peas) with 2 Chapatis & Dal Fry",Roasted Makhana (Foxnuts - 30g) with Green Tea,383,14.12,45.37,,"Indian, Vegetarian, Balanced"
1477,204.7,61.39,46.04,12.37,33.86,1391,Ragi Dosa (2 pcs) with Tomato Onion Chutney & Buttermilk,Rajma Masala (Kidney Beans Curry) with Jeera Rice & Kachumber,Palak Paneer (Spinach Cottage Cheese) with 2 Whole Wheat Chapatis,Roasted Chana (Bhuna Chana - 50g) with Masala Chai,833,16.11,47.87,"Obesity, Hypertension, Heart Disease, Kidney Disease","Indian, Low Fat, Dash, Balanced"
1484,196.04,55.14,53.49,28.76,36.8,1361,Moong Dal Cheela with Paneer Stuffing & Mint Chutney,Baingan Bharta with 2 Bajra Rotis & Plain Dahi,Aloo Gobi Matar Masala with 2 Whole Wheat Rotis & Plain Dahi,"Fresh Fruit Chaat (Papaya, Apple, Guava & Chaat Masala)",714,14.33,122.45,"Obesity, Hypertension, Kidney Disease","Indian, Vegetarian, Balanced"
1633,181.0,88.16,63.13,16.0,28.73,1725,2 Boiled Eggs with 2 Multigrain Toasts & Masala Chai,Malabar Fish Curry with Steamed Rice & Beetroot Thoran,Palak Paneer (Spinach Cottage Cheese) with 2 Whole Wheat Chapatis,"Sprouted Moong Chaat with Onion, Tomato, Lemon & Chaat Masala",778,15.56,62.04,,"Indian, High Protein, Traditional"
1837,216.86,94.81,66.33,17.64,25.57,1982,2 Boiled Eggs with 2 Multigrain Toasts & Masala Chai,Dal Tadka (Yellow Lentil) with Steamed Basmati Rice & Cucumber Salad,Chicken Tikka Masala with 2 Whole Wheat Tandoori Rotis & Salad,1 Vegetable Samosa with Mint Chutney & Masala Chai,470,14.41,35.06,,"Indian, High Protein, Traditional"
1424,184.22,73.03,44.46,16.95,31.19,1506,2 Boiled Eggs with 2 Multigrain Toasts & Masala Chai,Bhindi Do Pyaza with 2 Whole Wheat Rotis & Dal Palak,Soya Chunks Curry with 1 cup Brown Rice & Fresh Salad,Bhel Puri (Puffed Rice with Veggies & Tamarind Chutney),570,15.98,46.68,"Obesity, Heart Disease","Indian, Low Fat, Dash, Balanced"
1428,195.36,77.17,37.08,13.46,32.86,1323,2 Boiled Eggs with 2 Multigrain Toasts & Masala Chai,Rajma Masala (Kidney Beans Curry) with Jeera Rice & Kachumber,Soya Chunks Curry with 1 cup Brown Rice & Fresh Salad,Roasted Chana (Bhuna Chana - 50g) with Masala Chai,494,16.66,26.82,"Obesity, Hypertension, Heart Disease","Indian, Low Fat, Dash, Balanced"
1797,218.16,95.92,61.93,27.72,23.71,1841,"Poha with Peanuts, Curry Leaves & Lemon with Green Tea",Hyderabadi Chicken Biryani with Mirchi ka Salan & Onion Raita,Chicken Tikka Masala with 2 Whole Wheat Tandoori Rotis & Salad,"Fresh Fruit Chaat (Papaya, Apple, Guava & Chaat Masala)",387,14.4,103.18,,"Indian, High Protein, Traditional"
1424,199.06,49.06,48.28,15.51,34.72,1492,2 Methi Theplas with Fresh Curd (Dahi) & Mint Chutney,Baingan Bharta with 2 Bajra Rotis & Plain Dahi,"Mix Vegetable Subzi (Beans, Carrot, Peas) with 2 Chapatis & Dal Fry",Khaman Dhokla (2 steamed pcs) with Green Coriander Chutney,569,14.82,55.59,"Obesity, Heart Disease","Indian, Vegetarian, Balanced"
1482,162.36,75.39,59.19,13.1,20.0,1602,Moong Dal Cheela with Paneer Stuffing & Mint Chutney,Hyderabadi Chicken Biryani with Mirchi ka Salan & Onion Raita,Egg Curry (2 Eggs) with 1.5 Whole Wheat Rotis & Kachumber Salad,Bhel Puri (Puffed Rice with Veggies & Tamarind Chutney),497,11.5,39.64,Obesity,"Indian, Low Carb, Traditional"
1424,153.18,92.31,47.83,10.64,24.25,1438,Moong Dal Cheela with Paneer Stuffing & Mint Chutney,Dal Tadka (Yellow Lentil) with Steamed Basmati Rice & Cucumber Salad,Tandoori Chicken (2 pcs leg/thigh) with Mint Raita & Green Salad,Roasted Chana (Bhuna Chana - 50g) with Masala Chai,548,12.37,33.65,"Obesity, Diabetes, Heart Disease","Indian, Low Fat, Dash, Balanced"
1439,208.91,62.16,39.01,8.24,30.14,1356,Moong Dal Cheela with Paneer Stuffing & Mint Chutney,Dal Tadka (Yellow Lentil) with Steamed Basmati Rice & Cucumber Salad,Lauki Chana Dal Curry with 2 Phulkas & Cucumber Tomato Salad,Roasted Makhana (Foxnuts - 30g) with Green Tea,508,12.41,39.32,"Obesity, Hypertension, Heart Disease, Kidney Disease","Indian, Low Fat, Dash, Balanced"
1403,217.41,58.15,35.1,24.38,21.63,1377,"Poha with Peanuts, Curry Leaves & Lemon with Green Tea",Fish Curry (Rohu in Mustard Gravy) with Steamed Rice & Green Salad,"Moong Dal Khichdi with Desi Ghee, Curd & Roasted Papad","Fresh Fruit Chaat (Papaya, Apple, Guava & Chaat Masala)",357,11.73,90.9,"Obesity, Hypertension, Kidney Disease","Indian, Low Fat, Dash, Balanced"
1677,227.51,72.39,54.2,11.11,27.84,1721,"Masala Dosa with Potato Filling, Sambar & Coconut Chutney",Rajma Masala (Kidney Beans Curry) with Jeera Rice & Kachumber,Malabar Fish Curry with Steamed Rice & Beetroot Thoran,Paneer Tikka (3 grilled cubes) with Mint Coriander Chutney,556,13.08,46.62,,"Indian, Traditional, Balanced"
1489,208.81,41.49,55.61,15.76,29.98,1431,"Poha with Peanuts, Curry Leaves & Lemon with Green Tea",Baingan Bharta with 2 Bajra Rotis & Plain Dahi,Aloo Gobi Matar Masala with 2 Whole Wheat Rotis & Plain Dahi,1 Vegetable Samosa with Mint Chutney & Masala Chai,510,14.7,70.6,Obesity,"Indian, Vegetarian, Balanced"
1703,262.66,72.14,41.66,14.96,33.95,1787,Ragi Dosa (2 pcs) with Tomato Onion Chutney & Buttermilk,Rajma Masala (Kidney Beans Curry) with Jeera Rice & Kachumber,Malabar Fish Curry with Steamed Rice & Beetroot Thoran,Khaman Dhokla (2 steamed pcs) with Green Coriander Chutney,640,15.97,51.93,Heart Disease,"Indian, Low Fat, Dash, Balanced"
1420,164.7,67.38,56.44,11.03,22.88,1519,Besan Chilla (2 savory gram flour pancakes) with Green Coriander Chutney,Fish Curry (Rohu in Mustard Gravy) with Steamed Rice & Green Salad,Palak Paneer (Spinach Cottage Cheese) with 2 Whole Wheat Chapatis,1 Vegetable Samosa with Mint Chutney & Masala Chai,582,12.39,49.65,"Obesity, Diabetes","Indian, Low Carb, Traditional"
1410,136.41,81.02,60.99,9.83,21.68,1598,"Masala Dosa with Potato Filling, Sambar & Coconut Chutney",Bhindi Do Pyaza with 2 Whole Wheat Rotis & Dal Palak,Tandoori Chicken (2 pcs leg/thigh) with Mint Raita & Green Salad,Paneer Tikka (3 grilled cubes) with Mint Coriander Chutney,617,10.93,52.82,"Obesity, Diabetes","Indian, Low Carb, Traditional"
1432,179.1,65.32,51.58,26.5,23.56,1441,2 Boiled Eggs with 2 Multigrain Toasts & Masala Chai,Hyderabadi Chicken Biryani with Mirchi ka Salan & Onion Raita,Aloo Gobi Matar Masala with 2 Whole Wheat Rotis & Plain Dahi,"Fresh Fruit Chaat (Papaya, Apple, Guava & Chaat Masala)",455,10.71,88.26,"Obesity, Heart Disease","Indian, Traditional, Balanced"
1419,159.61,63.75,60.13,12.7,25.94,1510,2 Boiled Eggs with 2 Multigrain Toasts & Masala Chai,Chole Masala (Spiced Chickpeas) with 1 Bhatura & Pickled Onions,Lauki Chana Dal Curry with 2 Phulkas & Cucumber Tomato Salad,Paneer Tikka (3 grilled cubes) with Mint Coriander Chutney,564,12.79,35.64,"Obesity, Diabetes","Indian, Low Carb, Traditional"
1490,192.19,73.39,47.13,27.98,32.61,1528,2 Methi Theplas with Fresh Curd (Dahi) & Mint Chutney,Homestyle Chicken Curry with 2 Chapatis & Onion Salad,Lauki Chana Dal Curry with 2 Phulkas & Cucumber Tomato Salad,"Fresh Fruit Chaat (Papaya, Apple, Guava & Chaat Masala)",478,13.34,101.8,"Obesity, Heart Disease","Indian, Low Fat, Dash, Balanced"
1508,250.19,50.62,34.57,14.75,32.63,1809,2 Idlis with Sambhar (1 katori) & Coconut Chutney (2 tbsp),"South Indian Meals: Sambar, Rasam, Cabbage Poriyal & Steamed Rice","Mix Vegetable Subzi (Beans, Carrot, Peas) with 2 Chapatis & Dal Fry",Khaman Dhokla (2 steamed pcs) with Green Coriander Chutney,373,12.06,63.22,"Obesity, Heart Disease","Indian, Low Fat, Dash, Balanced"
1449,193.23,73.79,43.19,13.17,25.95,1497,2 Methi Theplas with Fresh Curd (Dahi) & Mint Chutney,Malabar Fish Curry with Steamed Rice & Beetroot Thoran,Malabar Fish Curry with Steamed Rice & Beetroot Thoran,"Sprouted Moong Chaat with Onion, Tomato, Lemon & Chaat Masala",495,12.69,54.65,"Obesity, Diabetes, Heart Disease","Indian, Low Fat, Dash, Balanced"
1523,200.46,80.16,44.13,12.92,39.92,1450,Besan Chilla (2 savory gram flour pancakes) with Green Coriander Chutney,Bhindi Do Pyaza with 2 Whole Wheat Rotis & Dal Palak,Soya Chunks Curry with 1 cup Brown Rice & Fresh Salad,Roasted Chana (Bhuna Chana - 50g) with Masala Chai,597,18.7,56.1,"Obesity, Heart Disease","Indian, Low Fat, Dash, Balanced"
1430,226.11,48.65,37.16,8.96,28.1,1410,1 Crispy Aloo Paratha with Fresh Curd (Dahi) & Zeera Pickle,Dal Tadka (Yellow Lentil) with Steamed Basmati Rice & Cucumber Salad,Lauki Chana Dal Curry with 2 Phulkas & Cucumber Tomato Salad,Roasted Makhana (Foxnuts - 30g) with Green Tea,410,11.68,37.67,"Obesity, Heart Disease","Indian, Low Fat, Dash, Balanced"
1507,216.62,46.67,51.58,15.92,34.45,1652,2 Idlis with Sambhar (1 katori) & Coconut Chutney (2 tbsp),Baingan Bharta with 2 Bajra Rotis & Plain Dahi,"Mix Vegetable Subzi (Beans, Carrot, Peas) with 2 Chapatis & Dal Fry",1 Vegetable Samosa with Mint Chutney & Masala Chai,497,14.22,52.68,"Obesity, Heart Disease","Indian, Vegetarian, Balanced"
1540,186.85,81.65,52.79,10.17,21.5,1569,1 Crispy Aloo Paratha with Fresh Curd (Dahi) & Zeera Pickle,Malabar Fish Curry with Steamed Rice & Beetroot Thoran,Chicken Tikka Masala with 2 Whole Wheat Tandoori Rotis & Salad,Roasted Makhana (Foxnuts - 30g) with Green Tea,443,11.62,39.33,"Obesity, Diabetes","Indian, Traditional, Balanced"
1406,163.5,60.1,57.06,29.85,29.64,1421,2 Boiled Eggs with 2 Multigrain Toasts & Masala Chai,Baingan Bharta with 2 Bajra Rotis & Plain Dahi,Egg Curry (2 Eggs) with 1.5 Whole Wheat Rotis & Kachumber Salad,"Fresh Fruit Chaat (Papaya, Apple, Guava & Chaat Masala)",551,14.37,92.37,Obesity,"Indian, Low Carb, Traditional"
1369,217.49,43.86,36.42,15.81,25.5,1543,2 Methi Theplas with Fresh Curd (Dahi) & Mint Chutney,"South Indian Meals: Sambar, Rasam, Cabbage Poriyal & Steamed Rice","Moong Dal Khichdi with Desi Ghee, Curd & Roasted Papad",Bhel Puri (Puffed Rice with Veggies & Tamarind Chutney),463,11.11,45.55,"Obesity, Heart Disease","Indian, Low Fat, Dash, Balanced"
1463,176.77,74.78,52.17,7.77,25.47,1463,Besan Chilla (2 savory gram flour pancakes) with Green Coriander Chutney,Fish Curry (Rohu in Mustard Gravy) with Steamed Rice & Green Salad,Palak Paneer (Spinach Cottage Cheese) with 2 Whole Wheat Chapatis,Roasted Makhana (Foxnuts - 30g) with Green Tea,627,13.5,50.53,"Obesity, Diabetes","Indian, Traditional, Balanced"
1344,128.95,87.12,54.26,14.46,22.45,1585,2 Boiled Eggs with 2 Multigrain Toasts & Masala Chai,Bhindi Do Pyaza with 2 Whole Wheat Rotis & Dal Palak,Tandoori Chicken (2 pcs leg/thigh) with Mint Raita & Green Salad,Khaman Dhokla (2 steamed pcs) with Green Coriander Chutney,518,11.95,45.49,Obesity,"Indian, Low Carb, Traditional"
1706,247.16,60.49,53.98,14.46,33.56,1810,2 Idlis with Sambhar (1 katori) & Coconut Chutney (2 tbsp),Chole Masala (Spiced Chickpeas) with 1 Bhatura & Pickled Onions,"Moong Dal Khichdi with Desi Ghee, Curd & Roasted Papad",Roasted Chana (Bhuna Chana - 50g) with Masala Chai,472,15.34,29.47,,"Indian, Vegetarian, Balanced"
1786,216.83,100.31,57.98,13.34,32.19,1885,Moong Dal Cheela with Paneer Stuffing & Mint Chutney,Rajma Masala (Kidney Beans Curry) with Jeera Rice & Kachumber,Chicken Tikka Masala with 2 Whole Wheat Tandoori Rotis & Salad,Khaman Dhokla (2 steamed pcs) with Green Coriander Chutney,562,15.65,52.8,,"Indian, High Protein, Traditional"
1527,232.93,40.48,48.93,14.95,27.2,1643,"Masala Dosa with Potato Filling, Sambar & Coconut Chutney","South Indian Meals: Sambar, Rasam, Cabbage Poriyal & Steamed Rice",Aloo Gobi Matar Masala with 2 Whole Wheat Rotis & Plain Dahi,1 Vegetable Samosa with Mint Chutney & Masala Chai,406,10.68,67.59,"Obesity, Heart Disease","Indian, Vegetarian, Balanced"
1541,190.4,51.42,65.65,13.21,22.76,1620,"Poha with Peanuts, Curry Leaves & Lemon with Green Tea",Chole Masala (Spiced Chickpeas) with 1 Bhatura & Pickled Onions,Egg Curry (2 Eggs) with 1.5 Whole Wheat Rotis & Kachumber Salad,1 Vegetable Samosa with Mint Chutney & Masala Chai,367,14.05,47.11,"Obesity, Diabetes","Indian, Traditional, Balanced"
1588,200.66,68.01,57.08,15.42,28.08,1644,Ragi Dosa (2 pcs) with Tomato Onion Chutney & Buttermilk,Homestyle Chicken Curry with 2 Chapatis & Onion Salad,Aloo Gobi Matar Masala with 2 Whole Wheat Rotis & Plain Dahi,1 Vegetable Samosa with Mint Chutney & Masala Chai,644,13.28,62.6,Obesity,"Indian, Traditional, Balanced"
1540,236.86,59.61,40.05,29.23,30.7,1587,2 Methi Theplas with Fresh Curd (Dahi) & Mint Chutney,"South Indian Meals: Sambar, Rasam, Cabbage Poriyal & Steamed Rice",Malabar Fish Curry with Steamed Rice & Beetroot Thoran,"Fresh Fruit Chaat (Papaya, Apple, Guava & Chaat Masala)",518,12.2,109.97,"Obesity, Heart Disease","Indian, Low Fat, Dash, Balanced"
1379,182.48,50.94,51.33,24.83,29.46,1330,"Poha with Peanuts, Curry Leaves & Lemon with Green Tea",Bhindi Do Pyaza with 2 Whole Wheat Rotis & Dal Palak,Palak Paneer (Spinach Cottage Cheese) with 2 Whole Wheat Chapatis,"Fresh Fruit Chaat (Papaya, Apple, Guava & Chaat Masala)",680,14.09,118.93,"Obesity, Hypertension, Heart Disease, Kidney Disease","Indian, Vegetarian, Balanced"
1378,181.74,65.35,45.0,7.11,22.6,1441,2 Idlis with Sambhar (1 katori) & Coconut Chutney (2 tbsp),Fish Curry (Rohu in Mustard Gravy) with Steamed Rice & Green Salad,Palak Paneer (Spinach Cottage Cheese) with 2 Whole Wheat Chapatis,Roasted Makhana (Foxnuts - 30g) with Green Tea,587,11.49,41.3,"Obesity, Diabetes, Heart Disease","Indian, Low Fat, Dash, Balanced"
1746,203.8,76.31,71.57,13.28,28.42,1802,2 Methi Theplas with Fresh Curd (Dahi) & Mint Chutney,Chole Masala (Spiced Chickpeas) with 1 Bhatura & Pickled Onions,Malabar Fish Curry with Steamed Rice & Beetroot Thoran,Paneer Tikka (3 grilled cubes) with Mint Coriander Chutney,726,14.62,47.58,,"Indian, Traditional, Balanced"
1453,216.33,51.43,43.6,13.81,31.54,1515,"Poha with Peanuts, Curry Leaves & Lemon with Green Tea",Bhindi Do Pyaza with 2 Whole Wheat Rotis & Dal Palak,"Mix Vegetable Subzi (Beans, Carrot, Peas) with 2 Chapatis & Dal Fry",Khaman Dhokla (2 steamed pcs) with Green Coriander Chutney,438,14.43,72.25,"Obesity, Heart Disease","Indian, Low Fat, Dash, Balanced"
1462,197.88,58.36,49.2,32.4,37.42,1456,2 Boiled Eggs with 2 Multigrain Toasts & Masala Chai,Baingan Bharta with 2 Bajra Rotis & Plain Dahi,Lauki Chana Dal Curry with 2 Phulkas & Cucumber Tomato Salad,"Fresh Fruit Chaat (Papaya, Apple, Guava & Chaat Masala)",567,15.6,100.69,"Obesity, Heart Disease","Indian, Traditional, Balanced"
1502,148.63,106.07,53.89,11.87,21.17,1903,2 Idlis with Sambhar (1 katori) & Coconut Chutney (2 tbsp),Homestyle Chicken Curry with 2 Chapatis & Onion Salad,Tandoori Chicken (2 pcs leg/thigh) with Mint Raita & Green Salad,Khaman Dhokla (2 steamed pcs) with Green Coriander Chutney,373,11.65,40.53,"Obesity, Diabetes","Indian, Low Carb, Traditional"
1588,197.61,64.74,61.64,11.84,22.46,1691,"Masala Dosa with Potato Filling, Sambar & Coconut Chutney",Fish Curry (Rohu in Mustard Gravy) with Steamed Rice & Green Salad,Palak Paneer (Spinach Cottage Cheese) with 2 Whole Wheat Chapatis,1 Vegetable Samosa with Mint Chutney & Masala Chai,599,12.22,48.11,Obesity,"Indian, Traditional, Balanced"
1488,231.3,55.93,36.9,14.61,31.96,1377,Vegetable Upma with Roasted Cashews & Filter Coffee,Dal Tadka (Yellow Lentil) with Steamed Basmati Rice & Cucumber Salad,Lauki Chana Dal Curry with 2 Phulkas & Cucumber Tomato Salad,Roasted Chana (Bhuna Chana - 50g) with Masala Chai,386,13.25,37.01,"Obesity, Hypertension, Heart Disease, Kidney Disease","Indian, Low Fat, Dash, Balanced"
1289,171.44,71.74,35.65,8.05,26.87,1258,Besan Chilla (2 savory gram flour pancakes) with Green Coriander Chutney,Malabar Fish Curry with Steamed Rice & Beetroot Thoran,Soya Chunks Curry with 1 cup Brown Rice & Fresh Salad,Roasted Makhana (Foxnuts - 30g) with Green Tea,410,13.84,35.92,"Obesity, Hypertension, Diabetes, Heart Disease, Kidney Disease","Indian, Low Fat, Dash, Balanced"
1496,209.92,55.73,49.13,11.81,27.82,1621,1 Crispy Aloo Paratha with Fresh Curd (Dahi) & Zeera Pickle,"South Indian Meals: Sambar, Rasam, Cabbage Poriyal & Steamed Rice",Lauki Chana Dal Curry with 2 Phulkas & Cucumber Tomato Salad,Paneer Tikka (3 grilled cubes) with Mint Coriander Chutney,625,11.31,60.03,"Obesity, Heart Disease","Indian, Vegetarian, Balanced"
1640,216.67,64.55,59.01,19.92,32.6,1827,2 Boiled Eggs with 2 Multigrain Toasts & Masala Chai,Chole Masala (Spiced Chickpeas) with 1 Bhatura & Pickled Onions,Lauki Chana Dal Curry with 2 Phulkas & Cucumber Tomato Salad,Bhel Puri (Puffed Rice with Veggies & Tamarind Chutney),452,15.77,42.5,,"Indian, Traditional, Balanced"
1615,209.54,56.17,63.32,18.3,27.66,1651,"Poha with Peanuts, Curry Leaves & Lemon with Green Tea",Paneer Butter Masala with 2 Whole Wheat Phulkas & Boondi Raita,Lauki Chana Dal Curry with 2 Phulkas & Cucumber Tomato Salad,Bhel Puri (Puffed Rice with Veggies & Tamarind Chutney),651,13.78,54.17,,"Indian, Vegetarian, Balanced"
1550,157.29,101.9,56.81,9.38,28.97,1622,Besan Chilla (2 savory gram flour pancakes) with Green Coriander Chutney,Homestyle Chicken Curry with 2 Chapatis & Onion Salad,Soya Chunks Curry with 1 cup Brown Rice & Fresh Salad,Paneer Tikka (3 grilled cubes) with Mint Coriander Chutney,621,16.01,46.21,"Obesity, Diabetes","Indian, Low Carb, Traditional"
1737,204.18,102.25,56.62,15.41,30.11,1680,2 Boiled Eggs with 2 Multigrain Toasts & Masala Chai,Hyderabadi Chicken Biryani with Mirchi ka Salan & Onion Raita,Soya Chunks Curry with 1 cup Brown Rice & Fresh Salad,Roasted Chana (Bhuna Chana - 50g) with Masala Chai,583,17.47,24.05,,"Indian, High Protein, Traditional"
1262,211.73,40.11,28.62,9.7,24.38,1299,Ragi Dosa (2 pcs) with Tomato Onion Chutney & Buttermilk,"South Indian Meals: Sambar, Rasam, Cabbage Poriyal & Steamed Rice","Moong Dal Khichdi with Desi Ghee, Curd & Roasted Papad",Roasted Makhana (Foxnuts - 30g) with Green Tea,551,10.64,37.94,"Obesity, Hypertension, Heart Disease, Kidney Disease","Indian, Low Fat, Dash, Balanced"
1534,171.84,82.83,58.33,14.35,25.76,1607,2 Boiled Eggs with 2 Multigrain Toasts & Masala Chai,Malabar Fish Curry with Steamed Rice & Beetroot Thoran,Lauki Chana Dal Curry with 2 Phulkas & Cucumber Tomato Salad,Paneer Tikka (3 grilled cubes) with Mint Coriander Chutney,651,12.67,41.99,Obesity,"Indian, Low Carb, Traditional"
1457,186.71,64.16,52.25,27.13,26.03,1499,2 Boiled Eggs with 2 Multigrain Toasts & Masala Chai,Chole Masala (Spiced Chickpeas) with 1 Bhatura & Pickled Onions,Malabar Fish Curry with Steamed Rice & Beetroot Thoran,"Fresh Fruit Chaat (Papaya, Apple, Guava & Chaat Masala)",422,12.65,77.64,Obesity,"Indian, Traditional, Balanced"
1506,225.19,67.1,38.36,13.42,28.85,1627,Ragi Dosa (2 pcs) with Tomato Onion Chutney & Buttermilk,Fish Curry (Rohu in Mustard Gravy) with Steamed Rice & Green Salad,"Mix Vegetable Subzi (Beans, Carrot, Peas) with 2 Chapatis & Dal Fry",Khaman Dhokla (2 steamed pcs) with Green Coriander Chutney,590,13.63,54.11,"Obesity, Heart Disease","Indian, Low Fat, Dash, Balanced"
1448,192.21,73.82,43.48,14.72,24.61,1576,2 Boiled Eggs with 2 Multigrain Toasts & Masala Chai,Fish Curry (Rohu in Mustard Gravy) with Steamed Rice & Green Salad,"Mix Vegetable Subzi (Beans, Carrot, Peas) with 2 Chapatis & Dal Fry",Khaman Dhokla (2 steamed pcs) with Green Coriander Chutney,410,12.25,41.31,"Obesity, Heart Disease","Indian, Low Fat, Dash, Balanced"
1480,191.23,71.67,47.99,11.84,34.58,1452,Besan Chilla (2 savory gram flour pancakes) with Green Coriander Chutney,Chole Masala (Spiced Chickpeas) with 1 Bhatura & Pickled Onions,Soya Chunks Curry with 1 cup Brown Rice & Fresh Salad,Roasted Chana (Bhuna Chana - 50g) with Masala Chai,456,17.57,37.08,"Obesity, Diabetes, Heart Disease","Indian, Low Fat, Dash, Balanced"
1375,177.49,61.87,48.12,24.82,22.91,1337,Vegetable Upma with Roasted Cashews & Filter Coffee,Fish Curry (Rohu in Mustard Gravy) with Steamed Rice & Green Salad,Palak Paneer (Spinach Cottage Cheese) with 2 Whole Wheat Chapatis,"Fresh Fruit Chaat (Papaya, Apple, Guava & Chaat Masala)",595,11.08,94.42,"Obesity, Hypertension, Heart Disease, Kidney Disease","Indian, Traditional, Balanced"
1219,183.09,41.89,35.9,22.95,21.88,1259,"Poha with Peanuts, Curry Leaves & Lemon with Green Tea","South Indian Meals: Sambar, Rasam, Cabbage Poriyal & Steamed Rice",Egg Curry (2 Eggs) with 1.5 Whole Wheat Rotis & Kachumber Salad,"Fresh Fruit Chaat (Papaya, Apple, Guava & Chaat Masala)",308,10.72,99.14,"Obesity, Hypertension, Kidney Disease","Indian, Low Fat, Dash, Balanced"
1207,158.6,50.05,41.32,9.08,29.87,1110,Moong Dal Cheela with Paneer Stuffing & Mint Chutney,Baingan Bharta with 2 Bajra Rotis & Plain Dahi,Lauki Chana Dal Curry with 2 Phulkas & Cucumber Tomato Salad,Roasted Makhana (Foxnuts - 30g) with Green Tea,546,12.6,41.5,"Obesity, Hypertension, Diabetes, Heart Disease, Kidney Disease","Indian, Low Fat, Dash, Balanced"
1647,183.31,71.65,70.67,12.29,30.44,1522,Moong Dal Cheela with Paneer Stuffing & Mint Chutney,Paneer Butter Masala with 2 Whole Wheat Phulkas & Boondi Raita,Lauki Chana Dal Curry with 2 Phulkas & Cucumber Tomato Salad,Roasted Makhana (Foxnuts - 30g) with Green Tea,886,12.61,42.4,Diabetes,"Indian, Vegetarian, Balanced"
1543,194.4,85.8,47.58,11.55,28.27,1752,"Masala Dosa with Potato Filling, Sambar & Coconut Chutney",Rajma Masala (Kidney Beans Curry) with Jeera Rice & Kachumber,Tandoori Chicken (2 pcs leg/thigh) with Mint Raita & Green Salad,"Sprouted Moong Chaat with Onion, Tomato, Lemon & Chaat Masala",396,13.84,56.24,"Obesity, Diabetes, Heart Disease","Indian, Low Fat, Dash, Balanced"
1434,177.36,82.92,43.81,12.08,24.26,1522,2 Idlis with Sambhar (1 katori) & Coconut Chutney (2 tbsp),Malabar Fish Curry with Steamed Rice & Beetroot Thoran,Chicken Tikka Masala with 2 Whole Wheat Tandoori Rotis & Salad,Roasted Chana (Bhuna Chana - 50g) with Masala Chai,369,12.08,34.4,"Obesity, Diabetes, Heart Disease","Indian, Low Fat, Dash, Balanced"
1726,215.29,75.76,62.46,17.92,28.81,1792,Vegetable Upma with Roasted Cashews & Filter Coffee,Homestyle Chicken Curry with 2 Chapatis & Onion Salad,"Mix Vegetable Subzi (Beans, Carrot, Peas) with 2 Chapatis & Dal Fry",1 Vegetable Samosa with Mint Chutney & Masala Chai,422,13.19,51.57,,"Indian, Traditional, Balanced"
1254,186.25,56.7,32.15,11.39,26.94,1413,2 Idlis with Sambhar (1 katori) & Coconut Chutney (2 tbsp),Malabar Fish Curry with Steamed Rice & Beetroot Thoran,"Mix Vegetable Subzi (Beans, Carrot, Peas) with 2 Chapatis & Dal Fry","Sprouted Moong Chaat with Onion, Tomato, Lemon & Chaat Masala",344,11.13,53.87,"Obesity, Diabetes, Heart Disease","Indian, Low Fat, Dash, Balanced"
1505,176.37,91.74,48.2,8.66,25.21,1644,Besan Chilla (2 savory gram flour pancakes) with Green Coriander Chutney,Dal Tadka (Yellow Lentil) with Steamed Basmati Rice & Cucumber Salad,Tandoori Chicken (2 pcs leg/thigh) with Mint Raita & Green Salad,Roasted Makhana (Foxnuts - 30g) with Green Tea,405,12.99,40.09,"Obesity, Diabetes, Heart Disease","Indian, High Protein, Traditional"
1328,176.31,67.72,37.91,11.62,28.01,1396,2 Idlis with Sambhar (1 katori) & Coconut Chutney (2 tbsp),Homestyle Chicken Curry with 2 Chapatis & Onion Salad,"Mix Vegetable Subzi (Beans, Carrot, Peas) with 2 Chapatis & Dal Fry",Roasted Chana (Bhuna Chana - 50g) with Masala Chai,339,11.98,37.37,"Obesity, Hypertension, Diabetes, Heart Disease, Kidney Disease","Indian, Low Fat, Dash, Balanced"
1322,145.64,83.6,45.05,10.12,18.71,1417,2 Boiled Eggs with 2 Multigrain Toasts & Masala Chai,Dal Tadka (Yellow Lentil) with Steamed Basmati Rice & Cucumber Salad,Tandoori Chicken (2 pcs leg/thigh) with Mint Raita & Green Salad,Roasted Makhana (Foxnuts - 30g) with Green Tea,409,10.78,22.62,Obesity,"Indian, Low Fat, Dash, Balanced"
1576,187.28,64.58,65.16,16.87,21.78,1590,Vegetable Upma with Roasted Cashews & Filter Coffee,Paneer Butter Masala with 2 Whole Wheat Phulkas & Boondi Raita,Malabar Fish Curry with Steamed Rice & Beetroot Thoran,Khaman Dhokla (2 steamed pcs) with Green Coriander Chutney,651,10.41,37.88,Obesity,"Indian, Traditional, Balanced"
1397,197.91,71.2,36.41,11.69,26.24,1663,2 Idlis with Sambhar (1 katori) & Coconut Chutney (2 tbsp),"South Indian Meals: Sambar, Rasam, Cabbage Poriyal & Steamed Rice",Chicken Tikka Masala with 2 Whole Wheat Tandoori Rotis & Salad,"Sprouted Moong Chaat with Onion, Tomato, Lemon & Chaat Masala",336,11.69,61.41,"Obesity, Heart Disease","Indian, Low Fat, Dash, Balanced"
1479,234.71,54.91,35.78,12.13,29.47,1360,"Poha with Peanuts, Curry Leaves & Lemon with Green Tea",Rajma Masala (Kidney Beans Curry) with Jeera Rice & Kachumber,"Moong Dal Khichdi with Desi Ghee, Curd & Roasted Papad",Roasted Chana (Bhuna Chana - 50g) with Masala Chai,389,14.89,36.67,"Obesity, Hypertension, Heart Disease, Kidney Disease","Indian, Low Fat, Dash, Balanced"
1339,162.67,66.95,47.5,24.43,27.87,1375,2 Methi Theplas with Fresh Curd (Dahi) & Mint Chutney,Bhindi Do Pyaza with 2 Whole Wheat Rotis & Dal Palak,Chicken Tikka Masala with 2 Whole Wheat Tandoori Rotis & Salad,"Fresh Fruit Chaat (Papaya, Apple, Guava & Chaat Masala)",511,12.03,97.44,"Obesity, Hypertension, Heart Disease, Kidney Disease","Indian, Low Fat, Dash, Balanced"
1556,143.4,105.3,63.61,14.45,17.16,1837,2 Boiled Eggs with 2 Multigrain Toasts & Masala Chai,Hyderabadi Chicken Biryani with Mirchi ka Salan & Onion Raita,Tandoori Chicken (2 pcs leg/thigh) with Mint Raita & Green Salad,Khaman Dhokla (2 steamed pcs) with Green Coriander Chutney,458,11.64,28.7,Obesity,"Indian, Low Carb, Traditional"
1667,217.12,57.25,65.08,19.41,26.91,1769,Ragi Dosa (2 pcs) with Tomato Onion Chutney & Buttermilk,Paneer Butter Masala with 2 Whole Wheat Phulkas & Boondi Raita,"Moong Dal Khichdi with Desi Ghee, Curd & Roasted Papad",Bhel Puri (Puffed Rice with Veggies & Tamarind Chutney),951,13.08,37.74,,"Indian, Vegetarian, Balanced"
1526,180.62,78.92,55.55,14.96,23.57,1653,Vegetable Upma with Roasted Cashews & Filter Coffee,Rajma Masala (Kidney Beans Curry) with Jeera Rice & Kachumber,Tandoori Chicken (2 pcs leg/thigh) with Mint Raita & Green Salad,1 Vegetable Samosa with Mint Chutney & Masala Chai,419,12.03,40.39,Obesity,"Indian, Traditional, Balanced"
1669,150.46,106.24,72.22,9.73,19.65,1743,Moong Dal Cheela with Paneer Stuffing & Mint Chutney,Hyderabadi Chicken Biryani with Mirchi ka Salan & Onion Raita,Chicken Tikka Masala with 2 Whole Wheat Tandoori Rotis & Salad,Paneer Tikka (3 grilled cubes) with Mint Coriander Chutney,688,11.87,40.42,,"Indian, Low Carb, Traditional"
1418,189.71,55.92,49.31,30.3,32.53,1388,2 Boiled Eggs with 2 Multigrain Toasts & Masala Chai,Bhindi Do Pyaza with 2 Whole Wheat Rotis & Dal Palak,Aloo Gobi Matar Masala with 2 Whole Wheat Rotis & Plain Dahi,"Fresh Fruit Chaat (Papaya, Apple, Guava & Chaat Masala)",585,12.61,118.44,"Obesity, Hypertension, Heart Disease, Kidney Disease","Indian, Traditional, Balanced"
1588,246.42,68.58,37.35,12.02,27.26,1588,"Poha with Peanuts, Curry Leaves & Lemon with Green Tea",Dal Tadka (Yellow Lentil) with Steamed Basmati Rice & Cucumber Salad,Malabar Fish Curry with Steamed Rice & Beetroot Thoran,"Sprouted Moong Chaat with Onion, Tomato, Lemon & Chaat Masala",362,14.81,62.36,"Obesity, Heart Disease","Indian, Low Fat, Dash, Balanced"
1462,219.72,57.84,39.43,19.35,29.96,1670,2 Boiled Eggs with 2 Multigrain Toasts & Masala Chai,"South Indian Meals: Sambar, Rasam, Cabbage Poriyal & Steamed Rice",Lauki Chana Dal Curry with 2 Phulkas & Cucumber Tomato Salad,Bhel Puri (Puffed Rice with Veggies & Tamarind Chutney),420,12.9,52.75,"Obesity, Heart Disease","Indian, Low Fat, Dash, Balanced"
1589,212.59,71.41,51.81,26.32,26.63,1692,Besan Chilla (2 savory gram flour pancakes) with Green Coriander Chutney,Hyderabadi Chicken Biryani with Mirchi ka Salan & Onion Raita,"Moong Dal Khichdi with Desi Ghee, Curd & Roasted Papad","Fresh Fruit Chaat (Papaya, Apple, Guava & Chaat Masala)",424,12.28,86.27,"Obesity, Heart Disease","Indian, Traditional, Balanced"
1437,176.44,67.12,52.48,10.91,19.46,1692,2 Idlis with Sambhar (1 katori) & Coconut Chutney (2 tbsp),Hyderabadi Chicken Biryani with Mirchi ka Salan & Onion Raita,Egg Curry (2 Eggs) with 1.5 Whole Wheat Rotis & Kachumber Salad,Khaman Dhokla (2 steamed pcs) with Green Coriander Chutney,344,10.55,34.38,Obesity,"Indian, Traditional, Balanced"
1565,209.49,78.33,46.14,11.97,25.38,1637,"Poha with Peanuts, Curry Leaves & Lemon with Green Tea",Homestyle Chicken Curry with 2 Chapatis & Onion Salad,"Moong Dal Khichdi with Desi Ghee, Curd & Roasted Papad","Sprouted Moong Chaat with Onion, Tomato, Lemon & Chaat Masala",380,14.72,56.58,"Obesity, Heart Disease","Indian, Low Fat, Dash, Balanced"
1384,168.78,84.97,40.59,23.5,30.88,1418,Besan Chilla (2 savory gram flour pancakes) with Green Coriander Chutney,Homestyle Chicken Curry with 2 Chapatis & Onion Salad,Soya Chunks Curry with 1 cup Brown Rice & Fresh Salad,"Fresh Fruit Chaat (Papaya, Apple, Guava & Chaat Masala)",405,15.05,90.22,"Obesity, Heart Disease","Indian, Low Fat, Dash, Balanced"
1598,207.88,63.74,58.54,15.41,23.88,1666,Vegetable Upma with Roasted Cashews & Filter Coffee,Hyderabadi Chicken Biryani with Mirchi ka Salan & Onion Raita,Lauki Chana Dal Curry with 2 Phulkas & Cucumber Tomato Salad,1 Vegetable Samosa with Mint Chutney & Masala Chai,395,11.36,37.74,Obesity,"Indian, Traditional, Balanced"
1441,184.86,65.29,48.78,13.52,27.23,1511,Moong Dal Cheela with Paneer Stuffing & Mint Chutney,Rajma Masala (Kidney Beans Curry) with Jeera Rice & Kachumber,Egg Curry (2 Eggs) with 1.5 Whole Wheat Rotis & Kachumber Salad,Bhel Puri (Puffed Rice with Veggies & Tamarind Chutney),499,13.24,47.29,"Obesity, Diabetes, Heart Disease","Indian, Traditional, Balanced"
1529,221.06,64.44,43.97,11.54,31.56,1469,Ragi Dosa (2 pcs) with Tomato Onion Chutney & Buttermilk,Bhindi Do Pyaza with 2 Whole Wheat Rotis & Dal Palak,Malabar Fish Curry with Steamed Rice & Beetroot Thoran,Roasted Makhana (Foxnuts - 30g) with Green Tea,735,14.37,56.6,"Obesity, Heart Disease","Indian, Low Fat, Dash, Balanced"
1381,109.18,100.5,61.24,12.29,15.98,1556,2 Boiled Eggs with 2 Multigrain Toasts & Masala Chai,Malabar Fish Curry with Steamed Rice & Beetroot Thoran,Tandoori Chicken (2 pcs leg/thigh) with Mint Raita & Green Salad,Paneer Tikka (3 grilled cubes) with Mint Coriander Chutney,616,10.53,33.53,Obesity,"Indian, Low Carb, Traditional"
1772,180.07,73.85,84.96,16.93,32.06,1650,2 Methi Theplas with Fresh Curd (Dahi) & Mint Chutney,Paneer Butter Masala with 2 Whole Wheat Phulkas & Boondi Raita,Palak Paneer (Spinach Cottage Cheese) with 2 Whole Wheat Chapatis,Roasted Chana (Bhuna Chana - 50g) with Masala Chai,1143,15.45,47.93,,"Indian, Vegetarian, Balanced"
1279,137.29,84.59,44.21,7.86,17.45,1352,2 Methi Theplas with Fresh Curd (Dahi) & Mint Chutney,Fish Curry (Rohu in Mustard Gravy) with Steamed Rice & Green Salad,Tandoori Chicken (2 pcs leg/thigh) with Mint Raita & Green Salad,Roasted Makhana (Foxnuts - 30g) with Green Tea,457,10.32,32.98,"Obesity, Hypertension","Indian, Low Fat, Dash, Balanced"
1502,199.26,57.94,53.61,14.0,31.6,1511,1 Crispy Aloo Paratha with Fresh Curd (Dahi) & Zeera Pickle,Baingan Bharta with 2 Bajra Rotis & Plain Dahi,Soya Chunks Curry with 1 cup Brown Rice & Fresh Salad,1 Vegetable Samosa with Mint Chutney & Masala Chai,608,16.03,43.57,Obesity,"Indian, Vegetarian, Balanced"
1561,220.46,55.09,52.57,15.71,33.13,1621,Vegetable Upma with Roasted Cashews & Filter Coffee,Chole Masala (Spiced Chickpeas) with 1 Bhatura & Pickled Onions,"Mix Vegetable Subzi (Beans, Carrot, Peas) with 2 Chapatis & Dal Fry","Sprouted Moong Chaat with Onion, Tomato, Lemon & Chaat Masala",409,14.6,61.74,Obesity,"Indian, Vegetarian, Balanced"
1335,172.59,64.7,41.58,12.64,27.6,1264,Ragi Dosa (2 pcs) with Tomato Onion Chutney & Buttermilk,Homestyle Chicken Curry with 2 Chapatis & Onion Salad,Aloo Gobi Matar Masala with 2 Whole Wheat Rotis & Plain Dahi,Roasted Chana (Bhuna Chana - 50g) with Masala Chai,574,12.72,51.08,"Obesity, Hypertension, Diabetes, Heart Disease, Kidney Disease","Indian, Low Fat, Dash, Balanced"
1495,209.52,76.96,39.59,12.11,32.01,1611,Besan Chilla (2 savory gram flour pancakes) with Green Coriander Chutney,Fish Curry (Rohu in Mustard Gravy) with Steamed Rice & Green Salad,"Mix Vegetable Subzi (Beans, Carrot, Peas) with 2 Chapatis & Dal Fry","Sprouted Moong Chaat with Onion, Tomato, Lemon & Chaat Masala",394,14.53,70.01,"Obesity, Heart Disease","Indian, Low Fat, Dash, Balanced"
1434,191.02,49.62,53.11,15.28,34.05,1509,Besan Chilla (2 savory gram flour pancakes) with Green Coriander Chutney,Baingan Bharta with 2 Bajra Rotis & Plain Dahi,"Mix Vegetable Subzi (Beans, Carrot, Peas) with 2 Chapatis & Dal Fry",1 Vegetable Samosa with Mint Chutney & Masala Chai,477,14.72,56.22,Obesity,"Indian, Vegetarian, Balanced"
1649,230.02,77.42,47.52,13.52,27.14,1751,"Masala Dosa with Potato Filling, Sambar & Coconut Chutney",Malabar Fish Curry with Steamed Rice & Beetroot Thoran,Malabar Fish Curry with Steamed Rice & Beetroot Thoran,"Sprouted Moong Chaat with Onion, Tomato, Lemon & Chaat Masala",410,13.21,58.68,Heart Disease,"Indian, Low Fat, Dash, Balanced"
1710,164.81,106.32,70.81,12.97,29.8,1913,Moong Dal Cheela with Paneer Stuffing & Mint Chutney,Chole Masala (Spiced Chickpeas) with 1 Bhatura & Pickled Onions,Tandoori Chicken (2 pcs leg/thigh) with Mint Raita & Green Salad,"Sprouted Moong Chaat with Onion, Tomato, Lemon & Chaat Masala",646,15.94,62.01,Diabetes,"Indian, Low Carb, Traditional"
1417,195.37,63.55,42.78,11.94,32.71,1355,Ragi Dosa (2 pcs) with Tomato Onion Chutney & Buttermilk,Chole Masala (Spiced Chickpeas) with 1 Bhatura & Pickled Onions,Soya Chunks Curry with 1 cup Brown Rice & Fresh Salad,Roasted Chana (Bhuna Chana - 50g) with Masala Chai,624,17.02,33.07,"Obesity, Hypertension, Heart Disease, Kidney Disease","Indian, Low Fat, Dash, Balanced"
1447,182.5,60.41,54.1,11.63,23.17,1587,"Masala Dosa with Potato Filling, Sambar & Coconut Chutney",Malabar Fish Curry with Steamed Rice & Beetroot Thoran,Palak Paneer (Spinach Cottage Cheese) with 2 Whole Wheat Chapatis,Khaman Dhokla (2 steamed pcs) with Green Coriander Chutney,561,11.72,48.15,"Obesity, Diabetes","Indian, Traditional, Balanced"
1343,173.81,48.89,50.88,12.72,25.25,1395,"Poha with Peanuts, Curry Leaves & Lemon with Green Tea",Baingan Bharta with 2 Bajra Rotis & Plain Dahi,Egg Curry (2 Eggs) with 1.5 Whole Wheat Rotis & Kachumber Salad,Khaman Dhokla (2 steamed pcs) with Green Coriander Chutney,420,14.43,53.54,"Obesity, Hypertension, Diabetes, Heart Disease, Kidney Disease","Indian, Low Carb, Traditional"
1565,164.78,90.22,61.36,9.96,19.91,1747,1 Crispy Aloo Paratha with Fresh Curd (Dahi) & Zeera Pickle,Dal Tadka (Yellow Lentil) with Steamed Basmati Rice & Cucumber Salad,Tandoori Chicken (2 pcs leg/thigh) with Mint Raita & Green Salad,Paneer Tikka (3 grilled cubes) with Mint Coriander Chutney,657,11.18,42.06,Obesity,"Indian, Low Carb, Traditional"
1588,198.72,79.65,52.83,13.32,24.91,1542,2 Methi Theplas with Fresh Curd (Dahi) & Mint Chutney,Hyderabadi Chicken Biryani with Mirchi ka Salan & Onion Raita,Malabar Fish Curry with Steamed Rice & Beetroot Thoran,Roasted Chana (Bhuna Chana - 50g) with Masala Chai,511,12.96,32.21,Obesity,"Indian, Traditional, Balanced"
1514,214.33,75.72,39.37,16.46,29.18,1600,2 Boiled Eggs with 2 Multigrain Toasts & Masala Chai,Dal Tadka (Yellow Lentil) with Steamed Basmati Rice & Cucumber Salad,Soya Chunks Curry with 1 cup Brown Rice & Fresh Salad,Bhel Puri (Puffed Rice with Veggies & Tamarind Chutney),476,15.85,31.2,"Obesity, Heart Disease","Indian, Low Fat, Dash, Balanced"
1636,207.42,59.25,65.42,15.81,27.84,1668,"Poha with Peanuts, Curry Leaves & Lemon with Green Tea",Paneer Butter Masala with 2 Whole Wheat Phulkas & Boondi Raita,Lauki Chana Dal Curry with 2 Phulkas & Cucumber Tomato Salad,Khaman Dhokla (2 steamed pcs) with Green Coriander Chutney,663,13.65,53.4,,"Indian, Vegetarian, Balanced"
1336,181.66,76.7,34.23,9.87,27.35,1349,2 Methi Theplas with Fresh Curd (Dahi) & Mint Chutney,Fish Curry (Rohu in Mustard Gravy) with Steamed Rice & Green Salad,Soya Chunks Curry with 1 cup Brown Rice & Fresh Salad,"Sprouted Moong Chaat with Onion, Tomato, Lemon & Chaat Masala",505,14.67,48.36,"Obesity, Hypertension, Diabetes, Heart Disease","Indian, Low Fat, Dash, Balanced"
1463,186.0,63.03,52.24,9.19,27.77,1438,Moong Dal Cheela with Paneer Stuffing & Mint Chutney,"South Indian Meals: Sambar, Rasam, Cabbage Poriyal & Steamed Rice",Palak Paneer (Spinach Cottage Cheese) with 2 Whole Wheat Chapatis,Roasted Makhana (Foxnuts - 30g) with Green Tea,784,12.49,58.64,"Obesity, Diabetes","Indian, Vegetarian, Balanced"
1271,169.23,46.53,45.9,27.84,30.27,1217,2 Boiled Eggs with 2 Multigrain Toasts & Masala Chai,Baingan Bharta with 2 Bajra Rotis & Plain Dahi,Aloo Gobi Matar Masala with 2 Whole Wheat Rotis & Plain Dahi,"Fresh Fruit Chaat (Papaya, Apple, Guava & Chaat Masala)",530,12.58,97.55,"Obesity, Hypertension, Heart Disease, Kidney Disease","Indian, Low Fat, Dash, Balanced"
1507,174.49,73.85,57.55,13.04,27.76,1516,2 Methi Theplas with Fresh Curd (Dahi) & Mint Chutney,Chole Masala (Spiced Chickpeas) with 1 Bhatura & Pickled Onions,Chicken Tikka Masala with 2 Whole Wheat Tandoori Rotis & Salad,Roasted Chana (Bhuna Chana - 50g) with Masala Chai,464,14.36,35.43,"Obesity, Diabetes","Indian, Low Carb, Traditional"
1813,221.73,59.79,79.58,14.97,29.2,1872,"Poha with Peanuts, Curry Leaves & Lemon with Green Tea",Chole Masala (Spiced Chickpeas) with 1 Bhatura & Pickled Onions,Palak Paneer (Spinach Cottage Cheese) with 2 Whole Wheat Chapatis,1 Vegetable Samosa with Mint Chutney & Masala Chai,687,17.22,61.5,,"Indian, Vegetarian, Balanced"
1491,161.88,75.22,61.44,22.52,24.32,1486,Moong Dal Cheela with Paneer Stuffing & Mint Chutney,Hyderabadi Chicken Biryani with Mirchi ka Salan & Onion Raita,Palak Paneer (Spinach Cottage Cheese) with 2 Whole Wheat Chapatis,"Fresh Fruit Chaat (Papaya, Apple, Guava & Chaat Masala)",737,11.89,89.18,Obesity,"Indian, Low Carb, Traditional"
1723,191.2,80.2,72.79,33.6,26.62,1691,2 Boiled Eggs with 2 Multigrain Toasts & Masala Chai,Paneer Butter Masala with 2 Whole Wheat Phulkas & Boondi Raita,Malabar Fish Curry with Steamed Rice & Beetroot Thoran,"Fresh Fruit Chaat (Papaya, Apple, Guava & Chaat Masala)",800,12.35,88.03,,"Indian, Traditional, Balanced"
1750,217.74,64.7,70.99,15.5,31.54,1788,Vegetable Upma with Roasted Cashews & Filter Coffee,Chole Masala (Spiced Chickpeas) with 1 Bhatura & Pickled Onions,"Mix Vegetable Subzi (Beans, Carrot, Peas) with 2 Chapatis & Dal Fry",Paneer Tikka (3 grilled cubes) with Mint Coriander Chutney,637,14.41,54.84,,"Indian, Vegetarian, Balanced"
1465,209.95,58.22,43.86,14.93,31.35,1465,Moong Dal Cheela with Paneer Stuffing & Mint Chutney,Rajma Masala (Kidney Beans Curry) with Jeera Rice & Kachumber,Aloo Gobi Matar Masala with 2 Whole Wheat Rotis & Plain Dahi,Bhel Puri (Puffed Rice with Veggies & Tamarind Chutney),541,13.06,63.45,"Obesity, Heart Disease","Indian, Low Fat, Dash, Balanced"
1242,184.35,66.26,27.52,21.46,26.36,1211,Ragi Dosa (2 pcs) with Tomato Onion Chutney & Buttermilk,Fish Curry (Rohu in Mustard Gravy) with Steamed Rice & Green Salad,Soya Chunks Curry with 1 cup Brown Rice & Fresh Salad,"Fresh Fruit Chaat (Papaya, Apple, Guava & Chaat Masala)",568,13.45,80.69,"Obesity, Hypertension, Heart Disease, Kidney Disease","Indian, Low Fat, Dash, Balanced"
1418,173.08,83.03,44.11,12.7,22.56,1565,Vegetable Upma with Roasted Cashews & Filter Coffee,Dal Tadka (Yellow Lentil) with Steamed Basmati Rice & Cucumber Salad,Tandoori Chicken (2 pcs leg/thigh) with Mint Raita & Green Salad,"Sprouted Moong Chaat with Onion, Tomato, Lemon & Chaat Masala",391,11.69,49.49,"Obesity, Diabetes, Heart Disease","Indian, Low Fat, Dash, Balanced"
1465,183.14,66.21,52.71,24.74,23.21,1532,Ragi Dosa (2 pcs) with Tomato Onion Chutney & Buttermilk,Hyderabadi Chicken Biryani with Mirchi ka Salan & Onion Raita,Egg Curry (2 Eggs) with 1.5 Whole Wheat Rotis & Kachumber Salad,"Fresh Fruit Chaat (Papaya, Apple, Guava & Chaat Masala)",578,12.08,86.57,Obesity,"Indian, Traditional, Balanced"
1565,167.56,91.83,59.83,15.9,24.15,1754,2 Boiled Eggs with 2 Multigrain Toasts & Masala Chai,Rajma Masala (Kidney Beans Curry) with Jeera Rice & Kachumber,Tandoori Chicken (2 pcs leg/thigh) with Mint Raita & Green Salad,1 Vegetable Samosa with Mint Chutney & Masala Chai,482,13.32,34.58,Obesity,"Indian, Low Carb, Traditional"
1785,205.6,98.83,64.45,12.87,24.13,1950,1 Crispy Aloo Paratha with Fresh Curd (Dahi) & Zeera Pickle,Hyderabadi Chicken Biryani with Mirchi ka Salan & Onion Raita,Chicken Tikka Masala with 2 Whole Wheat Tandoori Rotis & Salad,"Sprouted Moong Chaat with Onion, Tomato, Lemon & Chaat Masala",483,13.77,54.29,,"Indian, High Protein, Traditional"
1522,229.29,61.58,40.58,14.31,23.84,1573,Vegetable Upma with Roasted Cashews & Filter Coffee,Dal Tadka (Yellow Lentil) with Steamed Basmati Rice & Cucumber Salad,Malabar Fish Curry with Steamed Rice & Beetroot Thoran,Khaman Dhokla (2 steamed pcs) with Green Coriander Chutney,352,11.26,38.55,"Obesity, Heart Disease","Indian, Low Fat, Dash, Balanced"
1529,157.79,61.73,73.37,15.1,23.08,1615,2 Methi Theplas with Fresh Curd (Dahi) & Mint Chutney,Paneer Butter Masala with 2 Whole Wheat Phulkas & Boondi Raita,Egg Curry (2 Eggs) with 1.5 Whole Wheat Rotis & Kachumber Salad,Khaman Dhokla (2 steamed pcs) with Green Coriander Chutney,750,11.63,41.44,Obesity,"Indian, Low Carb, Traditional"
1658,175.86,99.68,63.3,29.29,20.92,1792,Vegetable Upma with Roasted Cashews & Filter Coffee,Hyderabadi Chicken Biryani with Mirchi ka Salan & Onion Raita,Tandoori Chicken (2 pcs leg/thigh) with Mint Raita & Green Salad,"Fresh Fruit Chaat (Papaya, Apple, Guava & Chaat Masala)",459,11.27,91.52,,"Indian, High Protein, Traditional"
1653,225.31,49.86,63.05,16.48,31.94,1690,1 Crispy Aloo Paratha with Fresh Curd (Dahi) & Zeera Pickle,Bhindi Do Pyaza with 2 Whole Wheat Rotis & Dal Palak,Aloo Gobi Matar Masala with 2 Whole Wheat Rotis & Plain Dahi,1 Vegetable Samosa with Mint Chutney & Masala Chai,644,12.98,78.81,,"Indian, Vegetarian, Balanced"
1562,197.29,89.5,47.15,13.5,29.07,1797,Ragi Dosa (2 pcs) with Tomato Onion Chutney & Buttermilk,Rajma Masala (Kidney Beans Curry) with Jeera Rice & Kachumber,Tandoori Chicken (2 pcs leg/thigh) with Mint Raita & Green Salad,Khaman Dhokla (2 steamed pcs) with Green Coriander Chutney,640,14.92,48.89,"Obesity, Heart Disease","Indian, Low Fat, Dash, Balanced"
1769,236.22,86.87,54.18,16.23,30.23,1870,Vegetable Upma with Roasted Cashews & Filter Coffee,Rajma Masala (Kidney Beans Curry) with Jeera Rice & Kachumber,Chicken Tikka Masala with 2 Whole Wheat Tandoori Rotis & Salad,Khaman Dhokla (2 steamed pcs) with Green Coriander Chutney,392,14.78,49.48,,"Indian, High Protein, Traditional"
1582,222.3,56.99,51.74,15.15,24.63,1742,1 Crispy Aloo Paratha with Fresh Curd (Dahi) & Zeera Pickle,Dal Tadka (Yellow Lentil) with Steamed Basmati Rice & Cucumber Salad,Egg Curry (2 Eggs) with 1.5 Whole Wheat Rotis & Kachumber Salad,Bhel Puri (Puffed Rice with Veggies & Tamarind Chutney),442,12.68,46.17,"Obesity, Heart Disease","Indian, Traditional, Balanced"
1485,186.84,92.34,40.68,13.33,27.94,1397,2 Boiled Eggs with 2 Multigrain Toasts & Masala Chai,Fish Curry (Rohu in Mustard Gravy) with Steamed Rice & Green Salad,Soya Chunks Curry with 1 cup Brown Rice & Fresh Salad,Roasted Chana (Bhuna Chana - 50g) with Masala Chai,522,16.08,26.47,"Obesity, Hypertension, Diabetes, Heart Disease","Indian, Low Fat, Dash, Balanced"
1326,148.0,67.77,50.71,9.84,18.84,1303,Vegetable Upma with Roasted Cashews & Filter Coffee,Homestyle Chicken Curry with 2 Chapatis & Onion Salad,Egg Curry (2 Eggs) with 1.5 Whole Wheat Rotis & Kachumber Salad,Roasted Makhana (Foxnuts - 30g) with Green Tea,334,10.4,33.37,"Obesity, Hypertension, Kidney Disease","Indian, Low Carb, Traditional"
1499,251.05,45.22,35.86,16.3,25.03,1651,"Poha with Peanuts, Curry Leaves & Lemon with Green Tea","South Indian Meals: Sambar, Rasam, Cabbage Poriyal & Steamed Rice","Moong Dal Khichdi with Desi Ghee, Curd & Roasted Papad",Bhel Puri (Puffed Rice with Veggies & Tamarind Chutney),367,12.83,56.37,"Obesity, Heart Disease","Indian, Low Fat, Dash, Balanced"
1754,203.42,83.22,69.7,13.63,28.26,1877,Besan Chilla (2 savory gram flour pancakes) with Green Coriander Chutney,Fish Curry (Rohu in Mustard Gravy) with Steamed Rice & Green Salad,Palak Paneer (Spinach Cottage Cheese) with 2 Whole Wheat Chapatis,1 Vegetable Samosa with Mint Chutney & Masala Chai,718,15.3,61.33,,"Indian, Traditional, Balanced"
1406,173.69,62.51,51.23,9.55,24.84,1356,Moong Dal Cheela with Paneer Stuffing & Mint Chutney,Dal Tadka (Yellow Lentil) with Steamed Basmati Rice & Cucumber Salad,Aloo Gobi Matar Masala with 2 Whole Wheat Rotis & Plain Dahi,Paneer Tikka (3 grilled cubes) with Mint Coriander Chutney,684,10.65,56.23,"Obesity, Hypertension, Diabetes, Heart Disease, Kidney Disease","Indian, Low Carb, Traditional"
1557,198.63,57.8,60.46,13.79,27.98,1736,Ragi Dosa (2 pcs) with Tomato Onion Chutney & Buttermilk,Chole Masala (Spiced Chickpeas) with 1 Bhatura & Pickled Onions,Egg Curry (2 Eggs) with 1.5 Whole Wheat Rotis & Kachumber Salad,Khaman Dhokla (2 steamed pcs) with Green Coriander Chutney,597,15.01,47.08,Obesity,"Indian, Traditional, Balanced"
1629,249.76,62.85,43.11,17.22,26.76,1755,Vegetable Upma with Roasted Cashews & Filter Coffee,"South Indian Meals: Sambar, Rasam, Cabbage Poriyal & Steamed Rice",Malabar Fish Curry with Steamed Rice & Beetroot Thoran,Khaman Dhokla (2 steamed pcs) with Green Coriander Chutney,406,11.74,57.92,Heart Disease,"Indian, Low Fat, Dash, Balanced"
1312,144.46,83.92,45.14,13.08,18.0,1523,2 Methi Theplas with Fresh Curd (Dahi) & Mint Chutney,Fish Curry (Rohu in Mustard Gravy) with Steamed Rice & Green Salad,Tandoori Chicken (2 pcs leg/thigh) with Mint Raita & Green Salad,Bhel Puri (Puffed Rice with Veggies & Tamarind Chutney),445,10.84,39.85,Obesity,"Indian, Low Fat, Dash, Balanced"
1711,193.96,87.0,64.98,18.35,28.49,1840,2 Boiled Eggs with 2 Multigrain Toasts & Masala Chai,Homestyle Chicken Curry with 2 Chapatis & Onion Salad,"Mix Vegetable Subzi (Beans, Carrot, Peas) with 2 Chapatis & Dal Fry",1 Vegetable Samosa with Mint Chutney & Masala Chai,476,14.14,43.61,,"Indian, High Protein, Traditional"
1283,191.43,52.62,34.8,9.42,22.11,1269,Ragi Dosa (2 pcs) with Tomato Onion Chutney & Buttermilk,Malabar Fish Curry with Steamed Rice & Beetroot Thoran,"Moong Dal Khichdi with Desi Ghee, Curd & Roasted Papad",Roasted Makhana (Foxnuts - 30g) with Green Tea,564,10.92,28.27,"Obesity, Hypertension, Diabetes, Heart Disease, Kidney Disease","Indian, Low Fat, Dash, Balanced"
1485,162.15,77.6,59.58,11.38,26.9,1639,2 Idlis with Sambhar (1 katori) & Coconut Chutney (2 tbsp),Baingan Bharta with 2 Bajra Rotis & Plain Dahi,Chicken Tikka Masala with 2 Whole Wheat Tandoori Rotis & Salad,Paneer Tikka (3 grilled cubes) with Mint Coriander Chutney,622,13.4,46.76,"Obesity, Diabetes","Indian, Low Carb, Traditional"
1331,137.3,83.36,50.52,9.04,26.11,1456,Besan Chilla (2 savory gram flour pancakes) with Green Coriander Chutney,Bhindi Do Pyaza with 2 Whole Wheat Rotis & Dal Palak,Tandoori Chicken (2 pcs leg/thigh) with Mint Raita & Green Salad,Roasted Makhana (Foxnuts - 30g) with Green Tea,485,12.55,53.63,"Obesity, Diabetes, Heart Disease","Indian, Low Carb, Traditional"
1555,186.32,50.7,69.18,14.7,29.5,1602,1 Crispy Aloo Paratha with Fresh Curd (Dahi) & Zeera Pickle,Baingan Bharta with 2 Bajra Rotis & Plain Dahi,Palak Paneer (Spinach Cottage Cheese) with 2 Whole Wheat Chapatis,1 Vegetable Samosa with Mint Chutney & Masala Chai,796,14.61,55.13,Obesity,"Indian, Vegetarian, Balanced"
1679,266.46,62.34,40.62,13.77,33.46,1544,"Poha with Peanuts, Curry Leaves & Lemon with Green Tea",Rajma Masala (Kidney Beans Curry) with Jeera Rice & Kachumber,"Moong Dal Khichdi with Desi Ghee, Curd & Roasted Papad",Roasted Chana (Bhuna Chana - 50g) with Masala Chai,442,16.9,41.63,Heart Disease,"Indian, Low Fat, Dash, Balanced"
1564,192.63,51.17,67.41,15.87,24.65,1550,"Poha with Peanuts, Curry Leaves & Lemon with Green Tea",Paneer Butter Masala with 2 Whole Wheat Phulkas & Boondi Raita,"Mix Vegetable Subzi (Beans, Carrot, Peas) with 2 Chapatis & Dal Fry",1 Vegetable Samosa with Mint Chutney & Masala Chai,630,12.23,49.86,Obesity,"Indian, Vegetarian, Balanced"
1586,205.99,86.81,45.52,12.17,32.05,1478,Moong Dal Cheela with Paneer Stuffing & Mint Chutney,Fish Curry (Rohu in Mustard Gravy) with Steamed Rice & Green Salad,Lauki Chana Dal Curry with 2 Phulkas & Cucumber Tomato Salad,Roasted Chana (Bhuna Chana - 50g) with Masala Chai,592,14.56,45.85,"Obesity, Heart Disease","Indian, Low Fat, Dash, Balanced"
1417,174.65,76.71,45.83,11.75,23.51,1576,Moong Dal Cheela with Paneer Stuffing & Mint Chutney,"South Indian Meals: Sambar, Rasam, Cabbage Poriyal & Steamed Rice",Chicken Tikka Masala with 2 Whole Wheat Tandoori Rotis & Salad,Khaman Dhokla (2 steamed pcs) with Green Coriander Chutney,462,11.12,52.02,"Obesity, Diabetes, Heart Disease","Indian, Low Fat, Dash, Balanced"
1755,192.6,76.08,76.74,16.52,32.82,1685,Moong Dal Cheela with Paneer Stuffing & Mint Chutney,Paneer Butter Masala with 2 Whole Wheat Phulkas & Boondi Raita,Aloo Gobi Matar Masala with 2 Whole Wheat Rotis & Plain Dahi,"Sprouted Moong Chaat with Onion, Tomato, Lemon & Chaat Masala",976,13.7,80.21,,"Indian, Vegetarian, Balanced"
1669,230.62,59.06,57.15,16.27,31.27,1711,Moong Dal Cheela with Paneer Stuffing & Mint Chutney,"South Indian Meals: Sambar, Rasam, Cabbage Poriyal & Steamed Rice",Aloo Gobi Matar Masala with 2 Whole Wheat Rotis & Plain Dahi,1 Vegetable Samosa with Mint Chutney & Masala Chai,644,12.36,78.49,,"Indian, Vegetarian, Balanced"
1576,216.09,60.83,52.35,13.82,31.51,1675,2 Methi Theplas with Fresh Curd (Dahi) & Mint Chutney,"South Indian Meals: Sambar, Rasam, Cabbage Poriyal & Steamed Rice","Mix Vegetable Subzi (Beans, Carrot, Peas) with 2 Chapatis & Dal Fry",Paneer Tikka (3 grilled cubes) with Mint Coriander Chutney,710,12.77,67.01,Obesity,"Indian, Vegetarian, Balanced"
1465,225.65,49.07,41.51,14.18,32.37,1511,Ragi Dosa (2 pcs) with Tomato Onion Chutney & Buttermilk,Rajma Masala (Kidney Beans Curry) with Jeera Rice & Kachumber,"Mix Vegetable Subzi (Beans, Carrot, Peas) with 2 Chapatis & Dal Fry",1 Vegetable Samosa with Mint Chutney & Masala Chai,565,13.9,49.25,"Obesity, Heart Disease","Indian, Low Fat, Dash, Balanced"
1589,212.26,68.79,52.3,10.26,26.97,1692,Besan Chilla (2 savory gram flour pancakes) with Green Coriander Chutney,Dal Tadka (Yellow Lentil) with Steamed Basmati Rice & Cucumber Salad,"Moong Dal Khichdi with Desi Ghee, Curd & Roasted Papad",Paneer Tikka (3 grilled cubes) with Mint Coriander Chutney,601,12.78,39.64,Obesity,"Indian, Vegetarian, Balanced"
1626,176.2,82.7,66.91,12.36,26.8,1631,"Poha with Peanuts, Curry Leaves & Lemon with Green Tea",Baingan Bharta with 2 Bajra Rotis & Plain Dahi,Chicken Tikka Masala with 2 Whole Wheat Tandoori Rotis & Salad,Paneer Tikka (3 grilled cubes) with Mint Coriander Chutney,653,16.1,59.63,Diabetes,"Indian, Traditional, Balanced"
1558,170.97,82.62,60.61,15.78,27.44,1513,2 Boiled Eggs with 2 Multigrain Toasts & Masala Chai,Malabar Fish Curry with Steamed Rice & Beetroot Thoran,Palak Paneer (Spinach Cottage Cheese) with 2 Whole Wheat Chapatis,Roasted Chana (Bhuna Chana - 50g) with Masala Chai,746,14.78,39.9,Obesity,"Indian, Low Carb, Traditional"
1697,232.17,62.26,58.37,18.27,28.86,1735,2 Boiled Eggs with 2 Multigrain Toasts & Masala Chai,Dal Tadka (Yellow Lentil) with Steamed Basmati Rice & Cucumber Salad,Aloo Gobi Matar Masala with 2 Whole Wheat Rotis & Plain Dahi,1 Vegetable Samosa with Mint Chutney & Masala Chai,523,13.19,53.29,,"Indian, Traditional, Balanced"
1692,213.92,80.53,58.21,15.32,34.56,1759,Moong Dal Cheela with Paneer Stuffing & Mint Chutney,Chole Masala (Spiced Chickpeas) with 1 Bhatura & Pickled Onions,Soya Chunks Curry with 1 cup Brown Rice & Fresh Salad,Bhel Puri (Puffed Rice with Veggies & Tamarind Chutney),635,18.1,46.38,,"Indian, Vegetarian, Balanced"
1905,231.47,82.42,72.97,14.11,24.1,2144,"Masala Dosa with Potato Filling, Sambar & Coconut Chutney",Hyderabadi Chicken Biryani with Mirchi ka Salan & Onion Raita,Egg Curry (2 Eggs) with 1.5 Whole Wheat Rotis & Kachumber Salad,Khaman Dhokla (2 steamed pcs) with Green Coriander Chutney,424,13.66,45.65,,"Indian, Traditional, Balanced"
1430,113.23,92.37,68.5,12.3,21.41,1530,Moong Dal Cheela with Paneer Stuffing & Mint Chutney,Paneer Butter Masala with 2 Whole Wheat Phulkas & Boondi Raita,Tandoori Chicken (2 pcs leg/thigh) with Mint Raita & Green Salad,"Sprouted Moong Chaat with Onion, Tomato, Lemon & Chaat Masala",795,11.11,48.92,"Obesity, Diabetes","Indian, Low Carb, Traditional"
1632,216.68,72.87,53.92,15.4,24.73,1845,Besan Chilla (2 savory gram flour pancakes) with Green Coriander Chutney,Hyderabadi Chicken Biryani with Mirchi ka Salan & Onion Raita,"Moong Dal Khichdi with Desi Ghee, Curd & Roasted Papad",Bhel Puri (Puffed Rice with Veggies & Tamarind Chutney),410,12.97,37.09,,"Indian, Traditional, Balanced"
1537,212.0,58.29,51.99,11.14,29.92,1424,Vegetable Upma with Roasted Cashews & Filter Coffee,Rajma Masala (Kidney Beans Curry) with Jeera Rice & Kachumber,Palak Paneer (Spinach Cottage Cheese) with 2 Whole Wheat Chapatis,Roasted Makhana (Foxnuts - 30g) with Green Tea,648,13.93,47.25,"Obesity, Heart Disease","Indian, Vegetarian, Balanced"
1440,166.64,74.81,53.25,11.23,22.64,1567,2 Methi Theplas with Fresh Curd (Dahi) & Mint Chutney,"South Indian Meals: Sambar, Rasam, Cabbage Poriyal & Steamed Rice",Chicken Tikka Masala with 2 Whole Wheat Tandoori Rotis & Salad,Paneer Tikka (3 grilled cubes) with Mint Coriander Chutney,600,11.14,52.17,"Obesity, Diabetes","Indian, Low Carb, Traditional"
1617,199.99,56.79,66.63,16.55,32.56,1525,Vegetable Upma with Roasted Cashews & Filter Coffee,Baingan Bharta with 2 Bajra Rotis & Plain Dahi,Aloo Gobi Matar Masala with 2 Whole Wheat Rotis & Plain Dahi,Paneer Tikka (3 grilled cubes) with Mint Coriander Chutney,784,14.17,73.01,,"Indian, Vegetarian, Balanced"
1421,202.33,56.85,43.58,16.09,35.85,1589,Besan Chilla (2 savory gram flour pancakes) with Green Coriander Chutney,Bhindi Do Pyaza with 2 Whole Wheat Rotis & Dal Palak,Lauki Chana Dal Curry with 2 Phulkas & Cucumber Tomato Salad,Bhel Puri (Puffed Rice with Veggies & Tamarind Chutney),455,14.63,68.56,"Obesity, Heart Disease","Indian, Low Fat, Dash, Balanced"
1394,152.89,69.72,55.92,13.8,24.11,1515,2 Methi Theplas with Fresh Curd (Dahi) & Mint Chutney,Homestyle Chicken Curry with 2 Chapatis & Onion Salad,Palak Paneer (Spinach Cottage Cheese) with 2 Whole Wheat Chapatis,Bhel Puri (Puffed Rice with Veggies & Tamarind Chutney),639,12.82,48.21,"Obesity, Diabetes","Indian, Low Carb, Traditional"
1502,189.96,62.77,54.85,13.69,35.3,1430,Ragi Dosa (2 pcs) with Tomato Onion Chutney & Buttermilk,Bhindi Do Pyaza with 2 Whole Wheat Rotis & Dal Palak,Palak Paneer (Spinach Cottage Cheese) with 2 Whole Wheat Chapatis,Roasted Chana (Bhuna Chana - 50g) with Masala Chai,988,16.46,63.39,"Obesity, Diabetes","Indian, Vegetarian, Balanced"
1326,202.56,50.48,35.54,12.12,31.16,1403,2 Methi Theplas with Fresh Curd (Dahi) & Mint Chutney,Rajma Masala (Kidney Beans Curry) with Jeera Rice & Kachumber,Lauki Chana Dal Curry with 2 Phulkas & Cucumber Tomato Salad,Khaman Dhokla (2 steamed pcs) with Green Coriander Chutney,413,12.85,44.1,"Obesity, Heart Disease","Indian, Low Fat, Dash, Balanced"
1488,180.47,68.33,55.15,14.54,26.27,1386,Vegetable Upma with Roasted Cashews & Filter Coffee,Malabar Fish Curry with Steamed Rice & Beetroot Thoran,Palak Paneer (Spinach Cottage Cheese) with 2 Whole Wheat Chapatis,Roasted Chana (Bhuna Chana - 50g) with Masala Chai,664,13.18,44.78,"Obesity, Hypertension, Kidney Disease","Indian, Traditional, Balanced"
1411,205.2,69.88,35.73,24.68,27.93,1332,"Poha with Peanuts, Curry Leaves & Lemon with Green Tea",Malabar Fish Curry with Steamed Rice & Beetroot Thoran,Soya Chunks Curry with 1 cup Brown Rice & Fresh Salad,"Fresh Fruit Chaat (Papaya, Apple, Guava & Chaat Masala)",424,15.2,95.74,"Obesity, Hypertension, Heart Disease, Kidney Disease","Indian, Low Fat, Dash, Balanced"
1512,161.0,78.18,61.87,12.45,25.99,1641,2 Methi Theplas with Fresh Curd (Dahi) & Mint Chutney,Homestyle Chicken Curry with 2 Chapatis & Onion Salad,Palak Paneer (Spinach Cottage Cheese) with 2 Whole Wheat Chapatis,Khaman Dhokla (2 steamed pcs) with Green Coriander Chutney,698,13.64,51.0,"Obesity, Diabetes","Indian, Low Carb, Traditional"
1449,171.14,68.02,56.06,11.43,21.05,1485,Vegetable Upma with Roasted Cashews & Filter Coffee,Hyderabadi Chicken Biryani with Mirchi ka Salan & Onion Raita,Lauki Chana Dal Curry with 2 Phulkas & Cucumber Tomato Salad,Paneer Tikka (3 grilled cubes) with Mint Coriander Chutney,517,10.26,37.34,"Obesity, Diabetes","Indian, Low Carb, Traditional"
1711,209.79,82.56,61.34,11.45,29.78,1733,1 Crispy Aloo Paratha with Fresh Curd (Dahi) & Zeera Pickle,Bhindi Do Pyaza with 2 Whole Wheat Rotis & Dal Palak,Chicken Tikka Masala with 2 Whole Wheat Tandoori Rotis & Salad,Roasted Makhana (Foxnuts - 30g) with Green Tea,591,14.22,59.0,,"Indian, Traditional, Balanced"
1739,195.51,75.36,74.36,17.45,27.79,1951,2 Boiled Eggs with 2 Multigrain Toasts & Masala Chai,Chole Masala (Spiced Chickpeas) with 1 Bhatura & Pickled Onions,Egg Curry (2 Eggs) with 1.5 Whole Wheat Rotis & Kachumber Salad,Khaman Dhokla (2 steamed pcs) with Green Coriander Chutney,491,15.78,40.79,,"Indian, Traditional, Balanced"
1365,178.85,64.55,44.59,10.22,17.67,1451,"Poha with Peanuts, Curry Leaves & Lemon with Green Tea",Fish Curry (Rohu in Mustard Gravy) with Steamed Rice & Green Salad,Egg Curry (2 Eggs) with 1.5 Whole Wheat Rotis & Kachumber Salad,Khaman Dhokla (2 steamed pcs) with Green Coriander Chutney,312,12.03,48.03,Obesity,"Indian, Low Fat, Dash, Balanced"
1360,195.27,44.36,45.85,13.46,26.64,1439,Ragi Dosa (2 pcs) with Tomato Onion Chutney & Buttermilk,Bhindi Do Pyaza with 2 Whole Wheat Rotis & Dal Palak,"Moong Dal Khichdi with Desi Ghee, Curd & Roasted Papad",1 Vegetable Samosa with Mint Chutney & Masala Chai,659,12.07,44.83,"Obesity, Heart Disease","Indian, Low Fat, Dash, Balanced"
1523,224.84,74.51,37.76,14.41,22.94,1736,2 Idlis with Sambhar (1 katori) & Coconut Chutney (2 tbsp),Fish Curry (Rohu in Mustard Gravy) with Steamed Rice & Green Salad,Malabar Fish Curry with Steamed Rice & Beetroot Thoran,Bhel Puri (Puffed Rice with Veggies & Tamarind Chutney),360,11.67,43.04,"Obesity, Heart Disease","Indian, Low Fat, Dash, Balanced"
1706,187.58,84.78,70.59,16.0,23.67,1797,2 Boiled Eggs with 2 Multigrain Toasts & Masala Chai,Fish Curry (Rohu in Mustard Gravy) with Steamed Rice & Green Salad,Palak Paneer (Spinach Cottage Cheese) with 2 Whole Wheat Chapatis,1 Vegetable Samosa with Mint Chutney & Masala Chai,754,14.18,45.32,,"Indian, Traditional, Balanced"
1564,142.26,109.16,61.7,13.39,22.5,1843,2 Methi Theplas with Fresh Curd (Dahi) & Mint Chutney,Homestyle Chicken Curry with 2 Chapatis & Onion Salad,Tandoori Chicken (2 pcs leg/thigh) with Mint Raita & Green Salad,Khaman Dhokla (2 steamed pcs) with Green Coriander Chutney,510,12.96,44.56,"Obesity, Diabetes","Indian, Low Carb, Traditional"
1322,196.46,62.77,32.08,11.37,29.86,1479,Besan Chilla (2 savory gram flour pancakes) with Green Coriander Chutney,"South Indian Meals: Sambar, Rasam, Cabbage Poriyal & Steamed Rice",Soya Chunks Curry with 1 cup Brown Rice & Fresh Salad,Khaman Dhokla (2 steamed pcs) with Green Coriander Chutney,391,14.05,51.68,"Obesity, Heart Disease","Indian, Low Fat, Dash, Balanced"
1812,190.0,96.2,74.27,12.85,29.56,1734,Moong Dal Cheela with Paneer Stuffing & Mint Chutney,Hyderabadi Chicken Biryani with Mirchi ka Salan & Onion Raita,Palak Paneer (Spinach Cottage Cheese) with 2 Whole Wheat Chapatis,Roasted Chana (Bhuna Chana - 50g) with Masala Chai,893,15.67,46.8,Diabetes,"Indian, High Protein, Traditional"
1577,200.39,73.35,54.89,10.88,24.45,1637,1 Crispy Aloo Paratha with Fresh Curd (Dahi) & Zeera Pickle,Fish Curry (Rohu in Mustard Gravy) with Steamed Rice & Green Salad,"Mix Vegetable Subzi (Beans, Carrot, Peas) with 2 Chapatis & Dal Fry",Paneer Tikka (3 grilled cubes) with Mint Coriander Chutney,642,11.78,53.19,Obesity,"Indian, Traditional, Balanced"
1640,204.64,56.19,67.02,14.51,27.89,1778,"Masala Dosa with Potato Filling, Sambar & Coconut Chutney",Bhindi Do Pyaza with 2 Whole Wheat Rotis & Dal Palak,Egg Curry (2 Eggs) with 1.5 Whole Wheat Rotis & Kachumber Salad,1 Vegetable Samosa with Mint Chutney & Masala Chai,498,13.18,59.26,,"Indian, Traditional, Balanced"
1552,147.04,85.27,70.69,13.29,22.41,1611,2 Boiled Eggs with 2 Multigrain Toasts & Masala Chai,Malabar Fish Curry with Steamed Rice & Beetroot Thoran,Palak Paneer (Spinach Cottage Cheese) with 2 Whole Wheat Chapatis,Paneer Tikka (3 grilled cubes) with Mint Coriander Chutney,889,12.99,45.91,"Obesity, Diabetes","Indian, Low Carb, Traditional"
1563,218.62,53.55,53.33,13.08,35.7,1452,2 Methi Theplas with Fresh Curd (Dahi) & Mint Chutney,Bhindi Do Pyaza with 2 Whole Wheat Rotis & Dal Palak,Aloo Gobi Matar Masala with 2 Whole Wheat Rotis & Plain Dahi,Roasted Makhana (Foxnuts - 30g) with Green Tea,693,14.08,77.83,Obesity,"Indian, Vegetarian, Balanced"
1331,193.8,54.04,37.57,12.4,27.97,1448,Moong Dal Cheela with Paneer Stuffing & Mint Chutney,"South Indian Meals: Sambar, Rasam, Cabbage Poriyal & Steamed Rice","Mix Vegetable Subzi (Beans, Carrot, Peas) with 2 Chapatis & Dal Fry",Khaman Dhokla (2 steamed pcs) with Green Coriander Chutney,473,10.95,57.48,"Obesity, Diabetes, Heart Disease","Indian, Low Fat, Dash, Balanced"
1354,201.54,63.55,32.66,11.35,27.54,1396,2 Idlis with Sambhar (1 katori) & Coconut Chutney (2 tbsp),Fish Curry (Rohu in Mustard Gravy) with Steamed Rice & Green Salad,"Mix Vegetable Subzi (Beans, Carrot, Peas) with 2 Chapatis & Dal Fry",Roasted Chana (Bhuna Chana - 50g) with Masala Chai,364,11.91,39.27,"Obesity, Hypertension, Heart Disease, Kidney Disease","Indian, Low Fat, Dash, Balanced"
1670,210.01,74.1,60.82,13.49,31.74,1780,2 Idlis with Sambhar (1 katori) & Coconut Chutney (2 tbsp),Baingan Bharta with 2 Bajra Rotis & Plain Dahi,Malabar Fish Curry with Steamed Rice & Beetroot Thoran,Paneer Tikka (3 grilled cubes) with Mint Coriander Chutney,739,14.82,52.97,,"Indian, Traditional, Balanced"
1594,228.62,62.45,49.35,9.17,33.41,1638,2 Idlis with Sambhar (1 katori) & Coconut Chutney (2 tbsp),Rajma Masala (Kidney Beans Curry) with Jeera Rice & Kachumber,Palak Paneer (Spinach Cottage Cheese) with 2 Whole Wheat Chapatis,Roasted Makhana (Foxnuts - 30g) with Green Tea,667,14.85,48.8,"Obesity, Heart Disease","Indian, Vegetarian, Balanced"
1426,181.7,86.25,38.2,10.72,30.06,1455,2 Idlis with Sambhar (1 katori) & Coconut Chutney (2 tbsp),Homestyle Chicken Curry with 2 Chapatis & Onion Salad,Soya Chunks Curry with 1 cup Brown Rice & Fresh Salad,Roasted Chana (Bhuna Chana - 50g) with Masala Chai,425,15.22,30.35,"Obesity, Diabetes, Heart Disease","Indian, Low Fat, Dash, Balanced"
1863,243.91,93.02,57.03,13.18,32.44,1831,"Masala Dosa with Potato Filling, Sambar & Coconut Chutney",Hyderabadi Chicken Biryani with Mirchi ka Salan & Onion Raita,Soya Chunks Curry with 1 cup Brown Rice & Fresh Salad,Roasted Chana (Bhuna Chana - 50g) with Masala Chai,520,17.47,33.59,,"Indian, High Protein, Traditional"
1312,142.19,70.24,51.86,15.66,25.52,1493,2 Methi Theplas with Fresh Curd (Dahi) & Mint Chutney,Baingan Bharta with 2 Bajra Rotis & Plain Dahi,Tandoori Chicken (2 pcs leg/thigh) with Mint Raita & Green Salad,Bhel Puri (Puffed Rice with Veggies & Tamarind Chutney),554,13.3,45.8,"Obesity, Heart Disease","Indian, Low Carb, Traditional"
1569,232.76,63.52,43.52,11.49,28.28,1480,"Poha with Peanuts, Curry Leaves & Lemon with Green Tea",Malabar Fish Curry with Steamed Rice & Beetroot Thoran,"Mix Vegetable Subzi (Beans, Carrot, Peas) with 2 Chapatis & Dal Fry",Roasted Makhana (Foxnuts - 30g) with Green Tea,398,14.25,56.78,"Obesity, Heart Disease","Indian, Low Fat, Dash, Balanced"
1579,234.8,65.23,43.56,17.32,22.11,1677,Vegetable Upma with Roasted Cashews & Filter Coffee,Fish Curry (Rohu in Mustard Gravy) with Steamed Rice & Green Salad,"Moong Dal Khichdi with Desi Ghee, Curd & Roasted Papad",Bhel Puri (Puffed Rice with Veggies & Tamarind Chutney),411,11.65,37.35,"Obesity, Heart Disease","Indian, Low Fat, Dash, Balanced"
1598,145.38,111.56,63.06,13.68,22.99,1883,2 Methi Theplas with Fresh Curd (Dahi) & Mint Chutney,Homestyle Chicken Curry with 2 Chapatis & Onion Salad,Tandoori Chicken (2 pcs leg/thigh) with Mint Raita & Green Salad,Khaman Dhokla (2 steamed pcs) with Green Coriander Chutney,521,13.25,45.54,"Obesity, Diabetes","Indian, Low Carb, Traditional"
1527,208.19,70.88,45.57,12.85,35.49,1433,1 Crispy Aloo Paratha with Fresh Curd (Dahi) & Zeera Pickle,Bhindi Do Pyaza with 2 Whole Wheat Rotis & Dal Palak,Soya Chunks Curry with 1 cup Brown Rice & Fresh Salad,Roasted Chana (Bhuna Chana - 50g) with Masala Chai,648,16.81,50.32,"Obesity, Heart Disease","Indian, Low Fat, Dash, Balanced"
1345,190.71,74.04,31.94,9.54,25.01,1205,"Poha with Peanuts, Curry Leaves & Lemon with Green Tea",Fish Curry (Rohu in Mustard Gravy) with Steamed Rice & Green Salad,Soya Chunks Curry with 1 cup Brown Rice & Fresh Salad,Roasted Chana (Bhuna Chana - 50g) with Masala Chai,398,15.29,37.15,"Obesity, Hypertension, Diabetes, Heart Disease, Kidney Disease","Indian, Low Fat, Dash, Balanced"
1891,247.9,67.42,71.53,16.03,26.83,1994,"Masala Dosa with Potato Filling, Sambar & Coconut Chutney",Hyderabadi Chicken Biryani with Mirchi ka Salan & Onion Raita,Aloo Gobi Matar Masala with 2 Whole Wheat Rotis & Plain Dahi,1 Vegetable Samosa with Mint Chutney & Masala Chai,480,12.64,59.3,,"Indian, Traditional, Balanced"
1529,204.32,60.96,53.76,12.65,22.45,1589,"Poha with Peanuts, Curry Leaves & Lemon with Green Tea",Hyderabadi Chicken Biryani with Mirchi ka Salan & Onion Raita,Lauki Chana Dal Curry with 2 Phulkas & Cucumber Tomato Salad,1 Vegetable Samosa with Mint Chutney & Masala Chai,348,12.47,43.41,Obesity,"Indian, Traditional, Balanced"
1579,146.14,88.26,73.47,12.89,21.09,1739,Vegetable Upma with Roasted Cashews & Filter Coffee,Chole Masala (Spiced Chickpeas) with 1 Bhatura & Pickled Onions,Tandoori Chicken (2 pcs leg/thigh) with Mint Raita & Green Salad,Paneer Tikka (3 grilled cubes) with Mint Coriander Chutney,610,12.29,41.98,"Obesity, Diabetes","Indian, Low Carb, Traditional"
1323,186.59,48.33,43.47,12.71,27.02,1430,2 Methi Theplas with Fresh Curd (Dahi) & Mint Chutney,Bhindi Do Pyaza with 2 Whole Wheat Rotis & Dal Palak,"Moong Dal Khichdi with Desi Ghee, Curd & Roasted Papad",Khaman Dhokla (2 steamed pcs) with Green Coriander Chutney,542,11.69,45.53,"Obesity, Diabetes, Heart Disease","Indian, Low Fat, Dash, Balanced"
1461,166.83,90.84,48.81,15.68,18.93,1628,2 Boiled Eggs with 2 Multigrain Toasts & Masala Chai,Fish Curry (Rohu in Mustard Gravy) with Steamed Rice & Green Salad,Chicken Tikka Masala with 2 Whole Wheat Tandoori Rotis & Salad,Bhel Puri (Puffed Rice with Veggies & Tamarind Chutney),377,12.06,34.89,Obesity,"Indian, Low Carb, Traditional"
1387,183.54,51.24,51.63,24.97,29.63,1338,"Poha with Peanuts, Curry Leaves & Lemon with Green Tea",Bhindi Do Pyaza with 2 Whole Wheat Rotis & Dal Palak,Palak Paneer (Spinach Cottage Cheese) with 2 Whole Wheat Chapatis,"Fresh Fruit Chaat (Papaya, Apple, Guava & Chaat Masala)",684,14.17,119.62,"Obesity, Hypertension, Heart Disease, Kidney Disease","Indian, Vegetarian, Balanced"
1546,209.79,65.26,50.41,17.73,33.4,1660,Besan Chilla (2 savory gram flour pancakes) with Green Coriander Chutney,Baingan Bharta with 2 Bajra Rotis & Plain Dahi,Malabar Fish Curry with Steamed Rice & Beetroot Thoran,Bhel Puri (Puffed Rice with Veggies & Tamarind Chutney),495,15.98,57.22,"Obesity, Heart Disease","Indian, Traditional, Balanced"
1450,233.08,44.35,38.53,10.43,24.58,1505,1 Crispy Aloo Paratha with Fresh Curd (Dahi) & Zeera Pickle,"South Indian Meals: Sambar, Rasam, Cabbage Poriyal & Steamed Rice","Moong Dal Khichdi with Desi Ghee, Curd & Roasted Papad",Roasted Makhana (Foxnuts - 30g) with Green Tea,467,10.43,40.94,"Obesity, Heart Disease","Indian, Low Fat, Dash, Balanced"
1584,171.1,94.76,57.33,11.89,27.98,1599,Moong Dal Cheela with Paneer Stuffing & Mint Chutney,Homestyle Chicken Curry with 2 Chapatis & Onion Salad,Soya Chunks Curry with 1 cup Brown Rice & Fresh Salad,1 Vegetable Samosa with Mint Chutney & Masala Chai,596,15.21,39.78,"Obesity, Diabetes","Indian, Low Carb, Traditional"
1545,243.64,51.12,41.9,15.31,28.36,1668,1 Crispy Aloo Paratha with Fresh Curd (Dahi) & Zeera Pickle,Rajma Masala (Kidney Beans Curry) with Jeera Rice & Kachumber,"Moong Dal Khichdi with Desi Ghee, Curd & Roasted Papad",Bhel Puri (Puffed Rice with Veggies & Tamarind Chutney),456,12.95,39.25,"Obesity, Heart Disease","Indian, Low Fat, Dash, Balanced"
1786,190.56,92.75,74.18,16.48,29.45,1868,Ragi Dosa (2 pcs) with Tomato Onion Chutney & Buttermilk,Paneer Butter Masala with 2 Whole Wheat Phulkas & Boondi Raita,Chicken Tikka Masala with 2 Whole Wheat Tandoori Rotis & Salad,"Sprouted Moong Chaat with Onion, Tomato, Lemon & Chaat Masala",962,15.28,60.55,,"Indian, High Protein, Traditional"
1737,257.65,66.42,50.9,14.78,28.83,1721,"Poha with Peanuts, Curry Leaves & Lemon with Green Tea",Rajma Masala (Kidney Beans Curry) with Jeera Rice & Kachumber,Malabar Fish Curry with Steamed Rice & Beetroot Thoran,1 Vegetable Samosa with Mint Chutney & Masala Chai,401,15.42,53.54,Heart Disease,"Indian, Traditional, Balanced"
1658,240.17,61.94,51.28,18.67,31.41,1680,"Poha with Peanuts, Curry Leaves & Lemon with Green Tea",Baingan Bharta with 2 Bajra Rotis & Plain Dahi,Malabar Fish Curry with Steamed Rice & Beetroot Thoran,Bhel Puri (Puffed Rice with Veggies & Tamarind Chutney),499,17.24,63.03,Heart Disease,"Indian, Traditional, Balanced"
1337,199.35,40.24,42.98,28.3,29.18,1283,Vegetable Upma with Roasted Cashews & Filter Coffee,Baingan Bharta with 2 Bajra Rotis & Plain Dahi,"Moong Dal Khichdi with Desi Ghee, Curd & Roasted Papad","Fresh Fruit Chaat (Papaya, Apple, Guava & Chaat Masala)",488,12.14,85.58,"Obesity, Hypertension, Heart Disease, Kidney Disease","Indian, Low Fat, Dash, Balanced"
1544,231.21,61.37,42.22,14.95,26.58,1700,"Masala Dosa with Potato Filling, Sambar & Coconut Chutney",Fish Curry (Rohu in Mustard Gravy) with Steamed Rice & Green Salad,"Mix Vegetable Subzi (Beans, Carrot, Peas) with 2 Chapatis & Dal Fry",Bhel Puri (Puffed Rice with Veggies & Tamarind Chutney),344,12.31,51.5,"Obesity, Heart Disease","Indian, Low Fat, Dash, Balanced"
1712,213.15,77.59,62.16,19.83,25.56,1835,2 Boiled Eggs with 2 Multigrain Toasts & Masala Chai,Hyderabadi Chicken Biryani with Mirchi ka Salan & Onion Raita,Aloo Gobi Matar Masala with 2 Whole Wheat Rotis & Plain Dahi,Bhel Puri (Puffed Rice with Veggies & Tamarind Chutney),515,13.19,53.06,,"Indian, Traditional, Balanced"
1483,234.09,44.5,40.98,9.66,27.32,1434,"Masala Dosa with Potato Filling, Sambar & Coconut Chutney",Dal Tadka (Yellow Lentil) with Steamed Basmati Rice & Cucumber Salad,Aloo Gobi Matar Masala with 2 Whole Wheat Rotis & Plain Dahi,Roasted Makhana (Foxnuts - 30g) with Green Tea,375,11.12,51.23,"Obesity, Heart Disease","Indian, Low Fat, Dash, Balanced"
1532,201.38,53.0,58.92,26.35,26.86,1552,"Poha with Peanuts, Curry Leaves & Lemon with Green Tea",Chole Masala (Spiced Chickpeas) with 1 Bhatura & Pickled Onions,Egg Curry (2 Eggs) with 1.5 Whole Wheat Rotis & Kachumber Salad,"Fresh Fruit Chaat (Papaya, Apple, Guava & Chaat Masala)",373,14.71,102.33,Obesity,"Indian, Traditional, Balanced"
1316,111.33,99.44,52.25,25.56,19.1,1484,2 Boiled Eggs with 2 Multigrain Toasts & Masala Chai,Homestyle Chicken Curry with 2 Chapatis & Onion Salad,Tandoori Chicken (2 pcs leg/thigh) with Mint Raita & Green Salad,"Fresh Fruit Chaat (Papaya, Apple, Guava & Chaat Masala)",408,10.77,76.5,Obesity,"Indian, Low Carb, Traditional"
1525,191.5,58.62,58.52,16.12,31.47,1430,Ragi Dosa (2 pcs) with Tomato Onion Chutney & Buttermilk,Paneer Butter Masala with 2 Whole Wheat Phulkas & Boondi Raita,"Mix Vegetable Subzi (Beans, Carrot, Peas) with 2 Chapatis & Dal Fry",Roasted Chana (Bhuna Chana - 50g) with Masala Chai,881,13.62,42.41,Obesity,"Indian, Vegetarian, Balanced"
1466,182.77,64.18,54.97,12.03,23.12,1532,Ragi Dosa (2 pcs) with Tomato Onion Chutney & Buttermilk,Fish Curry (Rohu in Mustard Gravy) with Steamed Rice & Green Salad,Palak Paneer (Spinach Cottage Cheese) with 2 Whole Wheat Chapatis,1 Vegetable Samosa with Mint Chutney & Masala Chai,799,12.97,48.77,"Obesity, Diabetes","Indian, Traditional, Balanced"
1403,215.77,60.59,34.18,14.18,26.12,1622,2 Idlis with Sambhar (1 katori) & Coconut Chutney (2 tbsp),Fish Curry (Rohu in Mustard Gravy) with Steamed Rice & Green Salad,"Mix Vegetable Subzi (Beans, Carrot, Peas) with 2 Chapatis & Dal Fry",Bhel Puri (Puffed Rice with Veggies & Tamarind Chutney),338,11.56,47.97,"Obesity, Heart Disease","Indian, Low Fat, Dash, Balanced"
1618,193.57,65.39,65.93,10.5,29.99,1689,Besan Chilla (2 savory gram flour pancakes) with Green Coriander Chutney,Chole Masala (Spiced Chickpeas) with 1 Bhatura & Pickled Onions,Egg Curry (2 Eggs) with 1.5 Whole Wheat Rotis & Kachumber Salad,Roasted Makhana (Foxnuts - 30g) with Green Tea,420,15.48,46.44,Diabetes,"Indian, Traditional, Balanced"
1508,198.79,71.59,48.13,16.53,36.85,1603,2 Boiled Eggs with 2 Multigrain Toasts & Masala Chai,Bhindi Do Pyaza with 2 Whole Wheat Rotis & Dal Palak,Lauki Chana Dal Curry with 2 Phulkas & Cucumber Tomato Salad,"Sprouted Moong Chaat with Onion, Tomato, Lemon & Chaat Masala",575,15.75,70.69,"Obesity, Heart Disease","Indian, Traditional, Balanced"
1356,174.15,59.59,47.85,10.85,30.6,1414,Moong Dal Cheela with Paneer Stuffing & Mint Chutney,Chole Masala (Spiced Chickpeas) with 1 Bhatura & Pickled Onions,Lauki Chana Dal Curry with 2 Phulkas & Cucumber Tomato Salad,"Sprouted Moong Chaat with Onion, Tomato, Lemon & Chaat Masala",483,13.52,53.54,"Obesity, Diabetes, Heart Disease","Indian, Low Fat, Dash, Balanced"
1855,221.93,60.73,82.59,21.31,29.7,1844,Vegetable Upma with Roasted Cashews & Filter Coffee,Paneer Butter Masala with 2 Whole Wheat Phulkas & Boondi Raita,"Mix Vegetable Subzi (Beans, Carrot, Peas) with 2 Chapatis & Dal Fry",1 Vegetable Samosa with Mint Chutney & Masala Chai,782,12.59,50.35,,"Indian, Vegetarian, Balanced"
1304,171.05,55.36,45.03,9.88,25.28,1433,Besan Chilla (2 savory gram flour pancakes) with Green Coriander Chutney,Dal Tadka (Yellow Lentil) with Steamed Basmati Rice & Cucumber Salad,Palak Paneer (Spinach Cottage Cheese) with 2 Whole Wheat Chapatis,Khaman Dhokla (2 steamed pcs) with Green Coriander Chutney,521,12.19,46.55,"Obesity, Diabetes, Heart Disease","Indian, Low Fat, Dash, Balanced"
1573,180.08,87.37,54.91,12.89,28.35,1712,Ragi Dosa (2 pcs) with Tomato Onion Chutney & Buttermilk,Homestyle Chicken Curry with 2 Chapatis & Onion Salad,Egg Curry (2 Eggs) with 1.5 Whole Wheat Rotis & Kachumber Salad,"Sprouted Moong Chaat with Onion, Tomato, Lemon & Chaat Masala",633,15.56,63.36,"Obesity, Diabetes","Indian, High Protein, Traditional"
1687,230.28,69.22,55.94,14.69,24.49,1774,2 Methi Theplas with Fresh Curd (Dahi) & Mint Chutney,Fish Curry (Rohu in Mustard Gravy) with Steamed Rice & Green Salad,"Moong Dal Khichdi with Desi Ghee, Curd & Roasted Papad",1 Vegetable Samosa with Mint Chutney & Masala Chai,566,12.73,37.0,,"Indian, Traditional, Balanced"
1466,197.4,68.64,45.76,29.75,24.65,1513,2 Boiled Eggs with 2 Multigrain Toasts & Masala Chai,Malabar Fish Curry with Steamed Rice & Beetroot Thoran,"Moong Dal Khichdi with Desi Ghee, Curd & Roasted Papad","Fresh Fruit Chaat (Papaya, Apple, Guava & Chaat Masala)",484,11.54,79.36,"Obesity, Heart Disease","Indian, Low Fat, Dash, Balanced"
1868,221.22,85.9,72.97,12.49,27.2,1979,1 Crispy Aloo Paratha with Fresh Curd (Dahi) & Zeera Pickle,Hyderabadi Chicken Biryani with Mirchi ka Salan & Onion Raita,Lauki Chana Dal Curry with 2 Phulkas & Cucumber Tomato Salad,Paneer Tikka (3 grilled cubes) with Mint Coriander Chutney,724,13.38,49.64,,"Indian, High Protein, Traditional"
1358,209.12,39.26,41.61,14.8,21.39,1453,Vegetable Upma with Roasted Cashews & Filter Coffee,"South Indian Meals: Sambar, Rasam, Cabbage Poriyal & Steamed Rice","Moong Dal Khichdi with Desi Ghee, Curd & Roasted Papad",1 Vegetable Samosa with Mint Chutney & Masala Chai,375,9.21,38.72,Obesity,"Indian, Low Fat, Dash, Balanced"
1264,147.42,57.75,49.63,26.11,25.46,1305,2 Boiled Eggs with 2 Multigrain Toasts & Masala Chai,Bhindi Do Pyaza with 2 Whole Wheat Rotis & Dal Palak,Egg Curry (2 Eggs) with 1.5 Whole Wheat Rotis & Kachumber Salad,"Fresh Fruit Chaat (Papaya, Apple, Guava & Chaat Masala)",489,11.62,91.51,"Obesity, Hypertension, Heart Disease, Kidney Disease","Indian, Low Carb, Traditional"
1538,187.7,85.99,49.58,27.89,27.23,1671,2 Methi Theplas with Fresh Curd (Dahi) & Mint Chutney,Dal Tadka (Yellow Lentil) with Steamed Basmati Rice & Cucumber Salad,Tandoori Chicken (2 pcs leg/thigh) with Mint Raita & Green Salad,"Fresh Fruit Chaat (Papaya, Apple, Guava & Chaat Masala)",537,12.62,97.61,"Obesity, Heart Disease","Indian, High Protein, Traditional"
1517,248.16,53.32,35.3,10.25,31.63,1468,Ragi Dosa (2 pcs) with Tomato Onion Chutney & Buttermilk,Rajma Masala (Kidney Beans Curry) with Jeera Rice & Kachumber,"Moong Dal Khichdi with Desi Ghee, Curd & Roasted Papad",Roasted Makhana (Foxnuts - 30g) with Green Tea,635,14.36,33.57,"Obesity, Heart Disease","Indian, Low Fat, Dash, Balanced"
1542,216.0,73.18,43.07,12.13,24.36,1500,2 Boiled Eggs with 2 Multigrain Toasts & Masala Chai,Dal Tadka (Yellow Lentil) with Steamed Basmati Rice & Cucumber Salad,Malabar Fish Curry with Steamed Rice & Beetroot Thoran,Roasted Makhana (Foxnuts - 30g) with Green Tea,433,12.44,26.45,"Obesity, Heart Disease","Indian, Low Fat, Dash, Balanced"
1510,216.04,73.6,39.86,25.33,27.3,1671,2 Idlis with Sambhar (1 katori) & Coconut Chutney (2 tbsp),Dal Tadka (Yellow Lentil) with Steamed Basmati Rice & Cucumber Salad,Chicken Tikka Masala with 2 Whole Wheat Tandoori Rotis & Salad,"Fresh Fruit Chaat (Papaya, Apple, Guava & Chaat Masala)",332,11.73,90.01,"Obesity, Heart Disease","Indian, Low Fat, Dash, Balanced"
1489,199.67,56.47,53.19,13.3,33.63,1580,Besan Chilla (2 savory gram flour pancakes) with Green Coriander Chutney,Chole Masala (Spiced Chickpeas) with 1 Bhatura & Pickled Onions,Aloo Gobi Matar Masala with 2 Whole Wheat Rotis & Plain Dahi,"Sprouted Moong Chaat with Onion, Tomato, Lemon & Chaat Masala",430,14.84,75.84,Obesity,"Indian, Vegetarian, Balanced"
1644,257.45,58.51,42.8,30.54,41.13,1616,2 Methi Theplas with Fresh Curd (Dahi) & Mint Chutney,Rajma Masala (Kidney Beans Curry) with Jeera Rice & Kachumber,"Mix Vegetable Subzi (Beans, Carrot, Peas) with 2 Chapatis & Dal Fry","Fresh Fruit Chaat (Papaya, Apple, Guava & Chaat Masala)",545,15.6,114.13,Heart Disease,"Indian, Low Fat, Dash, Balanced"
1626,203.72,73.77,58.32,13.72,26.01,1605,Moong Dal Cheela with Paneer Stuffing & Mint Chutney,Fish Curry (Rohu in Mustard Gravy) with Steamed Rice & Green Salad,Aloo Gobi Matar Masala with 2 Whole Wheat Rotis & Plain Dahi,1 Vegetable Samosa with Mint Chutney & Masala Chai,615,12.09,63.81,,"Indian, Traditional, Balanced"
1392,179.67,74.06,42.21,11.63,29.7,1426,Moong Dal Cheela with Paneer Stuffing & Mint Chutney,Malabar Fish Curry with Steamed Rice & Beetroot Thoran,Lauki Chana Dal Curry with 2 Phulkas & Cucumber Tomato Salad,"Sprouted Moong Chaat with Onion, Tomato, Lemon & Chaat Masala",531,12.9,59.6,"Obesity, Diabetes, Heart Disease","Indian, Low Fat, Dash, Balanced"
1771,212.91,89.13,62.6,15.24,33.44,1765,1 Crispy Aloo Paratha with Fresh Curd (Dahi) & Zeera Pickle,Bhindi Do Pyaza with 2 Whole Wheat Rotis & Dal Palak,Chicken Tikka Masala with 2 Whole Wheat Tandoori Rotis & Salad,Roasted Chana (Bhuna Chana - 50g) with Masala Chai,627,15.9,59.53,,"Indian, High Protein, Traditional"
1991,202.34,113.22,82.23,14.85,24.32,2110,Moong Dal Cheela with Paneer Stuffing & Mint Chutney,Hyderabadi Chicken Biryani with Mirchi ka Salan & Onion Raita,Chicken Tikka Masala with 2 Whole Wheat Tandoori Rotis & Salad,1 Vegetable Samosa with Mint Chutney & Masala Chai,621,14.21,44.45,,"Indian, High Protein, Traditional"
1299,125.12,84.38,51.87,11.31,21.96,1395,2 Boiled Eggs with 2 Multigrain Toasts & Masala Chai,Bhindi Do Pyaza with 2 Whole Wheat Rotis & Dal Palak,Tandoori Chicken (2 pcs leg/thigh) with Mint Raita & Green Salad,Roasted Makhana (Foxnuts - 30g) with Green Tea,524,11.6,39.31,"Obesity, Hypertension, Diabetes","Indian, Low Carb, Traditional"
1387,162.79,75.59,49.31,27.43,29.73,1602,2 Idlis with Sambhar (1 katori) & Coconut Chutney (2 tbsp),Baingan Bharta with 2 Bajra Rotis & Plain Dahi,Tandoori Chicken (2 pcs leg/thigh) with Mint Raita & Green Salad,"Fresh Fruit Chaat (Papaya, Apple, Guava & Chaat Masala)",514,13.19,98.31,"Obesity, Heart Disease","Indian, Low Carb, Traditional"
1522,162.99,74.95,63.9,8.63,25.11,1513,Moong Dal Cheela with Paneer Stuffing & Mint Chutney,Dal Tadka (Yellow Lentil) with Steamed Basmati Rice & Cucumber Salad,Palak Paneer (Spinach Cottage Cheese) with 2 Whole Wheat Chapatis,Paneer Tikka (3 grilled cubes) with Mint Coriander Chutney,928,12.6,50.13,"Obesity, Diabetes","Indian, Low Carb, Traditional"
1743,189.97,84.17,72.62,13.0,29.34,1841,"Masala Dosa with Potato Filling, Sambar & Coconut Chutney",Baingan Bharta with 2 Bajra Rotis & Plain Dahi,Chicken Tikka Masala with 2 Whole Wheat Tandoori Rotis & Salad,Paneer Tikka (3 grilled cubes) with Mint Coriander Chutney,675,15.19,53.89,Diabetes,"Indian, Traditional, Balanced"
1495,236.48,51.32,39.09,14.24,33.74,1535,Ragi Dosa (2 pcs) with Tomato Onion Chutney & Buttermilk,Rajma Masala (Kidney Beans Curry) with Jeera Rice & Kachumber,Aloo Gobi Matar Masala with 2 Whole Wheat Rotis & Plain Dahi,Khaman Dhokla (2 steamed pcs) with Green Coriander Chutney,619,14.24,65.66,"Obesity, Heart Disease","Indian, Low Fat, Dash, Balanced"
1360,199.38,56.27,37.93,16.66,29.15,1458,2 Boiled Eggs with 2 Multigrain Toasts & Masala Chai,Rajma Masala (Kidney Beans Curry) with Jeera Rice & Kachumber,"Mix Vegetable Subzi (Beans, Carrot, Peas) with 2 Chapatis & Dal Fry",Bhel Puri (Puffed Rice with Veggies & Tamarind Chutney),381,13.03,41.03,"Obesity, Heart Disease","Indian, Low Fat, Dash, Balanced"
1404,183.97,72.16,42.67,10.97,24.15,1500,Ragi Dosa (2 pcs) with Tomato Onion Chutney & Buttermilk,Fish Curry (Rohu in Mustard Gravy) with Steamed Rice & Green Salad,Egg Curry (2 Eggs) with 1.5 Whole Wheat Rotis & Kachumber Salad,"Sprouted Moong Chaat with Onion, Tomato, Lemon & Chaat Masala",587,13.59,58.07,"Obesity, Diabetes, Heart Disease","Indian, Low Fat, Dash, Balanced"
1637,175.84,101.05,58.89,14.3,24.36,1727,1 Crispy Aloo Paratha with Fresh Curd (Dahi) & Zeera Pickle,Malabar Fish Curry with Steamed Rice & Beetroot Thoran,Tandoori Chicken (2 pcs leg/thigh) with Mint Raita & Green Salad,Roasted Chana (Bhuna Chana - 50g) with Masala Chai,567,13.35,41.95,,"Indian, High Protein, Traditional"
1683,139.16,115.96,75.07,10.56,20.09,1936,Besan Chilla (2 savory gram flour pancakes) with Green Coriander Chutney,Hyderabadi Chicken Biryani with Mirchi ka Salan & Onion Raita,Tandoori Chicken (2 pcs leg/thigh) with Mint Raita & Green Salad,Paneer Tikka (3 grilled cubes) with Mint Coriander Chutney,635,12.63,45.14,Diabetes,"Indian, Low Carb, Traditional"
1437,141.88,96.26,53.23,23.0,23.46,1474,Moong Dal Cheela with Paneer Stuffing & Mint Chutney,Homestyle Chicken Curry with 2 Chapatis & Onion Salad,Chicken Tikka Masala with 2 Whole Wheat Tandoori Rotis & Salad,"Fresh Fruit Chaat (Papaya, Apple, Guava & Chaat Masala)",465,11.59,87.26,Obesity,"Indian, Low Carb, Traditional"
1689,211.98,59.7,67.47,15.45,27.01,1644,"Masala Dosa with Potato Filling, Sambar & Coconut Chutney",Paneer Butter Masala with 2 Whole Wheat Phulkas & Boondi Raita,"Moong Dal Khichdi with Desi Ghee, Curd & Roasted Papad",Roasted Chana (Bhuna Chana - 50g) with Masala Chai,715,12.26,27.21,,"Indian, Vegetarian, Balanced"
1518,131.56,104.54,63.68,9.64,21.96,1671,Besan Chilla (2 savory gram flour pancakes) with Green Coriander Chutney,Homestyle Chicken Curry with 2 Chapatis & Onion Salad,Chicken Tikka Masala with 2 Whole Wheat Tandoori Rotis & Salad,Paneer Tikka (3 grilled cubes) with Mint Coriander Chutney,502,12.6,46.49,"Obesity, Diabetes","Indian, Low Carb, Traditional"
1683,264.45,56.84,45.36,10.7,31.09,1649,1 Crispy Aloo Paratha with Fresh Curd (Dahi) & Zeera Pickle,Rajma Masala (Kidney Beans Curry) with Jeera Rice & Kachumber,"Moong Dal Khichdi with Desi Ghee, Curd & Roasted Papad",Roasted Makhana (Foxnuts - 30g) with Green Tea,522,13.82,35.22,Heart Disease,"Indian, Low Fat, Dash, Balanced"
1461,171.95,95.7,44.65,26.5,23.14,1608,Ragi Dosa (2 pcs) with Tomato Onion Chutney & Buttermilk,Fish Curry (Rohu in Mustard Gravy) with Steamed Rice & Green Salad,Tandoori Chicken (2 pcs leg/thigh) with Mint Raita & Green Salad,"Fresh Fruit Chaat (Papaya, Apple, Guava & Chaat Masala)",644,12.49,99.72,"Obesity, Heart Disease","Indian, Low Fat, Dash, Balanced"
1666,218.17,78.14,54.87,12.19,21.14,1606,Vegetable Upma with Roasted Cashews & Filter Coffee,Hyderabadi Chicken Biryani with Mirchi ka Salan & Onion Raita,Malabar Fish Curry with Steamed Rice & Beetroot Thoran,Roasted Makhana (Foxnuts - 30g) with Green Tea,417,11.38,32.01,,"Indian, Traditional, Balanced"
1360,228.89,44.22,30.08,16.34,31.08,1544,Ragi Dosa (2 pcs) with Tomato Onion Chutney & Buttermilk,"South Indian Meals: Sambar, Rasam, Cabbage Poriyal & Steamed Rice",Lauki Chana Dal Curry with 2 Phulkas & Cucumber Tomato Salad,Bhel Puri (Puffed Rice with Veggies & Tamarind Chutney),545,12.85,59.86,"Obesity, Heart Disease","Indian, Low Fat, Dash, Balanced"
1313,167.13,48.62,51.38,15.32,25.82,1371,Vegetable Upma with Roasted Cashews & Filter Coffee,Bhindi Do Pyaza with 2 Whole Wheat Rotis & Dal Palak,Palak Paneer (Spinach Cottage Cheese) with 2 Whole Wheat Chapatis,Bhel Puri (Puffed Rice with Veggies & Tamarind Chutney),638,12.02,58.68,"Obesity, Hypertension, Heart Disease, Kidney Disease","Indian, Low Carb, Traditional"
1550,170.75,100.99,51.25,14.43,26.27,1626,Ragi Dosa (2 pcs) with Tomato Onion Chutney & Buttermilk,Malabar Fish Curry with Steamed Rice & Beetroot Thoran,Tandoori Chicken (2 pcs leg/thigh) with Mint Raita & Green Salad,Roasted Chana (Bhuna Chana - 50g) with Masala Chai,705,14.53,42.1,"Obesity, Heart Disease","Indian, Low Carb, Traditional"
1584,227.33,79.3,40.37,7.87,27.43,1542,"Masala Dosa with Potato Filling, Sambar & Coconut Chutney",Fish Curry (Rohu in Mustard Gravy) with Steamed Rice & Green Salad,Soya Chunks Curry with 1 cup Brown Rice & Fresh Salad,Roasted Makhana (Foxnuts - 30g) with Green Tea,437,14.91,35.71,"Obesity, Heart Disease","Indian, Low Fat, Dash, Balanced"
1712,213.45,60.14,69.69,21.18,34.79,1717,2 Boiled Eggs with 2 Multigrain Toasts & Masala Chai,Baingan Bharta with 2 Bajra Rotis & Plain Dahi,Aloo Gobi Matar Masala with 2 Whole Wheat Rotis & Plain Dahi,1 Vegetable Samosa with Mint Chutney & Masala Chai,677,16.02,64.42,,"Indian, Traditional, Balanced"
1574,218.37,81.44,41.84,14.41,30.21,1660,2 Boiled Eggs with 2 Multigrain Toasts & Masala Chai,Dal Tadka (Yellow Lentil) with Steamed Basmati Rice & Cucumber Salad,Soya Chunks Curry with 1 cup Brown Rice & Fresh Salad,Khaman Dhokla (2 steamed pcs) with Green Coriander Chutney,495,16.22,30.63,"Obesity, Heart Disease","Indian, Low Fat, Dash, Balanced"
1536,207.53,71.57,47.02,16.79,26.51,1747,2 Methi Theplas with Fresh Curd (Dahi) & Mint Chutney,"South Indian Meals: Sambar, Rasam, Cabbage Poriyal & Steamed Rice",Chicken Tikka Masala with 2 Whole Wheat Tandoori Rotis & Salad,Bhel Puri (Puffed Rice with Veggies & Tamarind Chutney),456,12.76,57.13,"Obesity, Heart Disease","Indian, Low Fat, Dash, Balanced"
1442,216.65,63.53,36.97,11.94,22.96,1575,Ragi Dosa (2 pcs) with Tomato Onion Chutney & Buttermilk,Fish Curry (Rohu in Mustard Gravy) with Steamed Rice & Green Salad,"Moong Dal Khichdi with Desi Ghee, Curd & Roasted Papad",Khaman Dhokla (2 steamed pcs) with Green Coriander Chutney,587,12.15,36.04,"Obesity, Heart Disease","Indian, Low Fat, Dash, Balanced"
1537,207.9,60.93,53.19,12.42,20.34,1749,2 Idlis with Sambhar (1 katori) & Coconut Chutney (2 tbsp),Hyderabadi Chicken Biryani with Mirchi ka Salan & Onion Raita,"Moong Dal Khichdi with Desi Ghee, Curd & Roasted Papad",1 Vegetable Samosa with Mint Chutney & Masala Chai,394,10.22,24.57,Obesity,"Indian, Traditional, Balanced"
1493,215.82,55.16,47.2,25.01,31.16,1422,"Poha with Peanuts, Curry Leaves & Lemon with Green Tea",Rajma Masala (Kidney Beans Curry) with Jeera Rice & Kachumber,Palak Paneer (Spinach Cottage Cheese) with 2 Whole Wheat Chapatis,"Fresh Fruit Chaat (Papaya, Apple, Guava & Chaat Masala)",603,15.23,109.92,"Obesity, Heart Disease","Indian, Low Fat, Dash, Balanced"
1654,208.39,70.27,61.53,15.34,25.93,1878,"Masala Dosa with Potato Filling, Sambar & Coconut Chutney",Chole Masala (Spiced Chickpeas) with 1 Bhatura & Pickled Onions,Chicken Tikka Masala with 2 Whole Wheat Tandoori Rotis & Salad,Bhel Puri (Puffed Rice with Veggies & Tamarind Chutney),336,13.85,43.69,,"Indian, Traditional, Balanced"
1344,195.05,59.69,36.01,12.25,26.78,1243,Ragi Dosa (2 pcs) with Tomato Onion Chutney & Buttermilk,Fish Curry (Rohu in Mustard Gravy) with Steamed Rice & Green Salad,Aloo Gobi Matar Masala with 2 Whole Wheat Rotis & Plain Dahi,Roasted Chana (Bhuna Chana - 50g) with Masala Chai,599,12.52,52.74,"Obesity, Hypertension, Heart Disease, Kidney Disease","Indian, Low Fat, Dash, Balanced"
1553,189.25,74.55,56.38,11.24,21.2,1632,"Poha with Peanuts, Curry Leaves & Lemon with Green Tea",Hyderabadi Chicken Biryani with Mirchi ka Salan & Onion Raita,Egg Curry (2 Eggs) with 1.5 Whole Wheat Rotis & Kachumber Salad,"Sprouted Moong Chaat with Onion, Tomato, Lemon & Chaat Masala",376,13.87,57.65,"Obesity, Diabetes","Indian, Traditional, Balanced"
1502,204.95,56.74,51.44,9.72,22.71,1494,"Masala Dosa with Potato Filling, Sambar & Coconut Chutney",Hyderabadi Chicken Biryani with Mirchi ka Salan & Onion Raita,Aloo Gobi Matar Masala with 2 Whole Wheat Rotis & Plain Dahi,Roasted Makhana (Foxnuts - 30g) with Green Tea,386,10.43,46.13,"Obesity, Heart Disease","Indian, Traditional, Balanced"
1456,161.82,67.27,61.31,16.34,27.67,1504,2 Boiled Eggs with 2 Multigrain Toasts & Masala Chai,Paneer Butter Masala with 2 Whole Wheat Phulkas & Boondi Raita,Lauki Chana Dal Curry with 2 Phulkas & Cucumber Tomato Salad,"Sprouted Moong Chaat with Onion, Tomato, Lemon & Chaat Masala",697,12.49,45.45,Obesity,"Indian, Low Carb, Traditional"
1779,213.56,87.46,64.36,17.4,23.97,1828,Vegetable Upma with Roasted Cashews & Filter Coffee,Homestyle Chicken Curry with 2 Chapatis & Onion Salad,Malabar Fish Curry with Steamed Rice & Beetroot Thoran,1 Vegetable Samosa with Mint Chutney & Masala Chai,428,12.7,43.67,,"Indian, High Protein, Traditional"
1364,198.0,66.72,35.32,7.76,18.22,1271,"Poha with Peanuts, Curry Leaves & Lemon with Green Tea",Fish Curry (Rohu in Mustard Gravy) with Steamed Rice & Green Salad,Malabar Fish Curry with Steamed Rice & Beetroot Thoran,Roasted Makhana (Foxnuts - 30g) with Green Tea,320,11.49,40.09,"Obesity, Hypertension, Kidney Disease","Indian, Low Fat, Dash, Balanced"
1708,202.52,79.96,65.3,13.66,27.12,1778,Moong Dal Cheela with Paneer Stuffing & Mint Chutney,Hyderabadi Chicken Biryani with Mirchi ka Salan & Onion Raita,Lauki Chana Dal Curry with 2 Phulkas & Cucumber Tomato Salad,1 Vegetable Samosa with Mint Chutney & Masala Chai,573,12.86,43.1,,"Indian, Traditional, Balanced"
1773,185.51,74.09,83.15,13.2,28.59,1877,2 Methi Theplas with Fresh Curd (Dahi) & Mint Chutney,Chole Masala (Spiced Chickpeas) with 1 Bhatura & Pickled Onions,Egg Curry (2 Eggs) with 1.5 Whole Wheat Rotis & Kachumber Salad,Paneer Tikka (3 grilled cubes) with Mint Coriander Chutney,764,15.5,51.72,Diabetes,"Indian, Traditional, Balanced"
1561,191.95,55.65,64.56,18.87,29.02,1628,2 Methi Theplas with Fresh Curd (Dahi) & Mint Chutney,Paneer Butter Masala with 2 Whole Wheat Phulkas & Boondi Raita,"Mix Vegetable Subzi (Beans, Carrot, Peas) with 2 Chapatis & Dal Fry",Bhel Puri (Puffed Rice with Veggies & Tamarind Chutney),752,12.45,48.95,Obesity,"Indian, Vegetarian, Balanced"
1560,232.89,59.62,44.41,14.32,36.91,1577,"Poha with Peanuts, Curry Leaves & Lemon with Green Tea",Bhindi Do Pyaza with 2 Whole Wheat Rotis & Dal Palak,"Mix Vegetable Subzi (Beans, Carrot, Peas) with 2 Chapatis & Dal Fry","Sprouted Moong Chaat with Onion, Tomato, Lemon & Chaat Masala",501,16.78,92.17,"Obesity, Heart Disease","Indian, Low Fat, Dash, Balanced"
1557,187.54,62.58,63.22,14.14,32.93,1657,2 Methi Theplas with Fresh Curd (Dahi) & Mint Chutney,Bhindi Do Pyaza with 2 Whole Wheat Rotis & Dal Palak,Palak Paneer (Spinach Cottage Cheese) with 2 Whole Wheat Chapatis,Khaman Dhokla (2 steamed pcs) with Green Coriander Chutney,865,15.09,69.97,Obesity,"Indian, Vegetarian, Balanced"
1384,221.72,42.45,36.77,15.77,27.49,1559,1 Crispy Aloo Paratha with Fresh Curd (Dahi) & Zeera Pickle,"South Indian Meals: Sambar, Rasam, Cabbage Poriyal & Steamed Rice","Mix Vegetable Subzi (Beans, Carrot, Peas) with 2 Chapatis & Dal Fry",Bhel Puri (Puffed Rice with Veggies & Tamarind Chutney),406,11.09,58.95,"Obesity, Heart Disease","Indian, Low Fat, Dash, Balanced"
1418,123.56,104.38,57.62,8.61,18.2,1624,Besan Chilla (2 savory gram flour pancakes) with Green Coriander Chutney,Fish Curry (Rohu in Mustard Gravy) with Steamed Rice & Green Salad,Tandoori Chicken (2 pcs leg/thigh) with Mint Raita & Green Salad,Paneer Tikka (3 grilled cubes) with Mint Coriander Chutney,565,11.35,46.17,Obesity,"Indian, Low Carb, Traditional"
1819,166.44,99.7,85.35,10.4,24.53,1850,Moong Dal Cheela with Paneer Stuffing & Mint Chutney,Hyderabadi Chicken Biryani with Mirchi ka Salan & Onion Raita,Palak Paneer (Spinach Cottage Cheese) with 2 Whole Wheat Chapatis,Paneer Tikka (3 grilled cubes) with Mint Coriander Chutney,1050,13.93,53.43,Diabetes,"Indian, Low Carb, Traditional"
1838,175.87,95.12,85.87,19.94,23.06,2083,1 Crispy Aloo Paratha with Fresh Curd (Dahi) & Zeera Pickle,Paneer Butter Masala with 2 Whole Wheat Phulkas & Boondi Raita,Tandoori Chicken (2 pcs leg/thigh) with Mint Raita & Green Salad,Bhel Puri (Puffed Rice with Veggies & Tamarind Chutney),865,12.7,48.23,,"Indian, High Protein, Traditional"
1762,223.96,63.55,69.94,12.35,32.25,1895,"Masala Dosa with Potato Filling, Sambar & Coconut Chutney",Chole Masala (Spiced Chickpeas) with 1 Bhatura & Pickled Onions,Lauki Chana Dal Curry with 2 Phulkas & Cucumber Tomato Salad,Paneer Tikka (3 grilled cubes) with Mint Coriander Chutney,588,14.69,51.09,,"Indian, Vegetarian, Balanced"
1472,199.34,69.19,45.2,13.8,21.83,1730,2 Idlis with Sambhar (1 katori) & Coconut Chutney (2 tbsp),Fish Curry (Rohu in Mustard Gravy) with Steamed Rice & Green Salad,Egg Curry (2 Eggs) with 1.5 Whole Wheat Rotis & Kachumber Salad,Bhel Puri (Puffed Rice with Veggies & Tamarind Chutney),360,11.84,44.89,Obesity,"Indian, Low Fat, Dash, Balanced"
1339,138.15,78.95,52.82,10.75,20.13,1539,2 Methi Theplas with Fresh Curd (Dahi) & Mint Chutney,"South Indian Meals: Sambar, Rasam, Cabbage Poriyal & Steamed Rice",Tandoori Chicken (2 pcs leg/thigh) with Mint Raita & Green Salad,Paneer Tikka (3 grilled cubes) with Mint Coriander Chutney,637,10.2,50.45,"Obesity, Diabetes","Indian, Low Carb, Traditional"
1466,187.87,60.61,52.61,12.0,20.53,1609,"Masala Dosa with Potato Filling, Sambar & Coconut Chutney",Homestyle Chicken Curry with 2 Chapatis & Onion Salad,"Moong Dal Khichdi with Desi Ghee, Curd & Roasted Papad",1 Vegetable Samosa with Mint Chutney & Masala Chai,340,10.4,29.24,"Obesity, Diabetes","Indian, Traditional, Balanced"
1614,218.32,63.98,55.86,13.05,21.36,1836,2 Idlis with Sambhar (1 katori) & Coconut Chutney (2 tbsp),Hyderabadi Chicken Biryani with Mirchi ka Salan & Onion Raita,"Moong Dal Khichdi with Desi Ghee, Curd & Roasted Papad",1 Vegetable Samosa with Mint Chutney & Masala Chai,414,10.73,25.8,,"Indian, Traditional, Balanced"
1453,218.91,54.73,40.49,10.32,33.78,1383,Besan Chilla (2 savory gram flour pancakes) with Green Coriander Chutney,Rajma Masala (Kidney Beans Curry) with Jeera Rice & Kachumber,Aloo Gobi Matar Masala with 2 Whole Wheat Rotis & Plain Dahi,Roasted Makhana (Foxnuts - 30g) with Green Tea,417,13.73,61.94,"Obesity, Hypertension, Heart Disease, Kidney Disease","Indian, Low Fat, Dash, Balanced"
1449,142.05,104.16,51.62,10.86,20.59,1628,"Poha with Peanuts, Curry Leaves & Lemon with Green Tea",Homestyle Chicken Curry with 2 Chapatis & Onion Salad,Tandoori Chicken (2 pcs leg/thigh) with Mint Raita & Green Salad,"Sprouted Moong Chaat with Onion, Tomato, Lemon & Chaat Masala",365,13.83,60.53,"Obesity, Diabetes","Indian, Low Carb, Traditional"
1534,184.17,79.14,53.36,15.29,29.28,1469,Vegetable Upma with Roasted Cashews & Filter Coffee,Bhindi Do Pyaza with 2 Whole Wheat Rotis & Dal Palak,Chicken Tikka Masala with 2 Whole Wheat Tandoori Rotis & Salad,Roasted Chana (Bhuna Chana - 50g) with Masala Chai,492,13.79,50.86,Obesity,"Indian, Traditional, Balanced"
1590,228.46,54.72,52.41,12.9,34.11,1740,"Masala Dosa with Potato Filling, Sambar & Coconut Chutney",Chole Masala (Spiced Chickpeas) with 1 Bhatura & Pickled Onions,Lauki Chana Dal Curry with 2 Phulkas & Cucumber Tomato Salad,"Sprouted Moong Chaat with Onion, Tomato, Lemon & Chaat Masala",370,15.0,58.72,Obesity,"Indian, Vegetarian, Balanced"
1433,215.01,52.57,40.92,14.33,37.93,1577,2 Idlis with Sambhar (1 katori) & Coconut Chutney (2 tbsp),Baingan Bharta with 2 Bajra Rotis & Plain Dahi,"Mix Vegetable Subzi (Beans, Carrot, Peas) with 2 Chapatis & Dal Fry","Sprouted Moong Chaat with Onion, Tomato, Lemon & Chaat Masala",494,15.46,67.61,"Obesity, Heart Disease","Indian, Low Fat, Dash, Balanced"
1551,203.55,62.68,54.44,18.83,35.3,1653,2 Boiled Eggs with 2 Multigrain Toasts & Masala Chai,Baingan Bharta with 2 Bajra Rotis & Plain Dahi,"Mix Vegetable Subzi (Beans, Carrot, Peas) with 2 Chapatis & Dal Fry",Khaman Dhokla (2 steamed pcs) with Green Coriander Chutney,567,16.04,51.23,Obesity,"Indian, Traditional, Balanced"
1396,176.86,64.42,48.85,10.69,18.62,1539,1 Crispy Aloo Paratha with Fresh Curd (Dahi) & Zeera Pickle,Fish Curry (Rohu in Mustard Gravy) with Steamed Rice & Green Salad,Egg Curry (2 Eggs) with 1.5 Whole Wheat Rotis & Kachumber Salad,Khaman Dhokla (2 steamed pcs) with Green Coriander Chutney,406,10.69,42.3,Obesity,"Indian, Traditional, Balanced"
1799,214.03,69.3,74.54,18.05,31.2,1694,2 Methi Theplas with Fresh Curd (Dahi) & Mint Chutney,Paneer Butter Masala with 2 Whole Wheat Phulkas & Boondi Raita,"Moong Dal Khichdi with Desi Ghee, Curd & Roasted Papad",Roasted Chana (Bhuna Chana - 50g) with Masala Chai,936,14.26,30.86,,"Indian, Vegetarian, Balanced"
1353,206.07,59.01,33.53,8.36,21.79,1333,Ragi Dosa (2 pcs) with Tomato Onion Chutney & Buttermilk,Fish Curry (Rohu in Mustard Gravy) with Steamed Rice & Green Salad,"Moong Dal Khichdi with Desi Ghee, Curd & Roasted Papad",Roasted Makhana (Foxnuts - 30g) with Green Tea,577,11.44,28.66,"Obesity, Hypertension, Kidney Disease","Indian, Low Fat, Dash, Balanced"
1654,187.56,88.74,60.37,12.71,31.11,1731,2 Idlis with Sambhar (1 katori) & Coconut Chutney (2 tbsp),Homestyle Chicken Curry with 2 Chapatis & Onion Salad,Palak Paneer (Spinach Cottage Cheese) with 2 Whole Wheat Chapatis,Roasted Chana (Bhuna Chana - 50g) with Masala Chai,689,15.34,47.0,Diabetes,"Indian, High Protein, Traditional"
1838,193.19,86.46,81.82,13.48,24.36,1822,1 Crispy Aloo Paratha with Fresh Curd (Dahi) & Zeera Pickle,Paneer Butter Masala with 2 Whole Wheat Phulkas & Boondi Raita,Chicken Tikka Masala with 2 Whole Wheat Tandoori Rotis & Salad,Roasted Makhana (Foxnuts - 30g) with Green Tea,800,12.61,40.0,Diabetes,"Indian, High Protein, Traditional"
1449,202.76,61.86,44.66,12.58,27.56,1515,Besan Chilla (2 savory gram flour pancakes) with Green Coriander Chutney,Rajma Masala (Kidney Beans Curry) with Jeera Rice & Kachumber,Malabar Fish Curry with Steamed Rice & Beetroot Thoran,1 Vegetable Samosa with Mint Chutney & Masala Chai,360,12.76,43.25,"Obesity, Heart Disease","Indian, Low Fat, Dash, Balanced"
1354,156.2,81.03,44.11,10.32,28.49,1411,Moong Dal Cheela with Paneer Stuffing & Mint Chutney,Homestyle Chicken Curry with 2 Chapatis & Onion Salad,Lauki Chana Dal Curry with 2 Phulkas & Cucumber Tomato Salad,"Sprouted Moong Chaat with Onion, Tomato, Lemon & Chaat Masala",477,12.78,55.66,"Obesity, Diabetes, Heart Disease","Indian, Low Fat, Dash, Balanced"
1519,224.47,56.21,44.89,15.38,23.22,1693,"Masala Dosa with Potato Filling, Sambar & Coconut Chutney",Malabar Fish Curry with Steamed Rice & Beetroot Thoran,"Moong Dal Khichdi with Desi Ghee, Curd & Roasted Papad",Bhel Puri (Puffed Rice with Veggies & Tamarind Chutney),376,11.32,36.77,"Obesity, Heart Disease","Indian, Low Fat, Dash, Balanced"
1614,199.85,78.24,57.84,12.38,27.04,1713,"Poha with Peanuts, Curry Leaves & Lemon with Green Tea",Chole Masala (Spiced Chickpeas) with 1 Bhatura & Pickled Onions,Chicken Tikka Masala with 2 Whole Wheat Tandoori Rotis & Salad,"Sprouted Moong Chaat with Onion, Tomato, Lemon & Chaat Masala",354,16.14,62.1,,"Indian, Traditional, Balanced"
1610,215.71,62.44,56.58,15.64,25.0,1697,2 Methi Theplas with Fresh Curd (Dahi) & Mint Chutney,Malabar Fish Curry with Steamed Rice & Beetroot Thoran,"Moong Dal Khichdi with Desi Ghee, Curd & Roasted Papad",1 Vegetable Samosa with Mint Chutney & Masala Chai,561,12.24,36.52,,"Indian, Traditional, Balanced"
1563,163.36,94.89,59.42,8.41,20.29,1563,Moong Dal Cheela with Paneer Stuffing & Mint Chutney,Hyderabadi Chicken Biryani with Mirchi ka Salan & Onion Raita,Chicken Tikka Masala with 2 Whole Wheat Tandoori Rotis & Salad,Roasted Makhana (Foxnuts - 30g) with Green Tea,500,11.61,32.73,"Obesity, Diabetes","Indian, Low Carb, Traditional"
1710,111.19,111.29,92.57,12.76,20.61,1799,Moong Dal Cheela with Paneer Stuffing & Mint Chutney,Paneer Butter Masala with 2 Whole Wheat Phulkas & Boondi Raita,Tandoori Chicken (2 pcs leg/thigh) with Mint Raita & Green Salad,Paneer Tikka (3 grilled cubes) with Mint Coriander Chutney,1104,11.51,44.98,Diabetes,"Indian, Low Carb, Traditional"
1243,172.78,61.24,34.22,23.0,27.21,1384,2 Idlis with Sambhar (1 katori) & Coconut Chutney (2 tbsp),Homestyle Chicken Curry with 2 Chapatis & Onion Salad,Lauki Chana Dal Curry with 2 Phulkas & Cucumber Tomato Salad,"Fresh Fruit Chaat (Papaya, Apple, Guava & Chaat Masala)",296,10.47,84.99,"Obesity, Hypertension, Heart Disease, Kidney Disease","Indian, Low Fat, Dash, Balanced"
1694,212.13,75.07,62.2,14.31,28.94,1854,Besan Chilla (2 savory gram flour pancakes) with Green Coriander Chutney,Hyderabadi Chicken Biryani with Mirchi ka Salan & Onion Raita,Lauki Chana Dal Curry with 2 Phulkas & Cucumber Tomato Salad,1 Vegetable Samosa with Mint Chutney & Masala Chai,415,13.7,46.44,,"Indian, Traditional, Balanced"
1776,250.62,68.06,57.14,27.72,26.11,1883,"Masala Dosa with Potato Filling, Sambar & Coconut Chutney",Hyderabadi Chicken Biryani with Mirchi ka Salan & Onion Raita,"Moong Dal Khichdi with Desi Ghee, Curd & Roasted Papad","Fresh Fruit Chaat (Papaya, Apple, Guava & Chaat Masala)",433,11.99,85.5,,"Indian, Traditional, Balanced"
1527,208.57,67.06,47.32,12.64,26.11,1457,"Poha with Peanuts, Curry Leaves & Lemon with Green Tea",Hyderabadi Chicken Biryani with Mirchi ka Salan & Onion Raita,"Mix Vegetable Subzi (Beans, Carrot, Peas) with 2 Chapatis & Dal Fry",Roasted Chana (Bhuna Chana - 50g) with Masala Chai,378,13.84,43.82,"Obesity, Heart Disease","Indian, Low Fat, Dash, Balanced"
1478,166.46,76.98,57.46,11.4,24.44,1724,"Masala Dosa with Potato Filling, Sambar & Coconut Chutney",Chole Masala (Spiced Chickpeas) with 1 Bhatura & Pickled Onions,Tandoori Chicken (2 pcs leg/thigh) with Mint Raita & Green Salad,"Sprouted Moong Chaat with Onion, Tomato, Lemon & Chaat Masala",379,13.04,50.07,"Obesity, Diabetes","Indian, Low Carb, Traditional"
1382,198.44,53.84,42.11,27.23,37.12,1428,Besan Chilla (2 savory gram flour pancakes) with Green Coriander Chutney,Bhindi Do Pyaza with 2 Whole Wheat Rotis & Dal Palak,"Mix Vegetable Subzi (Beans, Carrot, Peas) with 2 Chapatis & Dal Fry","Fresh Fruit Chaat (Papaya, Apple, Guava & Chaat Masala)",473,13.66,119.71,"Obesity, Heart Disease","Indian, Low Fat, Dash, Balanced"
1486,211.47,55.44,47.62,30.45,31.37,1399,Vegetable Upma with Roasted Cashews & Filter Coffee,Baingan Bharta with 2 Bajra Rotis & Plain Dahi,Malabar Fish Curry with Steamed Rice & Beetroot Thoran,"Fresh Fruit Chaat (Papaya, Apple, Guava & Chaat Masala)",507,13.47,99.36,"Obesity, Hypertension, Heart Disease, Kidney Disease","Indian, Low Fat, Dash, Balanced"
1666,222.62,56.6,62.28,16.82,34.65,1772,Besan Chilla (2 savory gram flour pancakes) with Green Coriander Chutney,Baingan Bharta with 2 Bajra Rotis & Plain Dahi,"Moong Dal Khichdi with Desi Ghee, Curd & Roasted Papad",1 Vegetable Samosa with Mint Chutney & Masala Chai,577,16.16,48.36,,"Indian, Vegetarian, Balanced"
1346,186.89,46.4,47.13,9.97,29.18,1341,2 Methi Theplas with Fresh Curd (Dahi) & Mint Chutney,Chole Masala (Spiced Chickpeas) with 1 Bhatura & Pickled Onions,Lauki Chana Dal Curry with 2 Phulkas & Cucumber Tomato Salad,Roasted Makhana (Foxnuts - 30g) with Green Tea,435,12.87,36.8,"Obesity, Hypertension, Diabetes, Heart Disease, Kidney Disease","Indian, Low Fat, Dash, Balanced"
1516,130.83,103.91,64.22,12.76,21.44,1785,Besan Chilla (2 savory gram flour pancakes) with Green Coriander Chutney,Homestyle Chicken Curry with 2 Chapatis & Onion Salad,Tandoori Chicken (2 pcs leg/thigh) with Mint Raita & Green Salad,1 Vegetable Samosa with Mint Chutney & Masala Chai,398,12.46,44.08,"Obesity, Diabetes","Indian, Low Carb, Traditional"
1649,227.04,66.06,54.33,11.63,32.98,1691,1 Crispy Aloo Paratha with Fresh Curd (Dahi) & Zeera Pickle,Rajma Masala (Kidney Beans Curry) with Jeera Rice & Kachumber,Lauki Chana Dal Curry with 2 Phulkas & Cucumber Tomato Salad,Paneer Tikka (3 grilled cubes) with Mint Coriander Chutney,664,14.06,53.69,,"Indian, Vegetarian, Balanced"
1662,178.46,62.28,79.53,19.79,25.15,1662,2 Boiled Eggs with 2 Multigrain Toasts & Masala Chai,Paneer Butter Masala with 2 Whole Wheat Phulkas & Boondi Raita,Aloo Gobi Matar Masala with 2 Whole Wheat Rotis & Plain Dahi,1 Vegetable Samosa with Mint Chutney & Masala Chai,791,11.6,49.32,,"Indian, Traditional, Balanced"
1652,212.69,61.49,61.71,14.66,34.35,1762,"Masala Dosa with Potato Filling, Sambar & Coconut Chutney",Baingan Bharta with 2 Bajra Rotis & Plain Dahi,Egg Curry (2 Eggs) with 1.5 Whole Wheat Rotis & Kachumber Salad,"Sprouted Moong Chaat with Onion, Tomato, Lemon & Chaat Masala",531,16.74,69.04,,"Indian, Traditional, Balanced"
1659,230.55,79.32,46.46,9.4,27.99,1549,Moong Dal Cheela with Paneer Stuffing & Mint Chutney,Dal Tadka (Yellow Lentil) with Steamed Basmati Rice & Cucumber Salad,Malabar Fish Curry with Steamed Rice & Beetroot Thoran,Roasted Makhana (Foxnuts - 30g) with Green Tea,572,13.05,39.27,Heart Disease,"Indian, Low Fat, Dash, Balanced"
1307,192.69,63.49,31.3,9.96,29.61,1316,2 Methi Theplas with Fresh Curd (Dahi) & Mint Chutney,Dal Tadka (Yellow Lentil) with Steamed Basmati Rice & Cucumber Salad,Soya Chunks Curry with 1 cup Brown Rice & Fresh Salad,"Sprouted Moong Chaat with Onion, Tomato, Lemon & Chaat Masala",480,14.58,44.55,"Obesity, Hypertension, Diabetes, Heart Disease, Kidney Disease","Indian, Low Fat, Dash, Balanced"
1488,144.06,92.41,61.87,14.49,24.42,1727,2 Boiled Eggs with 2 Multigrain Toasts & Masala Chai,Chole Masala (Spiced Chickpeas) with 1 Bhatura & Pickled Onions,Tandoori Chicken (2 pcs leg/thigh) with Mint Raita & Green Salad,"Sprouted Moong Chaat with Onion, Tomato, Lemon & Chaat Masala",472,14.2,44.94,Obesity,"Indian, Low Carb, Traditional"
1668,242.75,53.8,54.56,28.65,32.69,1782,"Masala Dosa with Potato Filling, Sambar & Coconut Chutney","South Indian Meals: Sambar, Rasam, Cabbage Poriyal & Steamed Rice",Palak Paneer (Spinach Cottage Cheese) with 2 Whole Wheat Chapatis,"Fresh Fruit Chaat (Papaya, Apple, Guava & Chaat Masala)",672,13.34,123.12,,"Indian, Vegetarian, Balanced"
1707,224.08,73.78,58.45,17.65,24.94,1850,Vegetable Upma with Roasted Cashews & Filter Coffee,"South Indian Meals: Sambar, Rasam, Cabbage Poriyal & Steamed Rice",Chicken Tikka Masala with 2 Whole Wheat Tandoori Rotis & Salad,1 Vegetable Samosa with Mint Chutney & Masala Chai,409,12.05,55.7,,"Indian, Traditional, Balanced"
1451,155.13,73.16,60.88,8.99,17.8,1638,2 Idlis with Sambhar (1 katori) & Coconut Chutney (2 tbsp),Hyderabadi Chicken Biryani with Mirchi ka Salan & Onion Raita,Egg Curry (2 Eggs) with 1.5 Whole Wheat Rotis & Kachumber Salad,Paneer Tikka (3 grilled cubes) with Mint Coriander Chutney,519,10.15,35.07,Obesity,"Indian, Low Carb, Traditional"
1931,199.27,92.77,86.44,14.26,26.81,1995,Moong Dal Cheela with Paneer Stuffing & Mint Chutney,Hyderabadi Chicken Biryani with Mirchi ka Salan & Onion Raita,Palak Paneer (Spinach Cottage Cheese) with 2 Whole Wheat Chapatis,1 Vegetable Samosa with Mint Chutney & Masala Chai,906,14.8,52.66,,"Indian, High Protein, Traditional"
1563,215.54,51.0,57.02,13.93,25.55,1643,"Poha with Peanuts, Curry Leaves & Lemon with Green Tea","South Indian Meals: Sambar, Rasam, Cabbage Poriyal & Steamed Rice",Palak Paneer (Spinach Cottage Cheese) with 2 Whole Wheat Chapatis,1 Vegetable Samosa with Mint Chutney & Masala Chai,623,13.73,68.44,Obesity,"Indian, Vegetarian, Balanced"
1541,202.01,64.0,53.76,18.48,35.95,1653,2 Boiled Eggs with 2 Multigrain Toasts & Masala Chai,Baingan Bharta with 2 Bajra Rotis & Plain Dahi,Lauki Chana Dal Curry with 2 Phulkas & Cucumber Tomato Salad,Khaman Dhokla (2 steamed pcs) with Green Coriander Chutney,564,16.36,47.97,Obesity,"Indian, Traditional, Balanced"
1670,202.01,88.12,58.1,14.77,19.79,1815,"Poha with Peanuts, Curry Leaves & Lemon with Green Tea",Hyderabadi Chicken Biryani with Mirchi ka Salan & Onion Raita,Chicken Tikka Masala with 2 Whole Wheat Tandoori Rotis & Salad,Bhel Puri (Puffed Rice with Veggies & Tamarind Chutney),339,13.71,46.62,,"Indian, High Protein, Traditional"
1684,212.2,66.05,63.57,15.0,33.14,1684,Ragi Dosa (2 pcs) with Tomato Onion Chutney & Buttermilk,Chole Masala (Spiced Chickpeas) with 1 Bhatura & Pickled Onions,Egg Curry (2 Eggs) with 1.5 Whole Wheat Rotis & Kachumber Salad,Roasted Chana (Bhuna Chana - 50g) with Masala Chai,685,17.38,44.36,,"Indian, Traditional, Balanced"
1264,171.13,49.12,42.92,27.62,31.49,1255,2 Boiled Eggs with 2 Multigrain Toasts & Masala Chai,Baingan Bharta with 2 Bajra Rotis & Plain Dahi,"Mix Vegetable Subzi (Beans, Carrot, Peas) with 2 Chapatis & Dal Fry","Fresh Fruit Chaat (Papaya, Apple, Guava & Chaat Masala)",489,13.14,87.36,"Obesity, Hypertension, Heart Disease, Kidney Disease","Indian, Low Fat, Dash, Balanced"
1577,254.38,61.95,35.54,11.25,28.52,1705,2 Idlis with Sambhar (1 katori) & Coconut Chutney (2 tbsp),"South Indian Meals: Sambar, Rasam, Cabbage Poriyal & Steamed Rice",Malabar Fish Curry with Steamed Rice & Beetroot Thoran,Roasted Makhana (Foxnuts - 30g) with Green Tea,404,11.7,50.7,"Obesity, Heart Disease","Indian, Low Fat, Dash, Balanced"
1711,180.65,65.66,82.62,18.91,28.36,1778,2 Methi Theplas with Fresh Curd (Dahi) & Mint Chutney,Paneer Butter Masala with 2 Whole Wheat Phulkas & Boondi Raita,Palak Paneer (Spinach Cottage Cheese) with 2 Whole Wheat Chapatis,Bhel Puri (Puffed Rice with Veggies & Tamarind Chutney),1066,14.08,53.95,,"Indian, Vegetarian, Balanced"
1477,191.79,76.6,45.36,11.44,27.85,1452,Moong Dal Cheela with Paneer Stuffing & Mint Chutney,Fish Curry (Rohu in Mustard Gravy) with Steamed Rice & Green Salad,Aloo Gobi Matar Masala with 2 Whole Wheat Rotis & Plain Dahi,"Sprouted Moong Chaat with Onion, Tomato, Lemon & Chaat Masala",585,12.63,75.4,"Obesity, Diabetes, Heart Disease","Indian, Low Fat, Dash, Balanced"
1397,174.09,51.12,55.12,16.63,28.98,1492,2 Methi Theplas with Fresh Curd (Dahi) & Mint Chutney,Baingan Bharta with 2 Bajra Rotis & Plain Dahi,Egg Curry (2 Eggs) with 1.5 Whole Wheat Rotis & Kachumber Salad,Bhel Puri (Puffed Rice with Veggies & Tamarind Chutney),563,14.54,50.74,Obesity,"Indian, Low Carb, Traditional"
1642,227.72,65.06,53.23,17.74,32.94,1708,2 Boiled Eggs with 2 Multigrain Toasts & Masala Chai,Rajma Masala (Kidney Beans Curry) with Jeera Rice & Kachumber,"Mix Vegetable Subzi (Beans, Carrot, Peas) with 2 Chapatis & Dal Fry",1 Vegetable Samosa with Mint Chutney & Masala Chai,472,14.68,44.26,,"Indian, Traditional, Balanced"
1324,181.59,67.45,36.99,23.84,28.65,1287,2 Methi Theplas with Fresh Curd (Dahi) & Mint Chutney,Malabar Fish Curry with Steamed Rice & Beetroot Thoran,Soya Chunks Curry with 1 cup Brown Rice & Fresh Salad,"Fresh Fruit Chaat (Papaya, Apple, Guava & Chaat Masala)",519,13.6,83.23,"Obesity, Hypertension, Heart Disease, Kidney Disease","Indian, Low Fat, Dash, Balanced"
1572,205.01,64.52,55.69,11.35,25.81,1514,2 Methi Theplas with Fresh Curd (Dahi) & Mint Chutney,Hyderabadi Chicken Biryani with Mirchi ka Salan & Onion Raita,Aloo Gobi Matar Masala with 2 Whole Wheat Rotis & Plain Dahi,Roasted Makhana (Foxnuts - 30g) with Green Tea,543,11.93,51.03,Obesity,"Indian, Traditional, Balanced"
1357,200.96,62.7,33.67,11.35,24.21,1315,Ragi Dosa (2 pcs) with Tomato Onion Chutney & Buttermilk,Fish Curry (Rohu in Mustard Gravy) with Steamed Rice & Green Salad,"Moong Dal Khichdi with Desi Ghee, Curd & Roasted Papad",Roasted Chana (Bhuna Chana - 50g) with Masala Chai,586,12.48,28.37,"Obesity, Hypertension, Heart Disease, Kidney Disease","Indian, Low Fat, Dash, Balanced"
1559,185.62,72.85,59.16,12.72,26.4,1589,1 Crispy Aloo Paratha with Fresh Curd (Dahi) & Zeera Pickle,Chole Masala (Spiced Chickpeas) with 1 Bhatura & Pickled Onions,Chicken Tikka Masala with 2 Whole Wheat Tandoori Rotis & Salad,Roasted Chana (Bhuna Chana - 50g) with Masala Chai,439,13.86,36.21,"Obesity, Diabetes","Indian, Traditional, Balanced"
1558,152.4,82.22,70.46,11.66,27.82,1558,Besan Chilla (2 savory gram flour pancakes) with Green Coriander Chutney,Paneer Butter Masala with 2 Whole Wheat Phulkas & Boondi Raita,Soya Chunks Curry with 1 cup Brown Rice & Fresh Salad,Paneer Tikka (3 grilled cubes) with Mint Coriander Chutney,892,14.44,42.07,"Obesity, Diabetes","Indian, Low Carb, Traditional"
1326,211.43,40.35,35.93,26.24,26.81,1242,Vegetable Upma with Roasted Cashews & Filter Coffee,Dal Tadka (Yellow Lentil) with Steamed Basmati Rice & Cucumber Salad,Aloo Gobi Matar Masala with 2 Whole Wheat Rotis & Plain Dahi,"Fresh Fruit Chaat (Papaya, Apple, Guava & Chaat Masala)",376,9.88,99.41,"Obesity, Hypertension, Heart Disease, Kidney Disease","Indian, Low Fat, Dash, Balanced"
1605,234.49,73.15,41.16,14.93,33.06,1632,Besan Chilla (2 savory gram flour pancakes) with Green Coriander Chutney,"South Indian Meals: Sambar, Rasam, Cabbage Poriyal & Steamed Rice",Malabar Fish Curry with Steamed Rice & Beetroot Thoran,Roasted Chana (Bhuna Chana - 50g) with Masala Chai,440,14.5,57.26,Heart Disease,"Indian, Low Fat, Dash, Balanced"
1580,225.32,53.5,51.28,14.84,35.33,1504,"Masala Dosa with Potato Filling, Sambar & Coconut Chutney",Bhindi Do Pyaza with 2 Whole Wheat Rotis & Dal Palak,Aloo Gobi Matar Masala with 2 Whole Wheat Rotis & Plain Dahi,Roasted Chana (Bhuna Chana - 50g) with Masala Chai,547,14.03,71.67,"Obesity, Heart Disease","Indian, Vegetarian, Balanced"
1317,182.57,51.69,42.49,23.63,28.14,1317,2 Methi Theplas with Fresh Curd (Dahi) & Mint Chutney,Rajma Masala (Kidney Beans Curry) with Jeera Rice & Kachumber,Egg Curry (2 Eggs) with 1.5 Whole Wheat Rotis & Kachumber Salad,"Fresh Fruit Chaat (Papaya, Apple, Guava & Chaat Masala)",443,12.27,87.14,"Obesity, Hypertension, Heart Disease, Kidney Disease","Indian, Low Fat, Dash, Balanced"
1559,113.82,92.75,83.04,13.09,19.53,1674,2 Methi Theplas with Fresh Curd (Dahi) & Mint Chutney,Paneer Butter Masala with 2 Whole Wheat Phulkas & Boondi Raita,Tandoori Chicken (2 pcs leg/thigh) with Mint Raita & Green Salad,Paneer Tikka (3 grilled cubes) with Mint Coriander Chutney,967,10.87,40.32,Obesity,"Indian, Low Carb, Traditional"
1752,216.34,68.8,68.69,15.24,24.03,1905,"Masala Dosa with Potato Filling, Sambar & Coconut Chutney",Malabar Fish Curry with Steamed Rice & Beetroot Thoran,Egg Curry (2 Eggs) with 1.5 Whole Wheat Rotis & Kachumber Salad,1 Vegetable Samosa with Mint Chutney & Masala Chai,436,12.81,48.16,,"Indian, Traditional, Balanced"
1516,195.9,73.59,50.07,26.87,28.75,1516,"Poha with Peanuts, Curry Leaves & Lemon with Green Tea",Bhindi Do Pyaza with 2 Whole Wheat Rotis & Dal Palak,Chicken Tikka Masala with 2 Whole Wheat Tandoori Rotis & Salad,"Fresh Fruit Chaat (Papaya, Apple, Guava & Chaat Masala)",441,14.32,118.02,"Obesity, Heart Disease","Indian, Traditional, Balanced"
1277,167.09,58.61,42.35,23.98,19.29,1268,Vegetable Upma with Roasted Cashews & Filter Coffee,Fish Curry (Rohu in Mustard Gravy) with Steamed Rice & Green Salad,Egg Curry (2 Eggs) with 1.5 Whole Wheat Rotis & Kachumber Salad,"Fresh Fruit Chaat (Papaya, Apple, Guava & Chaat Masala)",343,9.65,84.24,"Obesity, Hypertension, Kidney Disease","Indian, Low Fat, Dash, Balanced"
1545,225.63,54.09,48.29,16.98,30.79,1729,Ragi Dosa (2 pcs) with Tomato Onion Chutney & Buttermilk,"South Indian Meals: Sambar, Rasam, Cabbage Poriyal & Steamed Rice",Palak Paneer (Spinach Cottage Cheese) with 2 Whole Wheat Chapatis,Bhel Puri (Puffed Rice with Veggies & Tamarind Chutney),867,14.66,69.9,"Obesity, Heart Disease","Indian, Vegetarian, Balanced"
1460,188.44,79.67,43.35,11.81,22.94,1689,2 Idlis with Sambhar (1 katori) & Coconut Chutney (2 tbsp),Homestyle Chicken Curry with 2 Chapatis & Onion Salad,Malabar Fish Curry with Steamed Rice & Beetroot Thoran,Khaman Dhokla (2 steamed pcs) with Green Coriander Chutney,326,11.23,38.57,"Obesity, Diabetes, Heart Disease","Indian, Low Fat, Dash, Balanced"
1550,245.92,57.35,38.2,14.29,37.88,1545,Ragi Dosa (2 pcs) with Tomato Onion Chutney & Buttermilk,Rajma Masala (Kidney Beans Curry) with Jeera Rice & Kachumber,Aloo Gobi Matar Masala with 2 Whole Wheat Rotis & Plain Dahi,"Sprouted Moong Chaat with Onion, Tomato, Lemon & Chaat Masala",673,15.98,81.8,"Obesity, Heart Disease","Indian, Low Fat, Dash, Balanced"
1358,196.63,54.23,40.35,11.25,20.47,1300,Vegetable Upma with Roasted Cashews & Filter Coffee,Malabar Fish Curry with Steamed Rice & Beetroot Thoran,"Moong Dal Khichdi with Desi Ghee, Curd & Roasted Papad",Roasted Makhana (Foxnuts - 30g) with Green Tea,393,9.8,26.58,"Obesity, Hypertension, Kidney Disease","Indian, Low Fat, Dash, Balanced"
1604,182.9,94.05,52.98,12.89,33.59,1528,Moong Dal Cheela with Paneer Stuffing & Mint Chutney,Homestyle Chicken Curry with 2 Chapatis & Onion Salad,Lauki Chana Dal Curry with 2 Phulkas & Cucumber Tomato Salad,Roasted Chana (Bhuna Chana - 50g) with Masala Chai,575,15.06,44.97,Diabetes,"Indian, High Protein, Traditional"
1356,171.42,56.64,49.49,12.35,31.85,1291,Ragi Dosa (2 pcs) with Tomato Onion Chutney & Buttermilk,Bhindi Do Pyaza with 2 Whole Wheat Rotis & Dal Palak,Palak Paneer (Spinach Cottage Cheese) with 2 Whole Wheat Chapatis,Roasted Chana (Bhuna Chana - 50g) with Masala Chai,891,14.86,57.2,"Obesity, Hypertension, Diabetes, Heart Disease, Kidney Disease","Indian, Low Carb, Traditional"
1558,214.89,48.5,57.51,17.54,31.25,1649,2 Methi Theplas with Fresh Curd (Dahi) & Mint Chutney,Chole Masala (Spiced Chickpeas) with 1 Bhatura & Pickled Onions,Aloo Gobi Matar Masala with 2 Whole Wheat Rotis & Plain Dahi,Bhel Puri (Puffed Rice with Veggies & Tamarind Chutney),524,14.09,62.59,Obesity,"Indian, Vegetarian, Balanced"
1671,204.4,76.54,62.33,11.41,23.61,1701,"Poha with Peanuts, Curry Leaves & Lemon with Green Tea",Hyderabadi Chicken Biryani with Mirchi ka Salan & Onion Raita,"Mix Vegetable Subzi (Beans, Carrot, Peas) with 2 Chapatis & Dal Fry",Paneer Tikka (3 grilled cubes) with Mint Coriander Chutney,565,13.41,54.13,,"Indian, Traditional, Balanced"
1500,204.07,72.58,43.23,16.22,30.63,1665,Ragi Dosa (2 pcs) with Tomato Onion Chutney & Buttermilk,Homestyle Chicken Curry with 2 Chapatis & Onion Salad,Lauki Chana Dal Curry with 2 Phulkas & Cucumber Tomato Salad,Bhel Puri (Puffed Rice with Veggies & Tamarind Chutney),564,14.52,51.12,"Obesity, Heart Disease","Indian, Low Fat, Dash, Balanced"
1870,221.65,73.78,78.35,16.52,30.24,1902,"Masala Dosa with Potato Filling, Sambar & Coconut Chutney",Paneer Butter Masala with 2 Whole Wheat Phulkas & Boondi Raita,Soya Chunks Curry with 1 cup Brown Rice & Fresh Salad,1 Vegetable Samosa with Mint Chutney & Masala Chai,792,15.38,39.49,,"Indian, Vegetarian, Balanced"
1419,175.62,66.52,50.82,12.77,20.05,1685,"Masala Dosa with Potato Filling, Sambar & Coconut Chutney","South Indian Meals: Sambar, Rasam, Cabbage Poriyal & Steamed Rice",Tandoori Chicken (2 pcs leg/thigh) with Mint Raita & Green Salad,1 Vegetable Samosa with Mint Chutney & Masala Chai,365,9.85,46.74,"Obesity, Diabetes","Indian, Traditional, Balanced"
1455,212.81,62.9,40.34,8.78,25.32,1440,1 Crispy Aloo Paratha with Fresh Curd (Dahi) & Zeera Pickle,Fish Curry (Rohu in Mustard Gravy) with Steamed Rice & Green Salad,Lauki Chana Dal Curry with 2 Phulkas & Cucumber Tomato Salad,Roasted Makhana (Foxnuts - 30g) with Green Tea,434,11.64,41.56,"Obesity, Heart Disease","Indian, Low Fat, Dash, Balanced"
1850,214.24,69.41,82.05,17.84,24.26,1886,1 Crispy Aloo Paratha with Fresh Curd (Dahi) & Zeera Pickle,Paneer Butter Masala with 2 Whole Wheat Phulkas & Boondi Raita,Malabar Fish Curry with Steamed Rice & Beetroot Thoran,1 Vegetable Samosa with Mint Chutney & Masala Chai,810,11.92,42.81,,"Indian, Traditional, Balanced"
1491,165.31,79.12,57.08,12.3,24.7,1527,Vegetable Upma with Roasted Cashews & Filter Coffee,Homestyle Chicken Curry with 2 Chapatis & Onion Salad,Lauki Chana Dal Curry with 2 Phulkas & Cucumber Tomato Salad,Paneer Tikka (3 grilled cubes) with Mint Coriander Chutney,539,11.58,45.5,"Obesity, Diabetes","Indian, Low Carb, Traditional"
1381,184.72,68.18,41.8,23.55,28.16,1399,2 Methi Theplas with Fresh Curd (Dahi) & Mint Chutney,Rajma Masala (Kidney Beans Curry) with Jeera Rice & Kachumber,Chicken Tikka Masala with 2 Whole Wheat Tandoori Rotis & Salad,"Fresh Fruit Chaat (Papaya, Apple, Guava & Chaat Masala)",419,12.49,85.01,"Obesity, Hypertension, Heart Disease, Kidney Disease","Indian, Low Fat, Dash, Balanced"
1633,221.63,82.29,45.96,12.35,26.7,1560,"Poha with Peanuts, Curry Leaves & Lemon with Green Tea",Dal Tadka (Yellow Lentil) with Steamed Basmati Rice & Cucumber Salad,Chicken Tikka Masala with 2 Whole Wheat Tandoori Rotis & Salad,Roasted Chana (Bhuna Chana - 50g) with Masala Chai,357,15.39,43.34,Heart Disease,"Indian, Low Fat, Dash, Balanced"
1434,192.32,55.41,49.7,28.14,32.34,1466,Ragi Dosa (2 pcs) with Tomato Onion Chutney & Buttermilk,Bhindi Do Pyaza with 2 Whole Wheat Rotis & Dal Palak,Egg Curry (2 Eggs) with 1.5 Whole Wheat Rotis & Kachumber Salad,"Fresh Fruit Chaat (Papaya, Apple, Guava & Chaat Masala)",726,14.12,117.07,"Obesity, Heart Disease","Indian, Traditional, Balanced"
1368,134.93,94.38,50.0,7.87,17.03,1437,"Poha with Peanuts, Curry Leaves & Lemon with Green Tea",Homestyle Chicken Curry with 2 Chapatis & Onion Salad,Tandoori Chicken (2 pcs leg/thigh) with Mint Raita & Green Salad,Roasted Makhana (Foxnuts - 30g) with Green Tea,338,12.01,39.96,Obesity,"Indian, Low Carb, Traditional"
1641,174.68,84.82,67.13,13.51,28.2,1780,2 Methi Theplas with Fresh Curd (Dahi) & Mint Chutney,Homestyle Chicken Curry with 2 Chapatis & Onion Salad,Palak Paneer (Spinach Cottage Cheese) with 2 Whole Wheat Chapatis,Khaman Dhokla (2 steamed pcs) with Green Coriander Chutney,757,14.8,55.33,Diabetes,"Indian, Low Carb, Traditional"
1498,167.76,69.11,61.88,9.09,31.2,1405,Moong Dal Cheela with Paneer Stuffing & Mint Chutney,Bhindi Do Pyaza with 2 Whole Wheat Rotis & Dal Palak,Palak Paneer (Spinach Cottage Cheese) with 2 Whole Wheat Chapatis,Roasted Makhana (Foxnuts - 30g) with Green Tea,909,14.15,63.22,"Obesity, Diabetes","Indian, Low Carb, Traditional"
1622,236.32,62.95,48.35,29.85,32.12,1655,1 Crispy Aloo Paratha with Fresh Curd (Dahi) & Zeera Pickle,Malabar Fish Curry with Steamed Rice & Beetroot Thoran,"Mix Vegetable Subzi (Beans, Carrot, Peas) with 2 Chapatis & Dal Fry","Fresh Fruit Chaat (Papaya, Apple, Guava & Chaat Masala)",515,12.76,110.75,Heart Disease,"Indian, Traditional, Balanced"
1407,171.72,80.15,45.6,9.84,21.92,1365,Vegetable Upma with Roasted Cashews & Filter Coffee,Fish Curry (Rohu in Mustard Gravy) with Steamed Rice & Green Salad,Soya Chunks Curry with 1 cup Brown Rice & Fresh Salad,Paneer Tikka (3 grilled cubes) with Mint Coriander Chutney,585,12.72,37.24,"Obesity, Hypertension, Diabetes","Indian, Low Fat, Dash, Balanced"
1321,189.31,41.83,45.02,12.76,25.7,1418,1 Crispy Aloo Paratha with Fresh Curd (Dahi) & Zeera Pickle,Baingan Bharta with 2 Bajra Rotis & Plain Dahi,"Moong Dal Khichdi with Desi Ghee, Curd & Roasted Papad",Khaman Dhokla (2 steamed pcs) with Green Coriander Chutney,501,11.96,36.87,"Obesity, Diabetes, Heart Disease","Indian, Low Fat, Dash, Balanced"
1484,226.36,53.39,41.37,11.14,35.63,1555,2 Idlis with Sambhar (1 katori) & Coconut Chutney (2 tbsp),Bhindi Do Pyaza with 2 Whole Wheat Rotis & Dal Palak,"Mix Vegetable Subzi (Beans, Carrot, Peas) with 2 Chapatis & Dal Fry",Roasted Makhana (Foxnuts - 30g) with Green Tea,498,13.35,60.67,"Obesity, Heart Disease","Indian, Low Fat, Dash, Balanced"
1768,218.88,85.69,63.34,13.56,29.61,1876,"Poha with Peanuts, Curry Leaves & Lemon with Green Tea",Chole Masala (Spiced Chickpeas) with 1 Bhatura & Pickled Onions,Chicken Tikka Masala with 2 Whole Wheat Tandoori Rotis & Salad,"Sprouted Moong Chaat with Onion, Tomato, Lemon & Chaat Masala",387,17.68,68.01,,"Indian, High Protein, Traditional"
1625,173.29,59.75,78.47,16.45,23.58,1684,Ragi Dosa (2 pcs) with Tomato Onion Chutney & Buttermilk,Paneer Butter Masala with 2 Whole Wheat Phulkas & Boondi Raita,Egg Curry (2 Eggs) with 1.5 Whole Wheat Rotis & Kachumber Salad,1 Vegetable Samosa with Mint Chutney & Masala Chai,902,12.48,42.31,,"Indian, Low Carb, Traditional"
1652,227.95,66.3,52.82,12.49,28.4,1768,1 Crispy Aloo Paratha with Fresh Curd (Dahi) & Zeera Pickle,Dal Tadka (Yellow Lentil) with Steamed Basmati Rice & Cucumber Salad,Egg Curry (2 Eggs) with 1.5 Whole Wheat Rotis & Kachumber Salad,"Sprouted Moong Chaat with Onion, Tomato, Lemon & Chaat Masala",492,14.14,60.66,,"Indian, Traditional, Balanced"
1369,192.84,58.69,41.21,13.74,29.61,1445,1 Crispy Aloo Paratha with Fresh Curd (Dahi) & Zeera Pickle,Bhindi Do Pyaza with 2 Whole Wheat Rotis & Dal Palak,Soya Chunks Curry with 1 cup Brown Rice & Fresh Salad,Bhel Puri (Puffed Rice with Veggies & Tamarind Chutney),546,14.36,51.82,"Obesity, Diabetes, Heart Disease","Indian, Low Fat, Dash, Balanced"
1644,221.67,80.26,49.31,12.06,28.39,1580,Vegetable Upma with Roasted Cashews & Filter Coffee,Rajma Masala (Kidney Beans Curry) with Jeera Rice & Kachumber,Chicken Tikka Masala with 2 Whole Wheat Tandoori Rotis & Salad,Roasted Makhana (Foxnuts - 30g) with Green Tea,384,13.77,40.56,Heart Disease,"Indian, Traditional, Balanced"
1438,200.63,50.44,48.29,14.01,32.04,1345,1 Crispy Aloo Paratha with Fresh Curd (Dahi) & Zeera Pickle,Bhindi Do Pyaza with 2 Whole Wheat Rotis & Dal Palak,Aloo Gobi Matar Masala with 2 Whole Wheat Rotis & Plain Dahi,Roasted Chana (Bhuna Chana - 50g) with Masala Chai,593,12.89,67.44,"Obesity, Hypertension, Heart Disease, Kidney Disease","Indian, Vegetarian, Balanced"
1692,190.29,101.97,57.25,9.88,26.3,1620,Moong Dal Cheela with Paneer Stuffing & Mint Chutney,Homestyle Chicken Curry with 2 Chapatis & Onion Salad,Malabar Fish Curry with Steamed Rice & Beetroot Thoran,Roasted Makhana (Foxnuts - 30g) with Green Tea,578,13.43,42.28,Diabetes,"Indian, High Protein, Traditional"
1396,187.34,54.22,47.97,19.3,31.79,1490,2 Boiled Eggs with 2 Multigrain Toasts & Masala Chai,Baingan Bharta with 2 Bajra Rotis & Plain Dahi,"Mix Vegetable Subzi (Beans, Carrot, Peas) with 2 Chapatis & Dal Fry",Bhel Puri (Puffed Rice with Veggies & Tamarind Chutney),508,14.67,47.4,"Obesity, Heart Disease","Indian, Low Fat, Dash, Balanced"
1449,196.43,67.45,44.38,12.11,26.75,1463,Vegetable Upma with Roasted Cashews & Filter Coffee,"South Indian Meals: Sambar, Rasam, Cabbage Poriyal & Steamed Rice",Soya Chunks Curry with 1 cup Brown Rice & Fresh Salad,Paneer Tikka (3 grilled cubes) with Mint Coriander Chutney,615,13.08,50.01,"Obesity, Heart Disease","Indian, Low Fat, Dash, Balanced"
1330,202.59,57.07,33.12,14.22,25.6,1441,Ragi Dosa (2 pcs) with Tomato Onion Chutney & Buttermilk,Fish Curry (Rohu in Mustard Gravy) with Steamed Rice & Green Salad,"Mix Vegetable Subzi (Beans, Carrot, Peas) with 2 Chapatis & Dal Fry",Bhel Puri (Puffed Rice with Veggies & Tamarind Chutney),518,12.29,49.0,"Obesity, Heart Disease","Indian, Low Fat, Dash, Balanced"
1569,250.02,55.65,39.29,14.38,34.68,1734,1 Crispy Aloo Paratha with Fresh Curd (Dahi) & Zeera Pickle,"South Indian Meals: Sambar, Rasam, Cabbage Poriyal & Steamed Rice",Lauki Chana Dal Curry with 2 Phulkas & Cucumber Tomato Salad,"Sprouted Moong Chaat with Onion, Tomato, Lemon & Chaat Masala",486,13.72,77.6,"Obesity, Heart Disease","Indian, Low Fat, Dash, Balanced"
1492,191.62,65.57,52.65,11.94,33.67,1556,Moong Dal Cheela with Paneer Stuffing & Mint Chutney,Chole Masala (Spiced Chickpeas) with 1 Bhatura & Pickled Onions,Lauki Chana Dal Curry with 2 Phulkas & Cucumber Tomato Salad,"Sprouted Moong Chaat with Onion, Tomato, Lemon & Chaat Masala",531,14.88,58.92,"Obesity, Diabetes","Indian, Vegetarian, Balanced"
1497,189.36,58.93,57.37,13.2,25.67,1507,Vegetable Upma with Roasted Cashews & Filter Coffee,Bhindi Do Pyaza with 2 Whole Wheat Rotis & Dal Palak,"Moong Dal Khichdi with Desi Ghee, Curd & Roasted Papad",Paneer Tikka (3 grilled cubes) with Mint Coriander Chutney,702,11.43,49.58,"Obesity, Diabetes","Indian, Vegetarian, Balanced"
1406,169.23,67.83,51.95,13.12,19.55,1651,1 Crispy Aloo Paratha with Fresh Curd (Dahi) & Zeera Pickle,"South Indian Meals: Sambar, Rasam, Cabbage Poriyal & Steamed Rice",Tandoori Chicken (2 pcs leg/thigh) with Mint Raita & Green Salad,1 Vegetable Samosa with Mint Chutney & Masala Chai,451,9.82,48.11,Obesity,"Indian, Low Carb, Traditional"
1600,183.1,92.44,55.87,14.61,24.09,1723,2 Boiled Eggs with 2 Multigrain Toasts & Masala Chai,Fish Curry (Rohu in Mustard Gravy) with Steamed Rice & Green Salad,Egg Curry (2 Eggs) with 1.5 Whole Wheat Rotis & Kachumber Salad,"Sprouted Moong Chaat with Onion, Tomato, Lemon & Chaat Masala",491,14.5,53.86,,"Indian, High Protein, Traditional"
1403,119.16,87.68,65.37,12.78,22.78,1583,Besan Chilla (2 savory gram flour pancakes) with Green Coriander Chutney,Paneer Butter Masala with 2 Whole Wheat Phulkas & Boondi Raita,Tandoori Chicken (2 pcs leg/thigh) with Mint Raita & Green Salad,"Sprouted Moong Chaat with Onion, Tomato, Lemon & Chaat Masala",654,11.76,51.76,"Obesity, Diabetes","Indian, Low Carb, Traditional"
1766,191.78,87.25,74.19,12.73,25.47,1849,2 Idlis with Sambhar (1 katori) & Coconut Chutney (2 tbsp),Paneer Butter Masala with 2 Whole Wheat Phulkas & Boondi Raita,Chicken Tikka Masala with 2 Whole Wheat Tandoori Rotis & Salad,Roasted Makhana (Foxnuts - 30g) with Green Tea,714,12.29,36.1,Diabetes,"Indian, High Protein, Traditional"
1590,178.98,90.12,58.11,10.42,28.0,1611,Moong Dal Cheela with Paneer Stuffing & Mint Chutney,Fish Curry (Rohu in Mustard Gravy) with Steamed Rice & Green Salad,Palak Paneer (Spinach Cottage Cheese) with 2 Whole Wheat Chapatis,"Sprouted Moong Chaat with Onion, Tomato, Lemon & Chaat Masala",835,14.74,69.17,"Obesity, Diabetes","Indian, High Protein, Traditional"
1446,162.86,98.12,44.65,11.87,22.93,1512,Ragi Dosa (2 pcs) with Tomato Onion Chutney & Buttermilk,Fish Curry (Rohu in Mustard Gravy) with Steamed Rice & Green Salad,Tandoori Chicken (2 pcs leg/thigh) with Mint Raita & Green Salad,Roasted Chana (Bhuna Chana - 50g) with Masala Chai,639,13.5,38.15,"Obesity, Diabetes, Heart Disease","Indian, Low Fat, Dash, Balanced"
1475,249.99,46.25,33.18,16.22,27.29,1791,2 Idlis with Sambhar (1 katori) & Coconut Chutney (2 tbsp),"South Indian Meals: Sambar, Rasam, Cabbage Poriyal & Steamed Rice","Moong Dal Khichdi with Desi Ghee, Curd & Roasted Papad",Bhel Puri (Puffed Rice with Veggies & Tamarind Chutney),385,11.17,47.09,"Obesity, Heart Disease","Indian, Low Fat, Dash, Balanced"
1642,203.2,80.13,56.79,10.1,27.59,1597,Moong Dal Cheela with Paneer Stuffing & Mint Chutney,Hyderabadi Chicken Biryani with Mirchi ka Salan & Onion Raita,"Mix Vegetable Subzi (Beans, Carrot, Peas) with 2 Chapatis & Dal Fry",Roasted Makhana (Foxnuts - 30g) with Green Tea,569,12.73,42.64,,"Indian, Traditional, Balanced"
1430,213.18,46.19,44.33,9.53,27.13,1445,"Masala Dosa with Potato Filling, Sambar & Coconut Chutney",Bhindi Do Pyaza with 2 Whole Wheat Rotis & Dal Palak,"Moong Dal Khichdi with Desi Ghee, Curd & Roasted Papad",Roasted Makhana (Foxnuts - 30g) with Green Tea,459,11.5,41.38,"Obesity, Heart Disease","Indian, Low Fat, Dash, Balanced"
1426,189.91,63.55,46.5,10.53,31.68,1482,Besan Chilla (2 savory gram flour pancakes) with Green Coriander Chutney,Rajma Masala (Kidney Beans Curry) with Jeera Rice & Kachumber,"Mix Vegetable Subzi (Beans, Carrot, Peas) with 2 Chapatis & Dal Fry",Paneer Tikka (3 grilled cubes) with Mint Coriander Chutney,526,13.42,54.14,"Obesity, Diabetes, Heart Disease","Indian, Low Fat, Dash, Balanced"
1754,232.63,81.71,56.49,15.26,31.37,1855,Ragi Dosa (2 pcs) with Tomato Onion Chutney & Buttermilk,Rajma Masala (Kidney Beans Curry) with Jeera Rice & Kachumber,Chicken Tikka Masala with 2 Whole Wheat Tandoori Rotis & Salad,1 Vegetable Samosa with Mint Chutney & Masala Chai,625,15.9,49.18,,"Indian, Traditional, Balanced"
1419,212.4,54.74,39.1,18.92,28.48,1607,2 Boiled Eggs with 2 Multigrain Toasts & Masala Chai,"South Indian Meals: Sambar, Rasam, Cabbage Poriyal & Steamed Rice","Mix Vegetable Subzi (Beans, Carrot, Peas) with 2 Chapatis & Dal Fry",Bhel Puri (Puffed Rice with Veggies & Tamarind Chutney),412,12.26,53.58,"Obesity, Heart Disease","Indian, Low Fat, Dash, Balanced"
1596,150.0,67.31,83.37,11.92,21.44,1548,"Poha with Peanuts, Curry Leaves & Lemon with Green Tea",Paneer Butter Masala with 2 Whole Wheat Phulkas & Boondi Raita,Palak Paneer (Spinach Cottage Cheese) with 2 Whole Wheat Chapatis,Paneer Tikka (3 grilled cubes) with Mint Coriander Chutney,1050,12.88,54.9,"Obesity, Diabetes","Indian, Low Carb, Traditional"
1513,184.58,92.93,44.39,25.7,33.77,1551,Besan Chilla (2 savory gram flour pancakes) with Green Coriander Chutney,Homestyle Chicken Curry with 2 Chapatis & Onion Salad,Soya Chunks Curry with 1 cup Brown Rice & Fresh Salad,"Fresh Fruit Chaat (Papaya, Apple, Guava & Chaat Masala)",443,16.46,98.66,"Obesity, Heart Disease","Indian, Low Fat, Dash, Balanced"
1745,211.7,78.09,66.86,13.09,29.01,1789,1 Crispy Aloo Paratha with Fresh Curd (Dahi) & Zeera Pickle,Bhindi Do Pyaza with 2 Whole Wheat Rotis & Dal Palak,Malabar Fish Curry with Steamed Rice & Beetroot Thoran,Paneer Tikka (3 grilled cubes) with Mint Coriander Chutney,818,13.52,65.77,,"Indian, Traditional, Balanced"
1825,208.32,85.52,72.01,12.95,28.36,1898,"Masala Dosa with Potato Filling, Sambar & Coconut Chutney",Homestyle Chicken Curry with 2 Chapatis & Onion Salad,Aloo Gobi Matar Masala with 2 Whole Wheat Rotis & Plain Dahi,Paneer Tikka (3 grilled cubes) with Mint Coriander Chutney,651,13.17,70.22,,"Indian, High Protein, Traditional"
1223,201.46,41.52,28.07,7.85,22.56,1200,Ragi Dosa (2 pcs) with Tomato Onion Chutney & Buttermilk,Dal Tadka (Yellow Lentil) with Steamed Basmati Rice & Cucumber Salad,"Moong Dal Khichdi with Desi Ghee, Curd & Roasted Papad",Roasted Makhana (Foxnuts - 30g) with Green Tea,507,10.56,23.02,"Obesity, Hypertension, Heart Disease, Kidney Disease","Indian, Low Fat, Dash, Balanced"
1444,207.29,55.27,45.08,11.89,27.89,1519,"Poha with Peanuts, Curry Leaves & Lemon with Green Tea","South Indian Meals: Sambar, Rasam, Cabbage Poriyal & Steamed Rice",Palak Paneer (Spinach Cottage Cheese) with 2 Whole Wheat Chapatis,"Sprouted Moong Chaat with Onion, Tomato, Lemon & Chaat Masala",605,14.49,81.26,"Obesity, Heart Disease","Indian, Low Fat, Dash, Balanced"
1745,245.73,69.27,55.16,28.01,30.92,1842,"Masala Dosa with Potato Filling, Sambar & Coconut Chutney",Hyderabadi Chicken Biryani with Mirchi ka Salan & Onion Raita,Lauki Chana Dal Curry with 2 Phulkas & Cucumber Tomato Salad,"Fresh Fruit Chaat (Papaya, Apple, Guava & Chaat Masala)",399,12.93,98.36,,"Indian, Traditional, Balanced"
1862,211.18,96.7,71.36,17.23,26.9,1990,2 Methi Theplas with Fresh Curd (Dahi) & Mint Chutney,Malabar Fish Curry with Steamed Rice & Beetroot Thoran,Chicken Tikka Masala with 2 Whole Wheat Tandoori Rotis & Salad,1 Vegetable Samosa with Mint Chutney & Masala Chai,575,14.56,50.35,,"Indian, High Protein, Traditional"
1502,164.06,75.32,61.41,14.77,26.36,1511,2 Boiled Eggs with 2 Multigrain Toasts & Masala Chai,Baingan Bharta with 2 Bajra Rotis & Plain Dahi,Malabar Fish Curry with Steamed Rice & Beetroot Thoran,Paneer Tikka (3 grilled cubes) with Mint Coriander Chutney,716,13.9,41.04,Obesity,"Indian, Low Carb, Traditional"
1523,146.01,83.18,66.56,12.13,21.68,1604,Moong Dal Cheela with Paneer Stuffing & Mint Chutney,Homestyle Chicken Curry with 2 Chapatis & Onion Salad,Egg Curry (2 Eggs) with 1.5 Whole Wheat Rotis & Kachumber Salad,1 Vegetable Samosa with Mint Chutney & Masala Chai,521,12.03,42.78,"Obesity, Diabetes","Indian, Low Carb, Traditional"
1412,207.06,60.53,38.02,11.85,27.94,1511,Moong Dal Cheela with Paneer Stuffing & Mint Chutney,"South Indian Meals: Sambar, Rasam, Cabbage Poriyal & Steamed Rice","Moong Dal Khichdi with Desi Ghee, Curd & Roasted Papad","Sprouted Moong Chaat with Onion, Tomato, Lemon & Chaat Masala",551,11.85,58.85,"Obesity, Heart Disease","Indian, Low Fat, Dash, Balanced"
1753,192.5,99.02,66.34,11.18,26.71,1954,"Masala Dosa with Potato Filling, Sambar & Coconut Chutney",Rajma Masala (Kidney Beans Curry) with Jeera Rice & Kachumber,Tandoori Chicken (2 pcs leg/thigh) with Mint Raita & Green Salad,Paneer Tikka (3 grilled cubes) with Mint Coriander Chutney,630,13.79,49.73,Diabetes,"Indian, High Protein, Traditional"
1602,235.82,64.84,45.98,13.95,23.44,1696,"Poha with Peanuts, Curry Leaves & Lemon with Green Tea",Malabar Fish Curry with Steamed Rice & Beetroot Thoran,"Moong Dal Khichdi with Desi Ghee, Curd & Roasted Papad",Khaman Dhokla (2 steamed pcs) with Green Coriander Chutney,404,13.5,46.2,Heart Disease,"Indian, Low Fat, Dash, Balanced"
1383,151.09,84.54,49.82,8.51,19.35,1644,2 Idlis with Sambhar (1 katori) & Coconut Chutney (2 tbsp),Dal Tadka (Yellow Lentil) with Steamed Basmati Rice & Cucumber Salad,Tandoori Chicken (2 pcs leg/thigh) with Mint Raita & Green Salad,Paneer Tikka (3 grilled cubes) with Mint Coriander Chutney,532,10.06,35.69,Obesity,"Indian, Low Carb, Traditional"
1341,163.81,73.08,42.21,11.88,29.52,1350,Besan Chilla (2 savory gram flour pancakes) with Green Coriander Chutney,Homestyle Chicken Curry with 2 Chapatis & Onion Salad,"Mix Vegetable Subzi (Beans, Carrot, Peas) with 2 Chapatis & Dal Fry",Roasted Chana (Bhuna Chana - 50g) with Masala Chai,348,13.23,43.65,"Obesity, Hypertension, Diabetes, Heart Disease, Kidney Disease","Indian, Low Fat, Dash, Balanced"
1698,134.07,123.45,74.97,11.4,21.56,1843,Moong Dal Cheela with Paneer Stuffing & Mint Chutney,Malabar Fish Curry with Steamed Rice & Beetroot Thoran,Tandoori Chicken (2 pcs leg/thigh) with Mint Raita & Green Salad,Paneer Tikka (3 grilled cubes) with Mint Coriander Chutney,860,12.62,51.95,Diabetes,"Indian, Low Carb, Traditional"
1636,200.37,62.66,65.24,15.9,29.01,1590,Vegetable Upma with Roasted Cashews & Filter Coffee,Chole Masala (Spiced Chickpeas) with 1 Bhatura & Pickled Onions,Egg Curry (2 Eggs) with 1.5 Whole Wheat Rotis & Kachumber Salad,Roasted Chana (Bhuna Chana - 50g) with Masala Chai,449,14.97,39.43,,"Indian, Traditional, Balanced"
1520,216.21,65.46,44.82,26.66,35.9,1494,1 Crispy Aloo Paratha with Fresh Curd (Dahi) & Zeera Pickle,Bhindi Do Pyaza with 2 Whole Wheat Rotis & Dal Palak,Soya Chunks Curry with 1 cup Brown Rice & Fresh Salad,"Fresh Fruit Chaat (Papaya, Apple, Guava & Chaat Masala)",641,15.77,109.04,"Obesity, Heart Disease","Indian, Low Fat, Dash, Balanced"
1313,155.23,81.43,41.51,7.19,19.96,1357,Besan Chilla (2 savory gram flour pancakes) with Green Coriander Chutney,Fish Curry (Rohu in Mustard Gravy) with Steamed Rice & Green Salad,Chicken Tikka Masala with 2 Whole Wheat Tandoori Rotis & Salad,Roasted Makhana (Foxnuts - 30g) with Green Tea,306,11.18,36.9,"Obesity, Hypertension","Indian, Low Fat, Dash, Balanced"
1578,232.45,72.53,39.62,12.23,35.83,1466,1 Crispy Aloo Paratha with Fresh Curd (Dahi) & Zeera Pickle,Rajma Masala (Kidney Beans Curry) with Jeera Rice & Kachumber,Soya Chunks Curry with 1 cup Brown Rice & Fresh Salad,Roasted Chana (Bhuna Chana - 50g) with Masala Chai,547,17.28,38.06,"Obesity, Heart Disease","Indian, Low Fat, Dash, Balanced"
1429,211.25,66.95,35.44,11.41,27.06,1323,"Poha with Peanuts, Curry Leaves & Lemon with Green Tea",Fish Curry (Rohu in Mustard Gravy) with Steamed Rice & Green Salad,Lauki Chana Dal Curry with 2 Phulkas & Cucumber Tomato Salad,Roasted Chana (Bhuna Chana - 50g) with Masala Chai,355,14.24,46.75,"Obesity, Hypertension, Heart Disease, Kidney Disease","Indian, Low Fat, Dash, Balanced"
1425,220.86,59.07,35.65,24.77,21.97,1399,"Poha with Peanuts, Curry Leaves & Lemon with Green Tea",Fish Curry (Rohu in Mustard Gravy) with Steamed Rice & Green Salad,"Moong Dal Khichdi with Desi Ghee, Curd & Roasted Papad","Fresh Fruit Chaat (Papaya, Apple, Guava & Chaat Masala)",363,11.92,92.34,"Obesity, Hypertension, Kidney Disease","Indian, Low Fat, Dash, Balanced"
1771,219.52,85.16,62.87,13.78,33.16,1819,Moong Dal Cheela with Paneer Stuffing & Mint Chutney,Chole Masala (Spiced Chickpeas) with 1 Bhatura & Pickled Onions,Malabar Fish Curry with Steamed Rice & Beetroot Thoran,"Sprouted Moong Chaat with Onion, Tomato, Lemon & Chaat Masala",617,16.26,62.44,,"Indian, High Protein, Traditional"
1429,199.55,59.85,45.12,12.39,28.21,1510,Ragi Dosa (2 pcs) with Tomato Onion Chutney & Buttermilk,Chole Masala (Spiced Chickpeas) with 1 Bhatura & Pickled Onions,Malabar Fish Curry with Steamed Rice & Beetroot Thoran,"Sprouted Moong Chaat with Onion, Tomato, Lemon & Chaat Masala",554,14.2,51.72,"Obesity, Heart Disease","Indian, Low Fat, Dash, Balanced"
1431,168.23,62.63,57.81,13.68,30.74,1503,Besan Chilla (2 savory gram flour pancakes) with Green Coriander Chutney,Paneer Butter Masala with 2 Whole Wheat Phulkas & Boondi Raita,Lauki Chana Dal Curry with 2 Phulkas & Cucumber Tomato Salad,"Sprouted Moong Chaat with Onion, Tomato, Lemon & Chaat Masala",637,12.91,57.52,"Obesity, Diabetes","Indian, Low Carb, Traditional"
1466,208.07,44.76,51.14,30.15,37.35,1379,2 Methi Theplas with Fresh Curd (Dahi) & Mint Chutney,Baingan Bharta with 2 Bajra Rotis & Plain Dahi,Aloo Gobi Matar Masala with 2 Whole Wheat Rotis & Plain Dahi,"Fresh Fruit Chaat (Papaya, Apple, Guava & Chaat Masala)",662,14.61,121.12,"Obesity, Hypertension, Heart Disease, Kidney Disease","Indian, Vegetarian, Balanced"
1549,222.56,53.93,48.96,14.3,24.43,1728,"Masala Dosa with Potato Filling, Sambar & Coconut Chutney",Dal Tadka (Yellow Lentil) with Steamed Basmati Rice & Cucumber Salad,Egg Curry (2 Eggs) with 1.5 Whole Wheat Rotis & Kachumber Salad,Bhel Puri (Puffed Rice with Veggies & Tamarind Chutney),334,12.31,43.3,"Obesity, Heart Disease","Indian, Traditional, Balanced"
1537,238.89,49.4,43.78,13.13,27.72,1563,"Poha with Peanuts, Curry Leaves & Lemon with Green Tea",Dal Tadka (Yellow Lentil) with Steamed Basmati Rice & Cucumber Salad,Lauki Chana Dal Curry with 2 Phulkas & Cucumber Tomato Salad,1 Vegetable Samosa with Mint Chutney & Masala Chai,338,13.65,49.3,"Obesity, Heart Disease","Indian, Low Fat, Dash, Balanced"
1533,154.5,70.66,72.01,13.09,21.52,1515,2 Methi Theplas with Fresh Curd (Dahi) & Mint Chutney,Paneer Butter Masala with 2 Whole Wheat Phulkas & Boondi Raita,Malabar Fish Curry with Steamed Rice & Beetroot Thoran,Paneer Tikka (3 grilled cubes) with Mint Coriander Chutney,888,10.67,39.01,"Obesity, Diabetes","Indian, Low Carb, Traditional"
1355,196.72,42.99,44.95,17.57,28.41,1374,Vegetable Upma with Roasted Cashews & Filter Coffee,Bhindi Do Pyaza with 2 Whole Wheat Rotis & Dal Palak,Aloo Gobi Matar Masala with 2 Whole Wheat Rotis & Plain Dahi,Bhel Puri (Puffed Rice with Veggies & Tamarind Chutney),478,11.4,71.02,"Obesity, Hypertension, Heart Disease, Kidney Disease","Indian, Low Fat, Dash, Balanced"
1712,132.6,121.01,78.92,13.45,16.86,1939,2 Boiled Eggs with 2 Multigrain Toasts & Masala Chai,Hyderabadi Chicken Biryani with Mirchi ka Salan & Onion Raita,Tandoori Chicken (2 pcs leg/thigh) with Mint Raita & Green Salad,Paneer Tikka (3 grilled cubes) with Mint Coriander Chutney,700,12.2,32.27,,"Indian, Low Carb, Traditional"
1411,204.38,40.23,49.0,27.55,33.08,1354,1 Crispy Aloo Paratha with Fresh Curd (Dahi) & Zeera Pickle,Baingan Bharta with 2 Bajra Rotis & Plain Dahi,Aloo Gobi Matar Masala with 2 Whole Wheat Rotis & Plain Dahi,"Fresh Fruit Chaat (Papaya, Apple, Guava & Chaat Masala)",584,12.96,112.96,"Obesity, Hypertension, Heart Disease, Kidney Disease","Indian, Vegetarian, Balanced"
1638,185.13,57.6,76.09,17.11,28.26,1663,Besan Chilla (2 savory gram flour pancakes) with Green Coriander Chutney,Paneer Butter Masala with 2 Whole Wheat Phulkas & Boondi Raita,Aloo Gobi Matar Masala with 2 Whole Wheat Rotis & Plain Dahi,1 Vegetable Samosa with Mint Chutney & Masala Chai,732,12.03,61.61,,"Indian, Vegetarian, Balanced"
1654,187.91,79.24,65.61,27.17,28.67,1707,1 Crispy Aloo Paratha with Fresh Curd (Dahi) & Zeera Pickle,Homestyle Chicken Curry with 2 Chapatis & Onion Salad,Palak Paneer (Spinach Cottage Cheese) with 2 Whole Wheat Chapatis,"Fresh Fruit Chaat (Papaya, Apple, Guava & Chaat Masala)",740,13.74,109.1,,"Indian, Traditional, Balanced"
1744,177.17,72.66,83.59,16.66,31.54,1624,2 Methi Theplas with Fresh Curd (Dahi) & Mint Chutney,Paneer Butter Masala with 2 Whole Wheat Phulkas & Boondi Raita,Palak Paneer (Spinach Cottage Cheese) with 2 Whole Wheat Chapatis,Roasted Chana (Bhuna Chana - 50g) with Masala Chai,1124,15.2,47.16,,"Indian, Vegetarian, Balanced"
1447,180.91,64.77,52.92,12.53,19.52,1466,Vegetable Upma with Roasted Cashews & Filter Coffee,Malabar Fish Curry with Steamed Rice & Beetroot Thoran,"Moong Dal Khichdi with Desi Ghee, Curd & Roasted Papad",Paneer Tikka (3 grilled cubes) with Mint Coriander Chutney,583,9.91,34.18,Obesity,"Indian, Traditional, Balanced"
1685,225.24,67.02,58.47,14.38,29.82,1661,1 Crispy Aloo Paratha with Fresh Curd (Dahi) & Zeera Pickle,Chole Masala (Spiced Chickpeas) with 1 Bhatura & Pickled Onions,Malabar Fish Curry with Steamed Rice & Beetroot Thoran,Roasted Chana (Bhuna Chana - 50g) with Masala Chai,505,14.76,39.24,,"Indian, Traditional, Balanced"
1676,227.48,60.7,59.01,12.16,27.81,1682,1 Crispy Aloo Paratha with Fresh Curd (Dahi) & Zeera Pickle,Dal Tadka (Yellow Lentil) with Steamed Basmati Rice & Cucumber Salad,Aloo Gobi Matar Masala with 2 Whole Wheat Rotis & Plain Dahi,Paneer Tikka (3 grilled cubes) with Mint Coriander Chutney,711,12.06,65.04,,"Indian, Vegetarian, Balanced"
1510,167.79,91.01,52.45,14.34,31.49,1575,Ragi Dosa (2 pcs) with Tomato Onion Chutney & Buttermilk,Bhindi Do Pyaza with 2 Whole Wheat Rotis & Dal Palak,Tandoori Chicken (2 pcs leg/thigh) with Mint Raita & Green Salad,Roasted Chana (Bhuna Chana - 50g) with Masala Chai,793,15.53,56.04,Obesity,"Indian, Low Carb, Traditional"
1724,184.63,87.7,72.51,14.88,24.83,1750,"Poha with Peanuts, Curry Leaves & Lemon with Green Tea",Paneer Butter Masala with 2 Whole Wheat Phulkas & Boondi Raita,Chicken Tikka Masala with 2 Whole Wheat Tandoori Rotis & Salad,"Sprouted Moong Chaat with Onion, Tomato, Lemon & Chaat Masala",673,14.67,62.87,,"Indian, High Protein, Traditional"
1768,233.78,69.68,63.19,14.95,26.18,1886,1 Crispy Aloo Paratha with Fresh Curd (Dahi) & Zeera Pickle,Hyderabadi Chicken Biryani with Mirchi ka Salan & Onion Raita,Aloo Gobi Matar Masala with 2 Whole Wheat Rotis & Plain Dahi,Khaman Dhokla (2 steamed pcs) with Green Coriander Chutney,536,12.37,61.43,,"Indian, Traditional, Balanced"
1483,162.24,67.97,62.38,13.89,29.56,1352,Moong Dal Cheela with Paneer Stuffing & Mint Chutney,Paneer Butter Masala with 2 Whole Wheat Phulkas & Boondi Raita,Lauki Chana Dal Curry with 2 Phulkas & Cucumber Tomato Salad,Roasted Chana (Bhuna Chana - 50g) with Masala Chai,797,12.4,37.48,"Obesity, Hypertension, Diabetes, Kidney Disease","Indian, Low Carb, Traditional"
1379,165.0,79.92,44.09,8.63,23.26,1398,Besan Chilla (2 savory gram flour pancakes) with Green Coriander Chutney,Homestyle Chicken Curry with 2 Chapatis & Onion Salad,Malabar Fish Curry with Steamed Rice & Beetroot Thoran,Roasted Makhana (Foxnuts - 30g) with Green Tea,332,11.82,37.8,"Obesity, Hypertension, Diabetes, Heart Disease","Indian, Low Fat, Dash, Balanced"
1396,237.35,46.89,29.43,10.24,31.47,1541,2 Idlis with Sambhar (1 katori) & Coconut Chutney (2 tbsp),"South Indian Meals: Sambar, Rasam, Cabbage Poriyal & Steamed Rice",Lauki Chana Dal Curry with 2 Phulkas & Cucumber Tomato Salad,Roasted Makhana (Foxnuts - 30g) with Green Tea,359,11.43,51.42,"Obesity, Heart Disease","Indian, Low Fat, Dash, Balanced"
1662,193.43,63.21,72.39,16.99,30.5,1731,Besan Chilla (2 savory gram flour pancakes) with Green Coriander Chutney,Paneer Butter Masala with 2 Whole Wheat Phulkas & Boondi Raita,Aloo Gobi Matar Masala with 2 Whole Wheat Rotis & Plain Dahi,Khaman Dhokla (2 steamed pcs) with Green Coriander Chutney,747,12.77,67.22,,"Indian, Vegetarian, Balanced"
1594,189.14,87.74,53.14,15.51,30.69,1714,Moong Dal Cheela with Paneer Stuffing & Mint Chutney,Homestyle Chicken Curry with 2 Chapatis & Onion Salad,Lauki Chana Dal Curry with 2 Phulkas & Cucumber Tomato Salad,Bhel Puri (Puffed Rice with Veggies & Tamarind Chutney),529,14.1,52.82,Obesity,"Indian, High Protein, Traditional"
1401,156.05,63.88,58.43,10.82,28.29,1350,Moong Dal Cheela with Paneer Stuffing & Mint Chutney,Bhindi Do Pyaza with 2 Whole Wheat Rotis & Dal Palak,Aloo Gobi Matar Masala with 2 Whole Wheat Rotis & Plain Dahi,Paneer Tikka (3 grilled cubes) with Mint Coriander Chutney,804,11.56,73.13,"Obesity, Hypertension, Diabetes, Kidney Disease","Indian, Low Carb, Traditional"
1712,228.59,83.02,52.36,15.33,25.4,1835,Vegetable Upma with Roasted Cashews & Filter Coffee,Dal Tadka (Yellow Lentil) with Steamed Basmati Rice & Cucumber Salad,Chicken Tikka Masala with 2 Whole Wheat Tandoori Rotis & Salad,Khaman Dhokla (2 steamed pcs) with Green Coriander Chutney,363,12.98,43.19,,"Indian, Traditional, Balanced"
1575,184.07,55.02,70.26,14.48,25.96,1693,2 Methi Theplas with Fresh Curd (Dahi) & Mint Chutney,Chole Masala (Spiced Chickpeas) with 1 Bhatura & Pickled Onions,Egg Curry (2 Eggs) with 1.5 Whole Wheat Rotis & Kachumber Salad,1 Vegetable Samosa with Mint Chutney & Masala Chai,503,13.73,42.42,Obesity,"Indian, Traditional, Balanced"
1534,150.27,60.92,78.88,14.35,24.82,1597,Besan Chilla (2 savory gram flour pancakes) with Green Coriander Chutney,Paneer Butter Masala with 2 Whole Wheat Phulkas & Boondi Raita,Palak Paneer (Spinach Cottage Cheese) with 2 Whole Wheat Chapatis,1 Vegetable Samosa with Mint Chutney & Masala Chai,860,12.27,47.74,Obesity,"Indian, Low Carb, Traditional"
1393,134.15,94.39,52.3,7.61,20.51,1388,Moong Dal Cheela with Paneer Stuffing & Mint Chutney,Homestyle Chicken Curry with 2 Chapatis & Onion Salad,Chicken Tikka Masala with 2 Whole Wheat Tandoori Rotis & Salad,Roasted Makhana (Foxnuts - 30g) with Green Tea,446,11.28,34.66,"Obesity, Hypertension, Diabetes","Indian, Low Carb, Traditional"
1188,159.7,64.42,33.2,22.85,21.86,1458,2 Idlis with Sambhar (1 katori) & Coconut Chutney (2 tbsp),"South Indian Meals: Sambar, Rasam, Cabbage Poriyal & Steamed Rice",Tandoori Chicken (2 pcs leg/thigh) with Mint Raita & Green Salad,"Fresh Fruit Chaat (Papaya, Apple, Guava & Chaat Masala)",343,8.82,89.34,Obesity,"Indian, Low Fat, Dash, Balanced"
1494,188.33,84.6,45.61,10.21,21.98,1637,"Masala Dosa with Potato Filling, Sambar & Coconut Chutney",Fish Curry (Rohu in Mustard Gravy) with Steamed Rice & Green Salad,Chicken Tikka Masala with 2 Whole Wheat Tandoori Rotis & Salad,"Sprouted Moong Chaat with Onion, Tomato, Lemon & Chaat Masala",324,12.14,51.86,"Obesity, Diabetes","Indian, Low Fat, Dash, Balanced"
1500,215.23,51.51,48.16,13.03,24.57,1737,"Masala Dosa with Potato Filling, Sambar & Coconut Chutney","South Indian Meals: Sambar, Rasam, Cabbage Poriyal & Steamed Rice",Egg Curry (2 Eggs) with 1.5 Whole Wheat Rotis & Kachumber Salad,Khaman Dhokla (2 steamed pcs) with Green Coriander Chutney,347,11.35,55.46,"Obesity, Heart Disease","Indian, Traditional, Balanced"
1514,172.31,64.49,64.19,27.68,30.49,1444,Moong Dal Cheela with Paneer Stuffing & Mint Chutney,Paneer Butter Masala with 2 Whole Wheat Phulkas & Boondi Raita,Lauki Chana Dal Curry with 2 Phulkas & Cucumber Tomato Salad,"Fresh Fruit Chaat (Papaya, Apple, Guava & Chaat Masala)",820,11.53,94.68,Obesity,"Indian, Low Carb, Traditional"
1523,183.14,76.67,53.85,13.11,28.76,1518,1 Crispy Aloo Paratha with Fresh Curd (Dahi) & Zeera Pickle,Bhindi Do Pyaza with 2 Whole Wheat Rotis & Dal Palak,Chicken Tikka Masala with 2 Whole Wheat Tandoori Rotis & Salad,Roasted Chana (Bhuna Chana - 50g) with Masala Chai,539,13.67,51.21,"Obesity, Diabetes","Indian, Traditional, Balanced"
1437,159.54,91.14,48.87,11.42,23.94,1517,2 Boiled Eggs with 2 Multigrain Toasts & Masala Chai,Rajma Masala (Kidney Beans Curry) with Jeera Rice & Kachumber,Tandoori Chicken (2 pcs leg/thigh) with Mint Raita & Green Salad,Roasted Makhana (Foxnuts - 30g) with Green Tea,456,12.92,29.34,"Obesity, Diabetes, Heart Disease","Indian, Low Carb, Traditional"
1365,194.52,51.48,41.97,15.15,32.37,1261,Vegetable Upma with Roasted Cashews & Filter Coffee,Bhindi Do Pyaza with 2 Whole Wheat Rotis & Dal Palak,"Mix Vegetable Subzi (Beans, Carrot, Peas) with 2 Chapatis & Dal Fry",Roasted Chana (Bhuna Chana - 50g) with Masala Chai,478,12.89,53.92,"Obesity, Hypertension, Heart Disease, Kidney Disease","Indian, Low Fat, Dash, Balanced"
1279,185.01,60.02,34.26,10.6,30.15,1434,2 Idlis with Sambhar (1 katori) & Coconut Chutney (2 tbsp),Bhindi Do Pyaza with 2 Whole Wheat Rotis & Dal Palak,Soya Chunks Curry with 1 cup Brown Rice & Fresh Salad,Khaman Dhokla (2 steamed pcs) with Green Coriander Chutney,464,13.7,46.96,"Obesity, Diabetes, Heart Disease","Indian, Low Fat, Dash, Balanced"
1520,231.89,46.1,46.0,14.6,28.91,1540,Ragi Dosa (2 pcs) with Tomato Onion Chutney & Buttermilk,Dal Tadka (Yellow Lentil) with Steamed Basmati Rice & Cucumber Salad,Aloo Gobi Matar Masala with 2 Whole Wheat Rotis & Plain Dahi,1 Vegetable Samosa with Mint Chutney & Masala Chai,623,12.62,58.32,"Obesity, Heart Disease","Indian, Low Fat, Dash, Balanced"
1478,181.51,74.84,51.35,10.52,20.56,1573,"Poha with Peanuts, Curry Leaves & Lemon with Green Tea","South Indian Meals: Sambar, Rasam, Cabbage Poriyal & Steamed Rice",Chicken Tikka Masala with 2 Whole Wheat Tandoori Rotis & Salad,Paneer Tikka (3 grilled cubes) with Mint Coriander Chutney,492,12.03,59.49,"Obesity, Diabetes","Indian, Traditional, Balanced"
1252,182.81,52.03,34.57,10.58,24.34,1230,2 Boiled Eggs with 2 Multigrain Toasts & Masala Chai,Dal Tadka (Yellow Lentil) with Steamed Basmati Rice & Cucumber Salad,"Mix Vegetable Subzi (Beans, Carrot, Peas) with 2 Chapatis & Dal Fry",Roasted Makhana (Foxnuts - 30g) with Green Tea,359,10.85,28.48,"Obesity, Hypertension, Diabetes, Heart Disease, Kidney Disease","Indian, Low Fat, Dash, Balanced"
1366,181.61,65.82,42.49,17.45,25.23,1503,2 Boiled Eggs with 2 Multigrain Toasts & Masala Chai,Malabar Fish Curry with Steamed Rice & Beetroot Thoran,Lauki Chana Dal Curry with 2 Phulkas & Cucumber Tomato Salad,Bhel Puri (Puffed Rice with Veggies & Tamarind Chutney),402,12.14,38.6,"Obesity, Heart Disease","Indian, Low Fat, Dash, Balanced"
1408,175.95,50.07,57.16,11.0,22.75,1389,Vegetable Upma with Roasted Cashews & Filter Coffee,Chole Masala (Spiced Chickpeas) with 1 Bhatura & Pickled Onions,Egg Curry (2 Eggs) with 1.5 Whole Wheat Rotis & Kachumber Salad,Roasted Makhana (Foxnuts - 30g) with Green Tea,368,11.94,34.5,"Obesity, Hypertension, Diabetes, Kidney Disease","Indian, Traditional, Balanced"
1396,201.93,61.72,37.49,14.01,30.67,1344,Ragi Dosa (2 pcs) with Tomato Onion Chutney & Buttermilk,Malabar Fish Curry with Steamed Rice & Beetroot Thoran,"Mix Vegetable Subzi (Beans, Carrot, Peas) with 2 Chapatis & Dal Fry",Roasted Chana (Bhuna Chana - 50g) with Masala Chai,599,13.73,45.16,"Obesity, Hypertension, Heart Disease, Kidney Disease","Indian, Low Fat, Dash, Balanced"
1695,190.09,71.47,74.27,13.35,29.71,1706,2 Boiled Eggs with 2 Multigrain Toasts & Masala Chai,Chole Masala (Spiced Chickpeas) with 1 Bhatura & Pickled Onions,Palak Paneer (Spinach Cottage Cheese) with 2 Whole Wheat Chapatis,Roasted Makhana (Foxnuts - 30g) with Green Tea,756,16.15,40.58,Diabetes,"Indian, Traditional, Balanced"
1618,142.0,95.14,76.29,29.97,26.37,1765,Besan Chilla (2 savory gram flour pancakes) with Green Coriander Chutney,Paneer Butter Masala with 2 Whole Wheat Phulkas & Boondi Raita,Tandoori Chicken (2 pcs leg/thigh) with Mint Raita & Green Salad,"Fresh Fruit Chaat (Papaya, Apple, Guava & Chaat Masala)",759,12.31,101.13,,"Indian, Low Carb, Traditional"
1516,166.52,72.71,64.07,10.2,21.49,1511,"Poha with Peanuts, Curry Leaves & Lemon with Green Tea",Malabar Fish Curry with Steamed Rice & Beetroot Thoran,Palak Paneer (Spinach Cottage Cheese) with 2 Whole Wheat Chapatis,Paneer Tikka (3 grilled cubes) with Mint Coriander Chutney,792,13.44,59.46,"Obesity, Diabetes","Indian, Low Carb, Traditional"
1570,194.61,63.4,60.12,17.44,23.8,1749,2 Boiled Eggs with 2 Multigrain Toasts & Masala Chai,"South Indian Meals: Sambar, Rasam, Cabbage Poriyal & Steamed Rice",Egg Curry (2 Eggs) with 1.5 Whole Wheat Rotis & Kachumber Salad,1 Vegetable Samosa with Mint Chutney & Masala Chai,474,12.31,48.01,Obesity,"Indian, Traditional, Balanced"
1503,175.89,80.67,53.96,17.13,29.08,1842,2 Idlis with Sambhar (1 katori) & Coconut Chutney (2 tbsp),Baingan Bharta with 2 Bajra Rotis & Plain Dahi,Tandoori Chicken (2 pcs leg/thigh) with Mint Raita & Green Salad,Bhel Puri (Puffed Rice with Veggies & Tamarind Chutney),522,14.54,50.52,Obesity,"Indian, Traditional, Balanced"
1380,133.65,101.62,48.69,13.09,19.02,1455,2 Boiled Eggs with 2 Multigrain Toasts & Masala Chai,Fish Curry (Rohu in Mustard Gravy) with Steamed Rice & Green Salad,Tandoori Chicken (2 pcs leg/thigh) with Mint Raita & Green Salad,Roasted Chana (Bhuna Chana - 50g) with Masala Chai,459,12.06,26.56,Obesity,"Indian, Low Carb, Traditional"
1285,203.58,48.96,30.88,12.15,27.78,1309,Vegetable Upma with Roasted Cashews & Filter Coffee,Dal Tadka (Yellow Lentil) with Steamed Basmati Rice & Cucumber Salad,Lauki Chana Dal Curry with 2 Phulkas & Cucumber Tomato Salad,"Sprouted Moong Chaat with Onion, Tomato, Lemon & Chaat Masala",320,11.49,49.43,"Obesity, Hypertension, Heart Disease, Kidney Disease","Indian, Low Fat, Dash, Balanced"
1304,203.98,48.81,32.93,10.37,27.7,1380,1 Crispy Aloo Paratha with Fresh Curd (Dahi) & Zeera Pickle,Dal Tadka (Yellow Lentil) with Steamed Basmati Rice & Cucumber Salad,Lauki Chana Dal Curry with 2 Phulkas & Cucumber Tomato Salad,"Sprouted Moong Chaat with Onion, Tomato, Lemon & Chaat Masala",379,11.64,50.43,"Obesity, Hypertension, Heart Disease, Kidney Disease","Indian, Low Fat, Dash, Balanced"
1446,142.45,83.05,60.38,10.84,22.76,1451,2 Boiled Eggs with 2 Multigrain Toasts & Masala Chai,Homestyle Chicken Curry with 2 Chapatis & Onion Salad,Palak Paneer (Spinach Cottage Cheese) with 2 Whole Wheat Chapatis,Roasted Makhana (Foxnuts - 30g) with Green Tea,648,12.99,35.47,"Obesity, Diabetes","Indian, Low Carb, Traditional"
1451,165.95,98.64,45.16,10.3,19.35,1602,"Poha with Peanuts, Curry Leaves & Lemon with Green Tea",Fish Curry (Rohu in Mustard Gravy) with Steamed Rice & Green Salad,Tandoori Chicken (2 pcs leg/thigh) with Mint Raita & Green Salad,"Sprouted Moong Chaat with Onion, Tomato, Lemon & Chaat Masala",385,13.53,62.22,Obesity,"Indian, Low Fat, Dash, Balanced"
1483,193.66,59.81,52.45,13.7,30.67,1534,Moong Dal Cheela with Paneer Stuffing & Mint Chutney,Baingan Bharta with 2 Bajra Rotis & Plain Dahi,"Moong Dal Khichdi with Desi Ghee, Curd & Roasted Papad",Khaman Dhokla (2 steamed pcs) with Green Coriander Chutney,659,14.11,42.84,"Obesity, Diabetes","Indian, Vegetarian, Balanced"
1443,195.72,75.07,39.76,12.16,29.87,1407,Ragi Dosa (2 pcs) with Tomato Onion Chutney & Buttermilk,Rajma Masala (Kidney Beans Curry) with Jeera Rice & Kachumber,Chicken Tikka Masala with 2 Whole Wheat Tandoori Rotis & Salad,Roasted Chana (Bhuna Chana - 50g) with Masala Chai,545,14.71,38.22,"Obesity, Heart Disease","Indian, Low Fat, Dash, Balanced"
1409,171.15,54.08,56.99,15.72,26.81,1282,Vegetable Upma with Roasted Cashews & Filter Coffee,Paneer Butter Masala with 2 Whole Wheat Phulkas & Boondi Raita,Lauki Chana Dal Curry with 2 Phulkas & Cucumber Tomato Salad,Roasted Chana (Bhuna Chana - 50g) with Masala Chai,632,11.18,33.18,"Obesity, Hypertension, Kidney Disease","Indian, Low Carb, Traditional"
1761,179.09,96.59,74.23,13.41,30.63,1845,2 Methi Theplas with Fresh Curd (Dahi) & Mint Chutney,Bhindi Do Pyaza with 2 Whole Wheat Rotis & Dal Palak,Chicken Tikka Masala with 2 Whole Wheat Tandoori Rotis & Salad,Paneer Tikka (3 grilled cubes) with Mint Coriander Chutney,846,15.09,67.19,Diabetes,"Indian, High Protein, Traditional"
1527,226.45,55.33,43.44,14.31,32.85,1401,2 Methi Theplas with Fresh Curd (Dahi) & Mint Chutney,Dal Tadka (Yellow Lentil) with Steamed Basmati Rice & Cucumber Salad,Aloo Gobi Matar Masala with 2 Whole Wheat Rotis & Plain Dahi,Roasted Chana (Bhuna Chana - 50g) with Masala Chai,551,13.71,54.52,"Obesity, Heart Disease","Indian, Low Fat, Dash, Balanced"
1555,202.46,75.4,50.93,11.73,24.92,1710,2 Idlis with Sambhar (1 katori) & Coconut Chutney (2 tbsp),Hyderabadi Chicken Biryani with Mirchi ka Salan & Onion Raita,Soya Chunks Curry with 1 cup Brown Rice & Fresh Salad,1 Vegetable Samosa with Mint Chutney & Masala Chai,439,13.46,30.11,"Obesity, Heart Disease","Indian, Traditional, Balanced"
1487,145.22,104.38,56.08,8.81,17.52,1773,2 Idlis with Sambhar (1 katori) & Coconut Chutney (2 tbsp),Fish Curry (Rohu in Mustard Gravy) with Steamed Rice & Green Salad,Tandoori Chicken (2 pcs leg/thigh) with Mint Raita & Green Salad,Paneer Tikka (3 grilled cubes) with Mint Coriander Chutney,589,10.57,41.67,Obesity,"Indian, Low Carb, Traditional"
1458,207.99,55.93,45.72,15.94,31.25,1635,Besan Chilla (2 savory gram flour pancakes) with Green Coriander Chutney,Bhindi Do Pyaza with 2 Whole Wheat Rotis & Dal Palak,"Moong Dal Khichdi with Desi Ghee, Curd & Roasted Papad",Bhel Puri (Puffed Rice with Veggies & Tamarind Chutney),490,13.75,56.45,"Obesity, Heart Disease","Indian, Low Fat, Dash, Balanced"
1572,196.87,77.42,52.4,14.33,23.85,1486,Vegetable Upma with Roasted Cashews & Filter Coffee,Fish Curry (Rohu in Mustard Gravy) with Steamed Rice & Green Salad,Egg Curry (2 Eggs) with 1.5 Whole Wheat Rotis & Kachumber Salad,Roasted Chana (Bhuna Chana - 50g) with Masala Chai,438,13.15,40.1,Obesity,"Indian, Traditional, Balanced"
1748,181.39,84.17,77.65,19.26,25.68,1865,2 Methi Theplas with Fresh Curd (Dahi) & Mint Chutney,Paneer Butter Masala with 2 Whole Wheat Phulkas & Boondi Raita,Chicken Tikka Masala with 2 Whole Wheat Tandoori Rotis & Salad,Bhel Puri (Puffed Rice with Veggies & Tamarind Chutney),784,13.35,45.55,,"Indian, Traditional, Balanced"
1754,207.72,94.53,61.59,13.05,23.86,1846,Moong Dal Cheela with Paneer Stuffing & Mint Chutney,Hyderabadi Chicken Biryani with Mirchi ka Salan & Onion Raita,Malabar Fish Curry with Steamed Rice & Beetroot Thoran,Khaman Dhokla (2 steamed pcs) with Green Coriander Chutney,571,12.75,42.22,,"Indian, High Protein, Traditional"
1558,221.94,65.48,45.12,15.85,32.63,1448,Ragi Dosa (2 pcs) with Tomato Onion Chutney & Buttermilk,Malabar Fish Curry with Steamed Rice & Beetroot Thoran,Aloo Gobi Matar Masala with 2 Whole Wheat Rotis & Plain Dahi,Roasted Chana (Bhuna Chana - 50g) with Masala Chai,714,14.59,62.12,"Obesity, Heart Disease","Indian, Low Fat, Dash, Balanced"
1242,161.84,72.68,34.5,10.76,22.73,1573,2 Idlis with Sambhar (1 katori) & Coconut Chutney (2 tbsp),"South Indian Meals: Sambar, Rasam, Cabbage Poriyal & Steamed Rice",Tandoori Chicken (2 pcs leg/thigh) with Mint Raita & Green Salad,"Sprouted Moong Chaat with Onion, Tomato, Lemon & Chaat Masala",360,10.3,57.41,"Obesity, Diabetes, Heart Disease","Indian, Low Fat, Dash, Balanced"
1799,225.29,79.73,66.05,15.2,30.73,1969,Besan Chilla (2 savory gram flour pancakes) with Green Coriander Chutney,Hyderabadi Chicken Biryani with Mirchi ka Salan & Onion Raita,Lauki Chana Dal Curry with 2 Phulkas & Cucumber Tomato Salad,1 Vegetable Samosa with Mint Chutney & Masala Chai,441,14.55,49.32,,"Indian, Traditional, Balanced"
1632,178.03,94.49,60.65,13.15,22.79,1888,2 Idlis with Sambhar (1 katori) & Coconut Chutney (2 tbsp),Homestyle Chicken Curry with 2 Chapatis & Onion Salad,Chicken Tikka Masala with 2 Whole Wheat Tandoori Rotis & Salad,1 Vegetable Samosa with Mint Chutney & Masala Chai,352,12.25,39.56,Diabetes,"Indian, High Protein, Traditional"
1668,171.81,65.47,81.73,12.93,27.73,1574,2 Methi Theplas with Fresh Curd (Dahi) & Mint Chutney,Paneer Butter Masala with 2 Whole Wheat Phulkas & Boondi Raita,Palak Paneer (Spinach Cottage Cheese) with 2 Whole Wheat Chapatis,Roasted Makhana (Foxnuts - 30g) with Green Tea,1084,13.45,45.97,Diabetes,"Indian, Low Carb, Traditional"
1343,182.82,55.56,44.0,10.26,23.87,1492,Besan Chilla (2 savory gram flour pancakes) with Green Coriander Chutney,"South Indian Meals: Sambar, Rasam, Cabbage Poriyal & Steamed Rice","Moong Dal Khichdi with Desi Ghee, Curd & Roasted Papad",Paneer Tikka (3 grilled cubes) with Mint Coriander Chutney,534,10.53,47.64,"Obesity, Diabetes, Heart Disease","Indian, Low Fat, Dash, Balanced"
1320,212.81,43.22,32.89,7.86,26.13,1325,"Masala Dosa with Potato Filling, Sambar & Coconut Chutney",Dal Tadka (Yellow Lentil) with Steamed Basmati Rice & Cucumber Salad,Lauki Chana Dal Curry with 2 Phulkas & Cucumber Tomato Salad,Roasted Makhana (Foxnuts - 30g) with Green Tea,287,10.69,33.08,"Obesity, Hypertension, Heart Disease, Kidney Disease","Indian, Low Fat, Dash, Balanced"
1481,219.47,64.49,39.2,13.7,27.91,1683,Besan Chilla (2 savory gram flour pancakes) with Green Coriander Chutney,"South Indian Meals: Sambar, Rasam, Cabbage Poriyal & Steamed Rice",Malabar Fish Curry with Steamed Rice & Beetroot Thoran,Khaman Dhokla (2 steamed pcs) with Green Coriander Chutney,366,12.29,59.15,"Obesity, Heart Disease","Indian, Low Fat, Dash, Balanced"
1474,210.49,47.68,49.82,15.08,33.09,1567,1 Crispy Aloo Paratha with Fresh Curd (Dahi) & Zeera Pickle,Baingan Bharta with 2 Bajra Rotis & Plain Dahi,"Mix Vegetable Subzi (Beans, Carrot, Peas) with 2 Chapatis & Dal Fry",Khaman Dhokla (2 steamed pcs) with Green Coriander Chutney,538,14.21,56.25,"Obesity, Heart Disease","Indian, Vegetarian, Balanced"
1661,209.01,62.95,64.33,16.67,29.51,1571,Ragi Dosa (2 pcs) with Tomato Onion Chutney & Buttermilk,Paneer Butter Masala with 2 Whole Wheat Phulkas & Boondi Raita,"Moong Dal Khichdi with Desi Ghee, Curd & Roasted Papad",Roasted Chana (Bhuna Chana - 50g) with Masala Chai,987,13.91,29.72,,"Indian, Vegetarian, Balanced"
1262,150.89,56.11,48.3,11.8,29.78,1353,Besan Chilla (2 savory gram flour pancakes) with Green Coriander Chutney,Baingan Bharta with 2 Bajra Rotis & Plain Dahi,Egg Curry (2 Eggs) with 1.5 Whole Wheat Rotis & Kachumber Salad,"Sprouted Moong Chaat with Onion, Tomato, Lemon & Chaat Masala",446,14.53,60.65,"Obesity, Hypertension, Diabetes, Heart Disease, Kidney Disease","Indian, Low Carb, Traditional"
1559,197.91,71.33,55.35,26.64,29.6,1648,Ragi Dosa (2 pcs) with Tomato Onion Chutney & Buttermilk,Chole Masala (Spiced Chickpeas) with 1 Bhatura & Pickled Onions,Chicken Tikka Masala with 2 Whole Wheat Tandoori Rotis & Salad,"Fresh Fruit Chaat (Papaya, Apple, Guava & Chaat Masala)",572,14.6,93.43,Obesity,"Indian, Traditional, Balanced"
1528,180.07,67.58,61.51,12.62,23.54,1585,2 Methi Theplas with Fresh Curd (Dahi) & Mint Chutney,Fish Curry (Rohu in Mustard Gravy) with Steamed Rice & Green Salad,Palak Paneer (Spinach Cottage Cheese) with 2 Whole Wheat Chapatis,1 Vegetable Samosa with Mint Chutney & Masala Chai,721,12.81,48.98,"Obesity, Diabetes","Indian, Traditional, Balanced"
1729,272.45,56.32,46.28,17.73,33.01,1874,1 Crispy Aloo Paratha with Fresh Curd (Dahi) & Zeera Pickle,Dal Tadka (Yellow Lentil) with Steamed Basmati Rice & Cucumber Salad,"Mix Vegetable Subzi (Beans, Carrot, Peas) with 2 Chapatis & Dal Fry",Bhel Puri (Puffed Rice with Veggies & Tamarind Chutney),476,14.16,56.43,Heart Disease,"Indian, Low Fat, Dash, Balanced"
1658,229.26,64.09,54.21,13.18,26.57,1701,Moong Dal Cheela with Paneer Stuffing & Mint Chutney,Dal Tadka (Yellow Lentil) with Steamed Basmati Rice & Cucumber Salad,"Moong Dal Khichdi with Desi Ghee, Curd & Roasted Papad",1 Vegetable Samosa with Mint Chutney & Masala Chai,587,12.33,33.8,,"Indian, Vegetarian, Balanced"
1779,184.3,90.48,77.43,17.79,26.1,1812,Vegetable Upma with Roasted Cashews & Filter Coffee,Paneer Butter Masala with 2 Whole Wheat Phulkas & Boondi Raita,Chicken Tikka Masala with 2 Whole Wheat Tandoori Rotis & Salad,"Sprouted Moong Chaat with Onion, Tomato, Lemon & Chaat Masala",728,13.26,56.29,,"Indian, High Protein, Traditional"
1506,185.8,49.55,64.56,14.14,28.48,1491,"Poha with Peanuts, Curry Leaves & Lemon with Green Tea",Baingan Bharta with 2 Bajra Rotis & Plain Dahi,Palak Paneer (Spinach Cottage Cheese) with 2 Whole Wheat Chapatis,1 Vegetable Samosa with Mint Chutney & Masala Chai,704,15.88,60.52,Obesity,"Indian, Vegetarian, Balanced"
1387,146.24,90.65,49.71,14.64,21.58,1667,Besan Chilla (2 savory gram flour pancakes) with Green Coriander Chutney,Malabar Fish Curry with Steamed Rice & Beetroot Thoran,Tandoori Chicken (2 pcs leg/thigh) with Mint Raita & Green Salad,Bhel Puri (Puffed Rice with Veggies & Tamarind Chutney),390,12.04,47.49,Obesity,"Indian, Low Carb, Traditional"
1460,163.82,61.27,63.78,16.27,20.55,1557,2 Boiled Eggs with 2 Multigrain Toasts & Masala Chai,Paneer Butter Masala with 2 Whole Wheat Phulkas & Boondi Raita,"Moong Dal Khichdi with Desi Ghee, Curd & Roasted Papad",Khaman Dhokla (2 steamed pcs) with Green Coriander Chutney,685,10.41,21.94,Obesity,"Indian, Low Carb, Traditional"
1509,169.12,60.65,67.74,11.98,21.18,1629,2 Idlis with Sambhar (1 katori) & Coconut Chutney (2 tbsp),Paneer Butter Masala with 2 Whole Wheat Phulkas & Boondi Raita,"Moong Dal Khichdi with Desi Ghee, Curd & Roasted Papad",Paneer Tikka (3 grilled cubes) with Mint Coriander Chutney,832,9.58,29.32,"Obesity, Diabetes","Indian, Low Carb, Traditional"
1726,183.53,86.65,72.72,19.21,29.45,1831,2 Boiled Eggs with 2 Multigrain Toasts & Masala Chai,Baingan Bharta with 2 Bajra Rotis & Plain Dahi,Chicken Tikka Masala with 2 Whole Wheat Tandoori Rotis & Salad,1 Vegetable Samosa with Mint Chutney & Masala Chai,585,16.15,43.06,,"Indian, High Protein, Traditional"
1733,187.82,68.5,81.23,17.18,28.29,1854,2 Boiled Eggs with 2 Multigrain Toasts & Masala Chai,Chole Masala (Spiced Chickpeas) with 1 Bhatura & Pickled Onions,Palak Paneer (Spinach Cottage Cheese) with 2 Whole Wheat Chapatis,1 Vegetable Samosa with Mint Chutney & Masala Chai,740,15.66,43.65,,"Indian, Traditional, Balanced"
1506,193.49,71.73,50.24,12.43,23.91,1559,"Poha with Peanuts, Curry Leaves & Lemon with Green Tea",Malabar Fish Curry with Steamed Rice & Beetroot Thoran,Egg Curry (2 Eggs) with 1.5 Whole Wheat Rotis & Kachumber Salad,"Sprouted Moong Chaat with Onion, Tomato, Lemon & Chaat Masala",395,14.54,67.52,"Obesity, Diabetes, Heart Disease","Indian, Traditional, Balanced"
1690,241.73,53.02,58.28,14.67,32.78,1882,"Masala Dosa with Potato Filling, Sambar & Coconut Chutney",Chole Masala (Spiced Chickpeas) with 1 Bhatura & Pickled Onions,"Mix Vegetable Subzi (Beans, Carrot, Peas) with 2 Chapatis & Dal Fry",Khaman Dhokla (2 steamed pcs) with Green Coriander Chutney,374,14.47,51.81,,"Indian, Vegetarian, Balanced"
1498,222.02,65.57,39.09,14.68,27.18,1637,Besan Chilla (2 savory gram flour pancakes) with Green Coriander Chutney,Dal Tadka (Yellow Lentil) with Steamed Basmati Rice & Cucumber Salad,Malabar Fish Curry with Steamed Rice & Beetroot Thoran,Bhel Puri (Puffed Rice with Veggies & Tamarind Chutney),344,13.0,45.73,"Obesity, Heart Disease","Indian, Low Fat, Dash, Balanced"
1412,180.87,55.89,53.12,12.78,30.72,1516,Ragi Dosa (2 pcs) with Tomato Onion Chutney & Buttermilk,Bhindi Do Pyaza with 2 Whole Wheat Rotis & Dal Palak,Palak Paneer (Spinach Cottage Cheese) with 2 Whole Wheat Chapatis,Khaman Dhokla (2 steamed pcs) with Green Coriander Chutney,902,14.47,66.0,"Obesity, Diabetes","Indian, Vegetarian, Balanced"
1442,157.77,84.03,53.89,12.27,26.65,1647,1 Crispy Aloo Paratha with Fresh Curd (Dahi) & Zeera Pickle,Bhindi Do Pyaza with 2 Whole Wheat Rotis & Dal Palak,Tandoori Chicken (2 pcs leg/thigh) with Mint Raita & Green Salad,"Sprouted Moong Chaat with Onion, Tomato, Lemon & Chaat Masala",582,12.97,69.26,"Obesity, Diabetes","Indian, Low Carb, Traditional"
1354,182.01,73.42,37.84,26.04,24.92,1661,2 Idlis with Sambhar (1 katori) & Coconut Chutney (2 tbsp),"South Indian Meals: Sambar, Rasam, Cabbage Poriyal & Steamed Rice",Tandoori Chicken (2 pcs leg/thigh) with Mint Raita & Green Salad,"Fresh Fruit Chaat (Papaya, Apple, Guava & Chaat Masala)",391,10.05,101.82,"Obesity, Heart Disease","Indian, Low Fat, Dash, Balanced"
1691,190.03,70.92,73.1,12.18,25.78,1577,Moong Dal Cheela with Paneer Stuffing & Mint Chutney,Paneer Butter Masala with 2 Whole Wheat Phulkas & Boondi Raita,"Moong Dal Khichdi with Desi Ghee, Curd & Roasted Papad",Roasted Makhana (Foxnuts - 30g) with Green Tea,925,11.75,30.02,Diabetes,"Indian, Vegetarian, Balanced"
1659,203.92,60.24,68.56,32.17,34.39,1620,2 Methi Theplas with Fresh Curd (Dahi) & Mint Chutney,Paneer Butter Masala with 2 Whole Wheat Phulkas & Boondi Raita,Lauki Chana Dal Curry with 2 Phulkas & Cucumber Tomato Salad,"Fresh Fruit Chaat (Papaya, Apple, Guava & Chaat Masala)",852,13.09,103.51,,"Indian, Vegetarian, Balanced"
1483,208.21,56.76,47.4,13.89,29.76,1577,Moong Dal Cheela with Paneer Stuffing & Mint Chutney,"South Indian Meals: Sambar, Rasam, Cabbage Poriyal & Steamed Rice",Lauki Chana Dal Curry with 2 Phulkas & Cucumber Tomato Salad,1 Vegetable Samosa with Mint Chutney & Masala Chai,532,11.82,57.15,"Obesity, Heart Disease","Indian, Low Fat, Dash, Balanced"
1404,219.52,58.63,33.23,11.17,23.97,1595,2 Idlis with Sambhar (1 katori) & Coconut Chutney (2 tbsp),Dal Tadka (Yellow Lentil) with Steamed Basmati Rice & Cucumber Salad,Malabar Fish Curry with Steamed Rice & Beetroot Thoran,Khaman Dhokla (2 steamed pcs) with Green Coriander Chutney,315,10.69,35.23,"Obesity, Heart Disease","Indian, Low Fat, Dash, Balanced"
1720,213.06,70.91,66.23,15.36,22.6,1781,"Poha with Peanuts, Curry Leaves & Lemon with Green Tea",Malabar Fish Curry with Steamed Rice & Beetroot Thoran,Egg Curry (2 Eggs) with 1.5 Whole Wheat Rotis & Kachumber Salad,1 Vegetable Samosa with Mint Chutney & Masala Chai,436,14.47,56.88,,"Indian, Traditional, Balanced"
1415,212.43,46.23,43.3,14.82,28.48,1420,Vegetable Upma with Roasted Cashews & Filter Coffee,Rajma Masala (Kidney Beans Curry) with Jeera Rice & Kachumber,"Mix Vegetable Subzi (Beans, Carrot, Peas) with 2 Chapatis & Dal Fry",1 Vegetable Samosa with Mint Chutney & Masala Chai,360,11.8,44.28,"Obesity, Heart Disease","Indian, Low Fat, Dash, Balanced"
1455,208.63,70.37,38.69,11.45,34.36,1424,"Poha with Peanuts, Curry Leaves & Lemon with Green Tea",Bhindi Do Pyaza with 2 Whole Wheat Rotis & Dal Palak,Soya Chunks Curry with 1 cup Brown Rice & Fresh Salad,"Sprouted Moong Chaat with Onion, Tomato, Lemon & Chaat Masala",531,18.16,74.91,"Obesity, Heart Disease","Indian, Low Fat, Dash, Balanced"
1626,213.3,69.06,56.28,12.25,34.53,1637,Besan Chilla (2 savory gram flour pancakes) with Green Coriander Chutney,Rajma Masala (Kidney Beans Curry) with Jeera Rice & Kachumber,Aloo Gobi Matar Masala with 2 Whole Wheat Rotis & Plain Dahi,Paneer Tikka (3 grilled cubes) with Mint Coriander Chutney,645,14.57,73.49,,"Indian, Vegetarian, Balanced"
1762,163.25,101.43,79.23,14.7,27.52,1793,Moong Dal Cheela with Paneer Stuffing & Mint Chutney,Paneer Butter Masala with 2 Whole Wheat Phulkas & Boondi Raita,Chicken Tikka Masala with 2 Whole Wheat Tandoori Rotis & Salad,"Sprouted Moong Chaat with Onion, Tomato, Lemon & Chaat Masala",870,13.86,58.27,,"Indian, Low Carb, Traditional"
1237,158.75,70.85,35.16,11.22,22.62,1440,2 Idlis with Sambhar (1 katori) & Coconut Chutney (2 tbsp),"South Indian Meals: Sambar, Rasam, Cabbage Poriyal & Steamed Rice",Tandoori Chicken (2 pcs leg/thigh) with Mint Raita & Green Salad,Roasted Chana (Bhuna Chana - 50g) with Masala Chai,369,10.25,39.84,"Obesity, Diabetes, Heart Disease","Indian, Low Fat, Dash, Balanced"
1639,209.32,70.66,58.17,15.02,28.03,1809,2 Idlis with Sambhar (1 katori) & Coconut Chutney (2 tbsp),Homestyle Chicken Curry with 2 Chapatis & Onion Salad,Aloo Gobi Matar Masala with 2 Whole Wheat Rotis & Plain Dahi,1 Vegetable Samosa with Mint Chutney & Masala Chai,438,12.16,60.61,,"Indian, Traditional, Balanced"
1691,241.09,67.87,51.82,16.16,29.84,1864,Besan Chilla (2 savory gram flour pancakes) with Green Coriander Chutney,"South Indian Meals: Sambar, Rasam, Cabbage Poriyal & Steamed Rice",Malabar Fish Curry with Steamed Rice & Beetroot Thoran,1 Vegetable Samosa with Mint Chutney & Masala Chai,434,13.36,62.48,Heart Disease,"Indian, Traditional, Balanced"
1459,209.15,63.69,40.68,11.4,30.1,1531,Moong Dal Cheela with Paneer Stuffing & Mint Chutney,Dal Tadka (Yellow Lentil) with Steamed Basmati Rice & Cucumber Salad,Lauki Chana Dal Curry with 2 Phulkas & Cucumber Tomato Salad,Khaman Dhokla (2 steamed pcs) with Green Coriander Chutney,490,12.53,45.1,"Obesity, Heart Disease","Indian, Low Fat, Dash, Balanced"
1469,178.92,72.43,52.48,14.38,24.08,1532,2 Boiled Eggs with 2 Multigrain Toasts & Masala Chai,Hyderabadi Chicken Biryani with Mirchi ka Salan & Onion Raita,Aloo Gobi Matar Masala with 2 Whole Wheat Rotis & Plain Dahi,"Sprouted Moong Chaat with Onion, Tomato, Lemon & Chaat Masala",467,12.04,55.72,Obesity,"Indian, Traditional, Balanced"
1478,156.3,77.16,61.74,10.52,23.39,1568,1 Crispy Aloo Paratha with Fresh Curd (Dahi) & Zeera Pickle,Bhindi Do Pyaza with 2 Whole Wheat Rotis & Dal Palak,Chicken Tikka Masala with 2 Whole Wheat Tandoori Rotis & Salad,Paneer Tikka (3 grilled cubes) with Mint Coriander Chutney,659,11.7,55.21,"Obesity, Diabetes","Indian, Low Carb, Traditional"
1727,180.55,70.76,81.72,15.65,29.53,1722,2 Methi Theplas with Fresh Curd (Dahi) & Mint Chutney,Paneer Butter Masala with 2 Whole Wheat Phulkas & Boondi Raita,"Mix Vegetable Subzi (Beans, Carrot, Peas) with 2 Chapatis & Dal Fry",Paneer Tikka (3 grilled cubes) with Mint Coriander Chutney,1026,12.84,52.7,,"Indian, Vegetarian, Balanced"
1459,204.7,66.23,43.15,10.79,22.98,1670,2 Idlis with Sambhar (1 katori) & Coconut Chutney (2 tbsp),Hyderabadi Chicken Biryani with Mirchi ka Salan & Onion Raita,"Moong Dal Khichdi with Desi Ghee, Curd & Roasted Papad","Sprouted Moong Chaat with Onion, Tomato, Lemon & Chaat Masala",386,11.16,37.24,"Obesity, Heart Disease","Indian, Low Fat, Dash, Balanced"
1524,241.54,54.5,38.48,11.62,30.67,1621,"Masala Dosa with Potato Filling, Sambar & Coconut Chutney",Rajma Masala (Kidney Beans Curry) with Jeera Rice & Kachumber,"Moong Dal Khichdi with Desi Ghee, Curd & Roasted Papad","Sprouted Moong Chaat with Onion, Tomato, Lemon & Chaat Masala",379,13.48,47.76,"Obesity, Heart Disease","Indian, Low Fat, Dash, Balanced"
1696,165.62,99.39,71.93,11.31,20.71,1805,2 Methi Theplas with Fresh Curd (Dahi) & Mint Chutney,Hyderabadi Chicken Biryani with Mirchi ka Salan & Onion Raita,Chicken Tikka Masala with 2 Whole Wheat Tandoori Rotis & Salad,Paneer Tikka (3 grilled cubes) with Mint Coriander Chutney,658,12.45,40.38,Diabetes,"Indian, Low Carb, Traditional"
1775,212.77,80.58,68.13,18.05,26.21,1902,2 Boiled Eggs with 2 Multigrain Toasts & Masala Chai,Hyderabadi Chicken Biryani with Mirchi ka Salan & Onion Raita,"Mix Vegetable Subzi (Beans, Carrot, Peas) with 2 Chapatis & Dal Fry",1 Vegetable Samosa with Mint Chutney & Masala Chai,500,13.46,38.25,,"Indian, Traditional, Balanced"
1343,185.41,49.52,45.51,9.33,23.04,1259,Vegetable Upma with Roasted Cashews & Filter Coffee,Dal Tadka (Yellow Lentil) with Steamed Basmati Rice & Cucumber Salad,Palak Paneer (Spinach Cottage Cheese) with 2 Whole Wheat Chapatis,Roasted Makhana (Foxnuts - 30g) with Green Tea,561,11.1,37.49,"Obesity, Hypertension, Diabetes, Heart Disease, Kidney Disease","Indian, Low Fat, Dash, Balanced"
1605,162.05,69.89,76.52,15.12,25.37,1750,Besan Chilla (2 savory gram flour pancakes) with Green Coriander Chutney,Paneer Butter Masala with 2 Whole Wheat Phulkas & Boondi Raita,Egg Curry (2 Eggs) with 1.5 Whole Wheat Rotis & Kachumber Salad,Khaman Dhokla (2 steamed pcs) with Green Coriander Chutney,687,12.74,48.05,,"Indian, Low Carb, Traditional"
1599,206.95,82.04,49.62,26.66,25.79,1784,"Masala Dosa with Potato Filling, Sambar & Coconut Chutney",Dal Tadka (Yellow Lentil) with Steamed Basmati Rice & Cucumber Salad,Tandoori Chicken (2 pcs leg/thigh) with Mint Raita & Green Salad,"Fresh Fruit Chaat (Papaya, Apple, Guava & Chaat Masala)",394,11.86,95.53,"Obesity, Heart Disease","Indian, Traditional, Balanced"
1413,182.77,55.42,51.97,12.66,33.74,1428,Ragi Dosa (2 pcs) with Tomato Onion Chutney & Buttermilk,Baingan Bharta with 2 Bajra Rotis & Plain Dahi,Lauki Chana Dal Curry with 2 Phulkas & Cucumber Tomato Salad,Paneer Tikka (3 grilled cubes) with Mint Coriander Chutney,866,15.2,54.81,"Obesity, Diabetes, Heart Disease","Indian, Vegetarian, Balanced"
1475,232.49,48.78,39.98,14.61,27.06,1592,1 Crispy Aloo Paratha with Fresh Curd (Dahi) & Zeera Pickle,Rajma Masala (Kidney Beans Curry) with Jeera Rice & Kachumber,"Moong Dal Khichdi with Desi Ghee, Curd & Roasted Papad",Bhel Puri (Puffed Rice with Veggies & Tamarind Chutney),435,12.36,37.45,"Obesity, Heart Disease","Indian, Low Fat, Dash, Balanced"
1457,221.67,57.88,36.78,14.47,35.47,1497,Besan Chilla (2 savory gram flour pancakes) with Green Coriander Chutney,"South Indian Meals: Sambar, Rasam, Cabbage Poriyal & Steamed Rice","Mix Vegetable Subzi (Beans, Carrot, Peas) with 2 Chapatis & Dal Fry",Roasted Chana (Bhuna Chana - 50g) with Masala Chai,408,14.07,60.99,"Obesity, Heart Disease","Indian, Low Fat, Dash, Balanced"
1429,233.21,43.17,36.67,17.79,24.28,1579,Vegetable Upma with Roasted Cashews & Filter Coffee,"South Indian Meals: Sambar, Rasam, Cabbage Poriyal & Steamed Rice","Moong Dal Khichdi with Desi Ghee, Curd & Roasted Papad",Bhel Puri (Puffed Rice with Veggies & Tamarind Chutney),382,10.49,45.76,"Obesity, Heart Disease","Indian, Low Fat, Dash, Balanced"
1643,240.87,74.67,43.18,14.01,34.76,1664,2 Methi Theplas with Fresh Curd (Dahi) & Mint Chutney,Rajma Masala (Kidney Beans Curry) with Jeera Rice & Kachumber,Malabar Fish Curry with Steamed Rice & Beetroot Thoran,"Sprouted Moong Chaat with Onion, Tomato, Lemon & Chaat Masala",533,15.8,61.61,Heart Disease,"Indian, Low Fat, Dash, Balanced"
1342,194.79,52.1,39.24,23.6,28.41,1259,Moong Dal Cheela with Paneer Stuffing & Mint Chutney,Dal Tadka (Yellow Lentil) with Steamed Basmati Rice & Cucumber Salad,Aloo Gobi Matar Masala with 2 Whole Wheat Rotis & Plain Dahi,"Fresh Fruit Chaat (Papaya, Apple, Guava & Chaat Masala)",518,10.64,101.24,"Obesity, Hypertension, Heart Disease, Kidney Disease","Indian, Low Fat, Dash, Balanced"
1648,260.6,63.73,38.32,15.55,41.61,1555,Ragi Dosa (2 pcs) with Tomato Onion Chutney & Buttermilk,Rajma Masala (Kidney Beans Curry) with Jeera Rice & Kachumber,"Mix Vegetable Subzi (Beans, Carrot, Peas) with 2 Chapatis & Dal Fry",Roasted Chana (Bhuna Chana - 50g) with Masala Chai,675,17.63,53.11,Heart Disease,"Indian, Low Fat, Dash, Balanced"
1467,205.13,70.59,41.16,11.92,26.54,1409,2 Boiled Eggs with 2 Multigrain Toasts & Masala Chai,Rajma Masala (Kidney Beans Curry) with Jeera Rice & Kachumber,Malabar Fish Curry with Steamed Rice & Beetroot Thoran,Roasted Makhana (Foxnuts - 30g) with Green Tea,423,12.98,29.72,"Obesity, Heart Disease","Indian, Low Fat, Dash, Balanced"
1344,172.49,62.23,45.19,9.66,24.6,1230,Moong Dal Cheela with Paneer Stuffing & Mint Chutney,Malabar Fish Curry with Steamed Rice & Beetroot Thoran,Aloo Gobi Matar Masala with 2 Whole Wheat Rotis & Plain Dahi,Roasted Makhana (Foxnuts - 30g) with Green Tea,547,10.57,53.58,"Obesity, Hypertension, Diabetes, Heart Disease, Kidney Disease","Indian, Low Fat, Dash, Balanced"
1531,202.84,71.61,48.62,15.46,24.72,1628,Moong Dal Cheela with Paneer Stuffing & Mint Chutney,Malabar Fish Curry with Steamed Rice & Beetroot Thoran,"Moong Dal Khichdi with Desi Ghee, Curd & Roasted Papad",Bhel Puri (Puffed Rice with Veggies & Tamarind Chutney),572,12.11,40.18,"Obesity, Heart Disease","Indian, Traditional, Balanced"
1601,162.08,79.1,72.02,12.52,23.49,1563,2 Methi Theplas with Fresh Curd (Dahi) & Mint Chutney,Paneer Butter Masala with 2 Whole Wheat Phulkas & Boondi Raita,Chicken Tikka Masala with 2 Whole Wheat Tandoori Rotis & Salad,Roasted Makhana (Foxnuts - 30g) with Green Tea,749,11.94,35.23,Diabetes,"Indian, Low Carb, Traditional"
1609,153.6,73.25,78.89,14.84,21.94,1573,2 Boiled Eggs with 2 Multigrain Toasts & Masala Chai,Paneer Butter Masala with 2 Whole Wheat Phulkas & Boondi Raita,Egg Curry (2 Eggs) with 1.5 Whole Wheat Rotis & Kachumber Salad,Roasted Makhana (Foxnuts - 30g) with Green Tea,770,12.12,29.05,,"Indian, Low Carb, Traditional"
1542,216.47,58.15,49.82,11.88,28.87,1532,Ragi Dosa (2 pcs) with Tomato Onion Chutney & Buttermilk,Dal Tadka (Yellow Lentil) with Steamed Basmati Rice & Cucumber Salad,Aloo Gobi Matar Masala with 2 Whole Wheat Rotis & Plain Dahi,Paneer Tikka (3 grilled cubes) with Mint Coriander Chutney,825,12.82,63.57,"Obesity, Heart Disease","Indian, Vegetarian, Balanced"
1612,199.67,58.34,66.04,15.6,25.79,1747,Vegetable Upma with Roasted Cashews & Filter Coffee,Chole Masala (Spiced Chickpeas) with 1 Bhatura & Pickled Onions,Egg Curry (2 Eggs) with 1.5 Whole Wheat Rotis & Kachumber Salad,Khaman Dhokla (2 steamed pcs) with Green Coriander Chutney,400,13.62,44.93,,"Indian, Traditional, Balanced"
1531,225.87,54.0,47.08,15.94,29.57,1825,2 Idlis with Sambhar (1 katori) & Coconut Chutney (2 tbsp),"South Indian Meals: Sambar, Rasam, Cabbage Poriyal & Steamed Rice",Palak Paneer (Spinach Cottage Cheese) with 2 Whole Wheat Chapatis,Bhel Puri (Puffed Rice with Veggies & Tamarind Chutney),634,13.0,65.33,"Obesity, Heart Disease","Indian, Low Fat, Dash, Balanced"
1590,203.87,65.65,58.22,13.21,33.03,1703,Moong Dal Cheela with Paneer Stuffing & Mint Chutney,Chole Masala (Spiced Chickpeas) with 1 Bhatura & Pickled Onions,Lauki Chana Dal Curry with 2 Phulkas & Cucumber Tomato Salad,Khaman Dhokla (2 steamed pcs) with Green Coriander Chutney,537,14.66,49.44,Obesity,"Indian, Vegetarian, Balanced"
1554,177.84,58.38,69.28,14.89,33.39,1629,Besan Chilla (2 savory gram flour pancakes) with Green Coriander Chutney,Baingan Bharta with 2 Bajra Rotis & Plain Dahi,Palak Paneer (Spinach Cottage Cheese) with 2 Whole Wheat Chapatis,1 Vegetable Samosa with Mint Chutney & Masala Chai,758,16.29,60.98,Obesity,"Indian, Vegetarian, Balanced"
1351,170.54,75.7,41.89,24.03,19.58,1360,Vegetable Upma with Roasted Cashews & Filter Coffee,Fish Curry (Rohu in Mustard Gravy) with Steamed Rice & Green Salad,Chicken Tikka Masala with 2 Whole Wheat Tandoori Rotis & Salad,"Fresh Fruit Chaat (Papaya, Apple, Guava & Chaat Masala)",322,9.97,82.59,"Obesity, Hypertension","Indian, Low Fat, Dash, Balanced"
1267,146.0,82.29,40.5,6.75,14.61,1304,"Poha with Peanuts, Curry Leaves & Lemon with Green Tea",Fish Curry (Rohu in Mustard Gravy) with Steamed Rice & Green Salad,Tandoori Chicken (2 pcs leg/thigh) with Mint Raita & Green Salad,Roasted Makhana (Foxnuts - 30g) with Green Tea,330,10.82,38.19,"Obesity, Hypertension","Indian, Low Fat, Dash, Balanced"
1434,152.63,80.63,55.72,9.5,22.39,1560,Besan Chilla (2 savory gram flour pancakes) with Green Coriander Chutney,Homestyle Chicken Curry with 2 Chapatis & Onion Salad,"Moong Dal Khichdi with Desi Ghee, Curd & Roasted Papad",Paneer Tikka (3 grilled cubes) with Mint Coriander Chutney,537,11.63,37.7,"Obesity, Diabetes","Indian, Low Carb, Traditional"
1677,214.65,72.07,59.75,12.74,27.96,1771,"Masala Dosa with Potato Filling, Sambar & Coconut Chutney",Malabar Fish Curry with Steamed Rice & Beetroot Thoran,"Mix Vegetable Subzi (Beans, Carrot, Peas) with 2 Chapatis & Dal Fry",Paneer Tikka (3 grilled cubes) with Mint Coriander Chutney,595,12.53,55.5,,"Indian, Traditional, Balanced"
1497,203.19,60.43,50.48,9.04,19.44,1524,1 Crispy Aloo Paratha with Fresh Curd (Dahi) & Zeera Pickle,Hyderabadi Chicken Biryani with Mirchi ka Salan & Onion Raita,"Moong Dal Khichdi with Desi Ghee, Curd & Roasted Papad",Roasted Makhana (Foxnuts - 30g) with Green Tea,452,10.22,23.46,Obesity,"Indian, Traditional, Balanced"
1381,178.82,65.09,45.11,13.19,20.26,1491,Vegetable Upma with Roasted Cashews & Filter Coffee,Homestyle Chicken Curry with 2 Chapatis & Onion Salad,"Moong Dal Khichdi with Desi Ghee, Curd & Roasted Papad",Khaman Dhokla (2 steamed pcs) with Green Coriander Chutney,340,10.23,30.01,"Obesity, Diabetes","Indian, Low Fat, Dash, Balanced"
1478,224.79,58.69,37.3,14.67,35.97,1518,Besan Chilla (2 savory gram flour pancakes) with Green Coriander Chutney,"South Indian Meals: Sambar, Rasam, Cabbage Poriyal & Steamed Rice","Mix Vegetable Subzi (Beans, Carrot, Peas) with 2 Chapatis & Dal Fry",Roasted Chana (Bhuna Chana - 50g) with Masala Chai,414,14.27,61.85,"Obesity, Heart Disease","Indian, Low Fat, Dash, Balanced"
1462,163.06,80.72,55.25,12.87,22.08,1609,Besan Chilla (2 savory gram flour pancakes) with Green Coriander Chutney,Malabar Fish Curry with Steamed Rice & Beetroot Thoran,Chicken Tikka Masala with 2 Whole Wheat Tandoori Rotis & Salad,1 Vegetable Samosa with Mint Chutney & Masala Chai,358,11.89,43.45,"Obesity, Diabetes","Indian, Low Carb, Traditional"
1544,210.47,61.47,51.65,12.94,31.44,1605,"Masala Dosa with Potato Filling, Sambar & Coconut Chutney",Bhindi Do Pyaza with 2 Whole Wheat Rotis & Dal Palak,Soya Chunks Curry with 1 cup Brown Rice & Fresh Salad,1 Vegetable Samosa with Mint Chutney & Masala Chai,521,15.01,50.99,"Obesity, Heart Disease","Indian, Vegetarian, Balanced"
1384,163.36,60.54,53.33,13.45,32.38,1355,Besan Chilla (2 savory gram flour pancakes) with Green Coriander Chutney,Baingan Bharta with 2 Bajra Rotis & Plain Dahi,Egg Curry (2 Eggs) with 1.5 Whole Wheat Rotis & Kachumber Salad,Roasted Chana (Bhuna Chana - 50g) with Masala Chai,498,15.76,47.57,"Obesity, Hypertension, Diabetes, Kidney Disease","Indian, Low Carb, Traditional"
1488,233.36,53.17,37.11,11.95,31.63,1469,"Masala Dosa with Potato Filling, Sambar & Coconut Chutney",Dal Tadka (Yellow Lentil) with Steamed Basmati Rice & Cucumber Salad,Lauki Chana Dal Curry with 2 Phulkas & Cucumber Tomato Salad,Roasted Chana (Bhuna Chana - 50g) with Masala Chai,347,13.12,36.62,"Obesity, Heart Disease","Indian, Low Fat, Dash, Balanced"
1734,194.69,73.53,74.19,13.5,31.5,1602,Moong Dal Cheela with Paneer Stuffing & Mint Chutney,Paneer Butter Masala with 2 Whole Wheat Phulkas & Boondi Raita,"Mix Vegetable Subzi (Beans, Carrot, Peas) with 2 Chapatis & Dal Fry",Roasted Makhana (Foxnuts - 30g) with Green Tea,920,13.06,48.07,Diabetes,"Indian, Vegetarian, Balanced"
1375,217.34,39.43,39.34,15.84,25.99,1504,1 Crispy Aloo Paratha with Fresh Curd (Dahi) & Zeera Pickle,"South Indian Meals: Sambar, Rasam, Cabbage Poriyal & Steamed Rice",Aloo Gobi Matar Masala with 2 Whole Wheat Rotis & Plain Dahi,Bhel Puri (Puffed Rice with Veggies & Tamarind Chutney),442,10.41,68.44,"Obesity, Heart Disease","Indian, Low Fat, Dash, Balanced"
1434,188.14,54.5,52.82,15.53,31.26,1543,Ragi Dosa (2 pcs) with Tomato Onion Chutney & Buttermilk,Bhindi Do Pyaza with 2 Whole Wheat Rotis & Dal Palak,Palak Paneer (Spinach Cottage Cheese) with 2 Whole Wheat Chapatis,Bhel Puri (Puffed Rice with Veggies & Tamarind Chutney),907,14.94,68.06,Obesity,"Indian, Vegetarian, Balanced"
1311,212.97,55.15,27.03,13.47,28.4,1529,2 Idlis with Sambhar (1 katori) & Coconut Chutney (2 tbsp),"South Indian Meals: Sambar, Rasam, Cabbage Poriyal & Steamed Rice",Soya Chunks Curry with 1 cup Brown Rice & Fresh Salad,Bhel Puri (Puffed Rice with Veggies & Tamarind Chutney),382,13.01,46.51,"Obesity, Heart Disease","Indian, Low Fat, Dash, Balanced"
1307,178.26,50.06,44.24,13.39,34.36,1330,Besan Chilla (2 savory gram flour pancakes) with Green Coriander Chutney,Baingan Bharta with 2 Bajra Rotis & Plain Dahi,Aloo Gobi Matar Masala with 2 Whole Wheat Rotis & Plain Dahi,"Sprouted Moong Chaat with Onion, Tomato, Lemon & Chaat Masala",495,14.59,77.68,"Obesity, Hypertension, Diabetes, Heart Disease, Kidney Disease","Indian, Low Fat, Dash, Balanced"
1623,227.86,48.74,59.21,14.06,30.45,1523,Vegetable Upma with Roasted Cashews & Filter Coffee,Chole Masala (Spiced Chickpeas) with 1 Bhatura & Pickled Onions,Aloo Gobi Matar Masala with 2 Whole Wheat Rotis & Plain Dahi,Roasted Makhana (Foxnuts - 30g) with Green Tea,465,13.32,57.41,,"Indian, Vegetarian, Balanced"
1541,193.32,72.92,51.56,15.86,28.68,1414,Vegetable Upma with Roasted Cashews & Filter Coffee,Homestyle Chicken Curry with 2 Chapatis & Onion Salad,Aloo Gobi Matar Masala with 2 Whole Wheat Rotis & Plain Dahi,Roasted Chana (Bhuna Chana - 50g) with Masala Chai,448,12.81,55.02,"Obesity, Heart Disease","Indian, Traditional, Balanced"
1565,143.97,112.55,59.58,15.38,23.94,1907,Besan Chilla (2 savory gram flour pancakes) with Green Coriander Chutney,Homestyle Chicken Curry with 2 Chapatis & Onion Salad,Tandoori Chicken (2 pcs leg/thigh) with Mint Raita & Green Salad,Bhel Puri (Puffed Rice with Veggies & Tamarind Chutney),396,13.87,51.02,Obesity,"Indian, Low Carb, Traditional"
1559,195.25,84.19,49.43,10.15,24.61,1466,Moong Dal Cheela with Paneer Stuffing & Mint Chutney,Malabar Fish Curry with Steamed Rice & Beetroot Thoran,Malabar Fish Curry with Steamed Rice & Beetroot Thoran,Roasted Makhana (Foxnuts - 30g) with Green Tea,574,12.1,41.33,"Obesity, Heart Disease","Indian, Traditional, Balanced"
1377,202.26,55.26,38.77,16.01,27.53,1558,2 Boiled Eggs with 2 Multigrain Toasts & Masala Chai,"South Indian Meals: Sambar, Rasam, Cabbage Poriyal & Steamed Rice","Mix Vegetable Subzi (Beans, Carrot, Peas) with 2 Chapatis & Dal Fry",Khaman Dhokla (2 steamed pcs) with Green Coriander Chutney,400,11.62,50.78,"Obesity, Heart Disease","Indian, Low Fat, Dash, Balanced"
1400,210.69,64.15,34.87,10.16,21.52,1434,"Poha with Peanuts, Curry Leaves & Lemon with Green Tea",Fish Curry (Rohu in Mustard Gravy) with Steamed Rice & Green Salad,"Moong Dal Khichdi with Desi Ghee, Curd & Roasted Papad","Sprouted Moong Chaat with Onion, Tomato, Lemon & Chaat Masala",359,12.85,52.0,Obesity,"Indian, Low Fat, Dash, Balanced"
1514,218.95,54.99,47.28,17.1,38.56,1509,Vegetable Upma with Roasted Cashews & Filter Coffee,Baingan Bharta with 2 Bajra Rotis & Plain Dahi,Lauki Chana Dal Curry with 2 Phulkas & Cucumber Tomato Salad,"Sprouted Moong Chaat with Onion, Tomato, Lemon & Chaat Masala",529,16.32,69.18,"Obesity, Heart Disease","Indian, Low Fat, Dash, Balanced"
1731,207.45,73.26,69.95,14.4,25.7,1751,Vegetable Upma with Roasted Cashews & Filter Coffee,Chole Masala (Spiced Chickpeas) with 1 Bhatura & Pickled Onions,Malabar Fish Curry with Steamed Rice & Beetroot Thoran,Paneer Tikka (3 grilled cubes) with Mint Coriander Chutney,617,13.37,45.18,,"Indian, Traditional, Balanced"
1676,215.36,73.69,59.45,11.81,25.19,1834,"Masala Dosa with Potato Filling, Sambar & Coconut Chutney",Fish Curry (Rohu in Mustard Gravy) with Steamed Rice & Green Salad,Palak Paneer (Spinach Cottage Cheese) with 2 Whole Wheat Chapatis,Khaman Dhokla (2 steamed pcs) with Green Coriander Chutney,629,13.49,54.71,,"Indian, Traditional, Balanced"
1549,219.81,51.46,52.32,17.98,36.72,1484,Vegetable Upma with Roasted Cashews & Filter Coffee,Baingan Bharta with 2 Bajra Rotis & Plain Dahi,Aloo Gobi Matar Masala with 2 Whole Wheat Rotis & Plain Dahi,"Sprouted Moong Chaat with Onion, Tomato, Lemon & Chaat Masala",588,15.49,84.72,Obesity,"Indian, Vegetarian, Balanced"
1544,171.11,75.49,62.99,10.84,19.52,1570,"Poha with Peanuts, Curry Leaves & Lemon with Green Tea",Malabar Fish Curry with Steamed Rice & Beetroot Thoran,Egg Curry (2 Eggs) with 1.5 Whole Wheat Rotis & Kachumber Salad,Paneer Tikka (3 grilled cubes) with Mint Coriander Chutney,575,13.01,55.14,Obesity,"Indian, Low Carb, Traditional"
1315,212.64,51.19,28.4,10.92,30.39,1358,2 Idlis with Sambhar (1 katori) & Coconut Chutney (2 tbsp),Dal Tadka (Yellow Lentil) with Steamed Basmati Rice & Cucumber Salad,Lauki Chana Dal Curry with 2 Phulkas & Cucumber Tomato Salad,Roasted Chana (Bhuna Chana - 50g) with Masala Chai,332,12.06,32.39,"Obesity, Hypertension, Heart Disease, Kidney Disease","Indian, Low Fat, Dash, Balanced"
1327,175.66,71.4,38.26,9.25,22.24,1364,Moong Dal Cheela with Paneer Stuffing & Mint Chutney,Fish Curry (Rohu in Mustard Gravy) with Steamed Rice & Green Salad,"Moong Dal Khichdi with Desi Ghee, Curd & Roasted Papad","Sprouted Moong Chaat with Onion, Tomato, Lemon & Chaat Masala",506,11.17,44.03,"Obesity, Hypertension, Diabetes, Heart Disease, Kidney Disease","Indian, Low Fat, Dash, Balanced"
1333,165.69,72.18,41.87,8.49,28.04,1373,Besan Chilla (2 savory gram flour pancakes) with Green Coriander Chutney,Homestyle Chicken Curry with 2 Chapatis & Onion Salad,Lauki Chana Dal Curry with 2 Phulkas & Cucumber Tomato Salad,Roasted Makhana (Foxnuts - 30g) with Green Tea,320,12.54,41.97,"Obesity, Hypertension, Diabetes, Heart Disease, Kidney Disease","Indian, Low Fat, Dash, Balanced"
1571,246.14,53.98,40.39,12.19,28.2,1561,"Masala Dosa with Potato Filling, Sambar & Coconut Chutney",Dal Tadka (Yellow Lentil) with Steamed Basmati Rice & Cucumber Salad,"Moong Dal Khichdi with Desi Ghee, Curd & Roasted Papad",Roasted Chana (Bhuna Chana - 50g) with Masala Chai,392,12.69,26.19,"Obesity, Heart Disease","Indian, Low Fat, Dash, Balanced"
1476,185.97,57.89,55.72,13.15,29.04,1476,Ragi Dosa (2 pcs) with Tomato Onion Chutney & Buttermilk,Chole Masala (Spiced Chickpeas) with 1 Bhatura & Pickled Onions,Egg Curry (2 Eggs) with 1.5 Whole Wheat Rotis & Kachumber Salad,Roasted Chana (Bhuna Chana - 50g) with Masala Chai,601,15.23,38.88,"Obesity, Diabetes","Indian, Traditional, Balanced"
1623,243.8,72.51,39.26,12.1,36.99,1535,"Masala Dosa with Potato Filling, Sambar & Coconut Chutney",Rajma Masala (Kidney Beans Curry) with Jeera Rice & Kachumber,Soya Chunks Curry with 1 cup Brown Rice & Fresh Salad,Roasted Chana (Bhuna Chana - 50g) with Masala Chai,462,17.61,37.39,Heart Disease,"Indian, Low Fat, Dash, Balanced"
1632,237.6,65.29,48.31,17.31,29.47,1687,"Poha with Peanuts, Curry Leaves & Lemon with Green Tea",Bhindi Do Pyaza with 2 Whole Wheat Rotis & Dal Palak,Malabar Fish Curry with Steamed Rice & Beetroot Thoran,Bhel Puri (Puffed Rice with Veggies & Tamarind Chutney),481,15.45,71.53,Heart Disease,"Indian, Traditional, Balanced"
1354,221.99,47.34,31.56,10.71,23.77,1578,2 Idlis with Sambhar (1 katori) & Coconut Chutney (2 tbsp),Dal Tadka (Yellow Lentil) with Steamed Basmati Rice & Cucumber Salad,"Moong Dal Khichdi with Desi Ghee, Curd & Roasted Papad",Khaman Dhokla (2 steamed pcs) with Green Coriander Chutney,326,10.23,26.98,"Obesity, Heart Disease","Indian, Low Fat, Dash, Balanced"
1489,220.01,62.97,40.78,11.5,25.89,1649,"Masala Dosa with Potato Filling, Sambar & Coconut Chutney",Fish Curry (Rohu in Mustard Gravy) with Steamed Rice & Green Salad,Lauki Chana Dal Curry with 2 Phulkas & Cucumber Tomato Salad,Khaman Dhokla (2 steamed pcs) with Green Coriander Chutney,322,11.8,45.68,"Obesity, Heart Disease","Indian, Low Fat, Dash, Balanced"
1556,191.85,92.82,45.85,15.56,30.81,1469,2 Boiled Eggs with 2 Multigrain Toasts & Masala Chai,Malabar Fish Curry with Steamed Rice & Beetroot Thoran,Soya Chunks Curry with 1 cup Brown Rice & Fresh Salad,Roasted Chana (Bhuna Chana - 50g) with Masala Chai,566,16.88,28.98,"Obesity, Heart Disease","Indian, Low Fat, Dash, Balanced"
1300,182.61,62.62,36.71,10.14,21.21,1457,Besan Chilla (2 savory gram flour pancakes) with Green Coriander Chutney,Fish Curry (Rohu in Mustard Gravy) with Steamed Rice & Green Salad,"Moong Dal Khichdi with Desi Ghee, Curd & Roasted Papad",Khaman Dhokla (2 steamed pcs) with Green Coriander Chutney,335,10.79,35.05,"Obesity, Diabetes","Indian, Low Fat, Dash, Balanced"
1307,193.02,46.64,39.49,10.87,26.86,1413,"Masala Dosa with Potato Filling, Sambar & Coconut Chutney",Bhindi Do Pyaza with 2 Whole Wheat Rotis & Dal Palak,"Moong Dal Khichdi with Desi Ghee, Curd & Roasted Papad","Sprouted Moong Chaat with Onion, Tomato, Lemon & Chaat Masala",424,11.48,53.53,"Obesity, Diabetes, Heart Disease","Indian, Low Fat, Dash, Balanced"
1549,230.97,61.85,43.31,10.33,22.87,1477,"Poha with Peanuts, Curry Leaves & Lemon with Green Tea",Malabar Fish Curry with Steamed Rice & Beetroot Thoran,"Moong Dal Khichdi with Desi Ghee, Curd & Roasted Papad",Roasted Makhana (Foxnuts - 30g) with Green Tea,413,13.1,39.09,"Obesity, Heart Disease","Indian, Low Fat, Dash, Balanced"
1374,215.02,52.61,34.68,24.55,31.57,1413,Besan Chilla (2 savory gram flour pancakes) with Green Coriander Chutney,Rajma Masala (Kidney Beans Curry) with Jeera Rice & Kachumber,"Moong Dal Khichdi with Desi Ghee, Curd & Roasted Papad","Fresh Fruit Chaat (Papaya, Apple, Guava & Chaat Masala)",374,12.76,87.2,"Obesity, Heart Disease","Indian, Low Fat, Dash, Balanced"
1212,207.72,39.02,25.45,24.98,30.5,1282,Ragi Dosa (2 pcs) with Tomato Onion Chutney & Buttermilk,"South Indian Meals: Sambar, Rasam, Cabbage Poriyal & Steamed Rice",Lauki Chana Dal Curry with 2 Phulkas & Cucumber Tomato Salad,"Fresh Fruit Chaat (Papaya, Apple, Guava & Chaat Masala)",517,11.23,100.21,"Obesity, Hypertension, Heart Disease, Kidney Disease","Indian, Low Fat, Dash, Balanced"
1520,210.74,60.61,49.02,12.33,27.33,1520,Vegetable Upma with Roasted Cashews & Filter Coffee,Dal Tadka (Yellow Lentil) with Steamed Basmati Rice & Cucumber Salad,Lauki Chana Dal Curry with 2 Phulkas & Cucumber Tomato Salad,Paneer Tikka (3 grilled cubes) with Mint Coriander Chutney,555,11.7,44.44,"Obesity, Heart Disease","Indian, Vegetarian, Balanced"
1629,212.16,77.24,52.88,11.43,24.89,1773,"Masala Dosa with Potato Filling, Sambar & Coconut Chutney",Fish Curry (Rohu in Mustard Gravy) with Steamed Rice & Green Salad,Egg Curry (2 Eggs) with 1.5 Whole Wheat Rotis & Kachumber Salad,"Sprouted Moong Chaat with Onion, Tomato, Lemon & Chaat Masala",395,13.57,60.89,,"Indian, Traditional, Balanced"
1584,174.94,79.26,63.68,12.14,23.63,1665,Ragi Dosa (2 pcs) with Tomato Onion Chutney & Buttermilk,Malabar Fish Curry with Steamed Rice & Beetroot Thoran,Egg Curry (2 Eggs) with 1.5 Whole Wheat Rotis & Kachumber Salad,Paneer Tikka (3 grilled cubes) with Mint Coriander Chutney,848,13.42,52.09,"Obesity, Diabetes","Indian, Low Carb, Traditional"
1638,153.47,109.33,66.26,13.64,24.59,1810,2 Boiled Eggs with 2 Multigrain Toasts & Masala Chai,Rajma Masala (Kidney Beans Curry) with Jeera Rice & Kachumber,Tandoori Chicken (2 pcs leg/thigh) with Mint Raita & Green Salad,Paneer Tikka (3 grilled cubes) with Mint Coriander Chutney,698,13.96,39.84,Diabetes,"Indian, Low Carb, Traditional"
1772,241.99,48.38,69.88,16.13,30.96,1871,"Masala Dosa with Potato Filling, Sambar & Coconut Chutney",Chole Masala (Spiced Chickpeas) with 1 Bhatura & Pickled Onions,Aloo Gobi Matar Masala with 2 Whole Wheat Rotis & Plain Dahi,1 Vegetable Samosa with Mint Chutney & Masala Chai,455,13.84,61.72,,"Indian, Vegetarian, Balanced"
1453,187.88,70.43,45.26,13.75,30.04,1375,Ragi Dosa (2 pcs) with Tomato Onion Chutney & Buttermilk,Homestyle Chicken Curry with 2 Chapatis & Onion Salad,Aloo Gobi Matar Masala with 2 Whole Wheat Rotis & Plain Dahi,Roasted Chana (Bhuna Chana - 50g) with Masala Chai,625,13.85,55.6,"Obesity, Hypertension, Diabetes, Heart Disease, Kidney Disease","Indian, Low Fat, Dash, Balanced"
1695,148.85,73.82,91.58,13.74,25.68,1685,2 Methi Theplas with Fresh Curd (Dahi) & Mint Chutney,Paneer Butter Masala with 2 Whole Wheat Phulkas & Boondi Raita,Palak Paneer (Spinach Cottage Cheese) with 2 Whole Wheat Chapatis,Paneer Tikka (3 grilled cubes) with Mint Coriander Chutney,1239,13.04,52.06,Diabetes,"Indian, Low Carb, Traditional"
1402,191.18,65.74,42.02,14.88,21.01,1506,Vegetable Upma with Roasted Cashews & Filter Coffee,Dal Tadka (Yellow Lentil) with Steamed Basmati Rice & Cucumber Salad,Chicken Tikka Masala with 2 Whole Wheat Tandoori Rotis & Salad,Bhel Puri (Puffed Rice with Veggies & Tamarind Chutney),298,10.91,36.79,Obesity,"Indian, Low Fat, Dash, Balanced"
1594,178.85,58.67,74.15,27.91,26.18,1507,"Poha with Peanuts, Curry Leaves & Lemon with Green Tea",Paneer Butter Masala with 2 Whole Wheat Phulkas & Boondi Raita,Palak Paneer (Spinach Cottage Cheese) with 2 Whole Wheat Chapatis,"Fresh Fruit Chaat (Papaya, Apple, Guava & Chaat Masala)",917,13.44,106.64,Obesity,"Indian, Vegetarian, Balanced"
1523,238.11,52.5,41.63,13.5,33.51,1686,2 Idlis with Sambhar (1 katori) & Coconut Chutney (2 tbsp),Rajma Masala (Kidney Beans Curry) with Jeera Rice & Kachumber,Lauki Chana Dal Curry with 2 Phulkas & Cucumber Tomato Salad,1 Vegetable Samosa with Mint Chutney & Masala Chai,372,13.3,44.68,"Obesity, Heart Disease","Indian, Low Fat, Dash, Balanced"
1661,176.76,90.46,65.79,13.16,31.47,1754,2 Methi Theplas with Fresh Curd (Dahi) & Mint Chutney,Homestyle Chicken Curry with 2 Chapatis & Onion Salad,Palak Paneer (Spinach Cottage Cheese) with 2 Whole Wheat Chapatis,"Sprouted Moong Chaat with Onion, Tomato, Lemon & Chaat Masala",799,16.23,70.07,Diabetes,"Indian, High Protein, Traditional"
1337,183.66,65.39,37.55,25.54,30.14,1382,Ragi Dosa (2 pcs) with Tomato Onion Chutney & Buttermilk,Homestyle Chicken Curry with 2 Chapatis & Onion Salad,Lauki Chana Dal Curry with 2 Phulkas & Cucumber Tomato Salad,"Fresh Fruit Chaat (Papaya, Apple, Guava & Chaat Masala)",535,12.72,95.04,"Obesity, Hypertension, Heart Disease, Kidney Disease","Indian, Low Fat, Dash, Balanced"
1620,184.18,93.87,56.47,11.1,26.18,1675,Moong Dal Cheela with Paneer Stuffing & Mint Chutney,Fish Curry (Rohu in Mustard Gravy) with Steamed Rice & Green Salad,Egg Curry (2 Eggs) with 1.5 Whole Wheat Rotis & Kachumber Salad,"Sprouted Moong Chaat with Onion, Tomato, Lemon & Chaat Masala",602,14.31,64.91,Diabetes,"Indian, High Protein, Traditional"
1639,240.03,59.96,50.06,13.64,27.74,1709,"Masala Dosa with Potato Filling, Sambar & Coconut Chutney",Rajma Masala (Kidney Beans Curry) with Jeera Rice & Kachumber,Malabar Fish Curry with Steamed Rice & Beetroot Thoran,1 Vegetable Samosa with Mint Chutney & Masala Chai,374,12.8,42.12,Heart Disease,"Indian, Traditional, Balanced"
1670,225.8,63.28,59.45,14.15,26.92,1818,1 Crispy Aloo Paratha with Fresh Curd (Dahi) & Zeera Pickle,Chole Masala (Spiced Chickpeas) with 1 Bhatura & Pickled Onions,Malabar Fish Curry with Steamed Rice & Beetroot Thoran,Khaman Dhokla (2 steamed pcs) with Green Coriander Chutney,462,13.56,44.61,,"Indian, Traditional, Balanced"
1679,174.71,77.18,76.5,16.4,23.54,1756,Ragi Dosa (2 pcs) with Tomato Onion Chutney & Buttermilk,Paneer Butter Masala with 2 Whole Wheat Phulkas & Boondi Raita,Chicken Tikka Masala with 2 Whole Wheat Tandoori Rotis & Salad,1 Vegetable Samosa with Mint Chutney & Masala Chai,861,12.64,40.62,,"Indian, Low Carb, Traditional"
1650,188.41,89.42,61.21,11.71,23.82,1640,Vegetable Upma with Roasted Cashews & Filter Coffee,Hyderabadi Chicken Biryani with Mirchi ka Salan & Onion Raita,Soya Chunks Curry with 1 cup Brown Rice & Fresh Salad,Paneer Tikka (3 grilled cubes) with Mint Coriander Chutney,649,13.96,35.63,Diabetes,"Indian, High Protein, Traditional"
1744,230.16,83.95,55.47,15.29,27.58,1869,1 Crispy Aloo Paratha with Fresh Curd (Dahi) & Zeera Pickle,Hyderabadi Chicken Biryani with Mirchi ka Salan & Onion Raita,Soya Chunks Curry with 1 cup Brown Rice & Fresh Salad,Bhel Puri (Puffed Rice with Veggies & Tamarind Chutney),547,15.69,40.48,,"Indian, Traditional, Balanced"
1507,208.04,51.82,52.87,12.57,26.1,1574,1 Crispy Aloo Paratha with Fresh Curd (Dahi) & Zeera Pickle,"South Indian Meals: Sambar, Rasam, Cabbage Poriyal & Steamed Rice",Aloo Gobi Matar Masala with 2 Whole Wheat Rotis & Plain Dahi,Paneer Tikka (3 grilled cubes) with Mint Coriander Chutney,667,10.56,73.22,Obesity,"Indian, Vegetarian, Balanced"
1515,221.27,72.21,39.14,13.93,29.19,1548,Vegetable Upma with Roasted Cashews & Filter Coffee,Fish Curry (Rohu in Mustard Gravy) with Steamed Rice & Green Salad,Lauki Chana Dal Curry with 2 Phulkas & Cucumber Tomato Salad,"Sprouted Moong Chaat with Onion, Tomato, Lemon & Chaat Masala",396,13.27,61.7,"Obesity, Heart Disease","Indian, Low Fat, Dash, Balanced"
1580,208.8,82.64,46.42,26.54,30.09,1676,Besan Chilla (2 savory gram flour pancakes) with Green Coriander Chutney,Dal Tadka (Yellow Lentil) with Steamed Basmati Rice & Cucumber Salad,Chicken Tikka Masala with 2 Whole Wheat Tandoori Rotis & Salad,"Fresh Fruit Chaat (Papaya, Apple, Guava & Chaat Masala)",355,13.65,100.69,"Obesity, Heart Disease","Indian, Low Fat, Dash, Balanced"
1662,188.52,83.93,63.69,16.93,22.79,1805,2 Boiled Eggs with 2 Multigrain Toasts & Masala Chai,Homestyle Chicken Curry with 2 Chapatis & Onion Salad,"Moong Dal Khichdi with Desi Ghee, Curd & Roasted Papad",1 Vegetable Samosa with Mint Chutney & Masala Chai,482,12.78,25.77,,"Indian, Traditional, Balanced"
1652,183.37,107.17,53.97,13.08,28.45,1810,Ragi Dosa (2 pcs) with Tomato Onion Chutney & Buttermilk,Homestyle Chicken Curry with 2 Chapatis & Onion Salad,Chicken Tikka Masala with 2 Whole Wheat Tandoori Rotis & Salad,"Sprouted Moong Chaat with Onion, Tomato, Lemon & Chaat Masala",601,15.81,61.49,Diabetes,"Indian, High Protein, Traditional"
1615,223.52,59.91,55.58,18.27,26.32,1709,Vegetable Upma with Roasted Cashews & Filter Coffee,Chole Masala (Spiced Chickpeas) with 1 Bhatura & Pickled Onions,Malabar Fish Curry with Steamed Rice & Beetroot Thoran,Bhel Puri (Puffed Rice with Veggies & Tamarind Chutney),390,13.36,43.41,,"Indian, Traditional, Balanced"
1553,210.06,53.95,56.81,11.44,32.8,1543,Besan Chilla (2 savory gram flour pancakes) with Green Coriander Chutney,Chole Masala (Spiced Chickpeas) with 1 Bhatura & Pickled Onions,Aloo Gobi Matar Masala with 2 Whole Wheat Rotis & Plain Dahi,Roasted Makhana (Foxnuts - 30g) with Green Tea,442,14.41,61.51,Obesity,"Indian, Vegetarian, Balanced"
1631,212.69,59.69,60.35,10.69,29.95,1659,"Masala Dosa with Potato Filling, Sambar & Coconut Chutney",Bhindi Do Pyaza with 2 Whole Wheat Rotis & Dal Palak,Egg Curry (2 Eggs) with 1.5 Whole Wheat Rotis & Kachumber Salad,Roasted Makhana (Foxnuts - 30g) with Green Tea,509,13.81,58.46,,"Indian, Traditional, Balanced"
1644,214.13,64.13,60.42,16.2,24.3,1706,Vegetable Upma with Roasted Cashews & Filter Coffee,Hyderabadi Chicken Biryani with Mirchi ka Salan & Onion Raita,"Mix Vegetable Subzi (Beans, Carrot, Peas) with 2 Chapatis & Dal Fry",1 Vegetable Samosa with Mint Chutney & Masala Chai,413,11.53,41.93,,"Indian, Traditional, Balanced"
1417,185.36,47.96,55.37,26.57,26.29,1343,"Poha with Peanuts, Curry Leaves & Lemon with Green Tea",Paneer Butter Masala with 2 Whole Wheat Phulkas & Boondi Raita,"Mix Vegetable Subzi (Beans, Carrot, Peas) with 2 Chapatis & Dal Fry","Fresh Fruit Chaat (Papaya, Apple, Guava & Chaat Masala)",600,11.57,95.64,"Obesity, Hypertension, Kidney Disease","Indian, Vegetarian, Balanced"
1543,200.28,50.95,61.34,27.73,29.49,1558,"Masala Dosa with Potato Filling, Sambar & Coconut Chutney",Paneer Butter Masala with 2 Whole Wheat Phulkas & Boondi Raita,Lauki Chana Dal Curry with 2 Phulkas & Cucumber Tomato Salad,"Fresh Fruit Chaat (Papaya, Apple, Guava & Chaat Masala)",632,11.07,91.03,Obesity,"Indian, Vegetarian, Balanced"
1384,197.17,47.62,44.84,15.52,29.8,1265,Vegetable Upma with Roasted Cashews & Filter Coffee,Baingan Bharta with 2 Bajra Rotis & Plain Dahi,"Moong Dal Khichdi with Desi Ghee, Curd & Roasted Papad",Roasted Chana (Bhuna Chana - 50g) with Masala Chai,513,13.6,31.81,"Obesity, Hypertension, Heart Disease, Kidney Disease","Indian, Low Fat, Dash, Balanced"
1479,158.45,93.37,51.78,11.92,24.48,1429,Moong Dal Cheela with Paneer Stuffing & Mint Chutney,Malabar Fish Curry with Steamed Rice & Beetroot Thoran,Chicken Tikka Masala with 2 Whole Wheat Tandoori Rotis & Salad,Roasted Chana (Bhuna Chana - 50g) with Masala Chai,525,12.74,38.31,"Obesity, Diabetes, Heart Disease","Indian, Low Carb, Traditional"
1687,141.86,114.59,73.32,10.5,19.84,1942,"Masala Dosa with Potato Filling, Sambar & Coconut Chutney",Homestyle Chicken Curry with 2 Chapatis & Onion Salad,Tandoori Chicken (2 pcs leg/thigh) with Mint Raita & Green Salad,Paneer Tikka (3 grilled cubes) with Mint Coriander Chutney,592,12.1,45.41,,"Indian, Low Carb, Traditional"
1490,152.06,72.71,66.37,10.91,28.35,1600,Besan Chilla (2 savory gram flour pancakes) with Green Coriander Chutney,Bhindi Do Pyaza with 2 Whole Wheat Rotis & Dal Palak,Egg Curry (2 Eggs) with 1.5 Whole Wheat Rotis & Kachumber Salad,Paneer Tikka (3 grilled cubes) with Mint Coriander Chutney,683,13.71,66.47,"Obesity, Diabetes","Indian, Low Carb, Traditional"
1380,166.27,64.6,51.53,12.24,29.17,1307,Vegetable Upma with Roasted Cashews & Filter Coffee,Baingan Bharta with 2 Bajra Rotis & Plain Dahi,Soya Chunks Curry with 1 cup Brown Rice & Fresh Salad,Paneer Tikka (3 grilled cubes) with Mint Coriander Chutney,686,15.0,42.51,"Obesity, Hypertension, Diabetes, Heart Disease, Kidney Disease","Indian, Low Carb, Traditional"
1449,196.76,77.95,37.46,10.19,31.71,1302,Moong Dal Cheela with Paneer Stuffing & Mint Chutney,Dal Tadka (Yellow Lentil) with Steamed Basmati Rice & Cucumber Salad,Soya Chunks Curry with 1 cup Brown Rice & Fresh Salad,Roasted Chana (Bhuna Chana - 50g) with Masala Chai,582,15.57,31.99,"Obesity, Hypertension, Heart Disease","Indian, Low Fat, Dash, Balanced"
1657,210.2,73.5,58.1,14.66,27.72,1774,1 Crispy Aloo Paratha with Fresh Curd (Dahi) & Zeera Pickle,Homestyle Chicken Curry with 2 Chapatis & Onion Salad,Aloo Gobi Matar Masala with 2 Whole Wheat Rotis & Plain Dahi,Khaman Dhokla (2 steamed pcs) with Green Coriander Chutney,500,12.64,66.39,,"Indian, Traditional, Balanced"
1543,220.77,52.71,50.71,24.65,29.06,1583,"Masala Dosa with Potato Filling, Sambar & Coconut Chutney",Dal Tadka (Yellow Lentil) with Steamed Basmati Rice & Cucumber Salad,Palak Paneer (Spinach Cottage Cheese) with 2 Whole Wheat Chapatis,"Fresh Fruit Chaat (Papaya, Apple, Guava & Chaat Masala)",593,12.63,98.01,"Obesity, Heart Disease","Indian, Vegetarian, Balanced"
1607,253.15,48.54,45.19,28.58,32.03,1575,1 Crispy Aloo Paratha with Fresh Curd (Dahi) & Zeera Pickle,Dal Tadka (Yellow Lentil) with Steamed Basmati Rice & Cucumber Salad,Aloo Gobi Matar Masala with 2 Whole Wheat Rotis & Plain Dahi,"Fresh Fruit Chaat (Papaya, Apple, Guava & Chaat Masala)",518,12.08,117.68,Heart Disease,"Indian, Low Fat, Dash, Balanced"
1455,181.22,70.56,50.37,11.91,23.0,1468,2 Boiled Eggs with 2 Multigrain Toasts & Masala Chai,Hyderabadi Chicken Biryani with Mirchi ka Salan & Onion Raita,"Mix Vegetable Subzi (Beans, Carrot, Peas) with 2 Chapatis & Dal Fry",Roasted Makhana (Foxnuts - 30g) with Green Tea,418,11.55,29.1,"Obesity, Diabetes, Heart Disease","Indian, Traditional, Balanced"
1393,191.77,56.44,45.35,9.94,23.43,1349,Ragi Dosa (2 pcs) with Tomato Onion Chutney & Buttermilk,Hyderabadi Chicken Biryani with Mirchi ka Salan & Onion Raita,Aloo Gobi Matar Masala with 2 Whole Wheat Rotis & Plain Dahi,Roasted Makhana (Foxnuts - 30g) with Green Tea,577,11.18,46.94,"Obesity, Hypertension, Diabetes, Heart Disease, Kidney Disease","Indian, Low Fat, Dash, Balanced"
1585,206.26,84.21,46.26,12.68,31.4,1476,Moong Dal Cheela with Paneer Stuffing & Mint Chutney,Fish Curry (Rohu in Mustard Gravy) with Steamed Rice & Green Salad,"Mix Vegetable Subzi (Beans, Carrot, Peas) with 2 Chapatis & Dal Fry",Roasted Chana (Bhuna Chana - 50g) with Masala Chai,591,14.24,48.86,"Obesity, Heart Disease","Indian, Low Fat, Dash, Balanced"
1654,170.59,68.6,79.76,29.35,31.37,1659,Besan Chilla (2 savory gram flour pancakes) with Green Coriander Chutney,Paneer Butter Masala with 2 Whole Wheat Phulkas & Boondi Raita,Palak Paneer (Spinach Cottage Cheese) with 2 Whole Wheat Chapatis,"Fresh Fruit Chaat (Papaya, Apple, Guava & Chaat Masala)",985,13.83,109.33,,"Indian, Low Carb, Traditional"
1474,201.25,55.27,50.79,13.14,24.99,1534,Vegetable Upma with Roasted Cashews & Filter Coffee,Dal Tadka (Yellow Lentil) with Steamed Basmati Rice & Cucumber Salad,Palak Paneer (Spinach Cottage Cheese) with 2 Whole Wheat Chapatis,Khaman Dhokla (2 steamed pcs) with Green Coriander Chutney,590,12.15,46.21,"Obesity, Heart Disease","Indian, Vegetarian, Balanced"
1316,171.63,60.07,43.15,8.15,19.49,1338,1 Crispy Aloo Paratha with Fresh Curd (Dahi) & Zeera Pickle,Homestyle Chicken Curry with 2 Chapatis & Onion Salad,"Moong Dal Khichdi with Desi Ghee, Curd & Roasted Papad",Roasted Makhana (Foxnuts - 30g) with Green Tea,395,9.84,25.34,"Obesity, Hypertension, Kidney Disease","Indian, Low Fat, Dash, Balanced"
1836,216.39,77.3,74.47,17.31,28.42,1731,1 Crispy Aloo Paratha with Fresh Curd (Dahi) & Zeera Pickle,Paneer Butter Masala with 2 Whole Wheat Phulkas & Boondi Raita,Malabar Fish Curry with Steamed Rice & Beetroot Thoran,Roasted Chana (Bhuna Chana - 50g) with Masala Chai,844,13.53,39.54,,"Indian, Traditional, Balanced"
1715,197.14,82.88,67.46,12.28,27.49,1794,2 Methi Theplas with Fresh Curd (Dahi) & Mint Chutney,Hyderabadi Chicken Biryani with Mirchi ka Salan & Onion Raita,Lauki Chana Dal Curry with 2 Phulkas & Cucumber Tomato Salad,Paneer Tikka (3 grilled cubes) with Mint Coriander Chutney,719,13.32,46.27,,"Indian, Traditional, Balanced"
1535,227.76,49.71,48.38,11.68,32.14,1379,"Poha with Peanuts, Curry Leaves & Lemon with Green Tea",Bhindi Do Pyaza with 2 Whole Wheat Rotis & Dal Palak,Aloo Gobi Matar Masala with 2 Whole Wheat Rotis & Plain Dahi,Roasted Makhana (Foxnuts - 30g) with Green Tea,536,14.57,83.85,"Obesity, Hypertension, Heart Disease, Kidney Disease","Indian, Vegetarian, Balanced"
1784,218.17,58.83,78.3,14.73,28.73,1842,"Poha with Peanuts, Curry Leaves & Lemon with Green Tea",Chole Masala (Spiced Chickpeas) with 1 Bhatura & Pickled Onions,Palak Paneer (Spinach Cottage Cheese) with 2 Whole Wheat Chapatis,1 Vegetable Samosa with Mint Chutney & Masala Chai,676,16.94,60.51,,"Indian, Vegetarian, Balanced"
1580,218.73,70.11,47.69,13.26,24.87,1833,"Masala Dosa with Potato Filling, Sambar & Coconut Chutney","South Indian Meals: Sambar, Rasam, Cabbage Poriyal & Steamed Rice",Chicken Tikka Masala with 2 Whole Wheat Tandoori Rotis & Salad,Khaman Dhokla (2 steamed pcs) with Green Coriander Chutney,326,11.7,54.22,"Obesity, Heart Disease","Indian, Low Fat, Dash, Balanced"
1255,194.88,55.73,29.11,23.67,27.29,1269,Ragi Dosa (2 pcs) with Tomato Onion Chutney & Buttermilk,Fish Curry (Rohu in Mustard Gravy) with Steamed Rice & Green Salad,Lauki Chana Dal Curry with 2 Phulkas & Cucumber Tomato Salad,"Fresh Fruit Chaat (Papaya, Apple, Guava & Chaat Masala)",523,11.64,91.24,"Obesity, Hypertension, Heart Disease, Kidney Disease","Indian, Low Fat, Dash, Balanced"
1651,244.53,71.55,43.01,15.93,32.39,1500,Vegetable Upma with Roasted Cashews & Filter Coffee,Rajma Masala (Kidney Beans Curry) with Jeera Rice & Kachumber,Malabar Fish Curry with Steamed Rice & Beetroot Thoran,Roasted Chana (Bhuna Chana - 50g) with Masala Chai,441,14.68,40.2,Heart Disease,"Indian, Low Fat, Dash, Balanced"
1457,170.87,88.78,45.94,13.39,28.12,1627,Besan Chilla (2 savory gram flour pancakes) with Green Coriander Chutney,"South Indian Meals: Sambar, Rasam, Cabbage Poriyal & Steamed Rice",Tandoori Chicken (2 pcs leg/thigh) with Mint Raita & Green Salad,Roasted Chana (Bhuna Chana - 50g) with Masala Chai,441,13.39,53.66,"Obesity, Diabetes, Heart Disease","Indian, Low Fat, Dash, Balanced"
1500,189.65,84.0,46.38,11.96,24.32,1670,"Poha with Peanuts, Curry Leaves & Lemon with Green Tea",Rajma Masala (Kidney Beans Curry) with Jeera Rice & Kachumber,Tandoori Chicken (2 pcs leg/thigh) with Mint Raita & Green Salad,Khaman Dhokla (2 steamed pcs) with Green Coriander Chutney,366,14.22,51.33,"Obesity, Diabetes, Heart Disease","Indian, Low Fat, Dash, Balanced"
1332,186.15,45.83,45.83,9.02,23.71,1363,1 Crispy Aloo Paratha with Fresh Curd (Dahi) & Zeera Pickle,"South Indian Meals: Sambar, Rasam, Cabbage Poriyal & Steamed Rice",Palak Paneer (Spinach Cottage Cheese) with 2 Whole Wheat Chapatis,Roasted Makhana (Foxnuts - 30g) with Green Tea,624,10.79,51.67,"Obesity, Hypertension, Diabetes, Heart Disease, Kidney Disease","Indian, Low Fat, Dash, Balanced"
1405,166.59,70.08,51.39,12.33,23.59,1586,Besan Chilla (2 savory gram flour pancakes) with Green Coriander Chutney,Malabar Fish Curry with Steamed Rice & Beetroot Thoran,Egg Curry (2 Eggs) with 1.5 Whole Wheat Rotis & Kachumber Salad,Khaman Dhokla (2 steamed pcs) with Green Coriander Chutney,370,12.33,48.84,"Obesity, Diabetes, Heart Disease","Indian, Low Carb, Traditional"
1631,232.43,58.03,51.59,9.16,25.74,1658,"Masala Dosa with Potato Filling, Sambar & Coconut Chutney",Dal Tadka (Yellow Lentil) with Steamed Basmati Rice & Cucumber Salad,Egg Curry (2 Eggs) with 1.5 Whole Wheat Rotis & Kachumber Salad,Roasted Makhana (Foxnuts - 30g) with Green Tea,370,12.65,38.39,Heart Disease,"Indian, Traditional, Balanced"
1405,187.29,65.45,44.89,12.74,29.06,1535,Besan Chilla (2 savory gram flour pancakes) with Green Coriander Chutney,Bhindi Do Pyaza with 2 Whole Wheat Rotis & Dal Palak,Malabar Fish Curry with Steamed Rice & Beetroot Thoran,Khaman Dhokla (2 steamed pcs) with Green Coriander Chutney,442,12.94,59.08,"Obesity, Diabetes, Heart Disease","Indian, Low Fat, Dash, Balanced"
1531,180.44,91.66,49.05,12.29,24.67,1507,2 Methi Theplas with Fresh Curd (Dahi) & Mint Chutney,Fish Curry (Rohu in Mustard Gravy) with Steamed Rice & Green Salad,Chicken Tikka Masala with 2 Whole Wheat Tandoori Rotis & Salad,Roasted Chana (Bhuna Chana - 50g) with Masala Chai,482,13.53,37.91,"Obesity, Diabetes, Heart Disease","Indian, High Protein, Traditional"
1598,211.25,70.52,53.15,10.75,28.13,1592,2 Methi Theplas with Fresh Curd (Dahi) & Mint Chutney,Hyderabadi Chicken Biryani with Mirchi ka Salan & Onion Raita,Lauki Chana Dal Curry with 2 Phulkas & Cucumber Tomato Salad,Roasted Makhana (Foxnuts - 30g) with Green Tea,507,13.03,37.53,Obesity,"Indian, Traditional, Balanced"
1847,196.84,109.52,69.06,13.77,24.23,1996,"Masala Dosa with Potato Filling, Sambar & Coconut Chutney",Hyderabadi Chicken Biryani with Mirchi ka Salan & Onion Raita,Tandoori Chicken (2 pcs leg/thigh) with Mint Raita & Green Salad,Roasted Chana (Bhuna Chana - 50g) with Masala Chai,482,13.98,35.55,,"Indian, High Protein, Traditional"
1504,233.67,43.4,44.74,14.18,28.65,1677,"Masala Dosa with Potato Filling, Sambar & Coconut Chutney","South Indian Meals: Sambar, Rasam, Cabbage Poriyal & Steamed Rice",Lauki Chana Dal Curry with 2 Phulkas & Cucumber Tomato Salad,1 Vegetable Samosa with Mint Chutney & Masala Chai,352,11.31,54.13,"Obesity, Heart Disease","Indian, Low Fat, Dash, Balanced"
1331,171.71,61.93,45.17,9.95,22.05,1326,Ragi Dosa (2 pcs) with Tomato Onion Chutney & Buttermilk,Fish Curry (Rohu in Mustard Gravy) with Steamed Rice & Green Salad,Aloo Gobi Matar Masala with 2 Whole Wheat Rotis & Plain Dahi,Paneer Tikka (3 grilled cubes) with Mint Coriander Chutney,726,10.84,57.63,"Obesity, Hypertension, Diabetes, Heart Disease, Kidney Disease","Indian, Low Fat, Dash, Balanced"
1446,231.22,53.61,33.38,12.44,29.03,1396,Ragi Dosa (2 pcs) with Tomato Onion Chutney & Buttermilk,Dal Tadka (Yellow Lentil) with Steamed Basmati Rice & Cucumber Salad,"Moong Dal Khichdi with Desi Ghee, Curd & Roasted Papad",Roasted Chana (Bhuna Chana - 50g) with Masala Chai,609,13.55,27.01,"Obesity, Hypertension, Heart Disease, Kidney Disease","Indian, Low Fat, Dash, Balanced"
1596,205.88,67.61,57.1,12.34,30.69,1672,Moong Dal Cheela with Paneer Stuffing & Mint Chutney,Chole Masala (Spiced Chickpeas) with 1 Bhatura & Pickled Onions,"Moong Dal Khichdi with Desi Ghee, Curd & Roasted Papad","Sprouted Moong Chaat with Onion, Tomato, Lemon & Chaat Masala",589,14.68,49.76,Obesity,"Indian, Vegetarian, Balanced"
1342,175.69,58.62,46.5,13.47,23.34,1544,2 Idlis with Sambhar (1 katori) & Coconut Chutney (2 tbsp),Malabar Fish Curry with Steamed Rice & Beetroot Thoran,Palak Paneer (Spinach Cottage Cheese) with 2 Whole Wheat Chapatis,Bhel Puri (Puffed Rice with Veggies & Tamarind Chutney),561,11.49,46.95,"Obesity, Diabetes, Heart Disease","Indian, Low Fat, Dash, Balanced"
1444,217.56,44.95,44.74,10.89,28.45,1333,"Poha with Peanuts, Curry Leaves & Lemon with Green Tea",Baingan Bharta with 2 Bajra Rotis & Plain Dahi,"Moong Dal Khichdi with Desi Ghee, Curd & Roasted Papad",Roasted Makhana (Foxnuts - 30g) with Green Tea,489,15.02,42.09,"Obesity, Hypertension, Heart Disease, Kidney Disease","Indian, Low Fat, Dash, Balanced"
1674,247.19,76.98,40.94,15.35,39.05,1613,2 Methi Theplas with Fresh Curd (Dahi) & Mint Chutney,"South Indian Meals: Sambar, Rasam, Cabbage Poriyal & Steamed Rice",Soya Chunks Curry with 1 cup Brown Rice & Fresh Salad,Roasted Chana (Bhuna Chana - 50g) with Masala Chai,656,18.24,52.95,Heart Disease,"Indian, Low Fat, Dash, Balanced"
1570,215.39,63.74,51.37,17.5,24.83,1674,Vegetable Upma with Roasted Cashews & Filter Coffee,Hyderabadi Chicken Biryani with Mirchi ka Salan & Onion Raita,"Mix Vegetable Subzi (Beans, Carrot, Peas) with 2 Chapatis & Dal Fry",Bhel Puri (Puffed Rice with Veggies & Tamarind Chutney),381,11.8,44.62,"Obesity, Heart Disease","Indian, Traditional, Balanced"
1520,174.47,84.98,53.22,13.71,21.29,1732,"Masala Dosa with Potato Filling, Sambar & Coconut Chutney",Homestyle Chicken Curry with 2 Chapatis & Onion Salad,Chicken Tikka Masala with 2 Whole Wheat Tandoori Rotis & Salad,Bhel Puri (Puffed Rice with Veggies & Tamarind Chutney),290,11.91,41.14,"Obesity, Diabetes","Indian, Low Carb, Traditional"
1779,242.0,63.92,62.36,16.12,35.13,1756,2 Methi Theplas with Fresh Curd (Dahi) & Mint Chutney,Chole Masala (Spiced Chickpeas) with 1 Bhatura & Pickled Onions,"Moong Dal Khichdi with Desi Ghee, Curd & Roasted Papad",Roasted Chana (Bhuna Chana - 50g) with Masala Chai,617,16.79,33.79,,"Indian, Vegetarian, Balanced"
1550,173.26,79.75,61.58,9.75,23.81,1591,Ragi Dosa (2 pcs) with Tomato Onion Chutney & Buttermilk,Fish Curry (Rohu in Mustard Gravy) with Steamed Rice & Green Salad,Palak Paneer (Spinach Cottage Cheese) with 2 Whole Wheat Chapatis,Paneer Tikka (3 grilled cubes) with Mint Coriander Chutney,1042,13.75,55.63,"Obesity, Diabetes","Indian, Low Carb, Traditional"
1474,189.95,74.1,46.87,12.79,28.66,1556,Moong Dal Cheela with Paneer Stuffing & Mint Chutney,Malabar Fish Curry with Steamed Rice & Beetroot Thoran,Lauki Chana Dal Curry with 2 Phulkas & Cucumber Tomato Salad,Khaman Dhokla (2 steamed pcs) with Green Coriander Chutney,532,12.49,49.84,"Obesity, Diabetes, Heart Disease","Indian, Low Fat, Dash, Balanced"
1576,209.9,78.73,47.31,11.56,25.98,1699,1 Crispy Aloo Paratha with Fresh Curd (Dahi) & Zeera Pickle,Dal Tadka (Yellow Lentil) with Steamed Basmati Rice & Cucumber Salad,Chicken Tikka Masala with 2 Whole Wheat Tandoori Rotis & Salad,"Sprouted Moong Chaat with Onion, Tomato, Lemon & Chaat Masala",422,13.14,53.64,"Obesity, Heart Disease","Indian, Low Fat, Dash, Balanced"
1583,217.07,72.94,47.83,15.07,32.54,1758,Besan Chilla (2 savory gram flour pancakes) with Green Coriander Chutney,Malabar Fish Curry with Steamed Rice & Beetroot Thoran,"Mix Vegetable Subzi (Beans, Carrot, Peas) with 2 Chapatis & Dal Fry",Khaman Dhokla (2 steamed pcs) with Green Coriander Chutney,411,14.19,60.82,"Obesity, Heart Disease","Indian, Low Fat, Dash, Balanced"
1309,172.6,62.15,41.79,14.35,32.0,1391,2 Boiled Eggs with 2 Multigrain Toasts & Masala Chai,Bhindi Do Pyaza with 2 Whole Wheat Rotis & Dal Palak,Lauki Chana Dal Curry with 2 Phulkas & Cucumber Tomato Salad,"Sprouted Moong Chaat with Onion, Tomato, Lemon & Chaat Masala",499,13.67,61.38,"Obesity, Hypertension, Heart Disease, Kidney Disease","Indian, Low Fat, Dash, Balanced"
1228,208.56,42.62,25.4,22.77,28.88,1336,2 Idlis with Sambhar (1 katori) & Coconut Chutney (2 tbsp),Dal Tadka (Yellow Lentil) with Steamed Basmati Rice & Cucumber Salad,Lauki Chana Dal Curry with 2 Phulkas & Cucumber Tomato Salad,"Fresh Fruit Chaat (Papaya, Apple, Guava & Chaat Masala)",294,10.25,83.07,"Obesity, Hypertension, Heart Disease, Kidney Disease","Indian, Low Fat, Dash, Balanced"
1639,174.27,65.67,77.77,14.25,27.13,1678,1 Crispy Aloo Paratha with Fresh Curd (Dahi) & Zeera Pickle,Paneer Butter Masala with 2 Whole Wheat Phulkas & Boondi Raita,Palak Paneer (Spinach Cottage Cheese) with 2 Whole Wheat Chapatis,"Sprouted Moong Chaat with Onion, Tomato, Lemon & Chaat Masala",998,13.27,61.86,,"Indian, Low Carb, Traditional"
1349,203.7,48.18,38.38,10.99,33.28,1309,Ragi Dosa (2 pcs) with Tomato Onion Chutney & Buttermilk,Bhindi Do Pyaza with 2 Whole Wheat Rotis & Dal Palak,"Mix Vegetable Subzi (Beans, Carrot, Peas) with 2 Chapatis & Dal Fry",Roasted Makhana (Foxnuts - 30g) with Green Tea,668,13.59,58.97,"Obesity, Hypertension, Heart Disease, Kidney Disease","Indian, Low Fat, Dash, Balanced"
1812,251.13,82.01,54.04,16.53,31.26,2003,"Masala Dosa with Potato Filling, Sambar & Coconut Chutney",Rajma Masala (Kidney Beans Curry) with Jeera Rice & Kachumber,Chicken Tikka Masala with 2 Whole Wheat Tandoori Rotis & Salad,Bhel Puri (Puffed Rice with Veggies & Tamarind Chutney),365,15.36,51.5,,"Indian, Traditional, Balanced"
1341,153.23,71.01,48.7,11.29,23.91,1385,Moong Dal Cheela with Paneer Stuffing & Mint Chutney,Homestyle Chicken Curry with 2 Chapatis & Onion Salad,Aloo Gobi Matar Masala with 2 Whole Wheat Rotis & Plain Dahi,Khaman Dhokla (2 steamed pcs) with Green Coriander Chutney,486,10.76,55.4,"Obesity, Hypertension, Diabetes, Heart Disease, Kidney Disease","Indian, Low Carb, Traditional"
1341,192.78,52.72,39.96,11.54,24.67,1271,2 Boiled Eggs with 2 Multigrain Toasts & Masala Chai,Dal Tadka (Yellow Lentil) with Steamed Basmati Rice & Cucumber Salad,Aloo Gobi Matar Masala with 2 Whole Wheat Rotis & Plain Dahi,Roasted Makhana (Foxnuts - 30g) with Green Tea,426,10.98,41.09,"Obesity, Hypertension, Diabetes, Heart Disease, Kidney Disease","Indian, Low Fat, Dash, Balanced"
1545,194.08,80.3,50.38,10.87,23.14,1722,1 Crispy Aloo Paratha with Fresh Curd (Dahi) & Zeera Pickle,"South Indian Meals: Sambar, Rasam, Cabbage Poriyal & Steamed Rice",Tandoori Chicken (2 pcs leg/thigh) with Mint Raita & Green Salad,Roasted Makhana (Foxnuts - 30g) with Green Tea,511,11.3,52.1,"Obesity, Diabetes, Heart Disease","Indian, Traditional, Balanced"
1484,223.87,50.65,42.34,13.04,29.29,1389,1 Crispy Aloo Paratha with Fresh Curd (Dahi) & Zeera Pickle,Dal Tadka (Yellow Lentil) with Steamed Basmati Rice & Cucumber Salad,Aloo Gobi Matar Masala with 2 Whole Wheat Rotis & Plain Dahi,Roasted Chana (Bhuna Chana - 50g) with Masala Chai,489,12.28,51.88,"Obesity, Hypertension, Heart Disease, Kidney Disease","Indian, Low Fat, Dash, Balanced"
1332,208.14,44.63,36.24,13.04,24.69,1500,2 Methi Theplas with Fresh Curd (Dahi) & Mint Chutney,"South Indian Meals: Sambar, Rasam, Cabbage Poriyal & Steamed Rice","Moong Dal Khichdi with Desi Ghee, Curd & Roasted Papad",Khaman Dhokla (2 steamed pcs) with Green Coriander Chutney,452,10.53,43.04,"Obesity, Heart Disease","Indian, Low Fat, Dash, Balanced"
1602,234.97,70.49,42.45,14.19,29.26,1674,2 Idlis with Sambhar (1 katori) & Coconut Chutney (2 tbsp),Malabar Fish Curry with Steamed Rice & Beetroot Thoran,"Moong Dal Khichdi with Desi Ghee, Curd & Roasted Papad",Roasted Chana (Bhuna Chana - 50g) with Masala Chai,474,13.19,30.48,Heart Disease,"Indian, Low Fat, Dash, Balanced"
1535,254.08,53.44,34.59,28.99,39.54,1519,Ragi Dosa (2 pcs) with Tomato Onion Chutney & Buttermilk,Rajma Masala (Kidney Beans Curry) with Jeera Rice & Kachumber,"Mix Vegetable Subzi (Beans, Carrot, Peas) with 2 Chapatis & Dal Fry","Fresh Fruit Chaat (Papaya, Apple, Guava & Chaat Masala)",624,15.41,110.66,"Obesity, Heart Disease","Indian, Low Fat, Dash, Balanced"
1741,185.2,92.28,70.38,18.31,32.49,1603,2 Boiled Eggs with 2 Multigrain Toasts & Masala Chai,Paneer Butter Masala with 2 Whole Wheat Phulkas & Boondi Raita,Soya Chunks Curry with 1 cup Brown Rice & Fresh Salad,Roasted Chana (Bhuna Chana - 50g) with Masala Chai,891,17.25,26.46,,"Indian, High Protein, Traditional"
1635,204.37,88.18,52.82,17.25,23.86,1763,2 Boiled Eggs with 2 Multigrain Toasts & Masala Chai,Malabar Fish Curry with Steamed Rice & Beetroot Thoran,Malabar Fish Curry with Steamed Rice & Beetroot Thoran,Khaman Dhokla (2 steamed pcs) with Green Coriander Chutney,476,12.99,38.66,,"Indian, High Protein, Traditional"
1433,216.47,64.29,35.73,11.91,26.54,1655,2 Idlis with Sambhar (1 katori) & Coconut Chutney (2 tbsp),Fish Curry (Rohu in Mustard Gravy) with Steamed Rice & Green Salad,"Mix Vegetable Subzi (Beans, Carrot, Peas) with 2 Chapatis & Dal Fry",Khaman Dhokla (2 steamed pcs) with Green Coriander Chutney,344,11.5,47.63,"Obesity, Heart Disease","Indian, Low Fat, Dash, Balanced"
1576,246.05,51.37,43.68,14.04,30.57,1758,2 Idlis with Sambhar (1 katori) & Coconut Chutney (2 tbsp),Dal Tadka (Yellow Lentil) with Steamed Basmati Rice & Cucumber Salad,"Mix Vegetable Subzi (Beans, Carrot, Peas) with 2 Chapatis & Dal Fry",1 Vegetable Samosa with Mint Chutney & Masala Chai,378,12.27,44.93,"Obesity, Heart Disease","Indian, Low Fat, Dash, Balanced"
1495,167.37,82.5,55.38,15.26,24.13,1614,2 Boiled Eggs with 2 Multigrain Toasts & Masala Chai,Malabar Fish Curry with Steamed Rice & Beetroot Thoran,Egg Curry (2 Eggs) with 1.5 Whole Wheat Rotis & Kachumber Salad,"Sprouted Moong Chaat with Onion, Tomato, Lemon & Chaat Masala",480,13.61,51.36,Obesity,"Indian, Low Carb, Traditional"
1634,233.65,58.19,52.54,17.75,31.26,1745,"Masala Dosa with Potato Filling, Sambar & Coconut Chutney",Baingan Bharta with 2 Bajra Rotis & Plain Dahi,Malabar Fish Curry with Steamed Rice & Beetroot Thoran,Bhel Puri (Puffed Rice with Veggies & Tamarind Chutney),478,14.92,52.24,,"Indian, Traditional, Balanced"
1340,209.7,51.31,33.83,23.94,30.79,1378,Besan Chilla (2 savory gram flour pancakes) with Green Coriander Chutney,Rajma Masala (Kidney Beans Curry) with Jeera Rice & Kachumber,"Moong Dal Khichdi with Desi Ghee, Curd & Roasted Papad","Fresh Fruit Chaat (Papaya, Apple, Guava & Chaat Masala)",365,12.45,85.04,"Obesity, Hypertension, Heart Disease, Kidney Disease","Indian, Low Fat, Dash, Balanced"
1396,206.53,67.04,33.42,12.11,29.92,1341,Ragi Dosa (2 pcs) with Tomato Onion Chutney & Buttermilk,Fish Curry (Rohu in Mustard Gravy) with Steamed Rice & Green Salad,Lauki Chana Dal Curry with 2 Phulkas & Cucumber Tomato Salad,Roasted Chana (Bhuna Chana - 50g) with Masala Chai,585,14.01,41.43,"Obesity, Hypertension, Heart Disease, Kidney Disease","Indian, Low Fat, Dash, Balanced"
1353,222.34,40.74,33.77,14.67,27.61,1557,"Masala Dosa with Potato Filling, Sambar & Coconut Chutney","South Indian Meals: Sambar, Rasam, Cabbage Poriyal & Steamed Rice",Lauki Chana Dal Curry with 2 Phulkas & Cucumber Tomato Salad,Bhel Puri (Puffed Rice with Veggies & Tamarind Chutney),302,10.95,53.77,"Obesity, Heart Disease","Indian, Low Fat, Dash, Balanced"
1531,189.07,58.1,61.62,16.92,28.66,1516,Vegetable Upma with Roasted Cashews & Filter Coffee,Paneer Butter Masala with 2 Whole Wheat Phulkas & Boondi Raita,"Mix Vegetable Subzi (Beans, Carrot, Peas) with 2 Chapatis & Dal Fry","Sprouted Moong Chaat with Onion, Tomato, Lemon & Chaat Masala",676,11.93,57.32,Obesity,"Indian, Vegetarian, Balanced"
1561,175.29,64.65,67.36,10.94,26.0,1667,"Masala Dosa with Potato Filling, Sambar & Coconut Chutney",Bhindi Do Pyaza with 2 Whole Wheat Rotis & Dal Palak,Egg Curry (2 Eggs) with 1.5 Whole Wheat Rotis & Kachumber Salad,Paneer Tikka (3 grilled cubes) with Mint Coriander Chutney,655,12.55,60.54,"Obesity, Diabetes","Indian, Traditional, Balanced"
1501,196.49,60.91,52.83,13.86,33.95,1681,2 Idlis with Sambhar (1 katori) & Coconut Chutney (2 tbsp),Baingan Bharta with 2 Bajra Rotis & Plain Dahi,Egg Curry (2 Eggs) with 1.5 Whole Wheat Rotis & Kachumber Salad,"Sprouted Moong Chaat with Onion, Tomato, Lemon & Chaat Masala",525,15.94,65.28,Obesity,"Indian, Traditional, Balanced"
1680,180.58,77.19,73.96,17.56,22.41,1813,1 Crispy Aloo Paratha with Fresh Curd (Dahi) & Zeera Pickle,Paneer Butter Masala with 2 Whole Wheat Phulkas & Boondi Raita,Chicken Tikka Masala with 2 Whole Wheat Tandoori Rotis & Salad,Bhel Puri (Puffed Rice with Veggies & Tamarind Chutney),702,11.87,43.2,,"Indian, Traditional, Balanced"
1599,218.04,77.25,47.7,13.62,26.02,1674,1 Crispy Aloo Paratha with Fresh Curd (Dahi) & Zeera Pickle,Malabar Fish Curry with Steamed Rice & Beetroot Thoran,Malabar Fish Curry with Steamed Rice & Beetroot Thoran,"Sprouted Moong Chaat with Onion, Tomato, Lemon & Chaat Masala",497,12.91,59.0,"Obesity, Heart Disease","Indian, Low Fat, Dash, Balanced"
1503,179.66,65.13,59.03,12.73,36.36,1561,Besan Chilla (2 savory gram flour pancakes) with Green Coriander Chutney,Baingan Bharta with 2 Bajra Rotis & Plain Dahi,Lauki Chana Dal Curry with 2 Phulkas & Cucumber Tomato Salad,Paneer Tikka (3 grilled cubes) with Mint Coriander Chutney,693,15.93,61.06,"Obesity, Diabetes","Indian, Vegetarian, Balanced"
1687,204.08,74.08,64.69,17.75,21.05,1826,Vegetable Upma with Roasted Cashews & Filter Coffee,Hyderabadi Chicken Biryani with Mirchi ka Salan & Onion Raita,Egg Curry (2 Eggs) with 1.5 Whole Wheat Rotis & Kachumber Salad,Bhel Puri (Puffed Rice with Veggies & Tamarind Chutney),415,12.38,42.4,,"Indian, Traditional, Balanced"
1286,191.06,54.73,34.52,24.23,34.34,1319,2 Idlis with Sambhar (1 katori) & Coconut Chutney (2 tbsp),Baingan Bharta with 2 Bajra Rotis & Plain Dahi,Soya Chunks Curry with 1 cup Brown Rice & Fresh Salad,"Fresh Fruit Chaat (Papaya, Apple, Guava & Chaat Masala)",501,15.16,86.73,"Obesity, Hypertension, Heart Disease, Kidney Disease","Indian, Low Fat, Dash, Balanced"
1600,227.68,54.49,53.38,14.69,34.54,1631,2 Idlis with Sambhar (1 katori) & Coconut Chutney (2 tbsp),Chole Masala (Spiced Chickpeas) with 1 Bhatura & Pickled Onions,Aloo Gobi Matar Masala with 2 Whole Wheat Rotis & Plain Dahi,Roasted Chana (Bhuna Chana - 50g) with Masala Chai,469,14.58,55.1,,"Indian, Vegetarian, Balanced"
1716,239.71,71.36,53.65,10.97,26.72,1662,"Poha with Peanuts, Curry Leaves & Lemon with Green Tea",Hyderabadi Chicken Biryani with Mirchi ka Salan & Onion Raita,"Mix Vegetable Subzi (Beans, Carrot, Peas) with 2 Chapatis & Dal Fry",Roasted Makhana (Foxnuts - 30g) with Green Tea,402,14.45,50.29,,"Indian, Traditional, Balanced"
1803,221.89,79.61,68.1,16.94,28.24,1966,Ragi Dosa (2 pcs) with Tomato Onion Chutney & Buttermilk,Hyderabadi Chicken Biryani with Mirchi ka Salan & Onion Raita,Palak Paneer (Spinach Cottage Cheese) with 2 Whole Wheat Chapatis,Bhel Puri (Puffed Rice with Veggies & Tamarind Chutney),925,15.97,55.61,,"Indian, Traditional, Balanced"
1290,195.27,55.48,32.88,7.99,21.86,1212,"Poha with Peanuts, Curry Leaves & Lemon with Green Tea",Fish Curry (Rohu in Mustard Gravy) with Steamed Rice & Green Salad,"Mix Vegetable Subzi (Beans, Carrot, Peas) with 2 Chapatis & Dal Fry",Roasted Makhana (Foxnuts - 30g) with Green Tea,308,11.66,45.83,"Obesity, Hypertension, Kidney Disease","Indian, Low Fat, Dash, Balanced"
1496,199.39,69.72,47.88,25.53,30.02,1586,Besan Chilla (2 savory gram flour pancakes) with Green Coriander Chutney,Hyderabadi Chicken Biryani with Mirchi ka Salan & Onion Raita,Lauki Chana Dal Curry with 2 Phulkas & Cucumber Tomato Salad,"Fresh Fruit Chaat (Papaya, Apple, Guava & Chaat Masala)",375,12.67,94.76,"Obesity, Heart Disease","Indian, Low Fat, Dash, Balanced"
1842,239.86,83.15,63.36,14.95,24.0,2052,2 Idlis with Sambhar (1 katori) & Coconut Chutney (2 tbsp),Hyderabadi Chicken Biryani with Mirchi ka Salan & Onion Raita,Malabar Fish Curry with Steamed Rice & Beetroot Thoran,1 Vegetable Samosa with Mint Chutney & Masala Chai,445,12.42,37.78,,"Indian, Traditional, Balanced"
1472,228.43,52.92,37.89,12.6,33.57,1431,"Masala Dosa with Potato Filling, Sambar & Coconut Chutney",Rajma Masala (Kidney Beans Curry) with Jeera Rice & Kachumber,"Mix Vegetable Subzi (Beans, Carrot, Peas) with 2 Chapatis & Dal Fry",Roasted Chana (Bhuna Chana - 50g) with Masala Chai,363,13.77,43.02,"Obesity, Heart Disease","Indian, Low Fat, Dash, Balanced"
1360,193.78,71.0,34.52,11.07,26.64,1529,2 Idlis with Sambhar (1 katori) & Coconut Chutney (2 tbsp),Malabar Fish Curry with Steamed Rice & Beetroot Thoran,Soya Chunks Curry with 1 cup Brown Rice & Fresh Salad,Khaman Dhokla (2 steamed pcs) with Green Coriander Chutney,406,13.32,36.49,"Obesity, Diabetes, Heart Disease","Indian, Low Fat, Dash, Balanced"
1482,187.86,59.07,56.36,14.87,31.34,1517,Ragi Dosa (2 pcs) with Tomato Onion Chutney & Buttermilk,Paneer Butter Masala with 2 Whole Wheat Phulkas & Boondi Raita,Lauki Chana Dal Curry with 2 Phulkas & Cucumber Tomato Salad,"Sprouted Moong Chaat with Onion, Tomato, Lemon & Chaat Masala",872,13.56,56.96,Obesity,"Indian, Vegetarian, Balanced"
1479,204.66,60.2,47.75,26.87,25.75,1479,Vegetable Upma with Roasted Cashews & Filter Coffee,Hyderabadi Chicken Biryani with Mirchi ka Salan & Onion Raita,"Mix Vegetable Subzi (Beans, Carrot, Peas) with 2 Chapatis & Dal Fry","Fresh Fruit Chaat (Papaya, Apple, Guava & Chaat Masala)",380,10.77,87.91,"Obesity, Heart Disease","Indian, Low Fat, Dash, Balanced"
1496,223.22,54.32,43.39,32.04,31.4,1533,2 Boiled Eggs with 2 Multigrain Toasts & Masala Chai,"South Indian Meals: Sambar, Rasam, Cabbage Poriyal & Steamed Rice",Aloo Gobi Matar Masala with 2 Whole Wheat Rotis & Plain Dahi,"Fresh Fruit Chaat (Papaya, Apple, Guava & Chaat Masala)",509,11.88,120.95,"Obesity, Heart Disease","Indian, Low Fat, Dash, Balanced"
1586,171.1,82.81,65.19,13.8,25.25,1762,2 Idlis with Sambhar (1 katori) & Coconut Chutney (2 tbsp),Paneer Butter Masala with 2 Whole Wheat Phulkas & Boondi Raita,Chicken Tikka Masala with 2 Whole Wheat Tandoori Rotis & Salad,"Sprouted Moong Chaat with Onion, Tomato, Lemon & Chaat Masala",644,12.14,50.02,"Obesity, Diabetes","Indian, Low Carb, Traditional"
1351,220.05,50.71,30.05,11.06,27.21,1429,Ragi Dosa (2 pcs) with Tomato Onion Chutney & Buttermilk,Dal Tadka (Yellow Lentil) with Steamed Basmati Rice & Cucumber Salad,"Moong Dal Khichdi with Desi Ghee, Curd & Roasted Papad","Sprouted Moong Chaat with Onion, Tomato, Lemon & Chaat Masala",563,12.73,43.07,"Obesity, Heart Disease","Indian, Low Fat, Dash, Balanced"
1638,250.24,48.37,49.99,13.2,24.89,1764,"Masala Dosa with Potato Filling, Sambar & Coconut Chutney",Dal Tadka (Yellow Lentil) with Steamed Basmati Rice & Cucumber Salad,"Moong Dal Khichdi with Desi Ghee, Curd & Roasted Papad",1 Vegetable Samosa with Mint Chutney & Masala Chai,382,11.49,30.54,Heart Disease,"Indian, Vegetarian, Balanced"
1729,167.41,99.26,76.18,11.71,25.32,2074,2 Idlis with Sambhar (1 katori) & Coconut Chutney (2 tbsp),Chole Masala (Spiced Chickpeas) with 1 Bhatura & Pickled Onions,Tandoori Chicken (2 pcs leg/thigh) with Mint Raita & Green Salad,Paneer Tikka (3 grilled cubes) with Mint Coriander Chutney,661,13.83,45.62,Diabetes,"Indian, Low Carb, Traditional"
1714,210.56,84.53,60.33,12.48,26.06,1971,2 Idlis with Sambhar (1 katori) & Coconut Chutney (2 tbsp),Hyderabadi Chicken Biryani with Mirchi ka Salan & Onion Raita,Egg Curry (2 Eggs) with 1.5 Whole Wheat Rotis & Kachumber Salad,"Sprouted Moong Chaat with Onion, Tomato, Lemon & Chaat Masala",439,13.8,54.86,,"Indian, Traditional, Balanced"
1397,178.18,47.76,56.19,28.14,31.48,1324,Vegetable Upma with Roasted Cashews & Filter Coffee,Baingan Bharta with 2 Bajra Rotis & Plain Dahi,Palak Paneer (Spinach Cottage Cheese) with 2 Whole Wheat Chapatis,"Fresh Fruit Chaat (Papaya, Apple, Guava & Chaat Masala)",724,13.92,102.97,"Obesity, Hypertension, Kidney Disease","Indian, Vegetarian, Balanced"
1416,227.39,47.31,35.98,12.32,27.93,1580,2 Idlis with Sambhar (1 katori) & Coconut Chutney (2 tbsp),Dal Tadka (Yellow Lentil) with Steamed Basmati Rice & Cucumber Salad,Aloo Gobi Matar Masala with 2 Whole Wheat Rotis & Plain Dahi,Khaman Dhokla (2 steamed pcs) with Green Coriander Chutney,368,10.93,55.06,"Obesity, Heart Disease","Indian, Low Fat, Dash, Balanced"
1626,218.86,87.76,45.19,16.26,33.51,1757,Besan Chilla (2 savory gram flour pancakes) with Green Coriander Chutney,Malabar Fish Curry with Steamed Rice & Beetroot Thoran,Soya Chunks Curry with 1 cup Brown Rice & Fresh Salad,Bhel Puri (Puffed Rice with Veggies & Tamarind Chutney),491,17.57,52.5,Heart Disease,"Indian, Low Fat, Dash, Balanced"
1794,225.32,90.24,60.63,11.02,22.59,1870,"Masala Dosa with Potato Filling, Sambar & Coconut Chutney",Fish Curry (Rohu in Mustard Gravy) with Steamed Rice & Green Salad,Malabar Fish Curry with Steamed Rice & Beetroot Thoran,Paneer Tikka (3 grilled cubes) with Mint Coriander Chutney,602,12.43,48.74,,"Indian, High Protein, Traditional"
1334,171.64,55.27,47.81,12.38,29.14,1348,Moong Dal Cheela with Paneer Stuffing & Mint Chutney,Bhindi Do Pyaza with 2 Whole Wheat Rotis & Dal Palak,Aloo Gobi Matar Masala with 2 Whole Wheat Rotis & Plain Dahi,Khaman Dhokla (2 steamed pcs) with Green Coriander Chutney,606,11.56,70.57,"Obesity, Hypertension, Diabetes, Heart Disease, Kidney Disease","Indian, Low Fat, Dash, Balanced"
1559,176.75,97.55,51.23,11.53,21.96,1664,"Masala Dosa with Potato Filling, Sambar & Coconut Chutney",Fish Curry (Rohu in Mustard Gravy) with Steamed Rice & Green Salad,Tandoori Chicken (2 pcs leg/thigh) with Mint Raita & Green Salad,Roasted Chana (Bhuna Chana - 50g) with Masala Chai,418,12.53,36.99,"Obesity, Diabetes","Indian, High Protein, Traditional"
1594,241.99,48.92,49.41,14.64,30.19,1544,"Poha with Peanuts, Curry Leaves & Lemon with Green Tea",Rajma Masala (Kidney Beans Curry) with Jeera Rice & Kachumber,Aloo Gobi Matar Masala with 2 Whole Wheat Rotis & Plain Dahi,1 Vegetable Samosa with Mint Chutney & Masala Chai,418,14.35,68.94,"Obesity, Heart Disease","Indian, Vegetarian, Balanced"
1617,217.42,92.21,43.42,12.17,28.62,1721,Besan Chilla (2 savory gram flour pancakes) with Green Coriander Chutney,Fish Curry (Rohu in Mustard Gravy) with Steamed Rice & Green Salad,Malabar Fish Curry with Steamed Rice & Beetroot Thoran,"Sprouted Moong Chaat with Onion, Tomato, Lemon & Chaat Masala",418,14.69,65.24,Heart Disease,"Indian, Low Fat, Dash, Balanced"
1450,222.14,52.86,37.96,15.09,33.88,1441,2 Methi Theplas with Fresh Curd (Dahi) & Mint Chutney,"South Indian Meals: Sambar, Rasam, Cabbage Poriyal & Steamed Rice","Mix Vegetable Subzi (Beans, Carrot, Peas) with 2 Chapatis & Dal Fry",Roasted Chana (Bhuna Chana - 50g) with Masala Chai,509,13.43,55.88,"Obesity, Heart Disease","Indian, Low Fat, Dash, Balanced"
1219,183.85,48.92,31.99,23.12,28.85,1245,Moong Dal Cheela with Paneer Stuffing & Mint Chutney,"South Indian Meals: Sambar, Rasam, Cabbage Poriyal & Steamed Rice",Lauki Chana Dal Curry with 2 Phulkas & Cucumber Tomato Salad,"Fresh Fruit Chaat (Papaya, Apple, Guava & Chaat Masala)",460,10.21,96.68,"Obesity, Hypertension, Heart Disease, Kidney Disease","Indian, Low Fat, Dash, Balanced"
1450,208.67,64.91,39.33,10.43,27.49,1485,Moong Dal Cheela with Paneer Stuffing & Mint Chutney,Dal Tadka (Yellow Lentil) with Steamed Basmati Rice & Cucumber Salad,"Moong Dal Khichdi with Desi Ghee, Curd & Roasted Papad","Sprouted Moong Chaat with Onion, Tomato, Lemon & Chaat Masala",537,12.44,44.94,"Obesity, Heart Disease","Indian, Low Fat, Dash, Balanced"
1668,205.42,83.81,56.66,12.73,28.03,1767,"Masala Dosa with Potato Filling, Sambar & Coconut Chutney",Homestyle Chicken Curry with 2 Chapatis & Onion Salad,Soya Chunks Curry with 1 cup Brown Rice & Fresh Salad,1 Vegetable Samosa with Mint Chutney & Masala Chai,432,15.2,38.79,,"Indian, Traditional, Balanced"
1538,219.57,63.92,46.5,13.64,27.6,1585,"Poha with Peanuts, Curry Leaves & Lemon with Green Tea",Bhindi Do Pyaza with 2 Whole Wheat Rotis & Dal Palak,Malabar Fish Curry with Steamed Rice & Beetroot Thoran,Khaman Dhokla (2 steamed pcs) with Green Coriander Chutney,453,14.27,66.23,"Obesity, Heart Disease","Indian, Low Fat, Dash, Balanced"
1536,217.69,63.4,47.0,14.01,28.02,1681,1 Crispy Aloo Paratha with Fresh Curd (Dahi) & Zeera Pickle,Malabar Fish Curry with Steamed Rice & Beetroot Thoran,Lauki Chana Dal Curry with 2 Phulkas & Cucumber Tomato Salad,Khaman Dhokla (2 steamed pcs) with Green Coriander Chutney,457,12.35,50.22,"Obesity, Heart Disease","Indian, Low Fat, Dash, Balanced"
1553,237.6,50.55,44.57,17.13,30.85,1609,2 Methi Theplas with Fresh Curd (Dahi) & Mint Chutney,Dal Tadka (Yellow Lentil) with Steamed Basmati Rice & Cucumber Salad,Aloo Gobi Matar Masala with 2 Whole Wheat Rotis & Plain Dahi,Bhel Puri (Puffed Rice with Veggies & Tamarind Chutney),520,13.1,63.24,"Obesity, Heart Disease","Indian, Low Fat, Dash, Balanced"
1585,246.84,48.52,45.22,19.36,32.77,1713,2 Methi Theplas with Fresh Curd (Dahi) & Mint Chutney,"South Indian Meals: Sambar, Rasam, Cabbage Poriyal & Steamed Rice",Aloo Gobi Matar Masala with 2 Whole Wheat Rotis & Plain Dahi,Bhel Puri (Puffed Rice with Veggies & Tamarind Chutney),561,13.09,80.97,"Obesity, Heart Disease","Indian, Low Fat, Dash, Balanced"
1532,170.3,64.26,66.38,13.04,30.01,1569,Ragi Dosa (2 pcs) with Tomato Onion Chutney & Buttermilk,Baingan Bharta with 2 Bajra Rotis & Plain Dahi,Egg Curry (2 Eggs) with 1.5 Whole Wheat Rotis & Kachumber Salad,Paneer Tikka (3 grilled cubes) with Mint Coriander Chutney,933,15.8,56.31,"Obesity, Diabetes","Indian, Low Carb, Traditional"
1175,171.67,38.34,37.73,11.22,28.01,1078,Vegetable Upma with Roasted Cashews & Filter Coffee,Baingan Bharta with 2 Bajra Rotis & Plain Dahi,Lauki Chana Dal Curry with 2 Phulkas & Cucumber Tomato Salad,Roasted Makhana (Foxnuts - 30g) with Green Tea,406,11.75,38.34,"Obesity, Hypertension, Diabetes, Heart Disease, Kidney Disease","Indian, Low Fat, Dash, Balanced"
1344,154.77,80.82,45.78,13.9,17.24,1529,"Poha with Peanuts, Curry Leaves & Lemon with Green Tea",Malabar Fish Curry with Steamed Rice & Beetroot Thoran,Tandoori Chicken (2 pcs leg/thigh) with Mint Raita & Green Salad,Bhel Puri (Puffed Rice with Veggies & Tamarind Chutney),351,11.77,47.45,Obesity,"Indian, Low Fat, Dash, Balanced"
1726,191.6,66.06,78.59,12.75,32.5,1774,"Masala Dosa with Potato Filling, Sambar & Coconut Chutney",Baingan Bharta with 2 Bajra Rotis & Plain Dahi,Palak Paneer (Spinach Cottage Cheese) with 2 Whole Wheat Chapatis,Paneer Tikka (3 grilled cubes) with Mint Coriander Chutney,974,16.14,63.3,Diabetes,"Indian, Vegetarian, Balanced"
1735,246.86,70.17,54.01,16.27,33.51,1800,"Poha with Peanuts, Curry Leaves & Lemon with Green Tea",Chole Masala (Spiced Chickpeas) with 1 Bhatura & Pickled Onions,Soya Chunks Curry with 1 cup Brown Rice & Fresh Salad,Bhel Puri (Puffed Rice with Veggies & Tamarind Chutney),460,19.85,53.36,,"Indian, Vegetarian, Balanced"
1431,195.17,69.96,41.84,14.61,35.08,1540,Besan Chilla (2 savory gram flour pancakes) with Green Coriander Chutney,Bhindi Do Pyaza with 2 Whole Wheat Rotis & Dal Palak,Soya Chunks Curry with 1 cup Brown Rice & Fresh Salad,Bhel Puri (Puffed Rice with Veggies & Tamarind Chutney),522,16.79,60.22,"Obesity, Heart Disease","Indian, Low Fat, Dash, Balanced"
1470,227.42,53.99,38.92,12.94,24.31,1655,"Masala Dosa with Potato Filling, Sambar & Coconut Chutney","South Indian Meals: Sambar, Rasam, Cabbage Poriyal & Steamed Rice",Malabar Fish Curry with Steamed Rice & Beetroot Thoran,Khaman Dhokla (2 steamed pcs) with Green Coriander Chutney,330,10.63,50.85,"Obesity, Heart Disease","Indian, Low Fat, Dash, Balanced"
1550,186.17,62.3,62.72,14.66,36.96,1571,2 Methi Theplas with Fresh Curd (Dahi) & Mint Chutney,Baingan Bharta with 2 Bajra Rotis & Plain Dahi,Palak Paneer (Spinach Cottage Cheese) with 2 Whole Wheat Chapatis,"Sprouted Moong Chaat with Onion, Tomato, Lemon & Chaat Masala",898,17.7,74.03,Obesity,"Indian, Vegetarian, Balanced"
1532,172.39,87.36,55.83,13.99,29.64,1654,"Poha with Peanuts, Curry Leaves & Lemon with Green Tea",Baingan Bharta with 2 Bajra Rotis & Plain Dahi,Tandoori Chicken (2 pcs leg/thigh) with Mint Raita & Green Salad,"Sprouted Moong Chaat with Onion, Tomato, Lemon & Chaat Masala",538,17.32,73.15,"Obesity, Diabetes","Indian, Low Carb, Traditional"
1394,213.38,45.44,41.21,27.58,34.5,1456,2 Idlis with Sambhar (1 katori) & Coconut Chutney (2 tbsp),Bhindi Do Pyaza with 2 Whole Wheat Rotis & Dal Palak,Aloo Gobi Matar Masala with 2 Whole Wheat Rotis & Plain Dahi,"Fresh Fruit Chaat (Papaya, Apple, Guava & Chaat Masala)",517,11.77,125.9,"Obesity, Heart Disease","Indian, Low Fat, Dash, Balanced"
1335,190.98,54.63,39.29,9.85,22.72,1373,"Poha with Peanuts, Curry Leaves & Lemon with Green Tea",Dal Tadka (Yellow Lentil) with Steamed Basmati Rice & Cucumber Salad,Egg Curry (2 Eggs) with 1.5 Whole Wheat Rotis & Kachumber Salad,"Sprouted Moong Chaat with Onion, Tomato, Lemon & Chaat Masala",314,13.07,56.15,"Obesity, Hypertension, Diabetes, Heart Disease, Kidney Disease","Indian, Low Fat, Dash, Balanced"
1756,235.72,76.67,57.45,14.13,30.23,1880,1 Crispy Aloo Paratha with Fresh Curd (Dahi) & Zeera Pickle,Hyderabadi Chicken Biryani with Mirchi ka Salan & Onion Raita,"Mix Vegetable Subzi (Beans, Carrot, Peas) with 2 Chapatis & Dal Fry","Sprouted Moong Chaat with Onion, Tomato, Lemon & Chaat Masala",515,14.13,62.75,,"Indian, Traditional, Balanced"
1822,188.11,110.73,70.11,14.11,23.51,1945,1 Crispy Aloo Paratha with Fresh Curd (Dahi) & Zeera Pickle,Hyderabadi Chicken Biryani with Mirchi ka Salan & Onion Raita,Tandoori Chicken (2 pcs leg/thigh) with Mint Raita & Green Salad,Roasted Chana (Bhuna Chana - 50g) with Masala Chai,583,13.89,36.87,,"Indian, High Protein, Traditional"
1374,203.38,45.26,43.7,15.12,30.23,1521,Ragi Dosa (2 pcs) with Tomato Onion Chutney & Buttermilk,Chole Masala (Spiced Chickpeas) with 1 Bhatura & Pickled Onions,Lauki Chana Dal Curry with 2 Phulkas & Cucumber Tomato Salad,Bhel Puri (Puffed Rice with Veggies & Tamarind Chutney),519,14.02,45.17,"Obesity, Heart Disease","Indian, Low Fat, Dash, Balanced"
1321,171.6,58.68,44.24,25.57,22.92,1363,2 Boiled Eggs with 2 Multigrain Toasts & Masala Chai,Dal Tadka (Yellow Lentil) with Steamed Basmati Rice & Cucumber Salad,Egg Curry (2 Eggs) with 1.5 Whole Wheat Rotis & Kachumber Salad,"Fresh Fruit Chaat (Papaya, Apple, Guava & Chaat Masala)",389,11.13,77.26,"Obesity, Hypertension, Heart Disease, Kidney Disease","Indian, Low Fat, Dash, Balanced"
1401,146.03,58.88,65.55,15.47,22.32,1530,Besan Chilla (2 savory gram flour pancakes) with Green Coriander Chutney,Paneer Butter Masala with 2 Whole Wheat Phulkas & Boondi Raita,Egg Curry (2 Eggs) with 1.5 Whole Wheat Rotis & Kachumber Salad,Bhel Puri (Puffed Rice with Veggies & Tamarind Chutney),596,11.38,43.22,Obesity,"Indian, Low Carb, Traditional"
1392,167.83,54.86,56.62,12.16,28.96,1374,2 Methi Theplas with Fresh Curd (Dahi) & Mint Chutney,Bhindi Do Pyaza with 2 Whole Wheat Rotis & Dal Palak,Aloo Gobi Matar Masala with 2 Whole Wheat Rotis & Plain Dahi,Paneer Tikka (3 grilled cubes) with Mint Coriander Chutney,761,11.88,72.4,"Obesity, Hypertension, Diabetes, Kidney Disease","Indian, Low Carb, Traditional"
1518,143.42,98.8,61.78,14.04,20.28,1773,2 Boiled Eggs with 2 Multigrain Toasts & Masala Chai,"South Indian Meals: Sambar, Rasam, Cabbage Poriyal & Steamed Rice",Tandoori Chicken (2 pcs leg/thigh) with Mint Raita & Green Salad,Paneer Tikka (3 grilled cubes) with Mint Coriander Chutney,673,11.44,48.15,Obesity,"Indian, Low Carb, Traditional"
1693,247.69,72.57,46.87,14.94,32.9,1763,2 Methi Theplas with Fresh Curd (Dahi) & Mint Chutney,Rajma Masala (Kidney Beans Curry) with Jeera Rice & Kachumber,Malabar Fish Curry with Steamed Rice & Beetroot Thoran,Khaman Dhokla (2 steamed pcs) with Green Coriander Chutney,519,15.05,49.67,Heart Disease,"Indian, Low Fat, Dash, Balanced"
1466,216.5,56.35,42.36,15.33,27.12,1629,"Masala Dosa with Potato Filling, Sambar & Coconut Chutney",Malabar Fish Curry with Steamed Rice & Beetroot Thoran,Lauki Chana Dal Curry with 2 Phulkas & Cucumber Tomato Salad,Bhel Puri (Puffed Rice with Veggies & Tamarind Chutney),339,11.98,47.34,"Obesity, Heart Disease","Indian, Low Fat, Dash, Balanced"
1419,155.69,68.51,59.52,25.53,23.49,1432,Ragi Dosa (2 pcs) with Tomato Onion Chutney & Buttermilk,Paneer Butter Masala with 2 Whole Wheat Phulkas & Boondi Raita,Chicken Tikka Masala with 2 Whole Wheat Tandoori Rotis & Salad,"Fresh Fruit Chaat (Papaya, Apple, Guava & Chaat Masala)",770,11.12,81.85,Obesity,"Indian, Low Carb, Traditional"
1435,183.73,53.74,55.86,14.01,26.87,1614,2 Idlis with Sambhar (1 katori) & Coconut Chutney (2 tbsp),Paneer Butter Masala with 2 Whole Wheat Phulkas & Boondi Raita,Lauki Chana Dal Curry with 2 Phulkas & Cucumber Tomato Salad,Khaman Dhokla (2 steamed pcs) with Green Coriander Chutney,607,10.63,39.05,Obesity,"Indian, Vegetarian, Balanced"
1233,160.23,48.34,45.07,10.78,22.01,1308,"Poha with Peanuts, Curry Leaves & Lemon with Green Tea",Bhindi Do Pyaza with 2 Whole Wheat Rotis & Dal Palak,Egg Curry (2 Eggs) with 1.5 Whole Wheat Rotis & Kachumber Salad,Khaman Dhokla (2 steamed pcs) with Green Coriander Chutney,377,12.02,56.83,"Obesity, Hypertension, Diabetes, Heart Disease, Kidney Disease","Indian, Low Fat, Dash, Balanced"
1522,165.07,75.38,63.64,12.21,26.91,1550,2 Boiled Eggs with 2 Multigrain Toasts & Masala Chai,Rajma Masala (Kidney Beans Curry) with Jeera Rice & Kachumber,Palak Paneer (Spinach Cottage Cheese) with 2 Whole Wheat Chapatis,Paneer Tikka (3 grilled cubes) with Mint Coriander Chutney,840,14.03,44.94,"Obesity, Diabetes","Indian, Low Carb, Traditional"
1636,224.03,82.89,46.42,15.69,29.62,1669,Vegetable Upma with Roasted Cashews & Filter Coffee,Malabar Fish Curry with Steamed Rice & Beetroot Thoran,Soya Chunks Curry with 1 cup Brown Rice & Fresh Salad,Khaman Dhokla (2 steamed pcs) with Green Coriander Chutney,497,15.58,44.21,Heart Disease,"Indian, Low Fat, Dash, Balanced"
1595,208.68,74.32,53.21,12.64,34.76,1743,Besan Chilla (2 savory gram flour pancakes) with Green Coriander Chutney,Chole Masala (Spiced Chickpeas) with 1 Bhatura & Pickled Onions,Soya Chunks Curry with 1 cup Brown Rice & Fresh Salad,Khaman Dhokla (2 steamed pcs) with Green Coriander Chutney,452,17.94,45.98,Obesity,"Indian, Vegetarian, Balanced"
1297,191.41,56.16,35.25,10.87,21.37,1333,"Poha with Peanuts, Curry Leaves & Lemon with Green Tea",Malabar Fish Curry with Steamed Rice & Beetroot Thoran,"Moong Dal Khichdi with Desi Ghee, Curd & Roasted Papad","Sprouted Moong Chaat with Onion, Tomato, Lemon & Chaat Masala",352,11.96,49.04,"Obesity, Hypertension, Diabetes, Kidney Disease","Indian, Low Fat, Dash, Balanced"
1709,168.72,114.47,63.3,27.35,27.9,1753,Moong Dal Cheela with Paneer Stuffing & Mint Chutney,Homestyle Chicken Curry with 2 Chapatis & Onion Salad,Chicken Tikka Masala with 2 Whole Wheat Tandoori Rotis & Salad,"Fresh Fruit Chaat (Papaya, Apple, Guava & Chaat Masala)",552,13.78,103.77,,"Indian, Low Carb, Traditional"
1480,174.71,67.48,57.43,24.67,22.9,1536,2 Methi Theplas with Fresh Curd (Dahi) & Mint Chutney,Hyderabadi Chicken Biryani with Mirchi ka Salan & Onion Raita,Egg Curry (2 Eggs) with 1.5 Whole Wheat Rotis & Kachumber Salad,"Fresh Fruit Chaat (Papaya, Apple, Guava & Chaat Masala)",482,11.54,84.42,Obesity,"Indian, Low Carb, Traditional"
1695,250.91,52.16,56.07,16.95,27.82,1826,"Poha with Peanuts, Curry Leaves & Lemon with Green Tea",Chole Masala (Spiced Chickpeas) with 1 Bhatura & Pickled Onions,"Moong Dal Khichdi with Desi Ghee, Curd & Roasted Papad",Bhel Puri (Puffed Rice with Veggies & Tamarind Chutney),401,15.87,46.51,,"Indian, Vegetarian, Balanced"
1406,189.18,68.07,41.14,10.21,28.43,1401,Ragi Dosa (2 pcs) with Tomato Onion Chutney & Buttermilk,Homestyle Chicken Curry with 2 Chapatis & Onion Salad,"Mix Vegetable Subzi (Beans, Carrot, Peas) with 2 Chapatis & Dal Fry",Roasted Makhana (Foxnuts - 30g) with Green Tea,555,13.11,44.34,"Obesity, Diabetes, Heart Disease","Indian, Low Fat, Dash, Balanced"
1445,149.12,93.76,52.26,13.48,23.85,1503,2 Methi Theplas with Fresh Curd (Dahi) & Mint Chutney,Malabar Fish Curry with Steamed Rice & Beetroot Thoran,Tandoori Chicken (2 pcs leg/thigh) with Mint Raita & Green Salad,Roasted Chana (Bhuna Chana - 50g) with Masala Chai,548,12.8,37.62,"Obesity, Diabetes","Indian, Low Carb, Traditional"
1475,187.82,63.61,52.7,17.5,21.4,1580,Vegetable Upma with Roasted Cashews & Filter Coffee,Malabar Fish Curry with Steamed Rice & Beetroot Thoran,Egg Curry (2 Eggs) with 1.5 Whole Wheat Rotis & Kachumber Salad,Bhel Puri (Puffed Rice with Veggies & Tamarind Chutney),392,11.6,46.2,Obesity,"Indian, Traditional, Balanced"
1323,169.76,61.25,44.48,9.51,24.21,1211,Moong Dal Cheela with Paneer Stuffing & Mint Chutney,Malabar Fish Curry with Steamed Rice & Beetroot Thoran,Aloo Gobi Matar Masala with 2 Whole Wheat Rotis & Plain Dahi,Roasted Makhana (Foxnuts - 30g) with Green Tea,538,10.4,52.73,"Obesity, Hypertension, Diabetes, Heart Disease, Kidney Disease","Indian, Low Fat, Dash, Balanced"
1902,181.58,76.61,98.96,13.97,26.54,1945,"Masala Dosa with Potato Filling, Sambar & Coconut Chutney",Paneer Butter Masala with 2 Whole Wheat Phulkas & Boondi Raita,Palak Paneer (Spinach Cottage Cheese) with 2 Whole Wheat Chapatis,Paneer Tikka (3 grilled cubes) with Mint Coriander Chutney,1195,13.43,55.33,,"Indian, Vegetarian, Balanced"
1462,238.89,52.59,32.41,14.37,34.24,1569,2 Idlis with Sambhar (1 katori) & Coconut Chutney (2 tbsp),"South Indian Meals: Sambar, Rasam, Cabbage Poriyal & Steamed Rice","Mix Vegetable Subzi (Beans, Carrot, Peas) with 2 Chapatis & Dal Fry",Roasted Chana (Bhuna Chana - 50g) with Masala Chai,404,12.84,54.73,"Obesity, Heart Disease","Indian, Low Fat, Dash, Balanced"
1478,241.99,59.86,31.16,12.06,37.77,1643,2 Idlis with Sambhar (1 katori) & Coconut Chutney (2 tbsp),Rajma Masala (Kidney Beans Curry) with Jeera Rice & Kachumber,Lauki Chana Dal Curry with 2 Phulkas & Cucumber Tomato Salad,"Sprouted Moong Chaat with Onion, Tomato, Lemon & Chaat Masala",372,14.83,60.82,"Obesity, Heart Disease","Indian, Low Fat, Dash, Balanced"
1624,219.46,79.07,47.95,16.61,26.64,1504,Vegetable Upma with Roasted Cashews & Filter Coffee,Malabar Fish Curry with Steamed Rice & Beetroot Thoran,Malabar Fish Curry with Steamed Rice & Beetroot Thoran,Roasted Chana (Bhuna Chana - 50g) with Masala Chai,460,13.06,39.48,Heart Disease,"Indian, Low Fat, Dash, Balanced"
1684,205.93,69.82,66.2,14.84,26.27,1738,"Masala Dosa with Potato Filling, Sambar & Coconut Chutney",Paneer Butter Masala with 2 Whole Wheat Phulkas & Boondi Raita,Malabar Fish Curry with Steamed Rice & Beetroot Thoran,"Sprouted Moong Chaat with Onion, Tomato, Lemon & Chaat Masala",669,12.3,52.53,,"Indian, Traditional, Balanced"
1717,202.5,67.33,71.88,14.79,35.06,1675,2 Methi Theplas with Fresh Curd (Dahi) & Mint Chutney,Chole Masala (Spiced Chickpeas) with 1 Bhatura & Pickled Onions,Palak Paneer (Spinach Cottage Cheese) with 2 Whole Wheat Chapatis,Roasted Chana (Bhuna Chana - 50g) with Masala Chai,822,17.48,49.64,,"Indian, Vegetarian, Balanced"
1564,223.63,55.69,50.29,16.99,29.92,1670,"Masala Dosa with Potato Filling, Sambar & Coconut Chutney",Baingan Bharta with 2 Bajra Rotis & Plain Dahi,Malabar Fish Curry with Steamed Rice & Beetroot Thoran,Bhel Puri (Puffed Rice with Veggies & Tamarind Chutney),457,14.28,50.0,"Obesity, Heart Disease","Indian, Traditional, Balanced"
1698,209.47,79.51,60.47,13.94,23.36,1826,"Masala Dosa with Potato Filling, Sambar & Coconut Chutney",Homestyle Chicken Curry with 2 Chapatis & Onion Salad,Malabar Fish Curry with Steamed Rice & Beetroot Thoran,1 Vegetable Samosa with Mint Chutney & Masala Chai,371,12.17,41.33,,"Indian, Traditional, Balanced"
1452,201.78,71.52,39.96,26.86,31.77,1616,2 Idlis with Sambhar (1 katori) & Coconut Chutney (2 tbsp),Homestyle Chicken Curry with 2 Chapatis & Onion Salad,Lauki Chana Dal Curry with 2 Phulkas & Cucumber Tomato Salad,"Fresh Fruit Chaat (Papaya, Apple, Guava & Chaat Masala)",346,12.23,99.25,"Obesity, Heart Disease","Indian, Low Fat, Dash, Balanced"
1523,182.67,77.12,55.2,13.19,20.18,1513,Vegetable Upma with Roasted Cashews & Filter Coffee,Malabar Fish Curry with Steamed Rice & Beetroot Thoran,Malabar Fish Curry with Steamed Rice & Beetroot Thoran,Paneer Tikka (3 grilled cubes) with Mint Coriander Chutney,577,10.57,43.07,"Obesity, Diabetes","Indian, Traditional, Balanced"
1337,210.31,40.37,37.78,15.22,25.43,1411,Vegetable Upma with Roasted Cashews & Filter Coffee,"South Indian Meals: Sambar, Rasam, Cabbage Poriyal & Steamed Rice",Aloo Gobi Matar Masala with 2 Whole Wheat Rotis & Plain Dahi,Khaman Dhokla (2 steamed pcs) with Green Coriander Chutney,381,9.75,66.18,"Obesity, Heart Disease","Indian, Low Fat, Dash, Balanced"
1445,176.05,56.77,58.31,27.26,36.28,1455,Besan Chilla (2 savory gram flour pancakes) with Green Coriander Chutney,Baingan Bharta with 2 Bajra Rotis & Plain Dahi,Palak Paneer (Spinach Cottage Cheese) with 2 Whole Wheat Chapatis,"Fresh Fruit Chaat (Papaya, Apple, Guava & Chaat Masala)",749,16.09,113.64,Obesity,"Indian, Vegetarian, Balanced"
1357,170.85,62.93,45.44,11.75,25.96,1339,Moong Dal Cheela with Paneer Stuffing & Mint Chutney,"South Indian Meals: Sambar, Rasam, Cabbage Poriyal & Steamed Rice",Egg Curry (2 Eggs) with 1.5 Whole Wheat Rotis & Kachumber Salad,Roasted Chana (Bhuna Chana - 50g) with Masala Chai,524,11.93,47.99,"Obesity, Hypertension, Diabetes, Heart Disease, Kidney Disease","Indian, Low Fat, Dash, Balanced"
1673,186.81,84.58,67.36,18.94,24.86,1926,Vegetable Upma with Roasted Cashews & Filter Coffee,Chole Masala (Spiced Chickpeas) with 1 Bhatura & Pickled Onions,Tandoori Chicken (2 pcs leg/thigh) with Mint Raita & Green Salad,Bhel Puri (Puffed Rice with Veggies & Tamarind Chutney),443,13.99,45.84,,"Indian, Traditional, Balanced"
1485,189.22,56.93,57.13,14.4,26.36,1529,Ragi Dosa (2 pcs) with Tomato Onion Chutney & Buttermilk,Paneer Butter Masala with 2 Whole Wheat Phulkas & Boondi Raita,"Moong Dal Khichdi with Desi Ghee, Curd & Roasted Papad","Sprouted Moong Chaat with Onion, Tomato, Lemon & Chaat Masala",885,12.44,44.39,Obesity,"Indian, Vegetarian, Balanced"
1313,212.88,52.8,28.43,11.52,34.38,1360,Ragi Dosa (2 pcs) with Tomato Onion Chutney & Buttermilk,Rajma Masala (Kidney Beans Curry) with Jeera Rice & Kachumber,Lauki Chana Dal Curry with 2 Phulkas & Cucumber Tomato Salad,"Sprouted Moong Chaat with Onion, Tomato, Lemon & Chaat Masala",535,14.54,57.61,"Obesity, Hypertension, Heart Disease, Kidney Disease","Indian, Low Fat, Dash, Balanced"
1620,190.86,82.29,57.68,16.7,26.39,1815,Ragi Dosa (2 pcs) with Tomato Onion Chutney & Buttermilk,Homestyle Chicken Curry with 2 Chapatis & Onion Salad,Egg Curry (2 Eggs) with 1.5 Whole Wheat Rotis & Kachumber Salad,Bhel Puri (Puffed Rice with Veggies & Tamarind Chutney),616,15.03,52.22,,"Indian, Traditional, Balanced"
1389,170.86,69.77,47.81,10.06,22.23,1429,Moong Dal Cheela with Paneer Stuffing & Mint Chutney,"South Indian Meals: Sambar, Rasam, Cabbage Poriyal & Steamed Rice",Malabar Fish Curry with Steamed Rice & Beetroot Thoran,Paneer Tikka (3 grilled cubes) with Mint Coriander Chutney,648,10.14,51.25,"Obesity, Diabetes, Heart Disease","Indian, Low Fat, Dash, Balanced"
1483,218.7,52.69,45.39,16.0,22.83,1553,Vegetable Upma with Roasted Cashews & Filter Coffee,"South Indian Meals: Sambar, Rasam, Cabbage Poriyal & Steamed Rice",Malabar Fish Curry with Steamed Rice & Beetroot Thoran,1 Vegetable Samosa with Mint Chutney & Masala Chai,384,10.2,48.76,"Obesity, Heart Disease","Indian, Low Fat, Dash, Balanced"
1729,212.83,76.36,65.32,16.25,27.09,1886,Ragi Dosa (2 pcs) with Tomato Onion Chutney & Buttermilk,Hyderabadi Chicken Biryani with Mirchi ka Salan & Onion Raita,Palak Paneer (Spinach Cottage Cheese) with 2 Whole Wheat Chapatis,Bhel Puri (Puffed Rice with Veggies & Tamarind Chutney),888,15.31,53.34,,"Indian, Traditional, Balanced"
1857,248.26,79.87,61.35,14.79,38.67,1797,1 Crispy Aloo Paratha with Fresh Curd (Dahi) & Zeera Pickle,Chole Masala (Spiced Chickpeas) with 1 Bhatura & Pickled Onions,Soya Chunks Curry with 1 cup Brown Rice & Fresh Salad,Roasted Chana (Bhuna Chana - 50g) with Masala Chai,635,19.94,41.19,,"Indian, Vegetarian, Balanced"
1370,190.44,57.18,43.19,25.9,29.87,1352,2 Methi Theplas with Fresh Curd (Dahi) & Mint Chutney,Bhindi Do Pyaza with 2 Whole Wheat Rotis & Dal Palak,Malabar Fish Curry with Steamed Rice & Beetroot Thoran,"Fresh Fruit Chaat (Papaya, Apple, Guava & Chaat Masala)",556,12.1,101.22,"Obesity, Hypertension, Heart Disease, Kidney Disease","Indian, Low Fat, Dash, Balanced"
1589,200.0,84.06,51.17,12.39,26.4,1848,"Masala Dosa with Potato Filling, Sambar & Coconut Chutney",Rajma Masala (Kidney Beans Curry) with Jeera Rice & Kachumber,Tandoori Chicken (2 pcs leg/thigh) with Mint Raita & Green Salad,Khaman Dhokla (2 steamed pcs) with Green Coriander Chutney,381,13.1,44.87,"Obesity, Heart Disease","Indian, Traditional, Balanced"
1396,161.03,76.32,50.5,9.53,31.73,1429,Besan Chilla (2 savory gram flour pancakes) with Green Coriander Chutney,Bhindi Do Pyaza with 2 Whole Wheat Rotis & Dal Palak,Soya Chunks Curry with 1 cup Brown Rice & Fresh Salad,Paneer Tikka (3 grilled cubes) with Mint Coriander Chutney,689,15.44,57.17,"Obesity, Diabetes, Heart Disease","Indian, Low Carb, Traditional"
1499,119.21,92.59,73.75,13.8,18.44,1563,2 Boiled Eggs with 2 Multigrain Toasts & Masala Chai,Paneer Butter Masala with 2 Whole Wheat Phulkas & Boondi Raita,Tandoori Chicken (2 pcs leg/thigh) with Mint Raita & Green Salad,Roasted Makhana (Foxnuts - 30g) with Green Tea,746,10.85,24.65,Obesity,"Indian, Low Carb, Traditional"
1303,148.5,90.5,39.52,10.14,20.56,1488,Ragi Dosa (2 pcs) with Tomato Onion Chutney & Buttermilk,Fish Curry (Rohu in Mustard Gravy) with Steamed Rice & Green Salad,Tandoori Chicken (2 pcs leg/thigh) with Mint Raita & Green Salad,"Sprouted Moong Chaat with Onion, Tomato, Lemon & Chaat Masala",571,12.22,52.03,"Obesity, Diabetes","Indian, Low Fat, Dash, Balanced"
1517,206.43,63.0,49.9,14.06,26.49,1580,2 Methi Theplas with Fresh Curd (Dahi) & Mint Chutney,Fish Curry (Rohu in Mustard Gravy) with Steamed Rice & Green Salad,"Mix Vegetable Subzi (Beans, Carrot, Peas) with 2 Chapatis & Dal Fry",1 Vegetable Samosa with Mint Chutney & Masala Chai,489,12.33,48.36,"Obesity, Heart Disease","Indian, Traditional, Balanced"
1761,205.1,73.91,73.26,14.46,27.17,1652,2 Methi Theplas with Fresh Curd (Dahi) & Mint Chutney,Paneer Butter Masala with 2 Whole Wheat Phulkas & Boondi Raita,Malabar Fish Curry with Steamed Rice & Beetroot Thoran,Roasted Makhana (Foxnuts - 30g) with Green Tea,864,12.83,38.8,,"Indian, Traditional, Balanced"
1870,190.7,90.21,85.18,13.56,23.4,1903,Vegetable Upma with Roasted Cashews & Filter Coffee,Hyderabadi Chicken Biryani with Mirchi ka Salan & Onion Raita,Palak Paneer (Spinach Cottage Cheese) with 2 Whole Wheat Chapatis,Paneer Tikka (3 grilled cubes) with Mint Coriander Chutney,929,13.56,52.16,,"Indian, High Protein, Traditional"
1475,184.7,56.8,56.9,13.6,30.49,1549,1 Crispy Aloo Paratha with Fresh Curd (Dahi) & Zeera Pickle,Baingan Bharta with 2 Bajra Rotis & Plain Dahi,Egg Curry (2 Eggs) with 1.5 Whole Wheat Rotis & Kachumber Salad,"Sprouted Moong Chaat with Onion, Tomato, Lemon & Chaat Masala",574,15.09,63.85,"Obesity, Diabetes","Indian, Traditional, Balanced"
1513,169.76,83.82,55.78,14.79,27.84,1624,Moong Dal Cheela with Paneer Stuffing & Mint Chutney,Bhindi Do Pyaza with 2 Whole Wheat Rotis & Dal Palak,Chicken Tikka Masala with 2 Whole Wheat Tandoori Rotis & Salad,Bhel Puri (Puffed Rice with Veggies & Tamarind Chutney),589,13.44,59.74,Obesity,"Indian, Low Carb, Traditional"
1394,181.87,76.64,41.34,24.43,25.32,1454,"Poha with Peanuts, Curry Leaves & Lemon with Green Tea",Rajma Masala (Kidney Beans Curry) with Jeera Rice & Kachumber,Tandoori Chicken (2 pcs leg/thigh) with Mint Raita & Green Salad,"Fresh Fruit Chaat (Papaya, Apple, Guava & Chaat Masala)",364,13.25,97.91,"Obesity, Heart Disease","Indian, Low Fat, Dash, Balanced"
1351,171.7,58.19,48.23,8.48,25.63,1328,Moong Dal Cheela with Paneer Stuffing & Mint Chutney,"South Indian Meals: Sambar, Rasam, Cabbage Poriyal & Steamed Rice",Palak Paneer (Spinach Cottage Cheese) with 2 Whole Wheat Chapatis,Roasted Makhana (Foxnuts - 30g) with Green Tea,724,11.53,54.13,"Obesity, Hypertension, Diabetes, Heart Disease, Kidney Disease","Indian, Low Carb, Traditional"
1547,219.36,85.16,36.73,10.97,28.77,1387,"Poha with Peanuts, Curry Leaves & Lemon with Green Tea",Fish Curry (Rohu in Mustard Gravy) with Steamed Rice & Green Salad,Soya Chunks Curry with 1 cup Brown Rice & Fresh Salad,Roasted Chana (Bhuna Chana - 50g) with Masala Chai,457,17.59,42.73,"Obesity, Hypertension, Heart Disease","Indian, Low Fat, Dash, Balanced"
1820,237.62,83.58,61.05,11.21,23.28,1820,1 Crispy Aloo Paratha with Fresh Curd (Dahi) & Zeera Pickle,Hyderabadi Chicken Biryani with Mirchi ka Salan & Onion Raita,Malabar Fish Curry with Steamed Rice & Beetroot Thoran,Roasted Makhana (Foxnuts - 30g) with Green Tea,518,12.59,36.92,,"Indian, Traditional, Balanced"
1471,211.43,56.01,45.52,15.08,26.95,1600,"Masala Dosa with Potato Filling, Sambar & Coconut Chutney",Bhindi Do Pyaza with 2 Whole Wheat Rotis & Dal Palak,Malabar Fish Curry with Steamed Rice & Beetroot Thoran,Bhel Puri (Puffed Rice with Veggies & Tamarind Chutney),422,12.14,54.9,"Obesity, Heart Disease","Indian, Low Fat, Dash, Balanced"
1711,217.82,64.93,66.24,16.45,31.59,1689,"Poha with Peanuts, Curry Leaves & Lemon with Green Tea",Paneer Butter Masala with 2 Whole Wheat Phulkas & Boondi Raita,"Mix Vegetable Subzi (Beans, Carrot, Peas) with 2 Chapatis & Dal Fry","Sprouted Moong Chaat with Onion, Tomato, Lemon & Chaat Masala",722,15.25,72.83,,"Indian, Vegetarian, Balanced"
1502,166.97,81.79,56.98,10.76,20.54,1764,"Masala Dosa with Potato Filling, Sambar & Coconut Chutney","South Indian Meals: Sambar, Rasam, Cabbage Poriyal & Steamed Rice",Tandoori Chicken (2 pcs leg/thigh) with Mint Raita & Green Salad,Paneer Tikka (3 grilled cubes) with Mint Coriander Chutney,559,10.37,53.3,"Obesity, Diabetes","Indian, Low Carb, Traditional"
1861,226.9,78.81,72.46,15.87,31.85,1937,"Masala Dosa with Potato Filling, Sambar & Coconut Chutney",Paneer Butter Masala with 2 Whole Wheat Phulkas & Boondi Raita,Soya Chunks Curry with 1 cup Brown Rice & Fresh Salad,Khaman Dhokla (2 steamed pcs) with Green Coriander Chutney,790,15.98,42.36,,"Indian, Vegetarian, Balanced"
1626,207.92,78.43,52.96,14.19,28.71,1709,2 Idlis with Sambhar (1 katori) & Coconut Chutney (2 tbsp),Malabar Fish Curry with Steamed Rice & Beetroot Thoran,Egg Curry (2 Eggs) with 1.5 Whole Wheat Rotis & Kachumber Salad,Roasted Chana (Bhuna Chana - 50g) with Masala Chai,467,14.08,42.34,,"Indian, Traditional, Balanced"
1546,195.5,73.6,53.2,14.0,31.58,1607,Moong Dal Cheela with Paneer Stuffing & Mint Chutney,Chole Masala (Spiced Chickpeas) with 1 Bhatura & Pickled Onions,Soya Chunks Curry with 1 cup Brown Rice & Fresh Salad,Bhel Puri (Puffed Rice with Veggies & Tamarind Chutney),580,16.54,42.39,Obesity,"Indian, Vegetarian, Balanced"
1406,178.93,79.73,40.71,9.73,27.5,1491,"Masala Dosa with Potato Filling, Sambar & Coconut Chutney",Homestyle Chicken Curry with 2 Chapatis & Onion Salad,Soya Chunks Curry with 1 cup Brown Rice & Fresh Salad,"Sprouted Moong Chaat with Onion, Tomato, Lemon & Chaat Masala",376,14.46,46.7,"Obesity, Diabetes, Heart Disease","Indian, Low Fat, Dash, Balanced"
1534,241.86,49.99,41.08,15.74,29.3,1663,1 Crispy Aloo Paratha with Fresh Curd (Dahi) & Zeera Pickle,Dal Tadka (Yellow Lentil) with Steamed Basmati Rice & Cucumber Salad,"Mix Vegetable Subzi (Beans, Carrot, Peas) with 2 Chapatis & Dal Fry",Bhel Puri (Puffed Rice with Veggies & Tamarind Chutney),423,12.57,50.09,"Obesity, Heart Disease","Indian, Low Fat, Dash, Balanced"
1613,227.46,77.4,44.7,11.12,32.15,1795,2 Idlis with Sambhar (1 katori) & Coconut Chutney (2 tbsp),"South Indian Meals: Sambar, Rasam, Cabbage Poriyal & Steamed Rice",Soya Chunks Curry with 1 cup Brown Rice & Fresh Salad,Paneer Tikka (3 grilled cubes) with Mint Coriander Chutney,680,14.97,55.6,Heart Disease,"Indian, Low Fat, Dash, Balanced"
1392,213.39,53.7,36.83,14.71,22.87,1499,Vegetable Upma with Roasted Cashews & Filter Coffee,"South Indian Meals: Sambar, Rasam, Cabbage Poriyal & Steamed Rice",Malabar Fish Curry with Steamed Rice & Beetroot Thoran,Khaman Dhokla (2 steamed pcs) with Green Coriander Chutney,347,10.03,49.48,"Obesity, Heart Disease","Indian, Low Fat, Dash, Balanced"
1727,216.44,59.29,71.83,18.81,30.18,1838,Vegetable Upma with Roasted Cashews & Filter Coffee,Chole Masala (Spiced Chickpeas) with 1 Bhatura & Pickled Onions,Palak Paneer (Spinach Cottage Cheese) with 2 Whole Wheat Chapatis,Bhel Puri (Puffed Rice with Veggies & Tamarind Chutney),682,15.62,55.89,,"Indian, Vegetarian, Balanced"
1485,232.42,56.68,37.11,14.75,34.61,1485,Vegetable Upma with Roasted Cashews & Filter Coffee,Rajma Masala (Kidney Beans Curry) with Jeera Rice & Kachumber,"Mix Vegetable Subzi (Beans, Carrot, Peas) with 2 Chapatis & Dal Fry","Sprouted Moong Chaat with Onion, Tomato, Lemon & Chaat Masala",390,14.14,63.1,"Obesity, Heart Disease","Indian, Low Fat, Dash, Balanced"
1636,246.61,52.41,50.43,16.25,28.23,1657,Vegetable Upma with Roasted Cashews & Filter Coffee,Rajma Masala (Kidney Beans Curry) with Jeera Rice & Kachumber,"Moong Dal Khichdi with Desi Ghee, Curd & Roasted Papad",1 Vegetable Samosa with Mint Chutney & Masala Chai,435,12.71,35.11,Heart Disease,"Indian, Vegetarian, Balanced"
1584,153.71,83.35,72.42,9.62,23.08,1691,Besan Chilla (2 savory gram flour pancakes) with Green Coriander Chutney,Hyderabadi Chicken Biryani with Mirchi ka Salan & Onion Raita,Palak Paneer (Spinach Cottage Cheese) with 2 Whole Wheat Chapatis,Paneer Tikka (3 grilled cubes) with Mint Coriander Chutney,788,12.99,50.08,"Obesity, Diabetes","Indian, Low Carb, Traditional"
1550,177.25,96.93,49.42,13.6,29.31,1610,Moong Dal Cheela with Paneer Stuffing & Mint Chutney,Homestyle Chicken Curry with 2 Chapatis & Onion Salad,Soya Chunks Curry with 1 cup Brown Rice & Fresh Salad,Bhel Puri (Puffed Rice with Veggies & Tamarind Chutney),578,15.9,43.71,"Obesity, Diabetes, Heart Disease","Indian, High Protein, Traditional"
1443,159.5,72.21,57.53,10.25,22.76,1389,Vegetable Upma with Roasted Cashews & Filter Coffee,Homestyle Chicken Curry with 2 Chapatis & Onion Salad,Palak Paneer (Spinach Cottage Cheese) with 2 Whole Wheat Chapatis,Roasted Makhana (Foxnuts - 30g) with Green Tea,597,12.02,42.16,"Obesity, Hypertension, Diabetes, Kidney Disease","Indian, Low Carb, Traditional"
1615,219.88,74.38,48.99,11.85,24.3,1808,"Masala Dosa with Potato Filling, Sambar & Coconut Chutney",Dal Tadka (Yellow Lentil) with Steamed Basmati Rice & Cucumber Salad,Chicken Tikka Masala with 2 Whole Wheat Tandoori Rotis & Salad,Khaman Dhokla (2 steamed pcs) with Green Coriander Chutney,307,12.25,40.3,Heart Disease,"Indian, Traditional, Balanced"
1346,191.83,53.58,40.16,8.51,26.19,1222,Moong Dal Cheela with Paneer Stuffing & Mint Chutney,Dal Tadka (Yellow Lentil) with Steamed Basmati Rice & Cucumber Salad,Aloo Gobi Matar Masala with 2 Whole Wheat Rotis & Plain Dahi,Roasted Makhana (Foxnuts - 30g) with Green Tea,515,10.73,49.97,"Obesity, Hypertension, Diabetes, Heart Disease, Kidney Disease","Indian, Low Fat, Dash, Balanced"
1437,204.76,73.25,37.41,12.18,25.52,1598,2 Idlis with Sambhar (1 katori) & Coconut Chutney (2 tbsp),Malabar Fish Curry with Steamed Rice & Beetroot Thoran,Malabar Fish Curry with Steamed Rice & Beetroot Thoran,"Sprouted Moong Chaat with Onion, Tomato, Lemon & Chaat Masala",386,11.88,52.6,"Obesity, Heart Disease","Indian, Low Fat, Dash, Balanced"
1368,169.39,59.49,51.53,10.68,21.92,1293,Vegetable Upma with Roasted Cashews & Filter Coffee,Malabar Fish Curry with Steamed Rice & Beetroot Thoran,Palak Paneer (Spinach Cottage Cheese) with 2 Whole Wheat Chapatis,Roasted Makhana (Foxnuts - 30g) with Green Tea,604,11.15,42.16,"Obesity, Hypertension, Diabetes, Kidney Disease","Indian, Low Carb, Traditional"
1720,231.43,71.67,58.66,29.55,34.73,1797,Besan Chilla (2 savory gram flour pancakes) with Green Coriander Chutney,Chole Masala (Spiced Chickpeas) with 1 Bhatura & Pickled Onions,Malabar Fish Curry with Steamed Rice & Beetroot Thoran,"Fresh Fruit Chaat (Papaya, Apple, Guava & Chaat Masala)",437,15.66,107.06,,"Indian, Traditional, Balanced"
1802,273.13,56.38,54.69,15.9,36.04,1897,"Masala Dosa with Potato Filling, Sambar & Coconut Chutney",Rajma Masala (Kidney Beans Curry) with Jeera Rice & Kachumber,"Mix Vegetable Subzi (Beans, Carrot, Peas) with 2 Chapatis & Dal Fry",1 Vegetable Samosa with Mint Chutney & Masala Chai,417,14.94,55.22,,"Indian, Vegetarian, Balanced"
1351,195.17,55.45,39.91,9.29,24.55,1251,"Poha with Peanuts, Curry Leaves & Lemon with Green Tea",Bhindi Do Pyaza with 2 Whole Wheat Rotis & Dal Palak,Malabar Fish Curry with Steamed Rice & Beetroot Thoran,Roasted Makhana (Foxnuts - 30g) with Green Tea,419,12.61,53.93,"Obesity, Hypertension, Heart Disease, Kidney Disease","Indian, Low Fat, Dash, Balanced"
1416,201.54,65.74,39.73,9.6,20.44,1324,"Poha with Peanuts, Curry Leaves & Lemon with Green Tea",Malabar Fish Curry with Steamed Rice & Beetroot Thoran,Malabar Fish Curry with Steamed Rice & Beetroot Thoran,Roasted Makhana (Foxnuts - 30g) with Green Tea,352,12.0,42.61,"Obesity, Hypertension, Kidney Disease","Indian, Low Fat, Dash, Balanced"
1411,192.14,66.25,42.37,25.86,26.8,1510,2 Methi Theplas with Fresh Curd (Dahi) & Mint Chutney,"South Indian Meals: Sambar, Rasam, Cabbage Poriyal & Steamed Rice",Chicken Tikka Masala with 2 Whole Wheat Tandoori Rotis & Salad,"Fresh Fruit Chaat (Papaya, Apple, Guava & Chaat Masala)",444,11.42,99.28,"Obesity, Heart Disease","Indian, Low Fat, Dash, Balanced"
1453,159.11,80.03,56.61,10.14,25.05,1635,2 Idlis with Sambhar (1 katori) & Coconut Chutney (2 tbsp),Bhindi Do Pyaza with 2 Whole Wheat Rotis & Dal Palak,Chicken Tikka Masala with 2 Whole Wheat Tandoori Rotis & Salad,Paneer Tikka (3 grilled cubes) with Mint Coriander Chutney,602,11.76,53.93,"Obesity, Diabetes","Indian, Low Carb, Traditional"
1644,167.79,88.59,70.02,16.06,28.29,1846,2 Methi Theplas with Fresh Curd (Dahi) & Mint Chutney,Bhindi Do Pyaza with 2 Whole Wheat Rotis & Dal Palak,Tandoori Chicken (2 pcs leg/thigh) with Mint Raita & Green Salad,1 Vegetable Samosa with Mint Chutney & Masala Chai,688,13.98,60.74,,"Indian, Low Carb, Traditional"
1393,194.45,61.31,41.88,8.91,30.51,1327,1 Crispy Aloo Paratha with Fresh Curd (Dahi) & Zeera Pickle,Bhindi Do Pyaza with 2 Whole Wheat Rotis & Dal Palak,Soya Chunks Curry with 1 cup Brown Rice & Fresh Salad,Roasted Makhana (Foxnuts - 30g) with Green Tea,583,14.5,47.1,"Obesity, Hypertension, Diabetes, Heart Disease, Kidney Disease","Indian, Low Fat, Dash, Balanced"
1526,168.32,94.67,52.33,9.9,27.99,1556,Ragi Dosa (2 pcs) with Tomato Onion Chutney & Buttermilk,Homestyle Chicken Curry with 2 Chapatis & Onion Salad,Soya Chunks Curry with 1 cup Brown Rice & Fresh Salad,Paneer Tikka (3 grilled cubes) with Mint Coriander Chutney,824,15.96,42.74,"Obesity, Diabetes","Indian, Low Carb, Traditional"
1680,193.61,93.07,60.69,12.12,22.72,1837,1 Crispy Aloo Paratha with Fresh Curd (Dahi) & Zeera Pickle,Hyderabadi Chicken Biryani with Mirchi ka Salan & Onion Raita,Chicken Tikka Masala with 2 Whole Wheat Tandoori Rotis & Salad,"Sprouted Moong Chaat with Onion, Tomato, Lemon & Chaat Masala",454,12.97,51.12,Diabetes,"Indian, High Protein, Traditional"
1410,179.01,64.67,49.18,14.34,27.53,1545,2 Boiled Eggs with 2 Multigrain Toasts & Masala Chai,"South Indian Meals: Sambar, Rasam, Cabbage Poriyal & Steamed Rice",Palak Paneer (Spinach Cottage Cheese) with 2 Whole Wheat Chapatis,"Sprouted Moong Chaat with Onion, Tomato, Lemon & Chaat Masala",669,13.38,64.48,"Obesity, Heart Disease","Indian, Traditional, Balanced"
1517,184.38,78.33,52.44,12.51,21.62,1556,2 Boiled Eggs with 2 Multigrain Toasts & Masala Chai,Dal Tadka (Yellow Lentil) with Steamed Basmati Rice & Cucumber Salad,Malabar Fish Curry with Steamed Rice & Beetroot Thoran,Paneer Tikka (3 grilled cubes) with Mint Coriander Chutney,590,11.63,32.09,"Obesity, Diabetes","Indian, Traditional, Balanced"
1342,195.39,41.73,44.85,25.46,30.33,1314,1 Crispy Aloo Paratha with Fresh Curd (Dahi) & Zeera Pickle,Bhindi Do Pyaza with 2 Whole Wheat Rotis & Dal Palak,Aloo Gobi Matar Masala with 2 Whole Wheat Rotis & Plain Dahi,"Fresh Fruit Chaat (Papaya, Apple, Guava & Chaat Masala)",550,11.03,116.17,"Obesity, Hypertension, Heart Disease, Kidney Disease","Indian, Low Fat, Dash, Balanced"
1606,200.77,73.23,57.82,29.71,26.41,1616,2 Boiled Eggs with 2 Multigrain Toasts & Masala Chai,Hyderabadi Chicken Biryani with Mirchi ka Salan & Onion Raita,Aloo Gobi Matar Masala with 2 Whole Wheat Rotis & Plain Dahi,"Fresh Fruit Chaat (Papaya, Apple, Guava & Chaat Masala)",510,12.0,98.94,,"Indian, Traditional, Balanced"
1525,251.47,55.08,33.35,15.36,36.97,1668,Ragi Dosa (2 pcs) with Tomato Onion Chutney & Buttermilk,"South Indian Meals: Sambar, Rasam, Cabbage Poriyal & Steamed Rice","Mix Vegetable Subzi (Beans, Carrot, Peas) with 2 Chapatis & Dal Fry","Sprouted Moong Chaat with Onion, Tomato, Lemon & Chaat Masala",643,15.03,82.29,"Obesity, Heart Disease","Indian, Low Fat, Dash, Balanced"
1673,254.84,69.44,42.57,14.26,33.13,1832,1 Crispy Aloo Paratha with Fresh Curd (Dahi) & Zeera Pickle,"South Indian Meals: Sambar, Rasam, Cabbage Poriyal & Steamed Rice",Soya Chunks Curry with 1 cup Brown Rice & Fresh Salad,Khaman Dhokla (2 steamed pcs) with Green Coriander Chutney,559,15.8,58.58,Heart Disease,"Indian, Low Fat, Dash, Balanced"
1411,160.0,69.32,56.28,12.6,27.25,1474,Besan Chilla (2 savory gram flour pancakes) with Green Coriander Chutney,Paneer Butter Masala with 2 Whole Wheat Phulkas & Boondi Raita,Soya Chunks Curry with 1 cup Brown Rice & Fresh Salad,Khaman Dhokla (2 steamed pcs) with Green Coriander Chutney,650,13.67,37.88,"Obesity, Diabetes","Indian, Low Carb, Traditional"
1424,190.84,64.89,45.51,13.21,18.69,1517,"Poha with Peanuts, Curry Leaves & Lemon with Green Tea",Fish Curry (Rohu in Mustard Gravy) with Steamed Rice & Green Salad,Egg Curry (2 Eggs) with 1.5 Whole Wheat Rotis & Kachumber Salad,Bhel Puri (Puffed Rice with Veggies & Tamarind Chutney),327,12.82,51.38,Obesity,"Indian, Low Fat, Dash, Balanced"
1752,235.08,72.84,59.04,17.31,25.38,1922,2 Methi Theplas with Fresh Curd (Dahi) & Mint Chutney,Hyderabadi Chicken Biryani with Mirchi ka Salan & Onion Raita,"Moong Dal Khichdi with Desi Ghee, Curd & Roasted Papad",Bhel Puri (Puffed Rice with Veggies & Tamarind Chutney),554,13.38,35.36,,"Indian, Traditional, Balanced"
1626,145.75,101.51,72.4,10.3,16.35,1834,1 Crispy Aloo Paratha with Fresh Curd (Dahi) & Zeera Pickle,Hyderabadi Chicken Biryani with Mirchi ka Salan & Onion Raita,Tandoori Chicken (2 pcs leg/thigh) with Mint Raita & Green Salad,Paneer Tikka (3 grilled cubes) with Mint Coriander Chutney,662,10.78,38.85,,"Indian, Low Carb, Traditional"
1645,199.86,96.75,51.25,11.79,32.39,1691,Moong Dal Cheela with Paneer Stuffing & Mint Chutney,Rajma Masala (Kidney Beans Curry) with Jeera Rice & Kachumber,Chicken Tikka Masala with 2 Whole Wheat Tandoori Rotis & Salad,"Sprouted Moong Chaat with Onion, Tomato, Lemon & Chaat Masala",546,15.58,61.7,Heart Disease,"Indian, High Protein, Traditional"
1378,211.88,50.96,35.76,11.52,29.12,1336,1 Crispy Aloo Paratha with Fresh Curd (Dahi) & Zeera Pickle,Dal Tadka (Yellow Lentil) with Steamed Basmati Rice & Cucumber Salad,Lauki Chana Dal Curry with 2 Phulkas & Cucumber Tomato Salad,Roasted Chana (Bhuna Chana - 50g) with Masala Chai,412,12.26,35.57,"Obesity, Hypertension, Heart Disease, Kidney Disease","Indian, Low Fat, Dash, Balanced"
1537,199.36,69.48,51.51,13.88,27.75,1747,2 Idlis with Sambhar (1 katori) & Coconut Chutney (2 tbsp),Homestyle Chicken Curry with 2 Chapatis & Onion Salad,"Mix Vegetable Subzi (Beans, Carrot, Peas) with 2 Chapatis & Dal Fry",1 Vegetable Samosa with Mint Chutney & Masala Chai,366,12.08,45.72,"Obesity, Heart Disease","Indian, Traditional, Balanced"
1586,200.44,67.94,57.02,15.4,28.05,1642,Ragi Dosa (2 pcs) with Tomato Onion Chutney & Buttermilk,Homestyle Chicken Curry with 2 Chapatis & Onion Salad,Aloo Gobi Matar Masala with 2 Whole Wheat Rotis & Plain Dahi,1 Vegetable Samosa with Mint Chutney & Masala Chai,644,13.26,62.53,Obesity,"Indian, Traditional, Balanced"
1336,195.81,44.01,43.03,10.24,29.13,1336,Ragi Dosa (2 pcs) with Tomato Onion Chutney & Buttermilk,Chole Masala (Spiced Chickpeas) with 1 Bhatura & Pickled Onions,"Mix Vegetable Subzi (Beans, Carrot, Peas) with 2 Chapatis & Dal Fry",Roasted Makhana (Foxnuts - 30g) with Green Tea,528,13.18,40.71,"Obesity, Hypertension, Heart Disease, Kidney Disease","Indian, Low Fat, Dash, Balanced"
1664,207.98,72.27,60.74,16.37,22.83,1745,Vegetable Upma with Roasted Cashews & Filter Coffee,Homestyle Chicken Curry with 2 Chapatis & Onion Salad,"Moong Dal Khichdi with Desi Ghee, Curd & Roasted Papad",1 Vegetable Samosa with Mint Chutney & Masala Chai,427,11.74,33.06,,"Indian, Traditional, Balanced"
1698,188.77,92.47,64.42,12.16,23.23,1994,"Masala Dosa with Potato Filling, Sambar & Coconut Chutney","South Indian Meals: Sambar, Rasam, Cabbage Poriyal & Steamed Rice",Tandoori Chicken (2 pcs leg/thigh) with Mint Raita & Green Salad,Paneer Tikka (3 grilled cubes) with Mint Coriander Chutney,632,11.72,60.26,Diabetes,"Indian, High Protein, Traditional"
1319,185.34,40.78,46.51,16.77,30.8,1342,2 Methi Theplas with Fresh Curd (Dahi) & Mint Chutney,Baingan Bharta with 2 Bajra Rotis & Plain Dahi,Aloo Gobi Matar Masala with 2 Whole Wheat Rotis & Plain Dahi,Bhel Puri (Puffed Rice with Veggies & Tamarind Chutney),562,13.33,62.4,"Obesity, Hypertension, Heart Disease, Kidney Disease","Indian, Low Fat, Dash, Balanced"
1461,181.69,69.56,51.23,14.36,23.63,1517,Vegetable Upma with Roasted Cashews & Filter Coffee,Malabar Fish Curry with Steamed Rice & Beetroot Thoran,Egg Curry (2 Eggs) with 1.5 Whole Wheat Rotis & Kachumber Salad,"Sprouted Moong Chaat with Onion, Tomato, Lemon & Chaat Masala",416,12.32,57.34,"Obesity, Heart Disease","Indian, Traditional, Balanced"
1807,245.26,69.49,63.35,17.62,29.22,1907,Vegetable Upma with Roasted Cashews & Filter Coffee,Chole Masala (Spiced Chickpeas) with 1 Bhatura & Pickled Onions,Malabar Fish Curry with Steamed Rice & Beetroot Thoran,Khaman Dhokla (2 steamed pcs) with Green Coriander Chutney,435,14.61,46.84,,"Indian, Traditional, Balanced"
1436,204.03,68.64,39.4,8.17,23.68,1457,Besan Chilla (2 savory gram flour pancakes) with Green Coriander Chutney,Fish Curry (Rohu in Mustard Gravy) with Steamed Rice & Green Salad,"Moong Dal Khichdi with Desi Ghee, Curd & Roasted Papad",Roasted Makhana (Foxnuts - 30g) with Green Tea,391,11.95,33.32,"Obesity, Heart Disease","Indian, Low Fat, Dash, Balanced"
1508,168.55,98.29,50.27,12.41,21.82,1668,"Poha with Peanuts, Curry Leaves & Lemon with Green Tea",Malabar Fish Curry with Steamed Rice & Beetroot Thoran,Tandoori Chicken (2 pcs leg/thigh) with Mint Raita & Green Salad,"Sprouted Moong Chaat with Onion, Tomato, Lemon & Chaat Masala",422,14.12,65.56,"Obesity, Diabetes","Indian, Low Carb, Traditional"
1395,173.95,76.61,43.16,14.23,32.89,1305,2 Boiled Eggs with 2 Multigrain Toasts & Masala Chai,Bhindi Do Pyaza with 2 Whole Wheat Rotis & Dal Palak,Soya Chunks Curry with 1 cup Brown Rice & Fresh Salad,Roasted Chana (Bhuna Chana - 50g) with Masala Chai,596,16.4,38.64,"Obesity, Hypertension, Heart Disease","Indian, Low Fat, Dash, Balanced"
1418,203.32,53.78,45.09,25.06,28.17,1445,Ragi Dosa (2 pcs) with Tomato Onion Chutney & Buttermilk,Chole Masala (Spiced Chickpeas) with 1 Bhatura & Pickled Onions,Malabar Fish Curry with Steamed Rice & Beetroot Thoran,"Fresh Fruit Chaat (Papaya, Apple, Guava & Chaat Masala)",552,13.08,86.07,"Obesity, Heart Disease","Indian, Low Fat, Dash, Balanced"
1417,182.56,62.38,50.44,22.94,23.5,1436,1 Crispy Aloo Paratha with Fresh Curd (Dahi) & Zeera Pickle,Fish Curry (Rohu in Mustard Gravy) with Steamed Rice & Green Salad,Palak Paneer (Spinach Cottage Cheese) with 2 Whole Wheat Chapatis,"Fresh Fruit Chaat (Papaya, Apple, Guava & Chaat Masala)",655,11.47,95.38,"Obesity, Heart Disease","Indian, Traditional, Balanced"
1452,192.42,60.91,49.3,8.05,28.52,1446,Besan Chilla (2 savory gram flour pancakes) with Green Coriander Chutney,Dal Tadka (Yellow Lentil) with Steamed Basmati Rice & Cucumber Salad,Palak Paneer (Spinach Cottage Cheese) with 2 Whole Wheat Chapatis,Roasted Makhana (Foxnuts - 30g) with Green Tea,606,13.65,46.96,"Obesity, Diabetes, Heart Disease","Indian, Vegetarian, Balanced"
1594,211.09,52.56,60.09,29.19,33.39,1637,"Masala Dosa with Potato Filling, Sambar & Coconut Chutney",Baingan Bharta with 2 Bajra Rotis & Plain Dahi,Egg Curry (2 Eggs) with 1.5 Whole Wheat Rotis & Kachumber Salad,"Fresh Fruit Chaat (Papaya, Apple, Guava & Chaat Masala)",512,14.97,107.7,Obesity,"Indian, Traditional, Balanced"
1905,230.45,78.03,75.24,17.39,29.84,1825,"Masala Dosa with Potato Filling, Sambar & Coconut Chutney",Paneer Butter Masala with 2 Whole Wheat Phulkas & Boondi Raita,Malabar Fish Curry with Steamed Rice & Beetroot Thoran,Roasted Chana (Bhuna Chana - 50g) with Masala Chai,764,13.95,39.18,,"Indian, Traditional, Balanced"
1350,187.72,58.25,42.05,11.7,29.71,1468,2 Idlis with Sambhar (1 katori) & Coconut Chutney (2 tbsp),Bhindi Do Pyaza with 2 Whole Wheat Rotis & Dal Palak,Soya Chunks Curry with 1 cup Brown Rice & Fresh Salad,1 Vegetable Samosa with Mint Chutney & Masala Chai,493,13.68,45.65,"Obesity, Diabetes, Heart Disease","Indian, Low Fat, Dash, Balanced"
1390,173.87,73.81,44.53,11.92,28.55,1469,2 Idlis with Sambhar (1 katori) & Coconut Chutney (2 tbsp),Bhindi Do Pyaza with 2 Whole Wheat Rotis & Dal Palak,Chicken Tikka Masala with 2 Whole Wheat Tandoori Rotis & Salad,Roasted Chana (Bhuna Chana - 50g) with Masala Chai,439,12.84,46.01,"Obesity, Diabetes, Heart Disease","Indian, Low Fat, Dash, Balanced"
1353,156.07,60.6,55.36,26.87,29.16,1367,2 Boiled Eggs with 2 Multigrain Toasts & Masala Chai,Bhindi Do Pyaza with 2 Whole Wheat Rotis & Dal Palak,Palak Paneer (Spinach Cottage Cheese) with 2 Whole Wheat Chapatis,"Fresh Fruit Chaat (Papaya, Apple, Guava & Chaat Masala)",743,13.05,101.38,"Obesity, Hypertension, Kidney Disease","Indian, Low Carb, Traditional"
1285,164.76,53.27,45.55,11.32,25.33,1204,"Poha with Peanuts, Curry Leaves & Lemon with Green Tea",Bhindi Do Pyaza with 2 Whole Wheat Rotis & Dal Palak,Egg Curry (2 Eggs) with 1.5 Whole Wheat Rotis & Kachumber Salad,Roasted Chana (Bhuna Chana - 50g) with Masala Chai,429,13.48,53.27,"Obesity, Hypertension, Diabetes, Heart Disease, Kidney Disease","Indian, Low Fat, Dash, Balanced"
1558,227.83,71.38,41.54,13.81,24.42,1602,Vegetable Upma with Roasted Cashews & Filter Coffee,Fish Curry (Rohu in Mustard Gravy) with Steamed Rice & Green Salad,"Moong Dal Khichdi with Desi Ghee, Curd & Roasted Papad","Sprouted Moong Chaat with Onion, Tomato, Lemon & Chaat Masala",434,12.37,49.06,"Obesity, Heart Disease","Indian, Low Fat, Dash, Balanced"
1535,201.59,77.77,44.59,14.31,33.29,1504,Ragi Dosa (2 pcs) with Tomato Onion Chutney & Buttermilk,Homestyle Chicken Curry with 2 Chapatis & Onion Salad,"Mix Vegetable Subzi (Beans, Carrot, Peas) with 2 Chapatis & Dal Fry",Roasted Chana (Bhuna Chana - 50g) with Masala Chai,616,15.35,47.18,"Obesity, Heart Disease","Indian, Low Fat, Dash, Balanced"
1560,241.5,58.45,40.58,11.14,37.27,1489,2 Methi Theplas with Fresh Curd (Dahi) & Mint Chutney,Rajma Masala (Kidney Beans Curry) with Jeera Rice & Kachumber,Lauki Chana Dal Curry with 2 Phulkas & Cucumber Tomato Salad,Roasted Makhana (Foxnuts - 30g) with Green Tea,511,15.22,46.54,"Obesity, Heart Disease","Indian, Low Fat, Dash, Balanced"
1840,216.85,98.14,66.09,30.84,24.76,1890,Vegetable Upma with Roasted Cashews & Filter Coffee,Hyderabadi Chicken Biryani with Mirchi ka Salan & Onion Raita,Chicken Tikka Masala with 2 Whole Wheat Tandoori Rotis & Salad,"Fresh Fruit Chaat (Papaya, Apple, Guava & Chaat Masala)",431,12.82,96.71,,"Indian, High Protein, Traditional"
1427,196.09,69.23,41.35,10.67,20.77,1525,"Poha with Peanuts, Curry Leaves & Lemon with Green Tea",Dal Tadka (Yellow Lentil) with Steamed Basmati Rice & Cucumber Salad,Chicken Tikka Masala with 2 Whole Wheat Tandoori Rotis & Salad,Khaman Dhokla (2 steamed pcs) with Green Coriander Chutney,272,12.44,43.41,Obesity,"Indian, Low Fat, Dash, Balanced"
1576,196.43,67.87,59.15,12.63,27.31,1520,"Poha with Peanuts, Curry Leaves & Lemon with Green Tea",Baingan Bharta with 2 Bajra Rotis & Plain Dahi,Malabar Fish Curry with Steamed Rice & Beetroot Thoran,Paneer Tikka (3 grilled cubes) with Mint Coriander Chutney,669,15.4,58.32,Obesity,"Indian, Traditional, Balanced"
1509,213.69,63.93,45.78,8.78,21.41,1628,2 Idlis with Sambhar (1 katori) & Coconut Chutney (2 tbsp),Hyderabadi Chicken Biryani with Mirchi ka Salan & Onion Raita,"Moong Dal Khichdi with Desi Ghee, Curd & Roasted Papad",Roasted Makhana (Foxnuts - 30g) with Green Tea,393,10.46,20.92,Obesity,"Indian, Low Fat, Dash, Balanced"
1619,195.97,78.37,59.27,11.11,32.38,1630,1 Crispy Aloo Paratha with Fresh Curd (Dahi) & Zeera Pickle,Bhindi Do Pyaza with 2 Whole Wheat Rotis & Dal Palak,Soya Chunks Curry with 1 cup Brown Rice & Fresh Salad,Paneer Tikka (3 grilled cubes) with Mint Coriander Chutney,841,15.98,59.68,,"Indian, Vegetarian, Balanced"
1441,219.68,43.19,44.4,14.09,27.24,1586,1 Crispy Aloo Paratha with Fresh Curd (Dahi) & Zeera Pickle,"South Indian Meals: Sambar, Rasam, Cabbage Poriyal & Steamed Rice",Lauki Chana Dal Curry with 2 Phulkas & Cucumber Tomato Salad,1 Vegetable Samosa with Mint Chutney & Masala Chai,429,10.91,53.82,"Obesity, Heart Disease","Indian, Low Fat, Dash, Balanced"
1656,173.1,67.84,78.35,15.01,28.32,1651,2 Methi Theplas with Fresh Curd (Dahi) & Mint Chutney,Paneer Butter Masala with 2 Whole Wheat Phulkas & Boondi Raita,"Mix Vegetable Subzi (Beans, Carrot, Peas) with 2 Chapatis & Dal Fry",Paneer Tikka (3 grilled cubes) with Mint Coriander Chutney,984,12.31,50.53,,"Indian, Low Carb, Traditional"
1508,162.35,78.77,61.28,9.1,19.0,1552,Moong Dal Cheela with Paneer Stuffing & Mint Chutney,Hyderabadi Chicken Biryani with Mirchi ka Salan & Onion Raita,"Moong Dal Khichdi with Desi Ghee, Curd & Roasted Papad",Paneer Tikka (3 grilled cubes) with Mint Coriander Chutney,687,10.35,30.15,Obesity,"Indian, Low Carb, Traditional"
1789,230.98,84.55,60.43,13.41,26.09,1805,"Poha with Peanuts, Curry Leaves & Lemon with Green Tea",Hyderabadi Chicken Biryani with Mirchi ka Salan & Onion Raita,Soya Chunks Curry with 1 cup Brown Rice & Fresh Salad,1 Vegetable Samosa with Mint Chutney & Masala Chai,482,16.91,43.31,,"Indian, Traditional, Balanced"
1260,186.97,44.61,37.66,12.46,30.89,1246,"Poha with Peanuts, Curry Leaves & Lemon with Green Tea",Baingan Bharta with 2 Bajra Rotis & Plain Dahi,"Mix Vegetable Subzi (Beans, Carrot, Peas) with 2 Chapatis & Dal Fry","Sprouted Moong Chaat with Onion, Tomato, Lemon & Chaat Masala",412,14.78,66.33,"Obesity, Hypertension, Diabetes, Heart Disease, Kidney Disease","Indian, Low Fat, Dash, Balanced"
1735,225.57,80.11,58.44,13.57,26.05,1959,Besan Chilla (2 savory gram flour pancakes) with Green Coriander Chutney,Hyderabadi Chicken Biryani with Mirchi ka Salan & Onion Raita,"Moong Dal Khichdi with Desi Ghee, Curd & Roasted Papad",Khaman Dhokla (2 steamed pcs) with Green Coriander Chutney,436,13.46,37.65,,"Indian, Traditional, Balanced"
1749,217.52,64.64,70.92,15.48,31.51,1786,Vegetable Upma with Roasted Cashews & Filter Coffee,Chole Masala (Spiced Chickpeas) with 1 Bhatura & Pickled Onions,"Mix Vegetable Subzi (Beans, Carrot, Peas) with 2 Chapatis & Dal Fry",Paneer Tikka (3 grilled cubes) with Mint Coriander Chutney,637,14.4,54.79,,"Indian, Vegetarian, Balanced"
1727,205.58,77.55,67.51,12.1,24.9,1821,1 Crispy Aloo Paratha with Fresh Curd (Dahi) & Zeera Pickle,Hyderabadi Chicken Biryani with Mirchi ka Salan & Onion Raita,"Mix Vegetable Subzi (Beans, Carrot, Peas) with 2 Chapatis & Dal Fry",Paneer Tikka (3 grilled cubes) with Mint Coriander Chutney,667,12.2,48.91,,"Indian, Traditional, Balanced"
1710,213.25,60.08,69.62,21.16,34.76,1716,2 Boiled Eggs with 2 Multigrain Toasts & Masala Chai,Baingan Bharta with 2 Bajra Rotis & Plain Dahi,Aloo Gobi Matar Masala with 2 Whole Wheat Rotis & Plain Dahi,1 Vegetable Samosa with Mint Chutney & Masala Chai,676,16.01,64.36,,"Indian, Traditional, Balanced"
1415,196.23,66.38,40.81,11.46,24.59,1604,"Masala Dosa with Potato Filling, Sambar & Coconut Chutney","South Indian Meals: Sambar, Rasam, Cabbage Poriyal & Steamed Rice",Chicken Tikka Masala with 2 Whole Wheat Tandoori Rotis & Salad,"Sprouted Moong Chaat with Onion, Tomato, Lemon & Chaat Masala",315,11.46,59.86,"Obesity, Heart Disease","Indian, Low Fat, Dash, Balanced"
1408,191.55,70.78,39.66,8.75,28.16,1519,2 Idlis with Sambhar (1 katori) & Coconut Chutney (2 tbsp),Homestyle Chicken Curry with 2 Chapatis & Onion Salad,Lauki Chana Dal Curry with 2 Phulkas & Cucumber Tomato Salad,Roasted Makhana (Foxnuts - 30g) with Green Tea,331,11.92,37.45,"Obesity, Diabetes, Heart Disease","Indian, Low Fat, Dash, Balanced"
1469,193.3,71.37,45.54,13.41,32.92,1429,Besan Chilla (2 savory gram flour pancakes) with Green Coriander Chutney,Bhindi Do Pyaza with 2 Whole Wheat Rotis & Dal Palak,Malabar Fish Curry with Steamed Rice & Beetroot Thoran,Roasted Chana (Bhuna Chana - 50g) with Masala Chai,501,14.59,55.4,"Obesity, Diabetes, Heart Disease","Indian, Low Fat, Dash, Balanced"
1533,178.98,81.26,54.62,10.9,27.16,1718,2 Idlis with Sambhar (1 katori) & Coconut Chutney (2 tbsp),Homestyle Chicken Curry with 2 Chapatis & Onion Salad,"Mix Vegetable Subzi (Beans, Carrot, Peas) with 2 Chapatis & Dal Fry",Paneer Tikka (3 grilled cubes) with Mint Coriander Chutney,547,12.04,49.48,"Obesity, Diabetes","Indian, Traditional, Balanced"
1472,188.32,48.52,59.72,18.05,26.67,1500,Ragi Dosa (2 pcs) with Tomato Onion Chutney & Buttermilk,Paneer Butter Masala with 2 Whole Wheat Phulkas & Boondi Raita,Aloo Gobi Matar Masala with 2 Whole Wheat Rotis & Plain Dahi,Bhel Puri (Puffed Rice with Veggies & Tamarind Chutney),854,11.76,58.24,Obesity,"Indian, Vegetarian, Balanced"
1658,235.09,65.87,52.39,12.82,34.26,1868,2 Idlis with Sambhar (1 katori) & Coconut Chutney (2 tbsp),Rajma Masala (Kidney Beans Curry) with Jeera Rice & Kachumber,Palak Paneer (Spinach Cottage Cheese) with 2 Whole Wheat Chapatis,Khaman Dhokla (2 steamed pcs) with Green Coriander Chutney,664,15.36,56.26,,"Indian, Vegetarian, Balanced"
1512,177.35,65.71,61.14,16.34,25.86,1550,Vegetable Upma with Roasted Cashews & Filter Coffee,Baingan Bharta with 2 Bajra Rotis & Plain Dahi,Chicken Tikka Masala with 2 Whole Wheat Tandoori Rotis & Salad,1 Vegetable Samosa with Mint Chutney & Masala Chai,464,13.25,44.15,Obesity,"Indian, Traditional, Balanced"
1586,213.7,60.42,55.68,15.77,23.69,1695,1 Crispy Aloo Paratha with Fresh Curd (Dahi) & Zeera Pickle,Hyderabadi Chicken Biryani with Mirchi ka Salan & Onion Raita,Aloo Gobi Matar Masala with 2 Whole Wheat Rotis & Plain Dahi,Bhel Puri (Puffed Rice with Veggies & Tamarind Chutney),480,11.39,56.32,Obesity,"Indian, Traditional, Balanced"
1597,200.86,99.27,43.73,14.33,30.03,1502,2 Boiled Eggs with 2 Multigrain Toasts & Masala Chai,Fish Curry (Rohu in Mustard Gravy) with Steamed Rice & Green Salad,Soya Chunks Curry with 1 cup Brown Rice & Fresh Salad,Roasted Chana (Bhuna Chana - 50g) with Masala Chai,561,17.28,28.45,"Obesity, Heart Disease","Indian, Low Fat, Dash, Balanced"
1631,224.49,66.07,53.08,11.63,27.42,1579,Ragi Dosa (2 pcs) with Tomato Onion Chutney & Buttermilk,Hyderabadi Chicken Biryani with Mirchi ka Salan & Onion Raita,Aloo Gobi Matar Masala with 2 Whole Wheat Rotis & Plain Dahi,Roasted Makhana (Foxnuts - 30g) with Green Tea,675,13.09,54.95,,"Indian, Traditional, Balanced"
1489,222.21,65.64,38.49,11.42,31.46,1545,1 Crispy Aloo Paratha with Fresh Curd (Dahi) & Zeera Pickle,Rajma Masala (Kidney Beans Curry) with Jeera Rice & Kachumber,Soya Chunks Curry with 1 cup Brown Rice & Fresh Salad,Khaman Dhokla (2 steamed pcs) with Green Coriander Chutney,480,15.36,41.39,"Obesity, Heart Disease","Indian, Low Fat, Dash, Balanced"
1573,206.54,54.33,60.62,14.77,32.21,1716,Besan Chilla (2 savory gram flour pancakes) with Green Coriander Chutney,Chole Masala (Spiced Chickpeas) with 1 Bhatura & Pickled Onions,"Mix Vegetable Subzi (Beans, Carrot, Peas) with 2 Chapatis & Dal Fry",1 Vegetable Samosa with Mint Chutney & Masala Chai,396,14.49,51.66,Obesity,"Indian, Vegetarian, Balanced"
1610,257.76,59.97,38.81,13.89,38.37,1720,2 Idlis with Sambhar (1 katori) & Coconut Chutney (2 tbsp),Rajma Masala (Kidney Beans Curry) with Jeera Rice & Kachumber,Aloo Gobi Matar Masala with 2 Whole Wheat Rotis & Plain Dahi,"Sprouted Moong Chaat with Onion, Tomato, Lemon & Chaat Masala",462,14.99,80.81,Heart Disease,"Indian, Low Fat, Dash, Balanced"
1352,174.01,48.69,53.21,12.77,20.84,1525,2 Idlis with Sambhar (1 katori) & Coconut Chutney (2 tbsp),Paneer Butter Masala with 2 Whole Wheat Phulkas & Boondi Raita,"Moong Dal Khichdi with Desi Ghee, Curd & Roasted Papad",Khaman Dhokla (2 steamed pcs) with Green Coriander Chutney,588,9.05,25.72,"Obesity, Diabetes","Indian, Low Carb, Traditional"
1361,203.48,44.42,41.84,16.53,31.52,1423,Ragi Dosa (2 pcs) with Tomato Onion Chutney & Buttermilk,Bhindi Do Pyaza with 2 Whole Wheat Rotis & Dal Palak,Aloo Gobi Matar Masala with 2 Whole Wheat Rotis & Plain Dahi,Bhel Puri (Puffed Rice with Veggies & Tamarind Chutney),680,13.18,75.37,"Obesity, Heart Disease","Indian, Low Fat, Dash, Balanced"
1460,141.18,104.7,51.54,12.53,24.36,1556,Ragi Dosa (2 pcs) with Tomato Onion Chutney & Buttermilk,Homestyle Chicken Curry with 2 Chapatis & Onion Salad,Tandoori Chicken (2 pcs leg/thigh) with Mint Raita & Green Salad,Roasted Chana (Bhuna Chana - 50g) with Masala Chai,623,13.95,37.29,"Obesity, Diabetes, Heart Disease","Indian, Low Carb, Traditional"
1520,139.0,104.9,60.51,14.18,19.46,1626,2 Boiled Eggs with 2 Multigrain Toasts & Masala Chai,Hyderabadi Chicken Biryani with Mirchi ka Salan & Onion Raita,Tandoori Chicken (2 pcs leg/thigh) with Mint Raita & Green Salad,Roasted Chana (Bhuna Chana - 50g) with Masala Chai,484,12.42,22.8,Obesity,"Indian, Low Carb, Traditional"
1609,255.69,64.68,37.23,15.6,27.66,1829,2 Idlis with Sambhar (1 katori) & Coconut Chutney (2 tbsp),Dal Tadka (Yellow Lentil) with Steamed Basmati Rice & Cucumber Salad,Malabar Fish Curry with Steamed Rice & Beetroot Thoran,Bhel Puri (Puffed Rice with Veggies & Tamarind Chutney),363,12.59,42.08,Heart Disease,"Indian, Low Fat, Dash, Balanced"
1231,174.32,45.68,39.52,14.81,32.12,1347,Besan Chilla (2 savory gram flour pancakes) with Green Coriander Chutney,Baingan Bharta with 2 Bajra Rotis & Plain Dahi,Lauki Chana Dal Curry with 2 Phulkas & Cucumber Tomato Salad,Bhel Puri (Puffed Rice with Veggies & Tamarind Chutney),401,13.92,51.48,"Obesity, Hypertension, Heart Disease, Kidney Disease","Indian, Low Fat, Dash, Balanced"
1410,180.87,76.65,43.19,22.22,27.75,1446,Besan Chilla (2 savory gram flour pancakes) with Green Coriander Chutney,Hyderabadi Chicken Biryani with Mirchi ka Salan & Onion Raita,Soya Chunks Curry with 1 cup Brown Rice & Fresh Salad,"Fresh Fruit Chaat (Papaya, Apple, Guava & Chaat Masala)",416,13.92,80.31,"Obesity, Heart Disease","Indian, Low Fat, Dash, Balanced"
1465,177.47,58.01,59.83,28.1,31.73,1481,Besan Chilla (2 savory gram flour pancakes) with Green Coriander Chutney,Paneer Butter Masala with 2 Whole Wheat Phulkas & Boondi Raita,Lauki Chana Dal Curry with 2 Phulkas & Cucumber Tomato Salad,"Fresh Fruit Chaat (Papaya, Apple, Guava & Chaat Masala)",656,12.09,97.29,Obesity,"Indian, Vegetarian, Balanced"
1393,155.42,56.97,61.16,10.94,23.97,1379,"Poha with Peanuts, Curry Leaves & Lemon with Green Tea",Baingan Bharta with 2 Bajra Rotis & Plain Dahi,Egg Curry (2 Eggs) with 1.5 Whole Wheat Rotis & Kachumber Salad,Paneer Tikka (3 grilled cubes) with Mint Coriander Chutney,615,14.27,55.17,"Obesity, Hypertension, Diabetes, Kidney Disease","Indian, Low Carb, Traditional"
1289,167.81,62.71,40.42,10.1,23.7,1247,Vegetable Upma with Roasted Cashews & Filter Coffee,Homestyle Chicken Curry with 2 Chapatis & Onion Salad,Lauki Chana Dal Curry with 2 Phulkas & Cucumber Tomato Salad,Roasted Makhana (Foxnuts - 30g) with Green Tea,313,10.58,34.56,"Obesity, Hypertension, Diabetes, Heart Disease, Kidney Disease","Indian, Low Fat, Dash, Balanced"
1695,233.24,66.34,56.33,12.52,33.28,1732,1 Crispy Aloo Paratha with Fresh Curd (Dahi) & Zeera Pickle,Rajma Masala (Kidney Beans Curry) with Jeera Rice & Kachumber,"Mix Vegetable Subzi (Beans, Carrot, Peas) with 2 Chapatis & Dal Fry",Paneer Tikka (3 grilled cubes) with Mint Coriander Chutney,679,14.19,58.0,,"Indian, Vegetarian, Balanced"
1334,183.12,58.74,40.52,12.66,36.04,1315,Besan Chilla (2 savory gram flour pancakes) with Green Coriander Chutney,Bhindi Do Pyaza with 2 Whole Wheat Rotis & Dal Palak,Lauki Chana Dal Curry with 2 Phulkas & Cucumber Tomato Salad,Roasted Chana (Bhuna Chana - 50g) with Masala Chai,466,14.51,56.89,"Obesity, Hypertension, Diabetes, Heart Disease, Kidney Disease","Indian, Low Fat, Dash, Balanced"
1536,230.48,50.16,46.98,16.08,30.9,1540,Vegetable Upma with Roasted Cashews & Filter Coffee,Rajma Masala (Kidney Beans Curry) with Jeera Rice & Kachumber,"Mix Vegetable Subzi (Beans, Carrot, Peas) with 2 Chapatis & Dal Fry",1 Vegetable Samosa with Mint Chutney & Masala Chai,391,12.8,48.04,"Obesity, Heart Disease","Indian, Low Fat, Dash, Balanced"
1351,175.44,64.06,43.49,8.7,24.6,1365,1 Crispy Aloo Paratha with Fresh Curd (Dahi) & Zeera Pickle,Homestyle Chicken Curry with 2 Chapatis & Onion Salad,Lauki Chana Dal Curry with 2 Phulkas & Cucumber Tomato Salad,Roasted Makhana (Foxnuts - 30g) with Green Tea,384,11.13,37.41,"Obesity, Hypertension, Diabetes, Heart Disease, Kidney Disease","Indian, Low Fat, Dash, Balanced"
1494,226.6,50.61,43.84,16.87,32.49,1562,"Poha with Peanuts, Curry Leaves & Lemon with Green Tea",Bhindi Do Pyaza with 2 Whole Wheat Rotis & Dal Palak,"Mix Vegetable Subzi (Beans, Carrot, Peas) with 2 Chapatis & Dal Fry",Bhel Puri (Puffed Rice with Veggies & Tamarind Chutney),450,15.1,75.29,"Obesity, Heart Disease","Indian, Low Fat, Dash, Balanced"
1692,165.99,95.82,71.03,11.75,27.7,1671,Moong Dal Cheela with Paneer Stuffing & Mint Chutney,Homestyle Chicken Curry with 2 Chapatis & Onion Salad,Aloo Gobi Matar Masala with 2 Whole Wheat Rotis & Plain Dahi,Paneer Tikka (3 grilled cubes) with Mint Coriander Chutney,815,12.93,69.41,Diabetes,"Indian, Low Carb, Traditional"
1565,221.36,52.43,53.91,28.86,36.58,1607,2 Methi Theplas with Fresh Curd (Dahi) & Mint Chutney,Chole Masala (Spiced Chickpeas) with 1 Bhatura & Pickled Onions,Lauki Chana Dal Curry with 2 Phulkas & Cucumber Tomato Salad,"Fresh Fruit Chaat (Papaya, Apple, Guava & Chaat Masala)",511,14.91,101.48,Obesity,"Indian, Vegetarian, Balanced"
1361,185.59,66.52,39.78,13.89,33.36,1465,Besan Chilla (2 savory gram flour pancakes) with Green Coriander Chutney,Bhindi Do Pyaza with 2 Whole Wheat Rotis & Dal Palak,Soya Chunks Curry with 1 cup Brown Rice & Fresh Salad,Bhel Puri (Puffed Rice with Veggies & Tamarind Chutney),496,15.97,57.26,"Obesity, Diabetes, Heart Disease","Indian, Low Fat, Dash, Balanced"
1457,200.82,50.96,50.36,15.62,36.74,1432,2 Methi Theplas with Fresh Curd (Dahi) & Mint Chutney,Baingan Bharta with 2 Bajra Rotis & Plain Dahi,Aloo Gobi Matar Masala with 2 Whole Wheat Rotis & Plain Dahi,"Sprouted Moong Chaat with Onion, Tomato, Lemon & Chaat Masala",654,15.62,80.89,"Obesity, Heart Disease","Indian, Vegetarian, Balanced"
1649,193.85,74.84,64.42,14.66,30.57,1524,1 Crispy Aloo Paratha with Fresh Curd (Dahi) & Zeera Pickle,Paneer Butter Masala with 2 Whole Wheat Phulkas & Boondi Raita,Soya Chunks Curry with 1 cup Brown Rice & Fresh Salad,Roasted Chana (Bhuna Chana - 50g) with Masala Chai,834,15.33,33.66,,"Indian, Vegetarian, Balanced"
1581,199.7,68.8,57.75,12.5,19.11,1632,"Poha with Peanuts, Curry Leaves & Lemon with Green Tea",Fish Curry (Rohu in Mustard Gravy) with Steamed Rice & Green Salad,Egg Curry (2 Eggs) with 1.5 Whole Wheat Rotis & Kachumber Salad,1 Vegetable Samosa with Mint Chutney & Masala Chai,379,13.22,51.24,Obesity,"Indian, Traditional, Balanced"
1376,209.29,61.02,33.41,11.4,36.45,1464,Besan Chilla (2 savory gram flour pancakes) with Green Coriander Chutney,Rajma Masala (Kidney Beans Curry) with Jeera Rice & Kachumber,Lauki Chana Dal Curry with 2 Phulkas & Cucumber Tomato Salad,"Sprouted Moong Chaat with Onion, Tomato, Lemon & Chaat Masala",353,15.03,62.89,"Obesity, Heart Disease","Indian, Low Fat, Dash, Balanced"
1499,159.17,87.5,57.61,14.94,19.66,1706,2 Boiled Eggs with 2 Multigrain Toasts & Masala Chai,Dal Tadka (Yellow Lentil) with Steamed Basmati Rice & Cucumber Salad,Tandoori Chicken (2 pcs leg/thigh) with Mint Raita & Green Salad,1 Vegetable Samosa with Mint Chutney & Masala Chai,451,11.6,28.71,Obesity,"Indian, Low Carb, Traditional"
1627,172.76,94.97,62.53,16.22,21.34,1851,2 Boiled Eggs with 2 Multigrain Toasts & Masala Chai,Dal Tadka (Yellow Lentil) with Steamed Basmati Rice & Cucumber Salad,Tandoori Chicken (2 pcs leg/thigh) with Mint Raita & Green Salad,1 Vegetable Samosa with Mint Chutney & Masala Chai,490,12.59,31.16,,"Indian, Low Carb, Traditional"
1462,207.61,56.89,46.01,9.28,31.54,1397,Ragi Dosa (2 pcs) with Tomato Onion Chutney & Buttermilk,Rajma Masala (Kidney Beans Curry) with Jeera Rice & Kachumber,Palak Paneer (Spinach Cottage Cheese) with 2 Whole Wheat Chapatis,Roasted Makhana (Foxnuts - 30g) with Green Tea,826,15.07,48.61,"Obesity, Hypertension, Heart Disease, Kidney Disease","Indian, Low Fat, Dash, Balanced"
1416,205.45,59.17,41.58,23.71,32.36,1515,2 Idlis with Sambhar (1 katori) & Coconut Chutney (2 tbsp),Chole Masala (Spiced Chickpeas) with 1 Bhatura & Pickled Onions,Soya Chunks Curry with 1 cup Brown Rice & Fresh Salad,"Fresh Fruit Chaat (Papaya, Apple, Guava & Chaat Masala)",420,14.86,82.13,"Obesity, Heart Disease","Indian, Low Fat, Dash, Balanced"
1476,141.98,103.92,54.29,13.48,22.49,1628,2 Boiled Eggs with 2 Multigrain Toasts & Masala Chai,Homestyle Chicken Curry with 2 Chapatis & Onion Salad,Chicken Tikka Masala with 2 Whole Wheat Tandoori Rotis & Salad,"Sprouted Moong Chaat with Onion, Tomato, Lemon & Chaat Masala",387,13.29,44.61,"Obesity, Diabetes","Indian, Low Carb, Traditional"
1466,175.68,79.45,50.22,15.49,22.73,1613,2 Methi Theplas with Fresh Curd (Dahi) & Mint Chutney,Malabar Fish Curry with Steamed Rice & Beetroot Thoran,Chicken Tikka Masala with 2 Whole Wheat Tandoori Rotis & Salad,Bhel Puri (Puffed Rice with Veggies & Tamarind Chutney),444,12.28,44.17,"Obesity, Heart Disease","Indian, Traditional, Balanced"
1378,211.37,48.64,38.73,9.39,28.5,1461,2 Idlis with Sambhar (1 katori) & Coconut Chutney (2 tbsp),Bhindi Do Pyaza with 2 Whole Wheat Rotis & Dal Palak,"Moong Dal Khichdi with Desi Ghee, Curd & Roasted Papad",Roasted Makhana (Foxnuts - 30g) with Green Tea,483,11.48,40.5,"Obesity, Heart Disease","Indian, Low Fat, Dash, Balanced"
1703,229.71,74.19,53.44,17.03,30.55,1905,"Masala Dosa with Potato Filling, Sambar & Coconut Chutney",Homestyle Chicken Curry with 2 Chapatis & Onion Salad,"Mix Vegetable Subzi (Beans, Carrot, Peas) with 2 Chapatis & Dal Fry",Bhel Puri (Puffed Rice with Veggies & Tamarind Chutney),360,13.94,55.35,,"Indian, Traditional, Balanced"
1468,211.06,57.68,44.29,12.15,31.62,1380,Ragi Dosa (2 pcs) with Tomato Onion Chutney & Buttermilk,Baingan Bharta with 2 Bajra Rotis & Plain Dahi,Malabar Fish Curry with Steamed Rice & Beetroot Thoran,Roasted Makhana (Foxnuts - 30g) with Green Tea,711,15.25,45.43,"Obesity, Hypertension, Heart Disease, Kidney Disease","Indian, Low Fat, Dash, Balanced"
1275,164.75,66.54,39.08,22.09,31.84,1198,Moong Dal Cheela with Paneer Stuffing & Mint Chutney,Bhindi Do Pyaza with 2 Whole Wheat Rotis & Dal Palak,Soya Chunks Curry with 1 cup Brown Rice & Fresh Salad,"Fresh Fruit Chaat (Papaya, Apple, Guava & Chaat Masala)",624,13.86,94.27,"Obesity, Hypertension, Heart Disease, Kidney Disease","Indian, Low Fat, Dash, Balanced"
1314,194.55,59.15,34.03,9.71,25.21,1416,"Masala Dosa with Potato Filling, Sambar & Coconut Chutney",Fish Curry (Rohu in Mustard Gravy) with Steamed Rice & Green Salad,Lauki Chana Dal Curry with 2 Phulkas & Cucumber Tomato Salad,"Sprouted Moong Chaat with Onion, Tomato, Lemon & Chaat Masala",307,11.4,51.67,"Obesity, Diabetes, Heart Disease","Indian, Low Fat, Dash, Balanced"
1665,231.39,87.13,43.46,8.82,37.72,1500,Moong Dal Cheela with Paneer Stuffing & Mint Chutney,Rajma Masala (Kidney Beans Curry) with Jeera Rice & Kachumber,Soya Chunks Curry with 1 cup Brown Rice & Fresh Salad,Roasted Makhana (Foxnuts - 30g) with Green Tea,665,18.09,42.24,Heart Disease,"Indian, Low Fat, Dash, Balanced"
1482,190.66,89.77,40.77,10.29,25.53,1416,2 Boiled Eggs with 2 Multigrain Toasts & Masala Chai,Fish Curry (Rohu in Mustard Gravy) with Steamed Rice & Green Salad,Soya Chunks Curry with 1 cup Brown Rice & Fresh Salad,Roasted Makhana (Foxnuts - 30g) with Green Tea,506,15.13,26.56,"Obesity, Diabetes, Heart Disease","Indian, Low Fat, Dash, Balanced"
1470,216.83,63.34,39.2,25.79,36.72,1413,Moong Dal Cheela with Paneer Stuffing & Mint Chutney,Rajma Masala (Kidney Beans Curry) with Jeera Rice & Kachumber,Lauki Chana Dal Curry with 2 Phulkas & Cucumber Tomato Salad,"Fresh Fruit Chaat (Papaya, Apple, Guava & Chaat Masala)",532,13.82,101.81,"Obesity, Heart Disease","Indian, Low Fat, Dash, Balanced"
1532,170.1,63.89,68.38,12.58,26.35,1647,2 Idlis with Sambhar (1 katori) & Coconut Chutney (2 tbsp),Paneer Butter Masala with 2 Whole Wheat Phulkas & Boondi Raita,Lauki Chana Dal Curry with 2 Phulkas & Cucumber Tomato Salad,Paneer Tikka (3 grilled cubes) with Mint Coriander Chutney,832,10.78,41.93,"Obesity, Diabetes","Indian, Low Carb, Traditional"
1664,227.14,68.27,55.17,14.49,24.15,1750,2 Methi Theplas with Fresh Curd (Dahi) & Mint Chutney,Fish Curry (Rohu in Mustard Gravy) with Steamed Rice & Green Salad,"Moong Dal Khichdi with Desi Ghee, Curd & Roasted Papad",1 Vegetable Samosa with Mint Chutney & Masala Chai,558,12.56,36.5,,"Indian, Traditional, Balanced"
1422,102.02,109.86,63.73,9.19,19.44,1654,Besan Chilla (2 savory gram flour pancakes) with Green Coriander Chutney,Homestyle Chicken Curry with 2 Chapatis & Onion Salad,Tandoori Chicken (2 pcs leg/thigh) with Mint Raita & Green Salad,Paneer Tikka (3 grilled cubes) with Mint Coriander Chutney,545,11.7,44.97,Obesity,"Indian, Low Carb, Traditional"
1683,241.1,80.83,43.85,14.15,36.88,1619,Besan Chilla (2 savory gram flour pancakes) with Green Coriander Chutney,Rajma Masala (Kidney Beans Curry) with Jeera Rice & Kachumber,Malabar Fish Curry with Steamed Rice & Beetroot Thoran,Roasted Chana (Bhuna Chana - 50g) with Masala Chai,446,16.72,47.71,Heart Disease,"Indian, Low Fat, Dash, Balanced"
1556,219.24,69.61,44.48,14.93,34.39,1472,Ragi Dosa (2 pcs) with Tomato Onion Chutney & Buttermilk,Bhindi Do Pyaza with 2 Whole Wheat Rotis & Dal Palak,Malabar Fish Curry with Steamed Rice & Beetroot Thoran,Roasted Chana (Bhuna Chana - 50g) with Masala Chai,752,15.67,55.94,"Obesity, Heart Disease","Indian, Low Fat, Dash, Balanced"
1584,199.04,63.67,60.68,12.2,32.32,1648,1 Crispy Aloo Paratha with Fresh Curd (Dahi) & Zeera Pickle,Bhindi Do Pyaza with 2 Whole Wheat Rotis & Dal Palak,Lauki Chana Dal Curry with 2 Phulkas & Cucumber Tomato Salad,Paneer Tikka (3 grilled cubes) with Mint Coriander Chutney,770,13.38,66.88,Obesity,"Indian, Vegetarian, Balanced"
1387,186.77,74.32,37.92,11.11,30.07,1601,2 Idlis with Sambhar (1 katori) & Coconut Chutney (2 tbsp),Homestyle Chicken Curry with 2 Chapatis & Onion Salad,Lauki Chana Dal Curry with 2 Phulkas & Cucumber Tomato Salad,"Sprouted Moong Chaat with Onion, Tomato, Lemon & Chaat Masala",333,12.85,55.05,"Obesity, Diabetes, Heart Disease","Indian, Low Fat, Dash, Balanced"
1413,179.95,60.94,50.5,16.77,20.51,1514,Vegetable Upma with Roasted Cashews & Filter Coffee,Malabar Fish Curry with Steamed Rice & Beetroot Thoran,Egg Curry (2 Eggs) with 1.5 Whole Wheat Rotis & Kachumber Salad,Bhel Puri (Puffed Rice with Veggies & Tamarind Chutney),376,11.12,44.27,Obesity,"Indian, Traditional, Balanced"
1575,221.89,63.97,49.22,15.42,24.52,1676,"Poha with Peanuts, Curry Leaves & Lemon with Green Tea",Hyderabadi Chicken Biryani with Mirchi ka Salan & Onion Raita,"Mix Vegetable Subzi (Beans, Carrot, Peas) with 2 Chapatis & Dal Fry",Bhel Puri (Puffed Rice with Veggies & Tamarind Chutney),351,13.5,52.38,"Obesity, Heart Disease","Indian, Traditional, Balanced"
1605,189.0,71.02,64.39,11.0,22.19,1555,Vegetable Upma with Roasted Cashews & Filter Coffee,Hyderabadi Chicken Biryani with Mirchi ka Salan & Onion Raita,Palak Paneer (Spinach Cottage Cheese) with 2 Whole Wheat Chapatis,Roasted Makhana (Foxnuts - 30g) with Green Tea,649,12.18,39.52,Diabetes,"Indian, Traditional, Balanced"
1561,220.91,52.33,53.8,28.8,36.5,1604,2 Methi Theplas with Fresh Curd (Dahi) & Mint Chutney,Chole Masala (Spiced Chickpeas) with 1 Bhatura & Pickled Onions,Lauki Chana Dal Curry with 2 Phulkas & Cucumber Tomato Salad,"Fresh Fruit Chaat (Papaya, Apple, Guava & Chaat Masala)",510,14.87,101.27,Obesity,"Indian, Vegetarian, Balanced"
1601,201.39,75.07,56.93,9.93,26.95,1753,2 Idlis with Sambhar (1 katori) & Coconut Chutney (2 tbsp),Chole Masala (Spiced Chickpeas) with 1 Bhatura & Pickled Onions,Chicken Tikka Masala with 2 Whole Wheat Tandoori Rotis & Salad,Roasted Makhana (Foxnuts - 30g) with Green Tea,365,13.57,35.76,,"Indian, Traditional, Balanced"
2092,268.91,88.12,75.69,16.54,25.64,2242,"Masala Dosa with Potato Filling, Sambar & Coconut Chutney",Hyderabadi Chicken Biryani with Mirchi ka Salan & Onion Raita,Malabar Fish Curry with Steamed Rice & Beetroot Thoran,1 Vegetable Samosa with Mint Chutney & Masala Chai,474,13.87,43.51,,"Indian, High Protein, Traditional"
1504,207.19,42.59,58.35,14.05,25.84,1513,"Poha with Peanuts, Curry Leaves & Lemon with Green Tea",Chole Masala (Spiced Chickpeas) with 1 Bhatura & Pickled Onions,Aloo Gobi Matar Masala with 2 Whole Wheat Rotis & Plain Dahi,1 Vegetable Samosa with Mint Chutney & Masala Chai,393,13.33,60.87,Obesity,"Indian, Vegetarian, Balanced"
1710,216.31,67.82,64.69,15.2,31.62,1754,Moong Dal Cheela with Paneer Stuffing & Mint Chutney,Bhindi Do Pyaza with 2 Whole Wheat Rotis & Dal Palak,"Moong Dal Khichdi with Desi Ghee, Curd & Roasted Papad",1 Vegetable Samosa with Mint Chutney & Masala Chai,749,13.85,54.86,,"Indian, Vegetarian, Balanced"
1333,149.17,82.08,45.2,8.7,21.5,1433,Moong Dal Cheela with Paneer Stuffing & Mint Chutney,"South Indian Meals: Sambar, Rasam, Cabbage Poriyal & Steamed Rice",Tandoori Chicken (2 pcs leg/thigh) with Mint Raita & Green Salad,Roasted Makhana (Foxnuts - 30g) with Green Tea,530,10.32,46.54,"Obesity, Diabetes","Indian, Low Fat, Dash, Balanced"
1543,171.51,94.39,54.61,30.76,22.85,1649,Vegetable Upma with Roasted Cashews & Filter Coffee,Malabar Fish Curry with Steamed Rice & Beetroot Thoran,Tandoori Chicken (2 pcs leg/thigh) with Mint Raita & Green Salad,"Fresh Fruit Chaat (Papaya, Apple, Guava & Chaat Masala)",466,11.26,100.74,Obesity,"Indian, Low Carb, Traditional"
1683,214.17,72.61,60.07,17.54,30.8,1856,"Masala Dosa with Potato Filling, Sambar & Coconut Chutney",Baingan Bharta with 2 Bajra Rotis & Plain Dahi,Chicken Tikka Masala with 2 Whole Wheat Tandoori Rotis & Salad,Bhel Puri (Puffed Rice with Veggies & Tamarind Chutney),460,15.6,53.44,,"Indian, Traditional, Balanced"
1286,173.68,46.29,45.72,25.25,29.36,1387,2 Idlis with Sambhar (1 katori) & Coconut Chutney (2 tbsp),Baingan Bharta with 2 Bajra Rotis & Plain Dahi,Egg Curry (2 Eggs) with 1.5 Whole Wheat Rotis & Kachumber Salad,"Fresh Fruit Chaat (Papaya, Apple, Guava & Chaat Masala)",450,12.62,92.48,"Obesity, Hypertension, Heart Disease, Kidney Disease","Indian, Low Fat, Dash, Balanced"
1476,160.36,78.08,57.63,11.47,26.38,1539,2 Methi Theplas with Fresh Curd (Dahi) & Mint Chutney,Homestyle Chicken Curry with 2 Chapatis & Onion Salad,"Mix Vegetable Subzi (Beans, Carrot, Peas) with 2 Chapatis & Dal Fry",Paneer Tikka (3 grilled cubes) with Mint Coriander Chutney,630,12.33,49.5,"Obesity, Diabetes","Indian, Low Carb, Traditional"
1412,197.92,66.22,40.08,12.93,20.77,1512,"Poha with Peanuts, Curry Leaves & Lemon with Green Tea",Dal Tadka (Yellow Lentil) with Steamed Basmati Rice & Cucumber Salad,Chicken Tikka Masala with 2 Whole Wheat Tandoori Rotis & Salad,Bhel Puri (Puffed Rice with Veggies & Tamarind Chutney),271,12.57,44.26,Obesity,"Indian, Low Fat, Dash, Balanced"
1651,215.5,71.03,56.11,29.31,30.61,1656,1 Crispy Aloo Paratha with Fresh Curd (Dahi) & Zeera Pickle,Homestyle Chicken Curry with 2 Chapatis & Onion Salad,Aloo Gobi Matar Masala with 2 Whole Wheat Rotis & Plain Dahi,"Fresh Fruit Chaat (Papaya, Apple, Guava & Chaat Masala)",527,12.53,121.7,,"Indian, Traditional, Balanced"
1733,219.4,58.73,70.36,16.66,29.62,1851,"Masala Dosa with Potato Filling, Sambar & Coconut Chutney",Paneer Butter Masala with 2 Whole Wheat Phulkas & Boondi Raita,"Mix Vegetable Subzi (Beans, Carrot, Peas) with 2 Chapatis & Dal Fry",Khaman Dhokla (2 steamed pcs) with Green Coriander Chutney,674,12.34,49.89,,"Indian, Vegetarian, Balanced"
1383,186.5,60.04,44.52,26.11,35.57,1347,Moong Dal Cheela with Paneer Stuffing & Mint Chutney,Bhindi Do Pyaza with 2 Whole Wheat Rotis & Dal Palak,Lauki Chana Dal Curry with 2 Phulkas & Cucumber Tomato Salad,"Fresh Fruit Chaat (Papaya, Apple, Guava & Chaat Masala)",625,12.95,113.5,"Obesity, Hypertension, Heart Disease, Kidney Disease","Indian, Low Fat, Dash, Balanced"
1552,168.28,85.64,60.52,10.47,19.93,1675,"Masala Dosa with Potato Filling, Sambar & Coconut Chutney",Malabar Fish Curry with Steamed Rice & Beetroot Thoran,Chicken Tikka Masala with 2 Whole Wheat Tandoori Rotis & Salad,Paneer Tikka (3 grilled cubes) with Mint Coriander Chutney,509,11.1,42.96,Obesity,"Indian, Low Carb, Traditional"
1408,175.84,71.65,47.01,13.32,31.12,1484,Ragi Dosa (2 pcs) with Tomato Onion Chutney & Buttermilk,Baingan Bharta with 2 Bajra Rotis & Plain Dahi,Chicken Tikka Masala with 2 Whole Wheat Tandoori Rotis & Salad,"Sprouted Moong Chaat with Onion, Tomato, Lemon & Chaat Masala",647,15.8,60.14,"Obesity, Diabetes, Heart Disease","Indian, Low Fat, Dash, Balanced"
1690,188.75,101.82,58.09,13.07,26.02,1782,Moong Dal Cheela with Paneer Stuffing & Mint Chutney,Homestyle Chicken Curry with 2 Chapatis & Onion Salad,Malabar Fish Curry with Steamed Rice & Beetroot Thoran,Khaman Dhokla (2 steamed pcs) with Green Coriander Chutney,552,13.39,47.83,Diabetes,"Indian, High Protein, Traditional"
1744,232.92,93.04,50.39,11.84,29.83,1755,"Poha with Peanuts, Curry Leaves & Lemon with Green Tea",Hyderabadi Chicken Biryani with Mirchi ka Salan & Onion Raita,Soya Chunks Curry with 1 cup Brown Rice & Fresh Salad,"Sprouted Moong Chaat with Onion, Tomato, Lemon & Chaat Masala",485,18.52,59.22,Heart Disease,"Indian, High Protein, Traditional"
1693,204.53,84.99,60.4,10.64,26.83,1795,"Masala Dosa with Potato Filling, Sambar & Coconut Chutney",Rajma Masala (Kidney Beans Curry) with Jeera Rice & Kachumber,Chicken Tikka Masala with 2 Whole Wheat Tandoori Rotis & Salad,Paneer Tikka (3 grilled cubes) with Mint Coriander Chutney,529,13.47,46.84,,"Indian, Traditional, Balanced"
1389,172.57,56.3,54.1,11.37,29.34,1458,1 Crispy Aloo Paratha with Fresh Curd (Dahi) & Zeera Pickle,Bhindi Do Pyaza with 2 Whole Wheat Rotis & Dal Palak,Palak Paneer (Spinach Cottage Cheese) with 2 Whole Wheat Chapatis,"Sprouted Moong Chaat with Onion, Tomato, Lemon & Chaat Masala",745,13.48,72.81,"Obesity, Diabetes","Indian, Low Carb, Traditional"
1351,212.63,52.11,33.49,12.23,21.81,1451,"Poha with Peanuts, Curry Leaves & Lemon with Green Tea","South Indian Meals: Sambar, Rasam, Cabbage Poriyal & Steamed Rice",Malabar Fish Curry with Steamed Rice & Beetroot Thoran,Khaman Dhokla (2 steamed pcs) with Green Coriander Chutney,308,11.32,55.3,Obesity,"Indian, Low Fat, Dash, Balanced"
1908,172.24,120.42,83.71,18.24,19.81,2188,2 Boiled Eggs with 2 Multigrain Toasts & Masala Chai,Hyderabadi Chicken Biryani with Mirchi ka Salan & Onion Raita,Tandoori Chicken (2 pcs leg/thigh) with Mint Raita & Green Salad,1 Vegetable Samosa with Mint Chutney & Masala Chai,573,13.65,32.34,,"Indian, Low Carb, Traditional"
1586,192.06,74.63,59.02,14.91,28.8,1702,Ragi Dosa (2 pcs) with Tomato Onion Chutney & Buttermilk,Bhindi Do Pyaza with 2 Whole Wheat Rotis & Dal Palak,Chicken Tikka Masala with 2 Whole Wheat Tandoori Rotis & Salad,1 Vegetable Samosa with Mint Chutney & Masala Chai,687,14.3,58.51,Obesity,"Indian, Traditional, Balanced"
1623,236.95,52.35,52.67,16.7,32.66,1756,Besan Chilla (2 savory gram flour pancakes) with Green Coriander Chutney,"South Indian Meals: Sambar, Rasam, Cabbage Poriyal & Steamed Rice",Aloo Gobi Matar Masala with 2 Whole Wheat Rotis & Plain Dahi,1 Vegetable Samosa with Mint Chutney & Masala Chai,471,12.98,81.39,,"Indian, Vegetarian, Balanced"
1621,238.45,49.09,53.05,17.82,33.66,1730,"Masala Dosa with Potato Filling, Sambar & Coconut Chutney",Bhindi Do Pyaza with 2 Whole Wheat Rotis & Dal Palak,Aloo Gobi Matar Masala with 2 Whole Wheat Rotis & Plain Dahi,Bhel Puri (Puffed Rice with Veggies & Tamarind Chutney),520,13.55,81.5,,"Indian, Vegetarian, Balanced"
1560,209.84,81.28,45.34,11.14,26.55,1763,2 Idlis with Sambhar (1 katori) & Coconut Chutney (2 tbsp),Hyderabadi Chicken Biryani with Mirchi ka Salan & Onion Raita,Soya Chunks Curry with 1 cup Brown Rice & Fresh Salad,Khaman Dhokla (2 steamed pcs) with Green Coriander Chutney,429,14.14,32.75,"Obesity, Heart Disease","Indian, Low Fat, Dash, Balanced"
1648,151.0,116.01,65.09,11.43,22.55,1837,Moong Dal Cheela with Paneer Stuffing & Mint Chutney,Hyderabadi Chicken Biryani with Mirchi ka Salan & Onion Raita,Tandoori Chicken (2 pcs leg/thigh) with Mint Raita & Green Salad,"Sprouted Moong Chaat with Onion, Tomato, Lemon & Chaat Masala",610,13.16,53.16,Diabetes,"Indian, Low Carb, Traditional"
1508,190.86,61.6,54.36,15.08,36.7,1319,Moong Dal Cheela with Paneer Stuffing & Mint Chutney,Baingan Bharta with 2 Bajra Rotis & Plain Dahi,Aloo Gobi Matar Masala with 2 Whole Wheat Rotis & Plain Dahi,Roasted Chana (Bhuna Chana - 50g) with Masala Chai,724,15.57,64.08,"Obesity, Hypertension, Kidney Disease","Indian, Vegetarian, Balanced"
1560,173.37,99.68,50.89,12.1,26.0,1680,2 Idlis with Sambhar (1 katori) & Coconut Chutney (2 tbsp),Homestyle Chicken Curry with 2 Chapatis & Onion Salad,Chicken Tikka Masala with 2 Whole Wheat Tandoori Rotis & Salad,Roasted Chana (Bhuna Chana - 50g) with Masala Chai,361,13.4,35.09,"Obesity, Diabetes, Heart Disease","Indian, Low Carb, Traditional"
1450,187.19,76.7,43.88,8.82,20.57,1381,"Poha with Peanuts, Curry Leaves & Lemon with Green Tea",Homestyle Chicken Curry with 2 Chapatis & Onion Salad,Malabar Fish Curry with Steamed Rice & Beetroot Thoran,Roasted Makhana (Foxnuts - 30g) with Green Tea,321,12.54,41.34,"Obesity, Hypertension, Diabetes","Indian, Low Fat, Dash, Balanced"
1460,161.24,73.05,58.69,11.18,21.78,1534,Ragi Dosa (2 pcs) with Tomato Onion Chutney & Buttermilk,Malabar Fish Curry with Steamed Rice & Beetroot Thoran,Egg Curry (2 Eggs) with 1.5 Whole Wheat Rotis & Kachumber Salad,Paneer Tikka (3 grilled cubes) with Mint Coriander Chutney,782,12.37,48.0,"Obesity, Diabetes","Indian, Low Carb, Traditional"
1454,164.86,84.92,51.31,10.61,27.97,1548,Ragi Dosa (2 pcs) with Tomato Onion Chutney & Buttermilk,Bhindi Do Pyaza with 2 Whole Wheat Rotis & Dal Palak,Tandoori Chicken (2 pcs leg/thigh) with Mint Raita & Green Salad,Roasted Makhana (Foxnuts - 30g) with Green Tea,763,13.93,55.73,"Obesity, Diabetes, Heart Disease","Indian, Low Carb, Traditional"
1361,219.01,42.7,35.0,7.79,22.27,1375,"Masala Dosa with Potato Filling, Sambar & Coconut Chutney",Dal Tadka (Yellow Lentil) with Steamed Basmati Rice & Cucumber Salad,"Moong Dal Khichdi with Desi Ghee, Curd & Roasted Papad",Roasted Makhana (Foxnuts - 30g) with Green Tea,320,9.99,22.73,"Obesity, Hypertension, Heart Disease, Kidney Disease","Indian, Low Fat, Dash, Balanced"
1468,141.42,102.47,56.08,9.58,18.25,1642,Ragi Dosa (2 pcs) with Tomato Onion Chutney & Buttermilk,Fish Curry (Rohu in Mustard Gravy) with Steamed Rice & Green Salad,Tandoori Chicken (2 pcs leg/thigh) with Mint Raita & Green Salad,Paneer Tikka (3 grilled cubes) with Mint Coriander Chutney,800,11.93,45.07,Obesity,"Indian, Low Carb, Traditional"
1334,195.65,52.53,38.42,9.1,24.85,1347,"Masala Dosa with Potato Filling, Sambar & Coconut Chutney",Malabar Fish Curry with Steamed Rice & Beetroot Thoran,Lauki Chana Dal Curry with 2 Phulkas & Cucumber Tomato Salad,Roasted Makhana (Foxnuts - 30g) with Green Tea,325,10.65,37.33,"Obesity, Hypertension, Heart Disease, Kidney Disease","Indian, Low Fat, Dash, Balanced"
1415,217.49,57.92,35.39,9.26,35.29,1399,Besan Chilla (2 savory gram flour pancakes) with Green Coriander Chutney,Rajma Masala (Kidney Beans Curry) with Jeera Rice & Kachumber,Lauki Chana Dal Curry with 2 Phulkas & Cucumber Tomato Salad,Roasted Makhana (Foxnuts - 30g) with Green Tea,356,14.4,46.81,"Obesity, Hypertension, Heart Disease, Kidney Disease","Indian, Low Fat, Dash, Balanced"
1277,189.23,39.61,40.5,9.79,29.91,1255,"Masala Dosa with Potato Filling, Sambar & Coconut Chutney",Baingan Bharta with 2 Bajra Rotis & Plain Dahi,Lauki Chana Dal Curry with 2 Phulkas & Cucumber Tomato Salad,Roasted Makhana (Foxnuts - 30g) with Green Tea,398,12.55,40.59,"Obesity, Hypertension, Diabetes, Heart Disease, Kidney Disease","Indian, Low Fat, Dash, Balanced"
1550,160.04,95.62,59.8,10.11,20.22,1627,2 Methi Theplas with Fresh Curd (Dahi) & Mint Chutney,Fish Curry (Rohu in Mustard Gravy) with Steamed Rice & Green Salad,Chicken Tikka Masala with 2 Whole Wheat Tandoori Rotis & Salad,Paneer Tikka (3 grilled cubes) with Mint Coriander Chutney,633,12.04,44.39,"Obesity, Diabetes","Indian, Low Carb, Traditional"
1317,179.9,59.88,39.92,12.86,19.15,1420,"Poha with Peanuts, Curry Leaves & Lemon with Green Tea",Homestyle Chicken Curry with 2 Chapatis & Onion Salad,"Moong Dal Khichdi with Desi Ghee, Curd & Roasted Papad",Bhel Puri (Puffed Rice with Veggies & Tamarind Chutney),297,11.6,37.22,Obesity,"Indian, Low Fat, Dash, Balanced"
1715,214.06,94.72,53.79,27.44,33.97,1699,Moong Dal Cheela with Paneer Stuffing & Mint Chutney,Rajma Masala (Kidney Beans Curry) with Jeera Rice & Kachumber,Chicken Tikka Masala with 2 Whole Wheat Tandoori Rotis & Salad,"Fresh Fruit Chaat (Papaya, Apple, Guava & Chaat Masala)",569,15.03,105.72,,"Indian, High Protein, Traditional"
1807,227.51,61.02,75.51,29.41,34.27,1868,1 Crispy Aloo Paratha with Fresh Curd (Dahi) & Zeera Pickle,Chole Masala (Spiced Chickpeas) with 1 Bhatura & Pickled Onions,Palak Paneer (Spinach Cottage Cheese) with 2 Whole Wheat Chapatis,"Fresh Fruit Chaat (Papaya, Apple, Guava & Chaat Masala)",805,16.03,113.87,,"Indian, Vegetarian, Balanced"
1518,210.79,60.05,49.29,15.96,25.43,1615,Ragi Dosa (2 pcs) with Tomato Onion Chutney & Buttermilk,Hyderabadi Chicken Biryani with Mirchi ka Salan & Onion Raita,Aloo Gobi Matar Masala with 2 Whole Wheat Rotis & Plain Dahi,Bhel Puri (Puffed Rice with Veggies & Tamarind Chutney),601,12.44,56.9,"Obesity, Heart Disease","Indian, Traditional, Balanced"
1727,255.15,63.9,51.03,17.49,26.39,1925,"Masala Dosa with Potato Filling, Sambar & Coconut Chutney",Malabar Fish Curry with Steamed Rice & Beetroot Thoran,"Moong Dal Khichdi with Desi Ghee, Curd & Roasted Papad",Bhel Puri (Puffed Rice with Veggies & Tamarind Chutney),428,12.87,41.79,Heart Disease,"Indian, Traditional, Balanced"
1566,225.5,64.05,46.62,12.61,31.14,1585,1 Crispy Aloo Paratha with Fresh Curd (Dahi) & Zeera Pickle,Rajma Masala (Kidney Beans Curry) with Jeera Rice & Kachumber,Soya Chunks Curry with 1 cup Brown Rice & Fresh Salad,1 Vegetable Samosa with Mint Chutney & Masala Chai,513,15.39,40.32,"Obesity, Heart Disease","Indian, Low Fat, Dash, Balanced"
1317,195.66,56.05,35.36,24.82,35.16,1351,2 Idlis with Sambhar (1 katori) & Coconut Chutney (2 tbsp),Baingan Bharta with 2 Bajra Rotis & Plain Dahi,Soya Chunks Curry with 1 cup Brown Rice & Fresh Salad,"Fresh Fruit Chaat (Papaya, Apple, Guava & Chaat Masala)",514,15.52,88.82,"Obesity, Hypertension, Heart Disease, Kidney Disease","Indian, Low Fat, Dash, Balanced"
1588,197.9,69.0,59.03,11.43,26.68,1652,"Masala Dosa with Potato Filling, Sambar & Coconut Chutney",Bhindi Do Pyaza with 2 Whole Wheat Rotis & Dal Palak,Malabar Fish Curry with Steamed Rice & Beetroot Thoran,Paneer Tikka (3 grilled cubes) with Mint Coriander Chutney,642,12.22,57.76,Obesity,"Indian, Traditional, Balanced"
1562,205.14,72.06,49.57,12.91,34.36,1541,Besan Chilla (2 savory gram flour pancakes) with Green Coriander Chutney,Rajma Masala (Kidney Beans Curry) with Jeera Rice & Kachumber,Egg Curry (2 Eggs) with 1.5 Whole Wheat Rotis & Kachumber Salad,Roasted Chana (Bhuna Chana - 50g) with Masala Chai,428,16.24,47.59,"Obesity, Heart Disease","Indian, Traditional, Balanced"
1568,209.88,56.63,56.29,17.84,32.47,1806,2 Idlis with Sambhar (1 katori) & Coconut Chutney (2 tbsp),Baingan Bharta with 2 Bajra Rotis & Plain Dahi,Egg Curry (2 Eggs) with 1.5 Whole Wheat Rotis & Kachumber Salad,Bhel Puri (Puffed Rice with Veggies & Tamarind Chutney),515,15.62,55.07,Obesity,"Indian, Traditional, Balanced"
1369,191.28,54.75,43.98,13.78,21.81,1395,Vegetable Upma with Roasted Cashews & Filter Coffee,Fish Curry (Rohu in Mustard Gravy) with Steamed Rice & Green Salad,"Mix Vegetable Subzi (Beans, Carrot, Peas) with 2 Chapatis & Dal Fry",1 Vegetable Samosa with Mint Chutney & Masala Chai,351,10.16,42.04,"Obesity, Hypertension, Diabetes, Kidney Disease","Indian, Low Fat, Dash, Balanced"
1411,188.77,63.23,45.68,26.07,25.05,1560,2 Idlis with Sambhar (1 katori) & Coconut Chutney (2 tbsp),Malabar Fish Curry with Steamed Rice & Beetroot Thoran,Egg Curry (2 Eggs) with 1.5 Whole Wheat Rotis & Kachumber Salad,"Fresh Fruit Chaat (Papaya, Apple, Guava & Chaat Masala)",391,11.09,94.54,"Obesity, Heart Disease","Indian, Low Fat, Dash, Balanced"
1587,224.13,56.01,53.45,15.97,33.69,1648,Vegetable Upma with Roasted Cashews & Filter Coffee,Chole Masala (Spiced Chickpeas) with 1 Bhatura & Pickled Onions,"Mix Vegetable Subzi (Beans, Carrot, Peas) with 2 Chapatis & Dal Fry","Sprouted Moong Chaat with Onion, Tomato, Lemon & Chaat Masala",416,14.85,62.76,Obesity,"Indian, Vegetarian, Balanced"
1391,169.63,60.85,52.27,12.72,30.18,1469,2 Methi Theplas with Fresh Curd (Dahi) & Mint Chutney,Bhindi Do Pyaza with 2 Whole Wheat Rotis & Dal Palak,Egg Curry (2 Eggs) with 1.5 Whole Wheat Rotis & Kachumber Salad,"Sprouted Moong Chaat with Onion, Tomato, Lemon & Chaat Masala",585,14.0,70.42,"Obesity, Diabetes","Indian, Low Carb, Traditional"
1404,206.67,60.76,38.09,13.68,29.0,1532,Ragi Dosa (2 pcs) with Tomato Onion Chutney & Buttermilk,Malabar Fish Curry with Steamed Rice & Beetroot Thoran,Lauki Chana Dal Curry with 2 Phulkas & Cucumber Tomato Salad,Khaman Dhokla (2 steamed pcs) with Green Coriander Chutney,572,13.07,48.91,"Obesity, Heart Disease","Indian, Low Fat, Dash, Balanced"
1450,222.55,64.71,33.66,12.03,30.49,1454,2 Idlis with Sambhar (1 katori) & Coconut Chutney (2 tbsp),Rajma Masala (Kidney Beans Curry) with Jeera Rice & Kachumber,Malabar Fish Curry with Steamed Rice & Beetroot Thoran,Roasted Chana (Bhuna Chana - 50g) with Masala Chai,379,13.24,34.96,"Obesity, Heart Disease","Indian, Low Fat, Dash, Balanced"
1541,228.07,42.17,51.69,29.28,36.24,1505,"Masala Dosa with Potato Filling, Sambar & Coconut Chutney",Baingan Bharta with 2 Bajra Rotis & Plain Dahi,Aloo Gobi Matar Masala with 2 Whole Wheat Rotis & Plain Dahi,"Fresh Fruit Chaat (Papaya, Apple, Guava & Chaat Masala)",532,14.02,120.07,"Obesity, Heart Disease","Indian, Vegetarian, Balanced"
1425,158.41,85.62,50.94,16.95,18.71,1626,Vegetable Upma with Roasted Cashews & Filter Coffee,Malabar Fish Curry with Steamed Rice & Beetroot Thoran,Tandoori Chicken (2 pcs leg/thigh) with Mint Raita & Green Salad,Bhel Puri (Puffed Rice with Veggies & Tamarind Chutney),404,10.78,42.52,Obesity,"Indian, Low Carb, Traditional"
1429,173.56,63.28,55.23,7.79,19.38,1381,"Poha with Peanuts, Curry Leaves & Lemon with Green Tea",Hyderabadi Chicken Biryani with Mirchi ka Salan & Onion Raita,Palak Paneer (Spinach Cottage Cheese) with 2 Whole Wheat Chapatis,Roasted Makhana (Foxnuts - 30g) with Green Tea,550,12.39,42.22,"Obesity, Hypertension, Kidney Disease","Indian, Low Carb, Traditional"
1845,202.24,85.06,79.53,15.42,25.94,2137,"Masala Dosa with Potato Filling, Sambar & Coconut Chutney",Chole Masala (Spiced Chickpeas) with 1 Bhatura & Pickled Onions,Tandoori Chicken (2 pcs leg/thigh) with Mint Raita & Green Salad,1 Vegetable Samosa with Mint Chutney & Masala Chai,459,14.35,44.55,,"Indian, High Protein, Traditional"
1250,139.2,83.27,40.73,11.15,21.13,1430,Ragi Dosa (2 pcs) with Tomato Onion Chutney & Buttermilk,Malabar Fish Curry with Steamed Rice & Beetroot Thoran,Tandoori Chicken (2 pcs leg/thigh) with Mint Raita & Green Salad,"Sprouted Moong Chaat with Onion, Tomato, Lemon & Chaat Masala",565,11.78,50.72,"Obesity, Diabetes","Indian, Low Fat, Dash, Balanced"
1516,189.6,65.14,56.88,15.67,25.62,1502,"Poha with Peanuts, Curry Leaves & Lemon with Green Tea",Paneer Butter Masala with 2 Whole Wheat Phulkas & Boondi Raita,Soya Chunks Curry with 1 cup Brown Rice & Fresh Salad,Bhel Puri (Puffed Rice with Veggies & Tamarind Chutney),665,15.02,43.64,Obesity,"Indian, Vegetarian, Balanced"
1674,239.34,54.21,57.09,16.41,33.92,1696,"Poha with Peanuts, Curry Leaves & Lemon with Green Tea",Bhindi Do Pyaza with 2 Whole Wheat Rotis & Dal Palak,"Mix Vegetable Subzi (Beans, Carrot, Peas) with 2 Chapatis & Dal Fry",1 Vegetable Samosa with Mint Chutney & Masala Chai,515,15.74,76.94,,"Indian, Vegetarian, Balanced"
1330,215.8,49.2,31.04,24.55,24.0,1334,"Poha with Peanuts, Curry Leaves & Lemon with Green Tea","South Indian Meals: Sambar, Rasam, Cabbage Poriyal & Steamed Rice",Malabar Fish Curry with Steamed Rice & Beetroot Thoran,"Fresh Fruit Chaat (Papaya, Apple, Guava & Chaat Masala)",324,11.12,101.74,"Obesity, Hypertension, Heart Disease, Kidney Disease","Indian, Low Fat, Dash, Balanced"
1476,158.15,56.43,69.97,13.73,20.09,1579,1 Crispy Aloo Paratha with Fresh Curd (Dahi) & Zeera Pickle,Paneer Butter Masala with 2 Whole Wheat Phulkas & Boondi Raita,Egg Curry (2 Eggs) with 1.5 Whole Wheat Rotis & Kachumber Salad,Khaman Dhokla (2 steamed pcs) with Green Coriander Chutney,673,10.32,39.38,"Obesity, Diabetes","Indian, Low Carb, Traditional"
1521,189.24,48.89,64.81,19.78,24.68,1507,Vegetable Upma with Roasted Cashews & Filter Coffee,Paneer Butter Masala with 2 Whole Wheat Phulkas & Boondi Raita,Aloo Gobi Matar Masala with 2 Whole Wheat Rotis & Plain Dahi,Bhel Puri (Puffed Rice with Veggies & Tamarind Chutney),680,10.46,56.52,Obesity,"Indian, Vegetarian, Balanced"
1445,155.63,100.59,48.0,25.39,23.47,1632,Besan Chilla (2 savory gram flour pancakes) with Green Coriander Chutney,Fish Curry (Rohu in Mustard Gravy) with Steamed Rice & Green Salad,Tandoori Chicken (2 pcs leg/thigh) with Mint Raita & Green Salad,"Fresh Fruit Chaat (Papaya, Apple, Guava & Chaat Masala)",412,12.16,101.12,"Obesity, Heart Disease","Indian, Low Carb, Traditional"
1534,189.73,75.25,53.62,11.37,26.26,1569,2 Methi Theplas with Fresh Curd (Dahi) & Mint Chutney,Fish Curry (Rohu in Mustard Gravy) with Steamed Rice & Green Salad,"Mix Vegetable Subzi (Beans, Carrot, Peas) with 2 Chapatis & Dal Fry",Paneer Tikka (3 grilled cubes) with Mint Coriander Chutney,677,12.47,52.81,"Obesity, Diabetes","Indian, Traditional, Balanced"
1492,187.69,66.22,54.36,12.06,28.37,1591,2 Idlis with Sambhar (1 katori) & Coconut Chutney (2 tbsp),Baingan Bharta with 2 Bajra Rotis & Plain Dahi,Malabar Fish Curry with Steamed Rice & Beetroot Thoran,Paneer Tikka (3 grilled cubes) with Mint Coriander Chutney,660,13.24,47.34,"Obesity, Diabetes","Indian, Traditional, Balanced"
1396,174.1,64.49,50.39,13.37,23.1,1492,2 Methi Theplas with Fresh Curd (Dahi) & Mint Chutney,Fish Curry (Rohu in Mustard Gravy) with Steamed Rice & Green Salad,Palak Paneer (Spinach Cottage Cheese) with 2 Whole Wheat Chapatis,Bhel Puri (Puffed Rice with Veggies & Tamarind Chutney),661,12.55,49.57,"Obesity, Diabetes, Heart Disease","Indian, Low Carb, Traditional"
1648,193.99,85.49,58.11,28.94,32.52,1587,Moong Dal Cheela with Paneer Stuffing & Mint Chutney,Homestyle Chicken Curry with 2 Chapatis & Onion Salad,Aloo Gobi Matar Masala with 2 Whole Wheat Rotis & Plain Dahi,"Fresh Fruit Chaat (Papaya, Apple, Guava & Chaat Masala)",630,13.19,125.16,,"Indian, High Protein, Traditional"
1593,215.36,74.32,49.18,14.89,34.07,1665,Besan Chilla (2 savory gram flour pancakes) with Green Coriander Chutney,Malabar Fish Curry with Steamed Rice & Beetroot Thoran,Aloo Gobi Matar Masala with 2 Whole Wheat Rotis & Plain Dahi,"Sprouted Moong Chaat with Onion, Tomato, Lemon & Chaat Masala",492,14.78,87.67,"Obesity, Heart Disease","Indian, Traditional, Balanced"
1577,219.53,61.42,51.08,18.61,29.57,1644,2 Methi Theplas with Fresh Curd (Dahi) & Mint Chutney,Malabar Fish Curry with Steamed Rice & Beetroot Thoran,Aloo Gobi Matar Masala with 2 Whole Wheat Rotis & Plain Dahi,Bhel Puri (Puffed Rice with Veggies & Tamarind Chutney),566,13.13,68.35,"Obesity, Heart Disease","Indian, Traditional, Balanced"
1373,204.58,55.04,37.17,14.89,29.58,1508,Moong Dal Cheela with Paneer Stuffing & Mint Chutney,"South Indian Meals: Sambar, Rasam, Cabbage Poriyal & Steamed Rice",Lauki Chana Dal Curry with 2 Phulkas & Cucumber Tomato Salad,Bhel Puri (Puffed Rice with Veggies & Tamarind Chutney),487,11.81,58.49,"Obesity, Heart Disease","Indian, Low Fat, Dash, Balanced"
1643,199.65,96.65,51.19,11.77,32.35,1689,Moong Dal Cheela with Paneer Stuffing & Mint Chutney,Rajma Masala (Kidney Beans Curry) with Jeera Rice & Kachumber,Chicken Tikka Masala with 2 Whole Wheat Tandoori Rotis & Salad,"Sprouted Moong Chaat with Onion, Tomato, Lemon & Chaat Masala",546,15.56,61.64,Heart Disease,"Indian, High Protein, Traditional"
1414,152.3,73.52,57.19,10.62,17.49,1450,2 Boiled Eggs with 2 Multigrain Toasts & Masala Chai,Hyderabadi Chicken Biryani with Mirchi ka Salan & Onion Raita,Egg Curry (2 Eggs) with 1.5 Whole Wheat Rotis & Kachumber Salad,Roasted Makhana (Foxnuts - 30g) with Green Tea,412,10.97,23.38,Obesity,"Indian, Low Carb, Traditional"
1497,229.25,58.75,39.03,12.74,32.66,1547,2 Methi Theplas with Fresh Curd (Dahi) & Mint Chutney,Rajma Masala (Kidney Beans Curry) with Jeera Rice & Kachumber,"Moong Dal Khichdi with Desi Ghee, Curd & Roasted Papad","Sprouted Moong Chaat with Onion, Tomato, Lemon & Chaat Masala",517,14.46,49.86,"Obesity, Heart Disease","Indian, Low Fat, Dash, Balanced"
1586,244.74,53.07,44.63,29.58,38.01,1506,2 Methi Theplas with Fresh Curd (Dahi) & Mint Chutney,Rajma Masala (Kidney Beans Curry) with Jeera Rice & Kachumber,Aloo Gobi Matar Masala with 2 Whole Wheat Rotis & Plain Dahi,"Fresh Fruit Chaat (Papaya, Apple, Guava & Chaat Masala)",572,14.31,121.62,"Obesity, Heart Disease","Indian, Low Fat, Dash, Balanced"
1733,211.1,83.15,62.88,12.53,23.65,1820,"Poha with Peanuts, Curry Leaves & Lemon with Green Tea",Hyderabadi Chicken Biryani with Mirchi ka Salan & Onion Raita,Egg Curry (2 Eggs) with 1.5 Whole Wheat Rotis & Kachumber Salad,"Sprouted Moong Chaat with Onion, Tomato, Lemon & Chaat Masala",420,15.48,64.3,,"Indian, Traditional, Balanced"
1472,236.36,41.29,40.4,11.25,28.27,1487,"Masala Dosa with Potato Filling, Sambar & Coconut Chutney","South Indian Meals: Sambar, Rasam, Cabbage Poriyal & Steamed Rice",Aloo Gobi Matar Masala with 2 Whole Wheat Rotis & Plain Dahi,Roasted Makhana (Foxnuts - 30g) with Green Tea,398,10.76,65.84,"Obesity, Heart Disease","Indian, Low Fat, Dash, Balanced"
1533,139.55,93.35,68.17,13.29,23.26,1661,Vegetable Upma with Roasted Cashews & Filter Coffee,Bhindi Do Pyaza with 2 Whole Wheat Rotis & Dal Palak,Tandoori Chicken (2 pcs leg/thigh) with Mint Raita & Green Salad,Paneer Tikka (3 grilled cubes) with Mint Coriander Chutney,734,11.9,59.27,"Obesity, Diabetes","Indian, Low Carb, Traditional"
1694,192.81,77.91,69.56,13.37,25.73,1830,2 Methi Theplas with Fresh Curd (Dahi) & Mint Chutney,Hyderabadi Chicken Biryani with Mirchi ka Salan & Onion Raita,Palak Paneer (Spinach Cottage Cheese) with 2 Whole Wheat Chapatis,Khaman Dhokla (2 steamed pcs) with Green Coriander Chutney,759,13.97,48.96,Diabetes,"Indian, Traditional, Balanced"
1635,225.62,65.62,52.28,12.36,28.11,1750,1 Crispy Aloo Paratha with Fresh Curd (Dahi) & Zeera Pickle,Dal Tadka (Yellow Lentil) with Steamed Basmati Rice & Cucumber Salad,Egg Curry (2 Eggs) with 1.5 Whole Wheat Rotis & Kachumber Salad,"Sprouted Moong Chaat with Onion, Tomato, Lemon & Chaat Masala",487,14.0,60.04,,"Indian, Traditional, Balanced"
1568,246.52,46.38,45.15,15.63,29.0,1656,"Poha with Peanuts, Curry Leaves & Lemon with Green Tea","South Indian Meals: Sambar, Rasam, Cabbage Poriyal & Steamed Rice","Mix Vegetable Subzi (Beans, Carrot, Peas) with 2 Chapatis & Dal Fry",1 Vegetable Samosa with Mint Chutney & Masala Chai,381,13.37,68.8,"Obesity, Heart Disease","Indian, Low Fat, Dash, Balanced"
1823,232.89,83.22,62.98,17.9,31.88,2047,"Masala Dosa with Potato Filling, Sambar & Coconut Chutney",Bhindi Do Pyaza with 2 Whole Wheat Rotis & Dal Palak,Chicken Tikka Masala with 2 Whole Wheat Tandoori Rotis & Salad,Bhel Puri (Puffed Rice with Veggies & Tamarind Chutney),488,15.32,67.45,,"Indian, Traditional, Balanced"
1789,163.67,123.51,71.25,16.69,22.91,1915,2 Boiled Eggs with 2 Multigrain Toasts & Masala Chai,Hyderabadi Chicken Biryani with Mirchi ka Salan & Onion Raita,Tandoori Chicken (2 pcs leg/thigh) with Mint Raita & Green Salad,Roasted Chana (Bhuna Chana - 50g) with Masala Chai,570,14.62,26.84,,"Indian, Low Carb, Traditional"
1441,185.44,53.75,55.24,13.02,26.97,1409,2 Boiled Eggs with 2 Multigrain Toasts & Masala Chai,Chole Masala (Spiced Chickpeas) with 1 Bhatura & Pickled Onions,Aloo Gobi Matar Masala with 2 Whole Wheat Rotis & Plain Dahi,Roasted Makhana (Foxnuts - 30g) with Green Tea,462,12.74,44.45,"Obesity, Diabetes","Indian, Traditional, Balanced"
1619,147.06,88.68,77.15,17.29,19.81,1782,Vegetable Upma with Roasted Cashews & Filter Coffee,Paneer Butter Masala with 2 Whole Wheat Phulkas & Boondi Raita,Tandoori Chicken (2 pcs leg/thigh) with Mint Raita & Green Salad,Khaman Dhokla (2 steamed pcs) with Green Coriander Chutney,723,10.69,39.52,,"Indian, Low Carb, Traditional"
1773,196.46,75.98,77.87,14.6,25.43,1867,2 Methi Theplas with Fresh Curd (Dahi) & Mint Chutney,Hyderabadi Chicken Biryani with Mirchi ka Salan & Onion Raita,Palak Paneer (Spinach Cottage Cheese) with 2 Whole Wheat Chapatis,1 Vegetable Samosa with Mint Chutney & Masala Chai,790,14.0,47.67,,"Indian, Traditional, Balanced"
1577,197.13,70.58,57.67,13.65,21.27,1598,Vegetable Upma with Roasted Cashews & Filter Coffee,Malabar Fish Curry with Steamed Rice & Beetroot Thoran,"Moong Dal Khichdi with Desi Ghee, Curd & Roasted Papad",Paneer Tikka (3 grilled cubes) with Mint Coriander Chutney,635,10.79,37.25,Obesity,"Indian, Traditional, Balanced"
1670,184.42,83.89,67.88,32.02,31.38,1606,2 Boiled Eggs with 2 Multigrain Toasts & Masala Chai,Paneer Butter Masala with 2 Whole Wheat Phulkas & Boondi Raita,Soya Chunks Curry with 1 cup Brown Rice & Fresh Salad,"Fresh Fruit Chaat (Papaya, Apple, Guava & Chaat Masala)",859,15.48,84.53,,"Indian, Traditional, Balanced"
1617,228.83,65.11,50.14,15.18,29.0,1759,1 Crispy Aloo Paratha with Fresh Curd (Dahi) & Zeera Pickle,Malabar Fish Curry with Steamed Rice & Beetroot Thoran,"Mix Vegetable Subzi (Beans, Carrot, Peas) with 2 Chapatis & Dal Fry",Khaman Dhokla (2 steamed pcs) with Green Coriander Chutney,485,12.77,55.69,Heart Disease,"Indian, Traditional, Balanced"
1714,185.37,90.33,69.28,10.47,32.44,1704,Moong Dal Cheela with Paneer Stuffing & Mint Chutney,Chole Masala (Spiced Chickpeas) with 1 Bhatura & Pickled Onions,Soya Chunks Curry with 1 cup Brown Rice & Fresh Salad,Paneer Tikka (3 grilled cubes) with Mint Coriander Chutney,837,17.35,45.68,Diabetes,"Indian, High Protein, Traditional"
1791,241.53,73.51,61.1,14.94,29.01,2033,2 Idlis with Sambhar (1 katori) & Coconut Chutney (2 tbsp),Hyderabadi Chicken Biryani with Mirchi ka Salan & Onion Raita,Lauki Chana Dal Curry with 2 Phulkas & Cucumber Tomato Salad,1 Vegetable Samosa with Mint Chutney & Masala Chai,432,13.08,41.87,,"Indian, Traditional, Balanced"
1296,199.45,56.92,31.38,7.17,19.99,1377,2 Idlis with Sambhar (1 katori) & Coconut Chutney (2 tbsp),Fish Curry (Rohu in Mustard Gravy) with Steamed Rice & Green Salad,"Moong Dal Khichdi with Desi Ghee, Curd & Roasted Papad",Roasted Makhana (Foxnuts - 30g) with Green Tea,347,9.57,23.72,"Obesity, Hypertension, Kidney Disease","Indian, Low Fat, Dash, Balanced"
1653,205.45,63.06,65.17,15.84,33.8,1627,Moong Dal Cheela with Paneer Stuffing & Mint Chutney,Bhindi Do Pyaza with 2 Whole Wheat Rotis & Dal Palak,Aloo Gobi Matar Masala with 2 Whole Wheat Rotis & Plain Dahi,1 Vegetable Samosa with Mint Chutney & Masala Chai,745,13.63,81.12,,"Indian, Vegetarian, Balanced"
1521,207.21,71.44,45.7,27.89,28.9,1628,2 Methi Theplas with Fresh Curd (Dahi) & Mint Chutney,"South Indian Meals: Sambar, Rasam, Cabbage Poriyal & Steamed Rice",Chicken Tikka Masala with 2 Whole Wheat Tandoori Rotis & Salad,"Fresh Fruit Chaat (Papaya, Apple, Guava & Chaat Masala)",478,12.31,107.06,"Obesity, Heart Disease","Indian, Low Fat, Dash, Balanced"
1546,218.91,78.75,40.27,12.93,29.02,1840,2 Idlis with Sambhar (1 katori) & Coconut Chutney (2 tbsp),"South Indian Meals: Sambar, Rasam, Cabbage Poriyal & Steamed Rice",Chicken Tikka Masala with 2 Whole Wheat Tandoori Rotis & Salad,"Sprouted Moong Chaat with Onion, Tomato, Lemon & Chaat Masala",371,12.93,67.92,"Obesity, Heart Disease","Indian, Low Fat, Dash, Balanced"
1686,225.43,80.14,51.19,14.79,29.06,1748,1 Crispy Aloo Paratha with Fresh Curd (Dahi) & Zeera Pickle,"South Indian Meals: Sambar, Rasam, Cabbage Poriyal & Steamed Rice",Chicken Tikka Masala with 2 Whole Wheat Tandoori Rotis & Salad,Roasted Chana (Bhuna Chana - 50g) with Masala Chai,493,13.75,53.57,Heart Disease,"Indian, Traditional, Balanced"
1357,197.29,56.3,37.85,7.46,23.51,1290,Moong Dal Cheela with Paneer Stuffing & Mint Chutney,Dal Tadka (Yellow Lentil) with Steamed Basmati Rice & Cucumber Salad,"Moong Dal Khichdi with Desi Ghee, Curd & Roasted Papad",Roasted Makhana (Foxnuts - 30g) with Green Tea,499,10.61,25.14,"Obesity, Hypertension, Heart Disease, Kidney Disease","Indian, Low Fat, Dash, Balanced"
1765,210.19,95.61,61.69,9.86,20.67,1760,"Poha with Peanuts, Curry Leaves & Lemon with Green Tea",Hyderabadi Chicken Biryani with Mirchi ka Salan & Onion Raita,Chicken Tikka Masala with 2 Whole Wheat Tandoori Rotis & Salad,Roasted Makhana (Foxnuts - 30g) with Green Tea,375,14.2,42.29,,"Indian, High Protein, Traditional"
1353,175.07,66.48,44.69,9.23,22.07,1367,"Poha with Peanuts, Curry Leaves & Lemon with Green Tea",Fish Curry (Rohu in Mustard Gravy) with Steamed Rice & Green Salad,Palak Paneer (Spinach Cottage Cheese) with 2 Whole Wheat Chapatis,"Sprouted Moong Chaat with Onion, Tomato, Lemon & Chaat Masala",554,13.57,64.45,"Obesity, Hypertension, Diabetes, Heart Disease, Kidney Disease","Indian, Low Fat, Dash, Balanced"
1340,161.82,77.9,42.62,12.49,24.7,1573,2 Methi Theplas with Fresh Curd (Dahi) & Mint Chutney,"South Indian Meals: Sambar, Rasam, Cabbage Poriyal & Steamed Rice",Tandoori Chicken (2 pcs leg/thigh) with Mint Raita & Green Salad,"Sprouted Moong Chaat with Onion, Tomato, Lemon & Chaat Masala",494,11.82,63.03,"Obesity, Diabetes, Heart Disease","Indian, Low Fat, Dash, Balanced"
1768,241.51,73.89,56.63,13.57,37.0,1737,"Masala Dosa with Potato Filling, Sambar & Coconut Chutney",Chole Masala (Spiced Chickpeas) with 1 Bhatura & Pickled Onions,Soya Chunks Curry with 1 cup Brown Rice & Fresh Salad,Roasted Chana (Bhuna Chana - 50g) with Masala Chai,500,18.81,37.41,,"Indian, Vegetarian, Balanced"
1562,212.94,69.82,47.32,16.4,38.28,1367,Vegetable Upma with Roasted Cashews & Filter Coffee,Baingan Bharta with 2 Bajra Rotis & Plain Dahi,Soya Chunks Curry with 1 cup Brown Rice & Fresh Salad,Roasted Chana (Bhuna Chana - 50g) with Masala Chai,620,18.82,41.64,"Obesity, Hypertension, Heart Disease, Kidney Disease","Indian, Low Fat, Dash, Balanced"
1602,240.01,51.16,49.34,16.66,33.11,1741,2 Methi Theplas with Fresh Curd (Dahi) & Mint Chutney,"South Indian Meals: Sambar, Rasam, Cabbage Poriyal & Steamed Rice",Lauki Chana Dal Curry with 2 Phulkas & Cucumber Tomato Salad,1 Vegetable Samosa with Mint Chutney & Masala Chai,527,13.22,61.16,Heart Disease,"Indian, Vegetarian, Balanced"
1736,259.88,47.8,57.44,17.58,30.65,1843,1 Crispy Aloo Paratha with Fresh Curd (Dahi) & Zeera Pickle,"South Indian Meals: Sambar, Rasam, Cabbage Poriyal & Steamed Rice",Aloo Gobi Matar Masala with 2 Whole Wheat Rotis & Plain Dahi,1 Vegetable Samosa with Mint Chutney & Masala Chai,568,12.22,79.3,,"Indian, Vegetarian, Balanced"
1716,230.45,80.75,52.78,9.94,25.68,1737,1 Crispy Aloo Paratha with Fresh Curd (Dahi) & Zeera Pickle,Dal Tadka (Yellow Lentil) with Steamed Basmati Rice & Cucumber Salad,Chicken Tikka Masala with 2 Whole Wheat Tandoori Rotis & Salad,Roasted Makhana (Foxnuts - 30g) with Green Tea,452,13.11,39.12,,"Indian, Traditional, Balanced"
1512,219.98,48.01,50.92,29.41,33.04,1517,Vegetable Upma with Roasted Cashews & Filter Coffee,Chole Masala (Spiced Chickpeas) with 1 Bhatura & Pickled Onions,Lauki Chana Dal Curry with 2 Phulkas & Cucumber Tomato Salad,"Fresh Fruit Chaat (Papaya, Apple, Guava & Chaat Masala)",388,13.3,97.05,"Obesity, Heart Disease","Indian, Vegetarian, Balanced"
1695,197.41,91.81,59.59,14.32,30.85,1748,2 Methi Theplas with Fresh Curd (Dahi) & Mint Chutney,Homestyle Chicken Curry with 2 Chapatis & Onion Salad,Soya Chunks Curry with 1 cup Brown Rice & Fresh Salad,1 Vegetable Samosa with Mint Chutney & Masala Chai,591,16.74,41.8,,"Indian, High Protein, Traditional"
1536,164.56,88.59,58.36,10.52,23.34,1636,Moong Dal Cheela with Paneer Stuffing & Mint Chutney,"South Indian Meals: Sambar, Rasam, Cabbage Poriyal & Steamed Rice",Chicken Tikka Masala with 2 Whole Wheat Tandoori Rotis & Salad,Paneer Tikka (3 grilled cubes) with Mint Coriander Chutney,681,11.48,56.16,"Obesity, Diabetes","Indian, Low Carb, Traditional"
1635,173.41,80.54,70.31,13.15,25.2,1735,Moong Dal Cheela with Paneer Stuffing & Mint Chutney,Chole Masala (Spiced Chickpeas) with 1 Bhatura & Pickled Onions,Chicken Tikka Masala with 2 Whole Wheat Tandoori Rotis & Salad,1 Vegetable Samosa with Mint Chutney & Masala Chai,518,13.51,41.64,Diabetes,"Indian, Low Carb, Traditional"
1626,228.55,62.19,51.75,14.17,29.23,1813,1 Crispy Aloo Paratha with Fresh Curd (Dahi) & Zeera Pickle,"South Indian Meals: Sambar, Rasam, Cabbage Poriyal & Steamed Rice",Egg Curry (2 Eggs) with 1.5 Whole Wheat Rotis & Kachumber Salad,"Sprouted Moong Chaat with Onion, Tomato, Lemon & Chaat Masala",514,13.63,76.59,Heart Disease,"Indian, Traditional, Balanced"
1523,124.26,120.29,59.68,10.95,23.79,1711,Moong Dal Cheela with Paneer Stuffing & Mint Chutney,Homestyle Chicken Curry with 2 Chapatis & Onion Salad,Tandoori Chicken (2 pcs leg/thigh) with Mint Raita & Green Salad,"Sprouted Moong Chaat with Onion, Tomato, Lemon & Chaat Masala",573,13.35,57.38,"Obesity, Diabetes","Indian, Low Carb, Traditional"
1790,205.23,90.76,69.24,13.76,20.49,1811,Vegetable Upma with Roasted Cashews & Filter Coffee,Hyderabadi Chicken Biryani with Mirchi ka Salan & Onion Raita,Malabar Fish Curry with Steamed Rice & Beetroot Thoran,Paneer Tikka (3 grilled cubes) with Mint Coriander Chutney,626,11.69,40.67,,"Indian, High Protein, Traditional"
1723,202.12,74.89,69.68,18.62,29.47,1766,Vegetable Upma with Roasted Cashews & Filter Coffee,Baingan Bharta with 2 Bajra Rotis & Plain Dahi,Chicken Tikka Masala with 2 Whole Wheat Tandoori Rotis & Salad,1 Vegetable Samosa with Mint Chutney & Masala Chai,529,15.11,50.32,,"Indian, Traditional, Balanced"
1335,194.69,57.25,36.62,13.13,30.54,1384,Moong Dal Cheela with Paneer Stuffing & Mint Chutney,Rajma Masala (Kidney Beans Curry) with Jeera Rice & Kachumber,Lauki Chana Dal Curry with 2 Phulkas & Cucumber Tomato Salad,Bhel Puri (Puffed Rice with Veggies & Tamarind Chutney),455,12.77,46.17,"Obesity, Hypertension, Diabetes, Heart Disease, Kidney Disease","Indian, Low Fat, Dash, Balanced"
1491,208.61,79.75,38.38,25.38,30.74,1444,2 Methi Theplas with Fresh Curd (Dahi) & Mint Chutney,Fish Curry (Rohu in Mustard Gravy) with Steamed Rice & Green Salad,Soya Chunks Curry with 1 cup Brown Rice & Fresh Salad,"Fresh Fruit Chaat (Papaya, Apple, Guava & Chaat Masala)",565,15.27,93.16,"Obesity, Heart Disease","Indian, Low Fat, Dash, Balanced"
1359,165.22,71.4,46.77,13.09,26.0,1419,Vegetable Upma with Roasted Cashews & Filter Coffee,Bhindi Do Pyaza with 2 Whole Wheat Rotis & Dal Palak,Chicken Tikka Masala with 2 Whole Wheat Tandoori Rotis & Salad,"Sprouted Moong Chaat with Onion, Tomato, Lemon & Chaat Masala",426,12.27,62.43,"Obesity, Diabetes, Heart Disease","Indian, Low Fat, Dash, Balanced"
1522,175.12,73.95,57.66,11.71,21.85,1727,"Masala Dosa with Potato Filling, Sambar & Coconut Chutney",Homestyle Chicken Curry with 2 Chapatis & Onion Salad,Egg Curry (2 Eggs) with 1.5 Whole Wheat Rotis & Kachumber Salad,Khaman Dhokla (2 steamed pcs) with Green Coriander Chutney,325,11.9,42.93,"Obesity, Diabetes","Indian, Traditional, Balanced"
1563,256.57,44.97,40.58,18.1,29.45,1649,"Poha with Peanuts, Curry Leaves & Lemon with Green Tea","South Indian Meals: Sambar, Rasam, Cabbage Poriyal & Steamed Rice",Aloo Gobi Matar Masala with 2 Whole Wheat Rotis & Plain Dahi,Bhel Puri (Puffed Rice with Veggies & Tamarind Chutney),411,13.6,87.06,"Obesity, Heart Disease","Indian, Low Fat, Dash, Balanced"
1460,131.56,82.41,67.72,15.61,20.51,1441,Vegetable Upma with Roasted Cashews & Filter Coffee,Paneer Butter Masala with 2 Whole Wheat Phulkas & Boondi Raita,Tandoori Chicken (2 pcs leg/thigh) with Mint Raita & Green Salad,Roasted Chana (Bhuna Chana - 50g) with Masala Chai,684,10.72,30.21,Obesity,"Indian, Low Carb, Traditional"
1514,149.5,100.18,55.86,11.73,22.5,1644,"Masala Dosa with Potato Filling, Sambar & Coconut Chutney",Homestyle Chicken Curry with 2 Chapatis & Onion Salad,Tandoori Chicken (2 pcs leg/thigh) with Mint Raita & Green Salad,Roasted Chana (Bhuna Chana - 50g) with Masala Chai,387,12.5,34.8,"Obesity, Diabetes","Indian, Low Carb, Traditional"
1419,178.16,70.0,48.02,12.12,27.25,1466,Moong Dal Cheela with Paneer Stuffing & Mint Chutney,Bhindi Do Pyaza with 2 Whole Wheat Rotis & Dal Palak,Malabar Fish Curry with Steamed Rice & Beetroot Thoran,Khaman Dhokla (2 steamed pcs) with Green Coriander Chutney,587,12.12,55.44,"Obesity, Diabetes, Heart Disease","Indian, Traditional, Balanced"
1557,186.33,67.25,61.82,11.05,26.67,1457,1 Crispy Aloo Paratha with Fresh Curd (Dahi) & Zeera Pickle,Paneer Butter Masala with 2 Whole Wheat Phulkas & Boondi Raita,Soya Chunks Curry with 1 cup Brown Rice & Fresh Salad,Roasted Makhana (Foxnuts - 30g) with Green Tea,786,13.53,32.1,"Obesity, Diabetes","Indian, Vegetarian, Balanced"
1385,190.08,74.14,37.26,12.86,27.61,1371,Vegetable Upma with Roasted Cashews & Filter Coffee,Malabar Fish Curry with Steamed Rice & Beetroot Thoran,Soya Chunks Curry with 1 cup Brown Rice & Fresh Salad,"Sprouted Moong Chaat with Onion, Tomato, Lemon & Chaat Masala",447,14.28,49.46,"Obesity, Hypertension, Diabetes, Heart Disease, Kidney Disease","Indian, Low Fat, Dash, Balanced"
1589,264.58,45.13,39.6,28.64,29.94,1725,"Masala Dosa with Potato Filling, Sambar & Coconut Chutney","South Indian Meals: Sambar, Rasam, Cabbage Poriyal & Steamed Rice","Moong Dal Khichdi with Desi Ghee, Curd & Roasted Papad","Fresh Fruit Chaat (Papaya, Apple, Guava & Chaat Masala)",407,11.28,103.06,"Obesity, Heart Disease","Indian, Low Fat, Dash, Balanced"
1796,188.26,95.32,73.59,12.73,29.29,1718,Moong Dal Cheela with Paneer Stuffing & Mint Chutney,Hyderabadi Chicken Biryani with Mirchi ka Salan & Onion Raita,Palak Paneer (Spinach Cottage Cheese) with 2 Whole Wheat Chapatis,Roasted Chana (Bhuna Chana - 50g) with Masala Chai,885,15.52,46.37,Diabetes,"Indian, High Protein, Traditional"
1668,217.2,57.28,65.11,19.41,26.92,1770,Ragi Dosa (2 pcs) with Tomato Onion Chutney & Buttermilk,Paneer Butter Masala with 2 Whole Wheat Phulkas & Boondi Raita,"Moong Dal Khichdi with Desi Ghee, Curd & Roasted Papad",Bhel Puri (Puffed Rice with Veggies & Tamarind Chutney),951,13.09,37.75,,"Indian, Vegetarian, Balanced"
1678,179.89,77.1,73.74,12.08,26.56,1678,"Masala Dosa with Potato Filling, Sambar & Coconut Chutney",Paneer Butter Masala with 2 Whole Wheat Phulkas & Boondi Raita,Soya Chunks Curry with 1 cup Brown Rice & Fresh Salad,Paneer Tikka (3 grilled cubes) with Mint Coriander Chutney,889,13.81,38.64,Diabetes,"Indian, Vegetarian, Balanced"
1876,223.5,100.74,65.98,17.6,23.69,2042,2 Boiled Eggs with 2 Multigrain Toasts & Masala Chai,Hyderabadi Chicken Biryani with Mirchi ka Salan & Onion Raita,Malabar Fish Curry with Steamed Rice & Beetroot Thoran,Khaman Dhokla (2 steamed pcs) with Green Coriander Chutney,506,13.95,34.54,,"Indian, High Protein, Traditional"
1670,188.73,97.61,58.97,10.72,22.34,1820,"Masala Dosa with Potato Filling, Sambar & Coconut Chutney",Malabar Fish Curry with Steamed Rice & Beetroot Thoran,Tandoori Chicken (2 pcs leg/thigh) with Mint Raita & Green Salad,Roasted Makhana (Foxnuts - 30g) with Green Tea,449,12.28,41.54,Diabetes,"Indian, High Protein, Traditional"
1514,226.6,58.4,41.71,20.19,30.38,1715,2 Boiled Eggs with 2 Multigrain Toasts & Masala Chai,"South Indian Meals: Sambar, Rasam, Cabbage Poriyal & Steamed Rice","Mix Vegetable Subzi (Beans, Carrot, Peas) with 2 Chapatis & Dal Fry",Bhel Puri (Puffed Rice with Veggies & Tamarind Chutney),440,13.08,57.16,"Obesity, Heart Disease","Indian, Low Fat, Dash, Balanced"
1494,220.01,59.87,43.25,27.46,29.78,1431,"Poha with Peanuts, Curry Leaves & Lemon with Green Tea",Bhindi Do Pyaza with 2 Whole Wheat Rotis & Dal Palak,Malabar Fish Curry with Steamed Rice & Beetroot Thoran,"Fresh Fruit Chaat (Papaya, Apple, Guava & Chaat Masala)",468,13.89,118.16,"Obesity, Heart Disease","Indian, Low Fat, Dash, Balanced"
1782,192.77,102.95,67.63,10.02,20.46,1960,"Masala Dosa with Potato Filling, Sambar & Coconut Chutney",Hyderabadi Chicken Biryani with Mirchi ka Salan & Onion Raita,Tandoori Chicken (2 pcs leg/thigh) with Mint Raita & Green Salad,Roasted Makhana (Foxnuts - 30g) with Green Tea,444,12.28,34.57,Diabetes,"Indian, High Protein, Traditional"
1523,192.16,59.56,59.46,12.5,32.03,1621,Ragi Dosa (2 pcs) with Tomato Onion Chutney & Buttermilk,Chole Masala (Spiced Chickpeas) with 1 Bhatura & Pickled Onions,Palak Paneer (Spinach Cottage Cheese) with 2 Whole Wheat Chapatis,"Sprouted Moong Chaat with Onion, Tomato, Lemon & Chaat Masala",838,16.4,64.05,"Obesity, Diabetes","Indian, Vegetarian, Balanced"
1573,188.49,80.81,56.94,11.56,27.08,1734,Besan Chilla (2 savory gram flour pancakes) with Green Coriander Chutney,Fish Curry (Rohu in Mustard Gravy) with Steamed Rice & Green Salad,Palak Paneer (Spinach Cottage Cheese) with 2 Whole Wheat Chapatis,Khaman Dhokla (2 steamed pcs) with Green Coriander Chutney,645,14.45,59.51,"Obesity, Diabetes","Indian, Traditional, Balanced"
1563,179.05,92.2,53.2,14.49,21.04,1707,"Poha with Peanuts, Curry Leaves & Lemon with Green Tea",Homestyle Chicken Curry with 2 Chapatis & Onion Salad,Chicken Tikka Masala with 2 Whole Wheat Tandoori Rotis & Salad,Bhel Puri (Puffed Rice with Veggies & Tamarind Chutney),300,13.99,50.82,Obesity,"Indian, High Protein, Traditional"
1325,229.41,43.03,27.01,26.49,32.45,1510,2 Idlis with Sambhar (1 katori) & Coconut Chutney (2 tbsp),"South Indian Meals: Sambar, Rasam, Cabbage Poriyal & Steamed Rice",Lauki Chana Dal Curry with 2 Phulkas & Cucumber Tomato Salad,"Fresh Fruit Chaat (Papaya, Apple, Guava & Chaat Masala)",345,10.78,105.87,"Obesity, Heart Disease","Indian, Low Fat, Dash, Balanced"
1669,262.52,56.53,44.22,14.18,35.46,1804,"Masala Dosa with Potato Filling, Sambar & Coconut Chutney",Rajma Masala (Kidney Beans Curry) with Jeera Rice & Kachumber,"Mix Vegetable Subzi (Beans, Carrot, Peas) with 2 Chapatis & Dal Fry",Khaman Dhokla (2 steamed pcs) with Green Coriander Chutney,368,14.5,55.07,Heart Disease,"Indian, Low Fat, Dash, Balanced"
1612,214.07,72.73,53.28,25.28,22.93,1654,1 Crispy Aloo Paratha with Fresh Curd (Dahi) & Zeera Pickle,Hyderabadi Chicken Biryani with Mirchi ka Salan & Onion Raita,Malabar Fish Curry with Steamed Rice & Beetroot Thoran,"Fresh Fruit Chaat (Papaya, Apple, Guava & Chaat Masala)",463,11.09,84.86,,"Indian, Traditional, Balanced"
1598,193.6,83.7,55.05,10.33,27.87,1559,Moong Dal Cheela with Paneer Stuffing & Mint Chutney,Rajma Masala (Kidney Beans Curry) with Jeera Rice & Kachumber,Malabar Fish Curry with Steamed Rice & Beetroot Thoran,Paneer Tikka (3 grilled cubes) with Mint Coriander Chutney,719,13.15,47.65,"Obesity, Diabetes","Indian, Traditional, Balanced"
1496,203.7,59.08,50.46,10.85,27.8,1569,1 Crispy Aloo Paratha with Fresh Curd (Dahi) & Zeera Pickle,Dal Tadka (Yellow Lentil) with Steamed Basmati Rice & Cucumber Salad,Palak Paneer (Spinach Cottage Cheese) with 2 Whole Wheat Chapatis,"Sprouted Moong Chaat with Onion, Tomato, Lemon & Chaat Masala",673,13.46,60.15,"Obesity, Heart Disease","Indian, Vegetarian, Balanced"
1531,216.54,68.68,42.71,12.09,32.31,1417,Moong Dal Cheela with Paneer Stuffing & Mint Chutney,Rajma Masala (Kidney Beans Curry) with Jeera Rice & Kachumber,"Moong Dal Khichdi with Desi Ghee, Curd & Roasted Papad",Roasted Chana (Bhuna Chana - 50g) with Masala Chai,583,14.27,32.8,"Obesity, Heart Disease","Indian, Low Fat, Dash, Balanced"
1657,237.34,75.43,44.97,16.29,31.24,1540,Vegetable Upma with Roasted Cashews & Filter Coffee,Fish Curry (Rohu in Mustard Gravy) with Steamed Rice & Green Salad,"Mix Vegetable Subzi (Beans, Carrot, Peas) with 2 Chapatis & Dal Fry",Roasted Chana (Bhuna Chana - 50g) with Masala Chai,455,14.17,48.32,Heart Disease,"Indian, Low Fat, Dash, Balanced"
1803,242.23,61.31,67.13,14.24,32.53,1891,"Masala Dosa with Potato Filling, Sambar & Coconut Chutney",Rajma Masala (Kidney Beans Curry) with Jeera Rice & Kachumber,Palak Paneer (Spinach Cottage Cheese) with 2 Whole Wheat Chapatis,1 Vegetable Samosa with Mint Chutney & Masala Chai,670,15.38,55.59,,"Indian, Vegetarian, Balanced"
1677,161.44,91.24,73.61,16.88,22.12,1832,2 Boiled Eggs with 2 Multigrain Toasts & Masala Chai,Homestyle Chicken Curry with 2 Chapatis & Onion Salad,Egg Curry (2 Eggs) with 1.5 Whole Wheat Rotis & Kachumber Salad,1 Vegetable Samosa with Mint Chutney & Masala Chai,473,13.57,36.97,,"Indian, Low Carb, Traditional"
1583,230.73,54.9,51.25,12.71,28.54,1656,"Poha with Peanuts, Curry Leaves & Lemon with Green Tea",Chole Masala (Spiced Chickpeas) with 1 Bhatura & Pickled Onions,"Moong Dal Khichdi with Desi Ghee, Curd & Roasted Papad","Sprouted Moong Chaat with Onion, Tomato, Lemon & Chaat Masala",401,15.73,55.1,"Obesity, Heart Disease","Indian, Vegetarian, Balanced"
1495,169.81,87.83,52.63,13.79,31.78,1788,2 Idlis with Sambhar (1 katori) & Coconut Chutney (2 tbsp),Baingan Bharta with 2 Bajra Rotis & Plain Dahi,Tandoori Chicken (2 pcs leg/thigh) with Mint Raita & Green Salad,"Sprouted Moong Chaat with Onion, Tomato, Lemon & Chaat Masala",553,15.45,62.89,"Obesity, Diabetes","Indian, Low Carb, Traditional"
1628,257.48,56.73,41.85,13.54,35.47,1511,Vegetable Upma with Roasted Cashews & Filter Coffee,Rajma Masala (Kidney Beans Curry) with Jeera Rice & Kachumber,"Mix Vegetable Subzi (Beans, Carrot, Peas) with 2 Chapatis & Dal Fry",Roasted Makhana (Foxnuts - 30g) with Green Tea,421,14.32,49.68,Heart Disease,"Indian, Low Fat, Dash, Balanced"
1478,175.42,62.87,60.18,10.78,30.52,1598,Besan Chilla (2 savory gram flour pancakes) with Green Coriander Chutney,Chole Masala (Spiced Chickpeas) with 1 Bhatura & Pickled Onions,Lauki Chana Dal Curry with 2 Phulkas & Cucumber Tomato Salad,Paneer Tikka (3 grilled cubes) with Mint Coriander Chutney,537,13.96,49.78,"Obesity, Diabetes","Indian, Vegetarian, Balanced"
1588,198.35,71.87,57.65,10.0,27.45,1530,Moong Dal Cheela with Paneer Stuffing & Mint Chutney,Chole Masala (Spiced Chickpeas) with 1 Bhatura & Pickled Onions,Malabar Fish Curry with Steamed Rice & Beetroot Thoran,Roasted Makhana (Foxnuts - 30g) with Green Tea,549,13.53,38.73,Obesity,"Indian, Traditional, Balanced"
1699,238.94,70.04,51.9,14.51,36.29,1693,Moong Dal Cheela with Paneer Stuffing & Mint Chutney,Rajma Masala (Kidney Beans Curry) with Jeera Rice & Kachumber,Aloo Gobi Matar Masala with 2 Whole Wheat Rotis & Plain Dahi,Khaman Dhokla (2 steamed pcs) with Green Coriander Chutney,630,14.84,72.35,Heart Disease,"Indian, Vegetarian, Balanced"
1538,233.46,48.16,46.78,27.58,31.82,1602,"Masala Dosa with Potato Filling, Sambar & Coconut Chutney",Bhindi Do Pyaza with 2 Whole Wheat Rotis & Dal Palak,"Moong Dal Khichdi with Desi Ghee, Curd & Roasted Papad","Fresh Fruit Chaat (Papaya, Apple, Guava & Chaat Masala)",499,12.3,103.42,"Obesity, Heart Disease","Indian, Low Fat, Dash, Balanced"
1301,167.76,74.85,37.61,7.77,23.67,1460,2 Idlis with Sambhar (1 katori) & Coconut Chutney (2 tbsp),Rajma Masala (Kidney Beans Curry) with Jeera Rice & Kachumber,Tandoori Chicken (2 pcs leg/thigh) with Mint Raita & Green Salad,Roasted Makhana (Foxnuts - 30g) with Green Tea,356,11.13,32.47,"Obesity, Diabetes, Heart Disease","Indian, Low Fat, Dash, Balanced"
1276,216.89,41.84,27.49,14.54,28.33,1548,2 Idlis with Sambhar (1 katori) & Coconut Chutney (2 tbsp),"South Indian Meals: Sambar, Rasam, Cabbage Poriyal & Steamed Rice",Lauki Chana Dal Curry with 2 Phulkas & Cucumber Tomato Salad,Bhel Puri (Puffed Rice with Veggies & Tamarind Chutney),310,10.69,52.63,"Obesity, Heart Disease","Indian, Low Fat, Dash, Balanced"
1217,185.17,36.25,37.76,24.79,31.19,1244,2 Idlis with Sambhar (1 katori) & Coconut Chutney (2 tbsp),Baingan Bharta with 2 Bajra Rotis & Plain Dahi,Aloo Gobi Matar Masala with 2 Whole Wheat Rotis & Plain Dahi,"Fresh Fruit Chaat (Papaya, Apple, Guava & Chaat Masala)",458,11.55,101.29,"Obesity, Hypertension, Heart Disease, Kidney Disease","Indian, Low Fat, Dash, Balanced"
1435,180.76,79.78,44.24,10.74,26.29,1629,"Masala Dosa with Potato Filling, Sambar & Coconut Chutney",Rajma Masala (Kidney Beans Curry) with Jeera Rice & Kachumber,Tandoori Chicken (2 pcs leg/thigh) with Mint Raita & Green Salad,"Sprouted Moong Chaat with Onion, Tomato, Lemon & Chaat Masala",368,12.87,52.29,"Obesity, Diabetes, Heart Disease","Indian, Low Fat, Dash, Balanced"
1483,205.81,74.93,40.33,14.04,25.8,1547,2 Boiled Eggs with 2 Multigrain Toasts & Masala Chai,Dal Tadka (Yellow Lentil) with Steamed Basmati Rice & Cucumber Salad,Malabar Fish Curry with Steamed Rice & Beetroot Thoran,"Sprouted Moong Chaat with Onion, Tomato, Lemon & Chaat Masala",422,13.05,43.3,"Obesity, Heart Disease","Indian, Low Fat, Dash, Balanced"
1603,176.18,79.77,66.94,13.83,24.15,1944,2 Idlis with Sambhar (1 katori) & Coconut Chutney (2 tbsp),Chole Masala (Spiced Chickpeas) with 1 Bhatura & Pickled Onions,Tandoori Chicken (2 pcs leg/thigh) with Mint Raita & Green Salad,1 Vegetable Samosa with Mint Chutney & Masala Chai,429,12.83,38.68,Diabetes,"Indian, Traditional, Balanced"
1465,192.08,63.64,49.88,12.96,25.12,1589,2 Methi Theplas with Fresh Curd (Dahi) & Mint Chutney,Hyderabadi Chicken Biryani with Mirchi ka Salan & Onion Raita,"Mix Vegetable Subzi (Beans, Carrot, Peas) with 2 Chapatis & Dal Fry",Khaman Dhokla (2 steamed pcs) with Green Coriander Chutney,446,11.72,41.98,"Obesity, Diabetes, Heart Disease","Indian, Traditional, Balanced"
1498,209.74,52.84,50.37,16.0,37.48,1579,2 Methi Theplas with Fresh Curd (Dahi) & Mint Chutney,Baingan Bharta with 2 Bajra Rotis & Plain Dahi,Lauki Chana Dal Curry with 2 Phulkas & Cucumber Tomato Salad,Khaman Dhokla (2 steamed pcs) with Green Coriander Chutney,601,16.0,56.06,"Obesity, Heart Disease","Indian, Vegetarian, Balanced"
1397,122.83,82.68,64.59,11.93,24.81,1515,2 Methi Theplas with Fresh Curd (Dahi) & Mint Chutney,Baingan Bharta with 2 Bajra Rotis & Plain Dahi,Tandoori Chicken (2 pcs leg/thigh) with Mint Raita & Green Salad,Paneer Tikka (3 grilled cubes) with Mint Coriander Chutney,767,13.26,47.35,"Obesity, Diabetes","Indian, Low Carb, Traditional"
1356,217.09,52.39,30.05,12.1,32.2,1298,Ragi Dosa (2 pcs) with Tomato Onion Chutney & Buttermilk,Dal Tadka (Yellow Lentil) with Steamed Basmati Rice & Cucumber Salad,Lauki Chana Dal Curry with 2 Phulkas & Cucumber Tomato Salad,Roasted Chana (Bhuna Chana - 50g) with Masala Chai,553,13.85,37.17,"Obesity, Hypertension, Heart Disease, Kidney Disease","Indian, Low Fat, Dash, Balanced"
1406,169.57,69.04,50.36,12.61,25.04,1493,2 Methi Theplas with Fresh Curd (Dahi) & Mint Chutney,Malabar Fish Curry with Steamed Rice & Beetroot Thoran,Egg Curry (2 Eggs) with 1.5 Whole Wheat Rotis & Kachumber Salad,"Sprouted Moong Chaat with Onion, Tomato, Lemon & Chaat Masala",499,12.9,56.72,"Obesity, Diabetes, Heart Disease","Indian, Low Carb, Traditional"
1424,174.05,59.7,55.98,14.15,22.29,1477,Ragi Dosa (2 pcs) with Tomato Onion Chutney & Buttermilk,Paneer Butter Masala with 2 Whole Wheat Phulkas & Boondi Raita,Malabar Fish Curry with Steamed Rice & Beetroot Thoran,Khaman Dhokla (2 steamed pcs) with Green Coriander Chutney,774,10.97,37.32,Obesity,"Indian, Low Carb, Traditional"
1488,208.52,54.18,49.32,12.21,27.19,1603,1 Crispy Aloo Paratha with Fresh Curd (Dahi) & Zeera Pickle,"South Indian Meals: Sambar, Rasam, Cabbage Poriyal & Steamed Rice","Mix Vegetable Subzi (Beans, Carrot, Peas) with 2 Chapatis & Dal Fry",Paneer Tikka (3 grilled cubes) with Mint Coriander Chutney,618,11.06,61.81,"Obesity, Heart Disease","Indian, Vegetarian, Balanced"
1362,188.42,62.57,40.78,8.78,21.24,1479,2 Idlis with Sambhar (1 katori) & Coconut Chutney (2 tbsp),Dal Tadka (Yellow Lentil) with Steamed Basmati Rice & Cucumber Salad,Malabar Fish Curry with Steamed Rice & Beetroot Thoran,Paneer Tikka (3 grilled cubes) with Mint Coriander Chutney,480,9.86,34.51,"Obesity, Diabetes","Indian, Low Fat, Dash, Balanced"
1284,194.22,40.24,39.68,25.02,29.23,1195,"Poha with Peanuts, Curry Leaves & Lemon with Green Tea",Bhindi Do Pyaza with 2 Whole Wheat Rotis & Dal Palak,Aloo Gobi Matar Masala with 2 Whole Wheat Rotis & Plain Dahi,"Fresh Fruit Chaat (Papaya, Apple, Guava & Chaat Masala)",453,12.14,122.13,"Obesity, Hypertension, Heart Disease, Kidney Disease","Indian, Low Fat, Dash, Balanced"
1537,219.93,64.59,44.03,13.58,30.95,1527,"Masala Dosa with Potato Filling, Sambar & Coconut Chutney",Malabar Fish Curry with Steamed Rice & Beetroot Thoran,Lauki Chana Dal Curry with 2 Phulkas & Cucumber Tomato Salad,Roasted Chana (Bhuna Chana - 50g) with Masala Chai,396,13.38,42.13,"Obesity, Heart Disease","Indian, Low Fat, Dash, Balanced"
1563,206.35,62.2,54.44,11.31,32.82,1453,Moong Dal Cheela with Paneer Stuffing & Mint Chutney,Baingan Bharta with 2 Bajra Rotis & Plain Dahi,"Moong Dal Khichdi with Desi Ghee, Curd & Roasted Papad",Roasted Makhana (Foxnuts - 30g) with Green Tea,726,14.97,39.58,Obesity,"Indian, Vegetarian, Balanced"
1553,197.89,80.45,49.5,9.27,26.95,1500,2 Methi Theplas with Fresh Curd (Dahi) & Mint Chutney,Hyderabadi Chicken Biryani with Mirchi ka Salan & Onion Raita,Soya Chunks Curry with 1 cup Brown Rice & Fresh Salad,Roasted Makhana (Foxnuts - 30g) with Green Tea,554,14.81,29.91,"Obesity, Heart Disease","Indian, Traditional, Balanced"
1621,223.09,82.71,44.51,14.94,24.94,1494,Vegetable Upma with Roasted Cashews & Filter Coffee,Fish Curry (Rohu in Mustard Gravy) with Steamed Rice & Green Salad,Malabar Fish Curry with Steamed Rice & Beetroot Thoran,Roasted Chana (Bhuna Chana - 50g) with Masala Chai,437,12.94,38.2,Heart Disease,"Indian, Low Fat, Dash, Balanced"
1429,177.79,45.93,60.89,18.58,23.19,1416,Vegetable Upma with Roasted Cashews & Filter Coffee,Paneer Butter Masala with 2 Whole Wheat Phulkas & Boondi Raita,Aloo Gobi Matar Masala with 2 Whole Wheat Rotis & Plain Dahi,Bhel Puri (Puffed Rice with Veggies & Tamarind Chutney),639,9.82,53.1,Obesity,"Indian, Vegetarian, Balanced"
1521,223.97,51.55,47.1,14.05,30.22,1587,2 Methi Theplas with Fresh Curd (Dahi) & Mint Chutney,Dal Tadka (Yellow Lentil) with Steamed Basmati Rice & Cucumber Salad,Lauki Chana Dal Curry with 2 Phulkas & Cucumber Tomato Salad,1 Vegetable Samosa with Mint Chutney & Masala Chai,472,12.84,42.55,"Obesity, Heart Disease","Indian, Low Fat, Dash, Balanced"
1385,179.49,73.73,41.52,7.89,24.05,1428,Besan Chilla (2 savory gram flour pancakes) with Green Coriander Chutney,Dal Tadka (Yellow Lentil) with Steamed Basmati Rice & Cucumber Salad,Chicken Tikka Masala with 2 Whole Wheat Tandoori Rotis & Salad,Roasted Makhana (Foxnuts - 30g) with Green Tea,307,12.02,35.97,"Obesity, Diabetes, Heart Disease","Indian, Low Fat, Dash, Balanced"
1396,166.73,70.01,50.74,11.08,26.44,1480,Besan Chilla (2 savory gram flour pancakes) with Green Coriander Chutney,Malabar Fish Curry with Steamed Rice & Beetroot Thoran,"Mix Vegetable Subzi (Beans, Carrot, Peas) with 2 Chapatis & Dal Fry",Paneer Tikka (3 grilled cubes) with Mint Coriander Chutney,541,11.92,53.34,"Obesity, Diabetes, Heart Disease","Indian, Low Carb, Traditional"
1653,184.5,103.12,55.9,9.77,29.32,1801,2 Idlis with Sambhar (1 katori) & Coconut Chutney (2 tbsp),Homestyle Chicken Curry with 2 Chapatis & Onion Salad,Soya Chunks Curry with 1 cup Brown Rice & Fresh Salad,Paneer Tikka (3 grilled cubes) with Mint Coriander Chutney,658,15.7,42.06,Diabetes,"Indian, High Protein, Traditional"
1322,129.52,91.02,49.36,23.38,21.06,1410,Moong Dal Cheela with Paneer Stuffing & Mint Chutney,Malabar Fish Curry with Steamed Rice & Beetroot Thoran,Tandoori Chicken (2 pcs leg/thigh) with Mint Raita & Green Salad,"Fresh Fruit Chaat (Papaya, Apple, Guava & Chaat Masala)",536,10.3,87.31,Obesity,"Indian, Low Carb, Traditional"
1481,229.12,57.21,37.09,14.86,35.07,1354,Vegetable Upma with Roasted Cashews & Filter Coffee,Rajma Masala (Kidney Beans Curry) with Jeera Rice & Kachumber,Lauki Chana Dal Curry with 2 Phulkas & Cucumber Tomato Salad,Roasted Chana (Bhuna Chana - 50g) with Masala Chai,397,14.35,41.24,"Obesity, Hypertension, Heart Disease, Kidney Disease","Indian, Low Fat, Dash, Balanced"
1427,176.61,53.37,58.01,15.01,22.52,1427,Vegetable Upma with Roasted Cashews & Filter Coffee,Paneer Butter Masala with 2 Whole Wheat Phulkas & Boondi Raita,"Moong Dal Khichdi with Desi Ghee, Curd & Roasted Papad","Sprouted Moong Chaat with Onion, Tomato, Lemon & Chaat Masala",651,10.29,39.29,Obesity,"Indian, Vegetarian, Balanced"
1660,239.62,59.85,52.13,15.02,37.43,1745,2 Idlis with Sambhar (1 katori) & Coconut Chutney (2 tbsp),Chole Masala (Spiced Chickpeas) with 1 Bhatura & Pickled Onions,"Mix Vegetable Subzi (Beans, Carrot, Peas) with 2 Chapatis & Dal Fry",Roasted Chana (Bhuna Chana - 50g) with Masala Chai,440,15.86,45.37,,"Indian, Vegetarian, Balanced"
1497,239.17,48.34,38.93,26.5,31.35,1517,1 Crispy Aloo Paratha with Fresh Curd (Dahi) & Zeera Pickle,Dal Tadka (Yellow Lentil) with Steamed Basmati Rice & Cucumber Salad,"Mix Vegetable Subzi (Beans, Carrot, Peas) with 2 Chapatis & Dal Fry","Fresh Fruit Chaat (Papaya, Apple, Guava & Chaat Masala)",438,11.93,98.7,"Obesity, Heart Disease","Indian, Low Fat, Dash, Balanced"
1660,208.29,58.66,66.29,15.18,26.54,1616,"Masala Dosa with Potato Filling, Sambar & Coconut Chutney",Paneer Butter Masala with 2 Whole Wheat Phulkas & Boondi Raita,"Moong Dal Khichdi with Desi Ghee, Curd & Roasted Papad",Roasted Chana (Bhuna Chana - 50g) with Masala Chai,702,12.04,26.73,,"Indian, Vegetarian, Balanced"
1930,242.62,91.19,67.89,16.97,28.62,1952,Vegetable Upma with Roasted Cashews & Filter Coffee,Hyderabadi Chicken Biryani with Mirchi ka Salan & Onion Raita,Soya Chunks Curry with 1 cup Brown Rice & Fresh Salad,1 Vegetable Samosa with Mint Chutney & Masala Chai,555,16.31,37.94,,"Indian, High Protein, Traditional"
1578,245.58,52.17,43.71,14.54,32.22,1660,Ragi Dosa (2 pcs) with Tomato Onion Chutney & Buttermilk,Dal Tadka (Yellow Lentil) with Steamed Basmati Rice & Cucumber Salad,Lauki Chana Dal Curry with 2 Phulkas & Cucumber Tomato Salad,1 Vegetable Samosa with Mint Chutney & Masala Chai,604,14.1,45.99,"Obesity, Heart Disease","Indian, Low Fat, Dash, Balanced"
1656,219.58,63.55,59.78,27.84,32.05,1672,Moong Dal Cheela with Paneer Stuffing & Mint Chutney,Chole Masala (Spiced Chickpeas) with 1 Bhatura & Pickled Onions,"Moong Dal Khichdi with Desi Ghee, Curd & Roasted Papad","Fresh Fruit Chaat (Papaya, Apple, Guava & Chaat Masala)",613,14.03,92.47,,"Indian, Vegetarian, Balanced"
1524,138.8,92.85,67.8,13.22,23.13,1652,Vegetable Upma with Roasted Cashews & Filter Coffee,Bhindi Do Pyaza with 2 Whole Wheat Rotis & Dal Palak,Tandoori Chicken (2 pcs leg/thigh) with Mint Raita & Green Salad,Paneer Tikka (3 grilled cubes) with Mint Coriander Chutney,730,11.83,58.95,"Obesity, Diabetes","Indian, Low Carb, Traditional"
1646,180.6,79.46,69.04,29.62,27.24,1661,Ragi Dosa (2 pcs) with Tomato Onion Chutney & Buttermilk,Paneer Butter Masala with 2 Whole Wheat Phulkas & Boondi Raita,Chicken Tikka Masala with 2 Whole Wheat Tandoori Rotis & Salad,"Fresh Fruit Chaat (Papaya, Apple, Guava & Chaat Masala)",893,12.9,94.94,,"Indian, Traditional, Balanced"
1467,225.14,60.26,37.7,26.69,28.59,1536,2 Idlis with Sambhar (1 katori) & Coconut Chutney (2 tbsp),Fish Curry (Rohu in Mustard Gravy) with Steamed Rice & Green Salad,Aloo Gobi Matar Masala with 2 Whole Wheat Rotis & Plain Dahi,"Fresh Fruit Chaat (Papaya, Apple, Guava & Chaat Masala)",425,11.01,114.26,"Obesity, Heart Disease","Indian, Low Fat, Dash, Balanced"
1340,170.85,76.64,39.47,8.84,25.26,1402,Ragi Dosa (2 pcs) with Tomato Onion Chutney & Buttermilk,Rajma Masala (Kidney Beans Curry) with Jeera Rice & Kachumber,Tandoori Chicken (2 pcs leg/thigh) with Mint Raita & Green Salad,Roasted Makhana (Foxnuts - 30g) with Green Tea,574,12.87,37.17,"Obesity, Diabetes, Heart Disease","Indian, Low Fat, Dash, Balanced"
1323,144.76,77.1,49.44,11.26,24.45,1511,1 Crispy Aloo Paratha with Fresh Curd (Dahi) & Zeera Pickle,Bhindi Do Pyaza with 2 Whole Wheat Rotis & Dal Palak,Tandoori Chicken (2 pcs leg/thigh) with Mint Raita & Green Salad,"Sprouted Moong Chaat with Onion, Tomato, Lemon & Chaat Masala",534,11.9,63.55,"Obesity, Diabetes, Heart Disease","Indian, Low Carb, Traditional"
1421,151.02,77.58,54.41,12.29,24.95,1407,2 Methi Theplas with Fresh Curd (Dahi) & Mint Chutney,Homestyle Chicken Curry with 2 Chapatis & Onion Salad,Egg Curry (2 Eggs) with 1.5 Whole Wheat Rotis & Kachumber Salad,Roasted Chana (Bhuna Chana - 50g) with Masala Chai,475,13.23,36.96,"Obesity, Diabetes","Indian, Low Carb, Traditional"
1500,194.91,70.68,49.71,27.81,32.49,1629,2 Idlis with Sambhar (1 katori) & Coconut Chutney (2 tbsp),Baingan Bharta with 2 Bajra Rotis & Plain Dahi,Chicken Tikka Masala with 2 Whole Wheat Tandoori Rotis & Salad,"Fresh Fruit Chaat (Papaya, Apple, Guava & Chaat Masala)",470,14.22,99.74,"Obesity, Heart Disease","Indian, Traditional, Balanced"
1436,205.2,49.99,47.19,11.8,24.66,1441,"Poha with Peanuts, Curry Leaves & Lemon with Green Tea","South Indian Meals: Sambar, Rasam, Cabbage Poriyal & Steamed Rice",Aloo Gobi Matar Masala with 2 Whole Wheat Rotis & Plain Dahi,Paneer Tikka (3 grilled cubes) with Mint Coriander Chutney,563,11.6,78.04,"Obesity, Heart Disease","Indian, Low Fat, Dash, Balanced"
1288,192.22,57.61,33.24,10.89,23.54,1468,2 Idlis with Sambhar (1 katori) & Coconut Chutney (2 tbsp),Malabar Fish Curry with Steamed Rice & Beetroot Thoran,"Moong Dal Khichdi with Desi Ghee, Curd & Roasted Papad","Sprouted Moong Chaat with Onion, Tomato, Lemon & Chaat Masala",370,10.62,41.36,"Obesity, Diabetes, Heart Disease","Indian, Low Fat, Dash, Balanced"
1578,187.26,79.68,58.22,13.38,24.35,1761,1 Crispy Aloo Paratha with Fresh Curd (Dahi) & Zeera Pickle,Rajma Masala (Kidney Beans Curry) with Jeera Rice & Kachumber,Tandoori Chicken (2 pcs leg/thigh) with Mint Raita & Green Salad,1 Vegetable Samosa with Mint Chutney & Masala Chai,489,12.51,43.01,"Obesity, Diabetes","Indian, Traditional, Balanced"
1508,211.88,67.91,43.94,11.72,33.63,1367,Vegetable Upma with Roasted Cashews & Filter Coffee,Bhindi Do Pyaza with 2 Whole Wheat Rotis & Dal Palak,Soya Chunks Curry with 1 cup Brown Rice & Fresh Salad,Roasted Makhana (Foxnuts - 30g) with Green Tea,580,15.84,50.23,"Obesity, Hypertension, Heart Disease, Kidney Disease","Indian, Low Fat, Dash, Balanced"
1509,166.95,68.8,62.58,12.07,28.13,1467,Moong Dal Cheela with Paneer Stuffing & Mint Chutney,Chole Masala (Spiced Chickpeas) with 1 Bhatura & Pickled Onions,Egg Curry (2 Eggs) with 1.5 Whole Wheat Rotis & Kachumber Salad,Roasted Chana (Bhuna Chana - 50g) with Masala Chai,552,14.39,38.9,"Obesity, Diabetes","Indian, Low Carb, Traditional"
1316,187.79,60.04,36.51,11.9,21.82,1339,2 Boiled Eggs with 2 Multigrain Toasts & Masala Chai,"South Indian Meals: Sambar, Rasam, Cabbage Poriyal & Steamed Rice",Malabar Fish Curry with Steamed Rice & Beetroot Thoran,Roasted Makhana (Foxnuts - 30g) with Green Tea,394,10.37,36.15,"Obesity, Hypertension, Diabetes, Kidney Disease","Indian, Low Fat, Dash, Balanced"
1454,177.61,76.0,50.3,9.06,21.52,1554,Besan Chilla (2 savory gram flour pancakes) with Green Coriander Chutney,Fish Curry (Rohu in Mustard Gravy) with Steamed Rice & Green Salad,"Moong Dal Khichdi with Desi Ghee, Curd & Roasted Papad",Paneer Tikka (3 grilled cubes) with Mint Coriander Chutney,566,11.46,39.45,"Obesity, Diabetes","Indian, Traditional, Balanced"
1233,165.39,64.56,35.54,9.7,21.58,1220,2 Boiled Eggs with 2 Multigrain Toasts & Masala Chai,Fish Curry (Rohu in Mustard Gravy) with Steamed Rice & Green Salad,Lauki Chana Dal Curry with 2 Phulkas & Cucumber Tomato Salad,Roasted Makhana (Foxnuts - 30g) with Green Tea,365,10.7,27.93,"Obesity, Hypertension, Diabetes, Kidney Disease","Indian, Low Fat, Dash, Balanced"
1378,206.38,60.57,34.79,12.56,29.82,1491,2 Methi Theplas with Fresh Curd (Dahi) & Mint Chutney,"South Indian Meals: Sambar, Rasam, Cabbage Poriyal & Steamed Rice",Soya Chunks Curry with 1 cup Brown Rice & Fresh Salad,Khaman Dhokla (2 steamed pcs) with Green Coriander Chutney,506,14.06,49.32,"Obesity, Heart Disease","Indian, Low Fat, Dash, Balanced"
1704,215.77,86.81,56.06,13.71,26.62,1785,2 Methi Theplas with Fresh Curd (Dahi) & Mint Chutney,Hyderabadi Chicken Biryani with Mirchi ka Salan & Onion Raita,Malabar Fish Curry with Steamed Rice & Beetroot Thoran,"Sprouted Moong Chaat with Onion, Tomato, Lemon & Chaat Masala",537,13.91,53.04,,"Indian, High Protein, Traditional"
1531,206.1,49.35,57.44,16.69,35.73,1566,2 Methi Theplas with Fresh Curd (Dahi) & Mint Chutney,Baingan Bharta with 2 Bajra Rotis & Plain Dahi,Lauki Chana Dal Curry with 2 Phulkas & Cucumber Tomato Salad,1 Vegetable Samosa with Mint Chutney & Masala Chai,614,15.46,52.73,Obesity,"Indian, Vegetarian, Balanced"
1495,188.32,65.85,55.37,11.44,22.69,1663,2 Idlis with Sambhar (1 katori) & Coconut Chutney (2 tbsp),Fish Curry (Rohu in Mustard Gravy) with Steamed Rice & Green Salad,Palak Paneer (Spinach Cottage Cheese) with 2 Whole Wheat Chapatis,1 Vegetable Samosa with Mint Chutney & Masala Chai,609,11.82,46.05,"Obesity, Diabetes","Indian, Traditional, Balanced"
1509,182.06,72.46,55.57,12.28,27.84,1556,2 Methi Theplas with Fresh Curd (Dahi) & Mint Chutney,Malabar Fish Curry with Steamed Rice & Beetroot Thoran,Lauki Chana Dal Curry with 2 Phulkas & Cucumber Tomato Salad,Paneer Tikka (3 grilled cubes) with Mint Coriander Chutney,691,12.59,50.35,"Obesity, Diabetes","Indian, Traditional, Balanced"
1530,175.4,78.65,57.06,26.89,26.46,1524,Moong Dal Cheela with Paneer Stuffing & Mint Chutney,Malabar Fish Curry with Steamed Rice & Beetroot Thoran,Egg Curry (2 Eggs) with 1.5 Whole Wheat Rotis & Kachumber Salad,"Fresh Fruit Chaat (Papaya, Apple, Guava & Chaat Masala)",591,12.38,102.57,Obesity,"Indian, Traditional, Balanced"
1453,204.74,47.72,50.03,14.62,33.77,1453,1 Crispy Aloo Paratha with Fresh Curd (Dahi) & Zeera Pickle,Baingan Bharta with 2 Bajra Rotis & Plain Dahi,Aloo Gobi Matar Masala with 2 Whole Wheat Rotis & Plain Dahi,"Sprouted Moong Chaat with Onion, Tomato, Lemon & Chaat Masala",599,14.43,78.51,"Obesity, Heart Disease","Indian, Vegetarian, Balanced"
1398,201.27,56.51,41.57,11.28,27.0,1611,2 Idlis with Sambhar (1 katori) & Coconut Chutney (2 tbsp),Rajma Masala (Kidney Beans Curry) with Jeera Rice & Kachumber,Egg Curry (2 Eggs) with 1.5 Whole Wheat Rotis & Kachumber Salad,Khaman Dhokla (2 steamed pcs) with Green Coriander Chutney,339,12.34,42.14,"Obesity, Heart Disease","Indian, Low Fat, Dash, Balanced"
1717,191.96,64.84,78.76,19.03,29.12,1796,Ragi Dosa (2 pcs) with Tomato Onion Chutney & Buttermilk,Paneer Butter Masala with 2 Whole Wheat Phulkas & Boondi Raita,Palak Paneer (Spinach Cottage Cheese) with 2 Whole Wheat Chapatis,Bhel Puri (Puffed Rice with Veggies & Tamarind Chutney),1198,14.88,56.12,,"Indian, Vegetarian, Balanced"
1591,224.83,76.58,43.81,13.82,26.99,1939,2 Idlis with Sambhar (1 katori) & Coconut Chutney (2 tbsp),"South Indian Meals: Sambar, Rasam, Cabbage Poriyal & Steamed Rice",Chicken Tikka Masala with 2 Whole Wheat Tandoori Rotis & Salad,Khaman Dhokla (2 steamed pcs) with Green Coriander Chutney,353,12.1,56.02,"Obesity, Heart Disease","Indian, Low Fat, Dash, Balanced"
1749,218.8,70.83,67.51,20.11,27.6,1819,Ragi Dosa (2 pcs) with Tomato Onion Chutney & Buttermilk,Paneer Butter Masala with 2 Whole Wheat Phulkas & Boondi Raita,Malabar Fish Curry with Steamed Rice & Beetroot Thoran,Bhel Puri (Puffed Rice with Veggies & Tamarind Chutney),944,13.8,47.5,,"Indian, Traditional, Balanced"
1526,185.54,68.25,57.93,9.79,22.51,1637,"Masala Dosa with Potato Filling, Sambar & Coconut Chutney",Hyderabadi Chicken Biryani with Mirchi ka Salan & Onion Raita,Lauki Chana Dal Curry with 2 Phulkas & Cucumber Tomato Salad,Paneer Tikka (3 grilled cubes) with Mint Coriander Chutney,500,10.86,38.89,"Obesity, Diabetes","Indian, Traditional, Balanced"
1509,211.99,52.92,50.38,8.1,25.97,1504,"Masala Dosa with Potato Filling, Sambar & Coconut Chutney",Dal Tadka (Yellow Lentil) with Steamed Basmati Rice & Cucumber Salad,Palak Paneer (Spinach Cottage Cheese) with 2 Whole Wheat Chapatis,Roasted Makhana (Foxnuts - 30g) with Green Tea,575,12.4,41.4,"Obesity, Heart Disease","Indian, Vegetarian, Balanced"
1435,189.16,76.22,41.97,16.46,24.58,1749,Ragi Dosa (2 pcs) with Tomato Onion Chutney & Buttermilk,"South Indian Meals: Sambar, Rasam, Cabbage Poriyal & Steamed Rice",Tandoori Chicken (2 pcs leg/thigh) with Mint Raita & Green Salad,Bhel Puri (Puffed Rice with Veggies & Tamarind Chutney),609,12.55,57.91,"Obesity, Heart Disease","Indian, Low Fat, Dash, Balanced"
1769,231.41,72.99,61.67,15.06,29.01,1709,1 Crispy Aloo Paratha with Fresh Curd (Dahi) & Zeera Pickle,Hyderabadi Chicken Biryani with Mirchi ka Salan & Onion Raita,Aloo Gobi Matar Masala with 2 Whole Wheat Rotis & Plain Dahi,Roasted Chana (Bhuna Chana - 50g) with Masala Chai,576,13.55,55.2,,"Indian, Traditional, Balanced"
1436,172.77,69.14,53.45,10.81,24.64,1525,Ragi Dosa (2 pcs) with Tomato Onion Chutney & Buttermilk,Hyderabadi Chicken Biryani with Mirchi ka Salan & Onion Raita,Palak Paneer (Spinach Cottage Cheese) with 2 Whole Wheat Chapatis,"Sprouted Moong Chaat with Onion, Tomato, Lemon & Chaat Masala",769,13.47,54.34,"Obesity, Diabetes","Indian, Low Carb, Traditional"
1704,214.32,58.58,69.93,19.24,29.45,1809,1 Crispy Aloo Paratha with Fresh Curd (Dahi) & Zeera Pickle,Paneer Butter Masala with 2 Whole Wheat Phulkas & Boondi Raita,Lauki Chana Dal Curry with 2 Phulkas & Cucumber Tomato Salad,Bhel Puri (Puffed Rice with Veggies & Tamarind Chutney),770,12.72,49.53,,"Indian, Vegetarian, Balanced"
1523,228.03,67.27,37.92,14.72,31.77,1583,2 Methi Theplas with Fresh Curd (Dahi) & Mint Chutney,Dal Tadka (Yellow Lentil) with Steamed Basmati Rice & Cucumber Salad,Soya Chunks Curry with 1 cup Brown Rice & Fresh Salad,Bhel Puri (Puffed Rice with Veggies & Tamarind Chutney),528,16.04,40.34,"Obesity, Heart Disease","Indian, Low Fat, Dash, Balanced"
1510,201.97,73.15,46.47,14.59,30.3,1529,2 Boiled Eggs with 2 Multigrain Toasts & Masala Chai,Rajma Masala (Kidney Beans Curry) with Jeera Rice & Kachumber,Soya Chunks Curry with 1 cup Brown Rice & Fresh Salad,1 Vegetable Samosa with Mint Chutney & Masala Chai,493,15.8,31.23,"Obesity, Heart Disease","Indian, Low Fat, Dash, Balanced"
1638,260.69,55.73,42.35,14.49,30.43,1817,1 Crispy Aloo Paratha with Fresh Curd (Dahi) & Zeera Pickle,"South Indian Meals: Sambar, Rasam, Cabbage Poriyal & Steamed Rice","Moong Dal Khichdi with Desi Ghee, Curd & Roasted Papad","Sprouted Moong Chaat with Onion, Tomato, Lemon & Chaat Masala",533,13.04,66.09,Heart Disease,"Indian, Low Fat, Dash, Balanced"
1569,251.55,50.59,40.6,17.59,25.4,1661,Vegetable Upma with Roasted Cashews & Filter Coffee,Dal Tadka (Yellow Lentil) with Steamed Basmati Rice & Cucumber Salad,"Moong Dal Khichdi with Desi Ghee, Curd & Roasted Papad",Bhel Puri (Puffed Rice with Veggies & Tamarind Chutney),390,11.83,33.66,"Obesity, Heart Disease","Indian, Low Fat, Dash, Balanced"
1802,240.51,89.54,55.35,13.35,25.07,1845,"Poha with Peanuts, Curry Leaves & Lemon with Green Tea",Hyderabadi Chicken Biryani with Mirchi ka Salan & Onion Raita,Malabar Fish Curry with Steamed Rice & Beetroot Thoran,"Sprouted Moong Chaat with Onion, Tomato, Lemon & Chaat Masala",423,15.41,62.73,,"Indian, High Protein, Traditional"
1742,268.04,56.85,50.61,15.77,34.61,1742,"Poha with Peanuts, Curry Leaves & Lemon with Green Tea",Rajma Masala (Kidney Beans Curry) with Jeera Rice & Kachumber,"Mix Vegetable Subzi (Beans, Carrot, Peas) with 2 Chapatis & Dal Fry",1 Vegetable Samosa with Mint Chutney & Masala Chai,409,16.43,63.2,Heart Disease,"Indian, Vegetarian, Balanced"
1577,249.55,54.55,40.89,12.95,34.21,1716,"Masala Dosa with Potato Filling, Sambar & Coconut Chutney",Rajma Masala (Kidney Beans Curry) with Jeera Rice & Kachumber,Lauki Chana Dal Curry with 2 Phulkas & Cucumber Tomato Salad,Khaman Dhokla (2 steamed pcs) with Green Coriander Chutney,339,13.97,49.31,"Obesity, Heart Disease","Indian, Low Fat, Dash, Balanced"
1596,186.75,70.63,64.85,28.88,28.27,1591,Besan Chilla (2 savory gram flour pancakes) with Green Coriander Chutney,Paneer Butter Masala with 2 Whole Wheat Phulkas & Boondi Raita,Malabar Fish Curry with Steamed Rice & Beetroot Thoran,"Fresh Fruit Chaat (Papaya, Apple, Guava & Chaat Masala)",690,12.06,95.66,Obesity,"Indian, Traditional, Balanced"
1458,218.06,52.92,43.05,13.45,32.42,1529,"Poha with Peanuts, Curry Leaves & Lemon with Green Tea",Bhindi Do Pyaza with 2 Whole Wheat Rotis & Dal Palak,Lauki Chana Dal Curry with 2 Phulkas & Cucumber Tomato Salad,Khaman Dhokla (2 steamed pcs) with Green Coriander Chutney,436,14.86,70.81,"Obesity, Heart Disease","Indian, Low Fat, Dash, Balanced"
1509,170.43,75.47,59.11,11.63,21.85,1712,Besan Chilla (2 savory gram flour pancakes) with Green Coriander Chutney,Hyderabadi Chicken Biryani with Mirchi ka Salan & Onion Raita,Egg Curry (2 Eggs) with 1.5 Whole Wheat Rotis & Kachumber Salad,Khaman Dhokla (2 steamed pcs) with Green Coriander Chutney,367,12.3,42.37,"Obesity, Diabetes","Indian, Low Carb, Traditional"
1465,195.69,50.79,53.9,28.34,30.58,1412,"Poha with Peanuts, Curry Leaves & Lemon with Green Tea",Baingan Bharta with 2 Bajra Rotis & Plain Dahi,Egg Curry (2 Eggs) with 1.5 Whole Wheat Rotis & Kachumber Salad,"Fresh Fruit Chaat (Papaya, Apple, Guava & Chaat Masala)",487,15.83,112.92,Obesity,"Indian, Traditional, Balanced"
1587,178.17,67.29,67.89,12.35,28.82,1466,Moong Dal Cheela with Paneer Stuffing & Mint Chutney,Paneer Butter Masala with 2 Whole Wheat Phulkas & Boondi Raita,"Mix Vegetable Subzi (Beans, Carrot, Peas) with 2 Chapatis & Dal Fry",Roasted Makhana (Foxnuts - 30g) with Green Tea,842,11.95,43.99,"Obesity, Diabetes","Indian, Vegetarian, Balanced"
1668,212.64,63.15,64.62,18.04,30.84,1789,2 Boiled Eggs with 2 Multigrain Toasts & Masala Chai,Chole Masala (Spiced Chickpeas) with 1 Bhatura & Pickled Onions,Aloo Gobi Matar Masala with 2 Whole Wheat Rotis & Plain Dahi,Khaman Dhokla (2 steamed pcs) with Green Coriander Chutney,511,14.69,56.65,,"Indian, Traditional, Balanced"
1602,231.06,74.62,42.8,29.83,31.27,1730,Ragi Dosa (2 pcs) with Tomato Onion Chutney & Buttermilk,"South Indian Meals: Sambar, Rasam, Cabbage Poriyal & Steamed Rice",Chicken Tikka Masala with 2 Whole Wheat Tandoori Rotis & Salad,"Fresh Fruit Chaat (Papaya, Apple, Guava & Chaat Masala)",621,13.75,116.97,Heart Disease,"Indian, Low Fat, Dash, Balanced"
1401,155.69,84.45,48.67,13.3,29.22,1461,Ragi Dosa (2 pcs) with Tomato Onion Chutney & Buttermilk,Bhindi Do Pyaza with 2 Whole Wheat Rotis & Dal Palak,Tandoori Chicken (2 pcs leg/thigh) with Mint Raita & Green Salad,Roasted Chana (Bhuna Chana - 50g) with Masala Chai,736,14.41,52.0,"Obesity, Diabetes, Heart Disease","Indian, Low Carb, Traditional"
1503,193.68,54.36,57.78,11.66,34.56,1423,Ragi Dosa (2 pcs) with Tomato Onion Chutney & Buttermilk,Baingan Bharta with 2 Bajra Rotis & Plain Dahi,Palak Paneer (Spinach Cottage Cheese) with 2 Whole Wheat Chapatis,Roasted Makhana (Foxnuts - 30g) with Green Tea,1001,17.01,56.18,"Obesity, Diabetes","Indian, Vegetarian, Balanced"
1318,170.55,70.8,39.83,12.54,18.35,1493,"Poha with Peanuts, Curry Leaves & Lemon with Green Tea",Dal Tadka (Yellow Lentil) with Steamed Basmati Rice & Cucumber Salad,Tandoori Chicken (2 pcs leg/thigh) with Mint Raita & Green Salad,Bhel Puri (Puffed Rice with Veggies & Tamarind Chutney),310,11.71,42.78,Obesity,"Indian, Low Fat, Dash, Balanced"
1621,194.58,65.41,63.44,16.54,36.37,1534,2 Methi Theplas with Fresh Curd (Dahi) & Mint Chutney,Baingan Bharta with 2 Bajra Rotis & Plain Dahi,Egg Curry (2 Eggs) with 1.5 Whole Wheat Rotis & Kachumber Salad,Roasted Chana (Bhuna Chana - 50g) with Masala Chai,696,17.75,50.62,,"Indian, Traditional, Balanced"
1509,176.55,75.09,57.28,12.55,27.82,1636,2 Methi Theplas with Fresh Curd (Dahi) & Mint Chutney,Chole Masala (Spiced Chickpeas) with 1 Bhatura & Pickled Onions,Chicken Tikka Masala with 2 Whole Wheat Tandoori Rotis & Salad,"Sprouted Moong Chaat with Onion, Tomato, Lemon & Chaat Masala",455,14.46,52.28,"Obesity, Diabetes","Indian, Traditional, Balanced"
1457,207.3,59.45,44.11,11.41,31.93,1477,Ragi Dosa (2 pcs) with Tomato Onion Chutney & Buttermilk,Rajma Masala (Kidney Beans Curry) with Jeera Rice & Kachumber,"Mix Vegetable Subzi (Beans, Carrot, Peas) with 2 Chapatis & Dal Fry",Paneer Tikka (3 grilled cubes) with Mint Coriander Chutney,739,13.9,52.83,"Obesity, Heart Disease","Indian, Low Fat, Dash, Balanced"
1435,164.7,78.61,52.19,8.33,19.42,1449,Moong Dal Cheela with Paneer Stuffing & Mint Chutney,Fish Curry (Rohu in Mustard Gravy) with Steamed Rice & Green Salad,"Moong Dal Khichdi with Desi Ghee, Curd & Roasted Papad",Paneer Tikka (3 grilled cubes) with Mint Coriander Chutney,696,10.42,35.42,Obesity,"Indian, Low Carb, Traditional"
1685,193.08,97.13,58.17,13.42,31.98,1792,Besan Chilla (2 savory gram flour pancakes) with Green Coriander Chutney,Homestyle Chicken Curry with 2 Chapatis & Onion Salad,Soya Chunks Curry with 1 cup Brown Rice & Fresh Salad,1 Vegetable Samosa with Mint Chutney & Masala Chai,477,17.28,46.15,Diabetes,"Indian, High Protein, Traditional"
1527,175.68,95.35,48.68,16.73,27.34,1648,2 Boiled Eggs with 2 Multigrain Toasts & Masala Chai,Homestyle Chicken Curry with 2 Chapatis & Onion Salad,Soya Chunks Curry with 1 cup Brown Rice & Fresh Salad,Bhel Puri (Puffed Rice with Veggies & Tamarind Chutney),476,16.03,33.55,"Obesity, Heart Disease","Indian, High Protein, Traditional"
1643,228.34,64.49,51.51,12.98,32.04,1622,"Masala Dosa with Potato Filling, Sambar & Coconut Chutney",Rajma Masala (Kidney Beans Curry) with Jeera Rice & Kachumber,Egg Curry (2 Eggs) with 1.5 Whole Wheat Rotis & Kachumber Salad,Roasted Chana (Bhuna Chana - 50g) with Masala Chai,411,15.11,42.59,Heart Disease,"Indian, Traditional, Balanced"
1591,182.84,76.87,62.57,11.39,25.49,1664,2 Methi Theplas with Fresh Curd (Dahi) & Mint Chutney,Hyderabadi Chicken Biryani with Mirchi ka Salan & Onion Raita,Lauki Chana Dal Curry with 2 Phulkas & Cucumber Tomato Salad,Paneer Tikka (3 grilled cubes) with Mint Coriander Chutney,667,12.36,42.91,"Obesity, Diabetes","Indian, Traditional, Balanced"
1659,225.33,89.27,42.91,11.67,36.31,1491,Moong Dal Cheela with Paneer Stuffing & Mint Chutney,Dal Tadka (Yellow Lentil) with Steamed Basmati Rice & Cucumber Salad,Soya Chunks Curry with 1 cup Brown Rice & Fresh Salad,Roasted Chana (Bhuna Chana - 50g) with Masala Chai,667,17.83,36.64,Heart Disease,"Indian, Low Fat, Dash, Balanced"
1360,151.94,71.69,51.21,12.54,26.49,1421,"Masala Dosa with Potato Filling, Sambar & Coconut Chutney",Baingan Bharta with 2 Bajra Rotis & Plain Dahi,Tandoori Chicken (2 pcs leg/thigh) with Mint Raita & Green Salad,Roasted Chana (Bhuna Chana - 50g) with Masala Chai,470,13.33,37.96,"Obesity, Diabetes, Heart Disease","Indian, Low Carb, Traditional"
1554,197.59,59.29,59.49,14.75,26.7,1574,2 Idlis with Sambhar (1 katori) & Coconut Chutney (2 tbsp),Paneer Butter Masala with 2 Whole Wheat Phulkas & Boondi Raita,"Moong Dal Khichdi with Desi Ghee, Curd & Roasted Papad",Roasted Chana (Bhuna Chana - 50g) with Masala Chai,710,11.56,23.91,Obesity,"Indian, Vegetarian, Balanced"
1567,237.22,57.05,44.39,15.67,27.12,1687,Ragi Dosa (2 pcs) with Tomato Onion Chutney & Buttermilk,"South Indian Meals: Sambar, Rasam, Cabbage Poriyal & Steamed Rice",Malabar Fish Curry with Steamed Rice & Beetroot Thoran,1 Vegetable Samosa with Mint Chutney & Masala Chai,613,12.55,55.24,"Obesity, Heart Disease","Indian, Low Fat, Dash, Balanced"
1441,125.55,106.07,58.55,8.75,18.49,1650,Besan Chilla (2 savory gram flour pancakes) with Green Coriander Chutney,Fish Curry (Rohu in Mustard Gravy) with Steamed Rice & Green Salad,Tandoori Chicken (2 pcs leg/thigh) with Mint Raita & Green Salad,Paneer Tikka (3 grilled cubes) with Mint Coriander Chutney,575,11.53,46.92,Obesity,"Indian, Low Carb, Traditional"
1611,250.79,49.29,45.94,19.67,33.29,1740,2 Methi Theplas with Fresh Curd (Dahi) & Mint Chutney,"South Indian Meals: Sambar, Rasam, Cabbage Poriyal & Steamed Rice",Aloo Gobi Matar Masala with 2 Whole Wheat Rotis & Plain Dahi,Bhel Puri (Puffed Rice with Veggies & Tamarind Chutney),570,13.3,82.26,Heart Disease,"Indian, Low Fat, Dash, Balanced"
1607,223.62,86.41,40.34,14.13,35.27,1499,Ragi Dosa (2 pcs) with Tomato Onion Chutney & Buttermilk,Malabar Fish Curry with Steamed Rice & Beetroot Thoran,Soya Chunks Curry with 1 cup Brown Rice & Fresh Salad,Roasted Chana (Bhuna Chana - 50g) with Masala Chai,755,18.45,40.88,Heart Disease,"Indian, Low Fat, Dash, Balanced"
1258,181.36,54.43,35.25,9.54,32.07,1154,Ragi Dosa (2 pcs) with Tomato Onion Chutney & Buttermilk,Baingan Bharta with 2 Bajra Rotis & Plain Dahi,Soya Chunks Curry with 1 cup Brown Rice & Fresh Salad,Roasted Makhana (Foxnuts - 30g) with Green Tea,681,16.17,37.53,"Obesity, Hypertension, Diabetes, Heart Disease, Kidney Disease","Indian, Low Fat, Dash, Balanced"
1577,194.22,79.61,54.77,11.13,27.44,1620,2 Methi Theplas with Fresh Curd (Dahi) & Mint Chutney,Fish Curry (Rohu in Mustard Gravy) with Steamed Rice & Green Salad,Lauki Chana Dal Curry with 2 Phulkas & Cucumber Tomato Salad,Paneer Tikka (3 grilled cubes) with Mint Coriander Chutney,702,13.07,51.53,"Obesity, Diabetes","Indian, Traditional, Balanced"
1471,197.26,48.04,55.94,15.23,24.45,1551,Vegetable Upma with Roasted Cashews & Filter Coffee,"South Indian Meals: Sambar, Rasam, Cabbage Poriyal & Steamed Rice",Palak Paneer (Spinach Cottage Cheese) with 2 Whole Wheat Chapatis,1 Vegetable Samosa with Mint Chutney & Masala Chai,616,11.28,56.88,Obesity,"Indian, Vegetarian, Balanced"
1516,226.7,48.3,48.4,15.31,27.36,1788,2 Idlis with Sambhar (1 katori) & Coconut Chutney (2 tbsp),Chole Masala (Spiced Chickpeas) with 1 Bhatura & Pickled Onions,"Moong Dal Khichdi with Desi Ghee, Curd & Roasted Papad",Bhel Puri (Puffed Rice with Veggies & Tamarind Chutney),380,12.84,33.49,"Obesity, Heart Disease","Indian, Vegetarian, Balanced"
1398,194.45,54.28,44.54,13.5,31.04,1340,2 Methi Theplas with Fresh Curd (Dahi) & Mint Chutney,Bhindi Do Pyaza with 2 Whole Wheat Rotis & Dal Palak,"Moong Dal Khichdi with Desi Ghee, Curd & Roasted Papad",Roasted Chana (Bhuna Chana - 50g) with Masala Chai,607,13.4,42.13,"Obesity, Hypertension, Diabetes, Heart Disease, Kidney Disease","Indian, Low Fat, Dash, Balanced"
1649,211.09,78.63,56.18,30.11,35.11,1665,2 Boiled Eggs with 2 Multigrain Toasts & Masala Chai,Chole Masala (Spiced Chickpeas) with 1 Bhatura & Pickled Onions,Soya Chunks Curry with 1 cup Brown Rice & Fresh Salad,"Fresh Fruit Chaat (Papaya, Apple, Guava & Chaat Masala)",553,17.87,87.14,,"Indian, Traditional, Balanced"
1506,206.62,64.16,47.29,17.07,36.65,1536,2 Methi Theplas with Fresh Curd (Dahi) & Mint Chutney,Baingan Bharta with 2 Bajra Rotis & Plain Dahi,Soya Chunks Curry with 1 cup Brown Rice & Fresh Salad,Bhel Puri (Puffed Rice with Veggies & Tamarind Chutney),660,18.37,49.6,"Obesity, Heart Disease","Indian, Low Fat, Dash, Balanced"
1428,189.77,79.42,40.02,13.72,27.43,1521,2 Boiled Eggs with 2 Multigrain Toasts & Masala Chai,Fish Curry (Rohu in Mustard Gravy) with Steamed Rice & Green Salad,Lauki Chana Dal Curry with 2 Phulkas & Cucumber Tomato Salad,"Sprouted Moong Chaat with Onion, Tomato, Lemon & Chaat Masala",428,13.51,50.85,"Obesity, Diabetes, Heart Disease","Indian, Low Fat, Dash, Balanced"
1449,168.91,69.45,56.43,25.67,30.67,1415,Besan Chilla (2 savory gram flour pancakes) with Green Coriander Chutney,Paneer Butter Masala with 2 Whole Wheat Phulkas & Boondi Raita,Soya Chunks Curry with 1 cup Brown Rice & Fresh Salad,"Fresh Fruit Chaat (Papaya, Apple, Guava & Chaat Masala)",699,14.06,86.44,Obesity,"Indian, Low Carb, Traditional"
1338,213.73,40.1,37.1,12.7,22.95,1569,2 Idlis with Sambhar (1 katori) & Coconut Chutney (2 tbsp),"South Indian Meals: Sambar, Rasam, Cabbage Poriyal & Steamed Rice","Moong Dal Khichdi with Desi Ghee, Curd & Roasted Papad",1 Vegetable Samosa with Mint Chutney & Masala Chai,361,9.34,37.92,"Obesity, Heart Disease","Indian, Low Fat, Dash, Balanced"
1461,179.98,75.43,49.24,11.53,24.47,1547,2 Methi Theplas with Fresh Curd (Dahi) & Mint Chutney,Fish Curry (Rohu in Mustard Gravy) with Steamed Rice & Green Salad,Egg Curry (2 Eggs) with 1.5 Whole Wheat Rotis & Kachumber Salad,"Sprouted Moong Chaat with Onion, Tomato, Lemon & Chaat Masala",498,13.35,58.04,"Obesity, Diabetes, Heart Disease","Indian, Traditional, Balanced"
1663,177.08,80.22,72.52,12.17,25.66,1572,"Poha with Peanuts, Curry Leaves & Lemon with Green Tea",Paneer Butter Masala with 2 Whole Wheat Phulkas & Boondi Raita,Soya Chunks Curry with 1 cup Brown Rice & Fresh Salad,Paneer Tikka (3 grilled cubes) with Mint Coriander Chutney,920,15.52,46.55,Diabetes,"Indian, Vegetarian, Balanced"
1679,259.91,55.2,47.92,15.32,32.27,1749,Ragi Dosa (2 pcs) with Tomato Onion Chutney & Buttermilk,Rajma Masala (Kidney Beans Curry) with Jeera Rice & Kachumber,"Moong Dal Khichdi with Desi Ghee, Curd & Roasted Papad",1 Vegetable Samosa with Mint Chutney & Masala Chai,671,14.99,39.77,Heart Disease,"Indian, Low Fat, Dash, Balanced"
1670,175.54,94.0,67.44,14.31,30.03,1908,2 Methi Theplas with Fresh Curd (Dahi) & Mint Chutney,Chole Masala (Spiced Chickpeas) with 1 Bhatura & Pickled Onions,Tandoori Chicken (2 pcs leg/thigh) with Mint Raita & Green Salad,"Sprouted Moong Chaat with Onion, Tomato, Lemon & Chaat Masala",583,16.05,59.96,,"Indian, High Protein, Traditional"
1369,190.05,47.67,47.21,13.32,23.88,1378,Vegetable Upma with Roasted Cashews & Filter Coffee,"South Indian Meals: Sambar, Rasam, Cabbage Poriyal & Steamed Rice",Aloo Gobi Matar Masala with 2 Whole Wheat Rotis & Plain Dahi,Paneer Tikka (3 grilled cubes) with Mint Coriander Chutney,565,9.46,66.96,"Obesity, Hypertension, Diabetes, Heart Disease, Kidney Disease","Indian, Low Fat, Dash, Balanced"
1534,206.44,82.78,42.63,15.34,31.61,1658,Besan Chilla (2 savory gram flour pancakes) with Green Coriander Chutney,Malabar Fish Curry with Steamed Rice & Beetroot Thoran,Soya Chunks Curry with 1 cup Brown Rice & Fresh Salad,Bhel Puri (Puffed Rice with Veggies & Tamarind Chutney),463,16.58,49.53,"Obesity, Heart Disease","Indian, Low Fat, Dash, Balanced"
1697,217.21,91.25,52.38,10.54,37.67,1713,Besan Chilla (2 savory gram flour pancakes) with Green Coriander Chutney,Rajma Masala (Kidney Beans Curry) with Jeera Rice & Kachumber,Soya Chunks Curry with 1 cup Brown Rice & Fresh Salad,Paneer Tikka (3 grilled cubes) with Mint Coriander Chutney,693,18.67,53.04,,"Indian, High Protein, Traditional"
1580,170.73,63.6,73.3,18.42,25.6,1634,2 Boiled Eggs with 2 Multigrain Toasts & Masala Chai,Paneer Butter Masala with 2 Whole Wheat Phulkas & Boondi Raita,Lauki Chana Dal Curry with 2 Phulkas & Cucumber Tomato Salad,1 Vegetable Samosa with Mint Chutney & Masala Chai,719,11.83,33.25,Obesity,"Indian, Low Carb, Traditional"
1477,194.48,67.7,48.84,12.63,24.91,1521,1 Crispy Aloo Paratha with Fresh Curd (Dahi) & Zeera Pickle,Malabar Fish Curry with Steamed Rice & Beetroot Thoran,Soya Chunks Curry with 1 cup Brown Rice & Fresh Salad,1 Vegetable Samosa with Mint Chutney & Masala Chai,507,13.35,37.99,"Obesity, Diabetes, Heart Disease","Indian, Traditional, Balanced"
1343,132.35,86.81,52.33,8.46,20.17,1534,Besan Chilla (2 savory gram flour pancakes) with Green Coriander Chutney,Dal Tadka (Yellow Lentil) with Steamed Basmati Rice & Cucumber Salad,Tandoori Chicken (2 pcs leg/thigh) with Mint Raita & Green Salad,Paneer Tikka (3 grilled cubes) with Mint Coriander Chutney,520,10.97,40.8,"Obesity, Diabetes","Indian, Low Carb, Traditional"
1315,184.76,50.28,41.84,11.46,23.63,1466,1 Crispy Aloo Paratha with Fresh Curd (Dahi) & Zeera Pickle,"South Indian Meals: Sambar, Rasam, Cabbage Poriyal & Steamed Rice",Egg Curry (2 Eggs) with 1.5 Whole Wheat Rotis & Kachumber Salad,"Sprouted Moong Chaat with Onion, Tomato, Lemon & Chaat Masala",416,11.01,61.91,"Obesity, Diabetes, Heart Disease","Indian, Low Fat, Dash, Balanced"
1602,206.47,56.37,63.38,16.22,31.04,1752,Ragi Dosa (2 pcs) with Tomato Onion Chutney & Buttermilk,Chole Masala (Spiced Chickpeas) with 1 Bhatura & Pickled Onions,Palak Paneer (Spinach Cottage Cheese) with 2 Whole Wheat Chapatis,Bhel Puri (Puffed Rice with Veggies & Tamarind Chutney),843,16.32,55.57,,"Indian, Vegetarian, Balanced"
1410,193.47,62.05,42.81,13.38,38.08,1389,Besan Chilla (2 savory gram flour pancakes) with Green Coriander Chutney,Bhindi Do Pyaza with 2 Whole Wheat Rotis & Dal Palak,Lauki Chana Dal Curry with 2 Phulkas & Cucumber Tomato Salad,Roasted Chana (Bhuna Chana - 50g) with Masala Chai,492,15.33,60.1,"Obesity, Hypertension, Diabetes, Heart Disease, Kidney Disease","Indian, Low Fat, Dash, Balanced"
1452,208.37,49.85,47.63,12.21,26.17,1397,"Poha with Peanuts, Curry Leaves & Lemon with Green Tea",Chole Masala (Spiced Chickpeas) with 1 Bhatura & Pickled Onions,"Moong Dal Khichdi with Desi Ghee, Curd & Roasted Papad",Roasted Chana (Bhuna Chana - 50g) with Masala Chai,381,14.34,32.93,"Obesity, Hypertension, Heart Disease, Kidney Disease","Indian, Low Fat, Dash, Balanced"
1342,183.02,60.01,40.67,14.1,32.9,1175,Vegetable Upma with Roasted Cashews & Filter Coffee,Baingan Bharta with 2 Bajra Rotis & Plain Dahi,Soya Chunks Curry with 1 cup Brown Rice & Fresh Salad,Roasted Chana (Bhuna Chana - 50g) with Masala Chai,533,16.18,35.79,"Obesity, Hypertension, Heart Disease, Kidney Disease","Indian, Low Fat, Dash, Balanced"
1416,164.15,68.38,53.01,8.2,20.5,1472,"Masala Dosa with Potato Filling, Sambar & Coconut Chutney",Homestyle Chicken Curry with 2 Chapatis & Onion Salad,Egg Curry (2 Eggs) with 1.5 Whole Wheat Rotis & Kachumber Salad,Roasted Makhana (Foxnuts - 30g) with Green Tea,320,11.09,35.22,"Obesity, Diabetes","Indian, Low Carb, Traditional"
1685,185.6,81.6,68.17,11.87,26.64,1780,Moong Dal Cheela with Paneer Stuffing & Mint Chutney,"South Indian Meals: Sambar, Rasam, Cabbage Poriyal & Steamed Rice",Egg Curry (2 Eggs) with 1.5 Whole Wheat Rotis & Kachumber Salad,Paneer Tikka (3 grilled cubes) with Mint Coriander Chutney,817,12.87,66.38,Diabetes,"Indian, Traditional, Balanced"
1498,163.16,65.48,65.19,13.13,26.85,1547,Moong Dal Cheela with Paneer Stuffing & Mint Chutney,Bhindi Do Pyaza with 2 Whole Wheat Rotis & Dal Palak,Egg Curry (2 Eggs) with 1.5 Whole Wheat Rotis & Kachumber Salad,1 Vegetable Samosa with Mint Chutney & Masala Chai,642,12.75,57.89,"Obesity, Diabetes","Indian, Low Carb, Traditional"
1601,241.44,49.96,49.19,19.15,36.2,1640,"Poha with Peanuts, Curry Leaves & Lemon with Green Tea",Baingan Bharta with 2 Bajra Rotis & Plain Dahi,"Mix Vegetable Subzi (Beans, Carrot, Peas) with 2 Chapatis & Dal Fry",Bhel Puri (Puffed Rice with Veggies & Tamarind Chutney),492,17.72,70.87,Heart Disease,"Indian, Vegetarian, Balanced"
1407,166.74,72.6,49.69,28.15,26.3,1412,2 Boiled Eggs with 2 Multigrain Toasts & Masala Chai,Homestyle Chicken Curry with 2 Chapatis & Onion Salad,Aloo Gobi Matar Masala with 2 Whole Wheat Rotis & Plain Dahi,"Fresh Fruit Chaat (Papaya, Apple, Guava & Chaat Masala)",447,11.55,98.8,"Obesity, Heart Disease","Indian, Low Carb, Traditional"
1840,222.96,82.2,70.87,11.76,28.52,1905,1 Crispy Aloo Paratha with Fresh Curd (Dahi) & Zeera Pickle,Chole Masala (Spiced Chickpeas) with 1 Bhatura & Pickled Onions,Chicken Tikka Masala with 2 Whole Wheat Tandoori Rotis & Salad,Roasted Makhana (Foxnuts - 30g) with Green Tea,498,15.24,43.33,,"Indian, Traditional, Balanced"
1501,173.54,86.35,51.01,13.52,25.64,1483,2 Methi Theplas with Fresh Curd (Dahi) & Mint Chutney,Malabar Fish Curry with Steamed Rice & Beetroot Thoran,Chicken Tikka Masala with 2 Whole Wheat Tandoori Rotis & Salad,Roasted Chana (Bhuna Chana - 50g) with Masala Chai,491,13.33,38.23,"Obesity, Diabetes, Heart Disease","Indian, Low Carb, Traditional"
1501,227.74,53.5,41.61,15.59,33.23,1325,Vegetable Upma with Roasted Cashews & Filter Coffee,Rajma Masala (Kidney Beans Curry) with Jeera Rice & Kachumber,Aloo Gobi Matar Masala with 2 Whole Wheat Rotis & Plain Dahi,Roasted Chana (Bhuna Chana - 50g) with Masala Chai,451,13.55,55.64,"Obesity, Hypertension, Heart Disease, Kidney Disease","Indian, Low Fat, Dash, Balanced"
1430,172.91,80.28,46.76,8.31,29.68,1368,Moong Dal Cheela with Paneer Stuffing & Mint Chutney,Rajma Masala (Kidney Beans Curry) with Jeera Rice & Kachumber,Soya Chunks Curry with 1 cup Brown Rice & Fresh Salad,Paneer Tikka (3 grilled cubes) with Mint Coriander Chutney,713,14.75,41.21,"Obesity, Hypertension, Diabetes, Heart Disease","Indian, Low Fat, Dash, Balanced"
1339,197.13,66.54,32.03,7.64,32.49,1279,Besan Chilla (2 savory gram flour pancakes) with Green Coriander Chutney,Rajma Masala (Kidney Beans Curry) with Jeera Rice & Kachumber,Soya Chunks Curry with 1 cup Brown Rice & Fresh Salad,Roasted Makhana (Foxnuts - 30g) with Green Tea,401,15.55,37.27,"Obesity, Hypertension, Heart Disease, Kidney Disease","Indian, Low Fat, Dash, Balanced"
1502,232.73,62.33,36.36,12.83,26.58,1599,Ragi Dosa (2 pcs) with Tomato Onion Chutney & Buttermilk,Dal Tadka (Yellow Lentil) with Steamed Basmati Rice & Cucumber Salad,Malabar Fish Curry with Steamed Rice & Beetroot Thoran,Khaman Dhokla (2 steamed pcs) with Green Coriander Chutney,557,12.94,41.66,"Obesity, Heart Disease","Indian, Low Fat, Dash, Balanced"
1639,218.9,78.73,50.57,8.65,26.24,1634,"Masala Dosa with Potato Filling, Sambar & Coconut Chutney",Hyderabadi Chicken Biryani with Mirchi ka Salan & Onion Raita,Soya Chunks Curry with 1 cup Brown Rice & Fresh Salad,Roasted Makhana (Foxnuts - 30g) with Green Tea,439,14.42,29.71,Heart Disease,"Indian, Traditional, Balanced"
1242,182.44,44.17,38.0,10.9,28.43,1166,Vegetable Upma with Roasted Cashews & Filter Coffee,Bhindi Do Pyaza with 2 Whole Wheat Rotis & Dal Palak,Lauki Chana Dal Curry with 2 Phulkas & Cucumber Tomato Salad,Roasted Makhana (Foxnuts - 30g) with Green Tea,422,11.09,48.62,"Obesity, Hypertension, Diabetes, Heart Disease, Kidney Disease","Indian, Low Fat, Dash, Balanced"
1827,190.14,113.07,69.89,13.47,23.3,2098,1 Crispy Aloo Paratha with Fresh Curd (Dahi) & Zeera Pickle,Hyderabadi Chicken Biryani with Mirchi ka Salan & Onion Raita,Tandoori Chicken (2 pcs leg/thigh) with Mint Raita & Green Salad,"Sprouted Moong Chaat with Onion, Tomato, Lemon & Chaat Masala",572,13.91,57.2,Diabetes,"Indian, High Protein, Traditional"
1712,178.73,97.51,68.96,13.73,19.62,1790,2 Boiled Eggs with 2 Multigrain Toasts & Masala Chai,Hyderabadi Chicken Biryani with Mirchi ka Salan & Onion Raita,Malabar Fish Curry with Steamed Rice & Beetroot Thoran,Paneer Tikka (3 grilled cubes) with Mint Coriander Chutney,649,12.16,32.18,,"Indian, High Protein, Traditional"
1752,223.48,84.49,58.92,11.57,24.83,1726,2 Methi Theplas with Fresh Curd (Dahi) & Mint Chutney,Hyderabadi Chicken Biryani with Mirchi ka Salan & Onion Raita,Malabar Fish Curry with Steamed Rice & Beetroot Thoran,Roasted Makhana (Foxnuts - 30g) with Green Tea,547,13.15,35.88,,"Indian, Traditional, Balanced"
1481,164.91,80.32,56.16,10.54,26.44,1491,Moong Dal Cheela with Paneer Stuffing & Mint Chutney,Malabar Fish Curry with Steamed Rice & Beetroot Thoran,Lauki Chana Dal Curry with 2 Phulkas & Cucumber Tomato Salad,Paneer Tikka (3 grilled cubes) with Mint Coriander Chutney,721,11.93,50.0,"Obesity, Diabetes","Indian, Low Carb, Traditional"
1458,181.43,50.13,60.39,11.97,24.93,1404,1 Crispy Aloo Paratha with Fresh Curd (Dahi) & Zeera Pickle,Paneer Butter Masala with 2 Whole Wheat Phulkas & Boondi Raita,"Mix Vegetable Subzi (Beans, Carrot, Peas) with 2 Chapatis & Dal Fry",Roasted Makhana (Foxnuts - 30g) with Green Tea,682,10.44,39.15,"Obesity, Diabetes","Indian, Vegetarian, Balanced"
1367,154.29,84.09,46.26,12.82,24.12,1524,Moong Dal Cheela with Paneer Stuffing & Mint Chutney,Rajma Masala (Kidney Beans Curry) with Jeera Rice & Kachumber,Tandoori Chicken (2 pcs leg/thigh) with Mint Raita & Green Salad,Bhel Puri (Puffed Rice with Veggies & Tamarind Chutney),498,12.19,42.94,"Obesity, Diabetes, Heart Disease","Indian, Low Fat, Dash, Balanced"
1794,248.23,66.53,61.73,20.29,29.23,1898,Vegetable Upma with Roasted Cashews & Filter Coffee,Chole Masala (Spiced Chickpeas) with 1 Bhatura & Pickled Onions,Malabar Fish Curry with Steamed Rice & Beetroot Thoran,Bhel Puri (Puffed Rice with Veggies & Tamarind Chutney),433,14.83,48.21,,"Indian, Traditional, Balanced"
1521,203.33,60.68,52.89,13.87,25.15,1620,Ragi Dosa (2 pcs) with Tomato Onion Chutney & Buttermilk,Hyderabadi Chicken Biryani with Mirchi ka Salan & Onion Raita,"Mix Vegetable Subzi (Beans, Carrot, Peas) with 2 Chapatis & Dal Fry",1 Vegetable Samosa with Mint Chutney & Masala Chai,566,12.26,41.97,Obesity,"Indian, Traditional, Balanced"
1506,192.03,52.13,60.34,28.12,26.82,1531,Vegetable Upma with Roasted Cashews & Filter Coffee,Chole Masala (Spiced Chickpeas) with 1 Bhatura & Pickled Onions,Egg Curry (2 Eggs) with 1.5 Whole Wheat Rotis & Kachumber Salad,"Fresh Fruit Chaat (Papaya, Apple, Guava & Chaat Masala)",398,12.71,92.46,Obesity,"Indian, Traditional, Balanced"
1435,168.08,59.67,58.76,13.76,25.96,1394,Besan Chilla (2 savory gram flour pancakes) with Green Coriander Chutney,Paneer Butter Masala with 2 Whole Wheat Phulkas & Boondi Raita,"Moong Dal Khichdi with Desi Ghee, Curd & Roasted Papad",Roasted Chana (Bhuna Chana - 50g) with Masala Chai,659,11.84,28.24,"Obesity, Hypertension, Diabetes, Kidney Disease","Indian, Low Carb, Traditional"
1475,189.6,70.42,48.37,12.41,26.52,1639,1 Crispy Aloo Paratha with Fresh Curd (Dahi) & Zeera Pickle,Homestyle Chicken Curry with 2 Chapatis & Onion Salad,Lauki Chana Dal Curry with 2 Phulkas & Cucumber Tomato Salad,Khaman Dhokla (2 steamed pcs) with Green Coriander Chutney,398,12.12,45.89,"Obesity, Diabetes, Heart Disease","Indian, Traditional, Balanced"
1416,184.05,64.52,47.64,15.33,19.02,1514,Vegetable Upma with Roasted Cashews & Filter Coffee,Fish Curry (Rohu in Mustard Gravy) with Steamed Rice & Green Salad,Egg Curry (2 Eggs) with 1.5 Whole Wheat Rotis & Kachumber Salad,Bhel Puri (Puffed Rice with Veggies & Tamarind Chutney),356,11.06,43.37,Obesity,"Indian, Low Fat, Dash, Balanced"
1524,160.22,85.8,61.55,13.06,27.41,1742,2 Methi Theplas with Fresh Curd (Dahi) & Mint Chutney,Chole Masala (Spiced Chickpeas) with 1 Bhatura & Pickled Onions,Tandoori Chicken (2 pcs leg/thigh) with Mint Raita & Green Salad,"Sprouted Moong Chaat with Onion, Tomato, Lemon & Chaat Masala",532,14.65,54.73,"Obesity, Diabetes","Indian, Low Carb, Traditional"
1619,172.44,89.04,63.89,11.29,24.17,1704,Moong Dal Cheela with Paneer Stuffing & Mint Chutney,Hyderabadi Chicken Biryani with Mirchi ka Salan & Onion Raita,Egg Curry (2 Eggs) with 1.5 Whole Wheat Rotis & Kachumber Salad,"Sprouted Moong Chaat with Onion, Tomato, Lemon & Chaat Masala",573,13.37,54.38,Diabetes,"Indian, Low Carb, Traditional"
1585,190.22,76.5,58.71,13.37,21.04,1734,"Masala Dosa with Potato Filling, Sambar & Coconut Chutney",Malabar Fish Curry with Steamed Rice & Beetroot Thoran,Chicken Tikka Masala with 2 Whole Wheat Tandoori Rotis & Salad,1 Vegetable Samosa with Mint Chutney & Masala Chai,356,11.38,40.55,"Obesity, Diabetes","Indian, Traditional, Balanced"
1436,174.42,69.73,51.05,11.03,21.97,1530,2 Idlis with Sambhar (1 katori) & Coconut Chutney (2 tbsp),Hyderabadi Chicken Biryani with Mirchi ka Salan & Onion Raita,Egg Curry (2 Eggs) with 1.5 Whole Wheat Rotis & Kachumber Salad,Roasted Chana (Bhuna Chana - 50g) with Masala Chai,381,11.56,29.17,"Obesity, Diabetes","Indian, Low Carb, Traditional"
1327,166.12,65.04,44.06,9.4,24.36,1368,Moong Dal Cheela with Paneer Stuffing & Mint Chutney,Dal Tadka (Yellow Lentil) with Steamed Basmati Rice & Cucumber Salad,Egg Curry (2 Eggs) with 1.5 Whole Wheat Rotis & Kachumber Salad,"Sprouted Moong Chaat with Onion, Tomato, Lemon & Chaat Masala",479,11.95,50.36,"Obesity, Hypertension, Diabetes, Heart Disease, Kidney Disease","Indian, Low Fat, Dash, Balanced"
1339,211.25,42.91,36.35,13.03,26.51,1507,1 Crispy Aloo Paratha with Fresh Curd (Dahi) & Zeera Pickle,"South Indian Meals: Sambar, Rasam, Cabbage Poriyal & Steamed Rice","Mix Vegetable Subzi (Beans, Carrot, Peas) with 2 Chapatis & Dal Fry",Khaman Dhokla (2 steamed pcs) with Green Coriander Chutney,393,10.46,56.03,"Obesity, Heart Disease","Indian, Low Fat, Dash, Balanced"
1817,238.82,63.77,69.62,14.88,32.52,1881,1 Crispy Aloo Paratha with Fresh Curd (Dahi) & Zeera Pickle,Rajma Masala (Kidney Beans Curry) with Jeera Rice & Kachumber,Palak Paneer (Spinach Cottage Cheese) with 2 Whole Wheat Chapatis,1 Vegetable Samosa with Mint Chutney & Masala Chai,784,15.62,58.14,,"Indian, Vegetarian, Balanced"
1487,194.62,64.94,51.51,14.92,25.86,1710,2 Idlis with Sambhar (1 katori) & Coconut Chutney (2 tbsp),Malabar Fish Curry with Steamed Rice & Beetroot Thoran,Palak Paneer (Spinach Cottage Cheese) with 2 Whole Wheat Chapatis,Bhel Puri (Puffed Rice with Veggies & Tamarind Chutney),622,12.73,52.01,"Obesity, Heart Disease","Indian, Traditional, Balanced"
1453,215.83,48.51,44.66,12.07,34.19,1357,Ragi Dosa (2 pcs) with Tomato Onion Chutney & Buttermilk,Bhindi Do Pyaza with 2 Whole Wheat Rotis & Dal Palak,Aloo Gobi Matar Masala with 2 Whole Wheat Rotis & Plain Dahi,Roasted Makhana (Foxnuts - 30g) with Green Tea,764,13.89,75.33,"Obesity, Hypertension, Heart Disease, Kidney Disease","Indian, Low Fat, Dash, Balanced"
1389,169.56,79.39,44.19,15.23,24.32,1730,Besan Chilla (2 savory gram flour pancakes) with Green Coriander Chutney,"South Indian Meals: Sambar, Rasam, Cabbage Poriyal & Steamed Rice",Tandoori Chicken (2 pcs leg/thigh) with Mint Raita & Green Salad,Bhel Puri (Puffed Rice with Veggies & Tamarind Chutney),381,11.96,58.63,"Obesity, Heart Disease","Indian, Low Fat, Dash, Balanced"
1579,179.4,76.79,62.38,9.34,19.37,1689,"Masala Dosa with Potato Filling, Sambar & Coconut Chutney",Fish Curry (Rohu in Mustard Gravy) with Steamed Rice & Green Salad,Egg Curry (2 Eggs) with 1.5 Whole Wheat Rotis & Kachumber Salad,Paneer Tikka (3 grilled cubes) with Mint Coriander Chutney,548,11.42,45.99,Obesity,"Indian, Traditional, Balanced"
1775,196.17,101.87,66.06,10.29,21.11,1911,"Masala Dosa with Potato Filling, Sambar & Coconut Chutney",Fish Curry (Rohu in Mustard Gravy) with Steamed Rice & Green Salad,Chicken Tikka Masala with 2 Whole Wheat Tandoori Rotis & Salad,Paneer Tikka (3 grilled cubes) with Mint Coriander Chutney,561,12.6,47.99,,"Indian, High Protein, Traditional"
1273,164.76,46.34,48.23,12.06,23.94,1323,"Poha with Peanuts, Curry Leaves & Lemon with Green Tea",Baingan Bharta with 2 Bajra Rotis & Plain Dahi,Egg Curry (2 Eggs) with 1.5 Whole Wheat Rotis & Kachumber Salad,Khaman Dhokla (2 steamed pcs) with Green Coriander Chutney,398,13.68,50.75,"Obesity, Hypertension, Diabetes, Heart Disease, Kidney Disease","Indian, Low Carb, Traditional"
1456,209.05,58.22,44.47,12.53,22.8,1479,"Poha with Peanuts, Curry Leaves & Lemon with Green Tea",Fish Curry (Rohu in Mustard Gravy) with Steamed Rice & Green Salad,"Mix Vegetable Subzi (Beans, Carrot, Peas) with 2 Chapatis & Dal Fry",1 Vegetable Samosa with Mint Chutney & Masala Chai,344,12.44,52.19,"Obesity, Heart Disease","Indian, Low Fat, Dash, Balanced"
1790,216.83,76.06,69.72,12.01,29.13,1857,1 Crispy Aloo Paratha with Fresh Curd (Dahi) & Zeera Pickle,Rajma Masala (Kidney Beans Curry) with Jeera Rice & Kachumber,Egg Curry (2 Eggs) with 1.5 Whole Wheat Rotis & Kachumber Salad,Paneer Tikka (3 grilled cubes) with Mint Coriander Chutney,726,14.68,55.38,,"Indian, Traditional, Balanced"
1627,191.4,74.85,63.97,16.58,26.44,1698,Vegetable Upma with Roasted Cashews & Filter Coffee,Bhindi Do Pyaza with 2 Whole Wheat Rotis & Dal Palak,Chicken Tikka Masala with 2 Whole Wheat Tandoori Rotis & Salad,1 Vegetable Samosa with Mint Chutney & Masala Chai,490,12.81,56.14,,"Indian, Traditional, Balanced"
1703,206.32,72.86,67.48,15.37,23.64,1730,Vegetable Upma with Roasted Cashews & Filter Coffee,Fish Curry (Rohu in Mustard Gravy) with Steamed Rice & Green Salad,Palak Paneer (Spinach Cottage Cheese) with 2 Whole Wheat Chapatis,1 Vegetable Samosa with Mint Chutney & Masala Chai,698,13.11,52.65,,"Indian, Traditional, Balanced"
1309,166.39,72.86,38.95,11.76,21.59,1378,"Poha with Peanuts, Curry Leaves & Lemon with Green Tea","South Indian Meals: Sambar, Rasam, Cabbage Poriyal & Steamed Rice",Tandoori Chicken (2 pcs leg/thigh) with Mint Raita & Green Salad,Roasted Chana (Bhuna Chana - 50g) with Masala Chai,369,12.13,49.61,"Obesity, Hypertension, Diabetes, Kidney Disease","Indian, Low Fat, Dash, Balanced"
1179,175.89,50.44,31.01,9.01,24.74,1157,Ragi Dosa (2 pcs) with Tomato Onion Chutney & Buttermilk,Malabar Fish Curry with Steamed Rice & Beetroot Thoran,Lauki Chana Dal Curry with 2 Phulkas & Cucumber Tomato Salad,Roasted Makhana (Foxnuts - 30g) with Green Tea,504,11.04,36.84,"Obesity, Hypertension, Diabetes, Heart Disease, Kidney Disease","Indian, Low Fat, Dash, Balanced"
1434,150.66,88.83,52.33,9.22,21.88,1462,2 Methi Theplas with Fresh Curd (Dahi) & Mint Chutney,Homestyle Chicken Curry with 2 Chapatis & Onion Salad,Chicken Tikka Masala with 2 Whole Wheat Tandoori Rotis & Salad,Roasted Makhana (Foxnuts - 30g) with Green Tea,417,12.01,35.01,"Obesity, Diabetes","Indian, Low Carb, Traditional"
1490,204.51,51.24,53.21,14.24,31.2,1621,2 Methi Theplas with Fresh Curd (Dahi) & Mint Chutney,Chole Masala (Spiced Chickpeas) with 1 Bhatura & Pickled Onions,"Mix Vegetable Subzi (Beans, Carrot, Peas) with 2 Chapatis & Dal Fry",Khaman Dhokla (2 steamed pcs) with Green Coriander Chutney,462,13.86,48.34,Obesity,"Indian, Vegetarian, Balanced"
1452,174.3,71.38,52.53,14.2,19.56,1492,Vegetable Upma with Roasted Cashews & Filter Coffee,Homestyle Chicken Curry with 2 Chapatis & Onion Salad,Malabar Fish Curry with Steamed Rice & Beetroot Thoran,1 Vegetable Samosa with Mint Chutney & Masala Chai,349,10.36,35.65,Obesity,"Indian, Low Carb, Traditional"
1422,158.98,64.38,60.0,9.75,27.36,1458,Moong Dal Cheela with Paneer Stuffing & Mint Chutney,Chole Masala (Spiced Chickpeas) with 1 Bhatura & Pickled Onions,Lauki Chana Dal Curry with 2 Phulkas & Cucumber Tomato Salad,Paneer Tikka (3 grilled cubes) with Mint Coriander Chutney,648,12.52,44.26,"Obesity, Diabetes","Indian, Low Carb, Traditional"
1664,196.17,70.08,67.51,15.69,25.77,1569,1 Crispy Aloo Paratha with Fresh Curd (Dahi) & Zeera Pickle,Paneer Butter Masala with 2 Whole Wheat Phulkas & Boondi Raita,Malabar Fish Curry with Steamed Rice & Beetroot Thoran,Roasted Chana (Bhuna Chana - 50g) with Masala Chai,765,12.27,35.85,,"Indian, Traditional, Balanced"
1400,180.94,79.07,40.95,13.41,20.79,1550,Ragi Dosa (2 pcs) with Tomato Onion Chutney & Buttermilk,Fish Curry (Rohu in Mustard Gravy) with Steamed Rice & Green Salad,Chicken Tikka Masala with 2 Whole Wheat Tandoori Rotis & Salad,Bhel Puri (Puffed Rice with Veggies & Tamarind Chutney),501,12.31,42.86,"Obesity, Diabetes","Indian, Low Fat, Dash, Balanced"
1478,165.39,89.74,51.73,28.1,22.95,1551,2 Boiled Eggs with 2 Multigrain Toasts & Masala Chai,Malabar Fish Curry with Steamed Rice & Beetroot Thoran,Chicken Tikka Masala with 2 Whole Wheat Tandoori Rotis & Salad,"Fresh Fruit Chaat (Papaya, Apple, Guava & Chaat Masala)",425,11.96,83.71,"Obesity, Heart Disease","Indian, Low Carb, Traditional"
1703,207.6,95.12,53.56,14.25,31.17,1703,Moong Dal Cheela with Paneer Stuffing & Mint Chutney,"South Indian Meals: Sambar, Rasam, Cabbage Poriyal & Steamed Rice",Chicken Tikka Masala with 2 Whole Wheat Tandoori Rotis & Salad,Roasted Chana (Bhuna Chana - 50g) with Masala Chai,597,14.57,55.81,,"Indian, High Protein, Traditional"
1558,217.01,57.46,51.1,9.22,24.28,1558,1 Crispy Aloo Paratha with Fresh Curd (Dahi) & Zeera Pickle,Dal Tadka (Yellow Lentil) with Steamed Basmati Rice & Cucumber Salad,Egg Curry (2 Eggs) with 1.5 Whole Wheat Rotis & Kachumber Salad,Roasted Makhana (Foxnuts - 30g) with Green Tea,458,12.19,38.59,"Obesity, Heart Disease","Indian, Traditional, Balanced"
1434,164.71,88.17,47.85,15.85,21.77,1685,Ragi Dosa (2 pcs) with Tomato Onion Chutney & Buttermilk,Malabar Fish Curry with Steamed Rice & Beetroot Thoran,Tandoori Chicken (2 pcs leg/thigh) with Mint Raita & Green Salad,Bhel Puri (Puffed Rice with Veggies & Tamarind Chutney),614,12.64,46.44,Obesity,"Indian, Low Fat, Dash, Balanced"
1439,150.86,91.19,52.86,10.47,21.25,1525,2 Methi Theplas with Fresh Curd (Dahi) & Mint Chutney,Malabar Fish Curry with Steamed Rice & Beetroot Thoran,Tandoori Chicken (2 pcs leg/thigh) with Mint Raita & Green Salad,Roasted Makhana (Foxnuts - 30g) with Green Tea,534,11.69,38.22,"Obesity, Diabetes","Indian, Low Carb, Traditional"
1324,180.74,54.51,43.51,27.64,27.54,1358,2 Boiled Eggs with 2 Multigrain Toasts & Masala Chai,Bhindi Do Pyaza with 2 Whole Wheat Rotis & Dal Palak,"Moong Dal Khichdi with Desi Ghee, Curd & Roasted Papad","Fresh Fruit Chaat (Papaya, Apple, Guava & Chaat Masala)",526,11.58,86.43,"Obesity, Hypertension, Heart Disease, Kidney Disease","Indian, Low Fat, Dash, Balanced"
1663,236.99,61.46,53.04,15.26,28.52,1778,"Masala Dosa with Potato Filling, Sambar & Coconut Chutney",Malabar Fish Curry with Steamed Rice & Beetroot Thoran,Aloo Gobi Matar Masala with 2 Whole Wheat Rotis & Plain Dahi,Khaman Dhokla (2 steamed pcs) with Green Coriander Chutney,439,12.31,66.82,,"Indian, Traditional, Balanced"
1564,145.42,89.81,70.65,16.16,22.92,1649,2 Boiled Eggs with 2 Multigrain Toasts & Masala Chai,Paneer Butter Masala with 2 Whole Wheat Phulkas & Boondi Raita,Chicken Tikka Masala with 2 Whole Wheat Tandoori Rotis & Salad,"Sprouted Moong Chaat with Onion, Tomato, Lemon & Chaat Masala",688,12.59,42.93,Obesity,"Indian, Low Carb, Traditional"
1667,197.38,76.65,65.1,11.15,24.27,1766,1 Crispy Aloo Paratha with Fresh Curd (Dahi) & Zeera Pickle,Hyderabadi Chicken Biryani with Mirchi ka Salan & Onion Raita,Lauki Chana Dal Curry with 2 Phulkas & Cucumber Tomato Salad,Paneer Tikka (3 grilled cubes) with Mint Coriander Chutney,646,11.94,44.29,,"Indian, Traditional, Balanced"
1366,195.08,56.27,40.66,26.48,29.6,1371,2 Methi Theplas with Fresh Curd (Dahi) & Mint Chutney,Malabar Fish Curry with Steamed Rice & Beetroot Thoran,"Mix Vegetable Subzi (Beans, Carrot, Peas) with 2 Chapatis & Dal Fry","Fresh Fruit Chaat (Papaya, Apple, Guava & Chaat Masala)",478,11.73,96.08,"Obesity, Hypertension, Heart Disease, Kidney Disease","Indian, Low Fat, Dash, Balanced"
1600,180.43,85.64,60.76,16.91,26.82,1874,1 Crispy Aloo Paratha with Fresh Curd (Dahi) & Zeera Pickle,Bhindi Do Pyaza with 2 Whole Wheat Rotis & Dal Palak,Tandoori Chicken (2 pcs leg/thigh) with Mint Raita & Green Salad,Bhel Puri (Puffed Rice with Veggies & Tamarind Chutney),611,13.47,63.88,Obesity,"Indian, High Protein, Traditional"
1257,137.65,79.61,42.79,6.69,19.26,1293,Moong Dal Cheela with Paneer Stuffing & Mint Chutney,Dal Tadka (Yellow Lentil) with Steamed Basmati Rice & Cucumber Salad,Tandoori Chicken (2 pcs leg/thigh) with Mint Raita & Green Salad,Roasted Makhana (Foxnuts - 30g) with Green Tea,474,9.98,30.22,"Obesity, Hypertension","Indian, Low Fat, Dash, Balanced"
1431,208.7,50.96,45.33,12.41,29.11,1546,Ragi Dosa (2 pcs) with Tomato Onion Chutney & Buttermilk,Chole Masala (Spiced Chickpeas) with 1 Bhatura & Pickled Onions,"Moong Dal Khichdi with Desi Ghee, Curd & Roasted Papad","Sprouted Moong Chaat with Onion, Tomato, Lemon & Chaat Masala",590,14.31,45.81,"Obesity, Heart Disease","Indian, Low Fat, Dash, Balanced"
1463,230.24,55.0,36.8,13.67,29.66,1478,Vegetable Upma with Roasted Cashews & Filter Coffee,Rajma Masala (Kidney Beans Curry) with Jeera Rice & Kachumber,"Moong Dal Khichdi with Desi Ghee, Curd & Roasted Papad","Sprouted Moong Chaat with Onion, Tomato, Lemon & Chaat Masala",403,13.07,46.95,"Obesity, Heart Disease","Indian, Low Fat, Dash, Balanced"
1367,229.88,47.06,29.11,26.19,33.08,1377,Ragi Dosa (2 pcs) with Tomato Onion Chutney & Buttermilk,Dal Tadka (Yellow Lentil) with Steamed Basmati Rice & Cucumber Salad,Lauki Chana Dal Curry with 2 Phulkas & Cucumber Tomato Salad,"Fresh Fruit Chaat (Papaya, Apple, Guava & Chaat Masala)",553,12.94,96.32,"Obesity, Hypertension, Heart Disease, Kidney Disease","Indian, Low Fat, Dash, Balanced"
1439,165.96,88.09,48.37,26.37,20.85,1532,"Poha with Peanuts, Curry Leaves & Lemon with Green Tea",Malabar Fish Curry with Steamed Rice & Beetroot Thoran,Tandoori Chicken (2 pcs leg/thigh) with Mint Raita & Green Salad,"Fresh Fruit Chaat (Papaya, Apple, Guava & Chaat Masala)",401,12.3,102.37,Obesity,"Indian, Low Carb, Traditional"
1798,272.52,56.26,54.57,15.86,35.95,1893,"Masala Dosa with Potato Filling, Sambar & Coconut Chutney",Rajma Masala (Kidney Beans Curry) with Jeera Rice & Kachumber,"Mix Vegetable Subzi (Beans, Carrot, Peas) with 2 Chapatis & Dal Fry",1 Vegetable Samosa with Mint Chutney & Masala Chai,416,14.91,55.1,,"Indian, Vegetarian, Balanced"
1501,203.64,50.22,55.17,14.86,28.62,1575,2 Methi Theplas with Fresh Curd (Dahi) & Mint Chutney,Bhindi Do Pyaza with 2 Whole Wheat Rotis & Dal Palak,"Moong Dal Khichdi with Desi Ghee, Curd & Roasted Papad",1 Vegetable Samosa with Mint Chutney & Masala Chai,614,12.58,47.54,Obesity,"Indian, Vegetarian, Balanced"
1785,224.42,66.97,69.52,17.74,32.93,1619,"Poha with Peanuts, Curry Leaves & Lemon with Green Tea",Paneer Butter Masala with 2 Whole Wheat Phulkas & Boondi Raita,"Mix Vegetable Subzi (Beans, Carrot, Peas) with 2 Chapatis & Dal Fry",Roasted Chana (Bhuna Chana - 50g) with Masala Chai,760,15.86,54.44,,"Indian, Vegetarian, Balanced"
1521,185.27,77.93,53.17,12.33,19.51,1668,"Poha with Peanuts, Curry Leaves & Lemon with Green Tea",Dal Tadka (Yellow Lentil) with Steamed Basmati Rice & Cucumber Salad,Tandoori Chicken (2 pcs leg/thigh) with Mint Raita & Green Salad,1 Vegetable Samosa with Mint Chutney & Masala Chai,373,12.53,43.97,Obesity,"Indian, Traditional, Balanced"
1434,133.0,80.61,65.52,11.44,23.06,1575,1 Crispy Aloo Paratha with Fresh Curd (Dahi) & Zeera Pickle,Baingan Bharta with 2 Bajra Rotis & Plain Dahi,Tandoori Chicken (2 pcs leg/thigh) with Mint Raita & Green Salad,Paneer Tikka (3 grilled cubes) with Mint Coriander Chutney,731,12.56,47.61,"Obesity, Diabetes","Indian, Low Carb, Traditional"
1804,173.08,73.74,92.1,13.74,22.76,1878,"Masala Dosa with Potato Filling, Sambar & Coconut Chutney",Paneer Butter Masala with 2 Whole Wheat Phulkas & Boondi Raita,Egg Curry (2 Eggs) with 1.5 Whole Wheat Rotis & Kachumber Salad,Paneer Tikka (3 grilled cubes) with Mint Coriander Chutney,904,11.96,46.47,Diabetes,"Indian, Low Carb, Traditional"
1839,253.29,74.33,60.06,15.49,32.32,1738,"Poha with Peanuts, Curry Leaves & Lemon with Green Tea",Chole Masala (Spiced Chickpeas) with 1 Bhatura & Pickled Onions,Malabar Fish Curry with Steamed Rice & Beetroot Thoran,Roasted Chana (Bhuna Chana - 50g) with Masala Chai,454,18.05,49.92,,"Indian, Traditional, Balanced"
1401,179.31,49.83,55.45,10.86,24.11,1286,"Poha with Peanuts, Curry Leaves & Lemon with Green Tea",Paneer Butter Masala with 2 Whole Wheat Phulkas & Boondi Raita,Lauki Chana Dal Curry with 2 Phulkas & Cucumber Tomato Salad,Roasted Makhana (Foxnuts - 30g) with Green Tea,593,11.72,41.07,"Obesity, Hypertension, Diabetes, Kidney Disease","Indian, Vegetarian, Balanced"
1736,216.72,65.71,69.06,18.3,24.69,1840,"Masala Dosa with Potato Filling, Sambar & Coconut Chutney",Paneer Butter Masala with 2 Whole Wheat Phulkas & Boondi Raita,Malabar Fish Curry with Steamed Rice & Beetroot Thoran,Bhel Puri (Puffed Rice with Veggies & Tamarind Chutney),658,11.9,42.99,,"Indian, Traditional, Balanced"
1390,198.91,55.25,42.22,10.44,25.22,1377,1 Crispy Aloo Paratha with Fresh Curd (Dahi) & Zeera Pickle,Malabar Fish Curry with Steamed Rice & Beetroot Thoran,"Mix Vegetable Subzi (Beans, Carrot, Peas) with 2 Chapatis & Dal Fry",Roasted Makhana (Foxnuts - 30g) with Green Tea,437,10.99,43.42,"Obesity, Hypertension, Heart Disease, Kidney Disease","Indian, Low Fat, Dash, Balanced"
1728,191.23,67.21,79.62,12.3,28.4,1756,2 Idlis with Sambhar (1 katori) & Coconut Chutney (2 tbsp),Paneer Butter Masala with 2 Whole Wheat Phulkas & Boondi Raita,Palak Paneer (Spinach Cottage Cheese) with 2 Whole Wheat Chapatis,Roasted Makhana (Foxnuts - 30g) with Green Tea,1021,13.08,45.18,Diabetes,"Indian, Vegetarian, Balanced"
1606,253.44,55.25,42.38,16.43,34.74,1727,1 Crispy Aloo Paratha with Fresh Curd (Dahi) & Zeera Pickle,Rajma Masala (Kidney Beans Curry) with Jeera Rice & Kachumber,Lauki Chana Dal Curry with 2 Phulkas & Cucumber Tomato Salad,Bhel Puri (Puffed Rice with Veggies & Tamarind Chutney),450,14.65,53.79,Heart Disease,"Indian, Low Fat, Dash, Balanced"
1288,144.86,75.28,46.2,12.17,24.43,1511,Ragi Dosa (2 pcs) with Tomato Onion Chutney & Buttermilk,Bhindi Do Pyaza with 2 Whole Wheat Rotis & Dal Palak,Tandoori Chicken (2 pcs leg/thigh) with Mint Raita & Green Salad,Khaman Dhokla (2 steamed pcs) with Green Coriander Chutney,646,12.26,53.8,"Obesity, Diabetes, Heart Disease","Indian, Low Fat, Dash, Balanced"
1534,227.73,54.55,45.0,17.57,28.41,1757,Ragi Dosa (2 pcs) with Tomato Onion Chutney & Buttermilk,"South Indian Meals: Sambar, Rasam, Cabbage Poriyal & Steamed Rice",Egg Curry (2 Eggs) with 1.5 Whole Wheat Rotis & Kachumber Salad,Bhel Puri (Puffed Rice with Veggies & Tamarind Chutney),620,13.88,64.09,"Obesity, Heart Disease","Indian, Low Fat, Dash, Balanced"
1616,178.27,82.31,64.35,12.32,21.76,1673,Moong Dal Cheela with Paneer Stuffing & Mint Chutney,Fish Curry (Rohu in Mustard Gravy) with Steamed Rice & Green Salad,Egg Curry (2 Eggs) with 1.5 Whole Wheat Rotis & Kachumber Salad,1 Vegetable Samosa with Mint Chutney & Masala Chai,575,12.42,46.7,Diabetes,"Indian, Traditional, Balanced"
1532,172.21,65.75,65.43,13.89,31.71,1469,2 Boiled Eggs with 2 Multigrain Toasts & Masala Chai,Baingan Bharta with 2 Bajra Rotis & Plain Dahi,Palak Paneer (Spinach Cottage Cheese) with 2 Whole Wheat Chapatis,Roasted Makhana (Foxnuts - 30g) with Green Tea,840,16.33,45.7,"Obesity, Diabetes","Indian, Low Carb, Traditional"
1738,206.5,66.09,74.53,16.67,22.2,1707,"Poha with Peanuts, Curry Leaves & Lemon with Green Tea",Paneer Butter Masala with 2 Whole Wheat Phulkas & Boondi Raita,Malabar Fish Curry with Steamed Rice & Beetroot Thoran,1 Vegetable Samosa with Mint Chutney & Masala Chai,685,12.76,46.6,,"Indian, Traditional, Balanced"
1656,225.1,67.78,55.91,15.68,29.5,1702,Vegetable Upma with Roasted Cashews & Filter Coffee,Chole Masala (Spiced Chickpeas) with 1 Bhatura & Pickled Onions,Malabar Fish Curry with Steamed Rice & Beetroot Thoran,"Sprouted Moong Chaat with Onion, Tomato, Lemon & Chaat Masala",426,14.55,56.02,,"Indian, Traditional, Balanced"
1511,179.6,62.14,62.14,27.7,25.64,1460,2 Methi Theplas with Fresh Curd (Dahi) & Mint Chutney,Paneer Butter Masala with 2 Whole Wheat Phulkas & Boondi Raita,Malabar Fish Curry with Steamed Rice & Beetroot Thoran,"Fresh Fruit Chaat (Papaya, Apple, Guava & Chaat Masala)",747,10.95,85.26,Obesity,"Indian, Traditional, Balanced"
1324,209.37,46.13,34.03,11.01,28.84,1228,Vegetable Upma with Roasted Cashews & Filter Coffee,Rajma Masala (Kidney Beans Curry) with Jeera Rice & Kachumber,"Mix Vegetable Subzi (Beans, Carrot, Peas) with 2 Chapatis & Dal Fry",Roasted Makhana (Foxnuts - 30g) with Green Tea,342,11.65,40.4,"Obesity, Hypertension, Heart Disease, Kidney Disease","Indian, Low Fat, Dash, Balanced"
1471,213.31,65.84,40.77,10.96,23.0,1569,1 Crispy Aloo Paratha with Fresh Curd (Dahi) & Zeera Pickle,Fish Curry (Rohu in Mustard Gravy) with Steamed Rice & Green Salad,"Moong Dal Khichdi with Desi Ghee, Curd & Roasted Papad","Sprouted Moong Chaat with Onion, Tomato, Lemon & Chaat Masala",467,11.75,47.18,"Obesity, Heart Disease","Indian, Low Fat, Dash, Balanced"
1915,217.76,79.55,83.14,17.09,24.81,1981,Vegetable Upma with Roasted Cashews & Filter Coffee,Hyderabadi Chicken Biryani with Mirchi ka Salan & Onion Raita,Palak Paneer (Spinach Cottage Cheese) with 2 Whole Wheat Chapatis,1 Vegetable Samosa with Mint Chutney & Masala Chai,745,13.93,49.41,,"Indian, Traditional, Balanced"
1611,226.38,69.48,47.14,17.5,32.0,1503,Vegetable Upma with Roasted Cashews & Filter Coffee,Malabar Fish Curry with Steamed Rice & Beetroot Thoran,"Mix Vegetable Subzi (Beans, Carrot, Peas) with 2 Chapatis & Dal Fry",Roasted Chana (Bhuna Chana - 50g) with Masala Chai,465,13.85,48.11,Heart Disease,"Indian, Low Fat, Dash, Balanced"
1593,213.32,66.42,52.35,27.52,29.79,1624,"Masala Dosa with Potato Filling, Sambar & Coconut Chutney",Homestyle Chicken Curry with 2 Chapatis & Onion Salad,Aloo Gobi Matar Masala with 2 Whole Wheat Rotis & Plain Dahi,"Fresh Fruit Chaat (Papaya, Apple, Guava & Chaat Masala)",405,12.0,114.32,Obesity,"Indian, Traditional, Balanced"
1548,177.04,63.7,67.01,17.36,26.99,1703,2 Boiled Eggs with 2 Multigrain Toasts & Masala Chai,Chole Masala (Spiced Chickpeas) with 1 Bhatura & Pickled Onions,Palak Paneer (Spinach Cottage Cheese) with 2 Whole Wheat Chapatis,Bhel Puri (Puffed Rice with Veggies & Tamarind Chutney),660,14.91,43.51,Obesity,"Indian, Traditional, Balanced"
1591,167.3,89.59,64.27,13.64,28.62,1819,2 Methi Theplas with Fresh Curd (Dahi) & Mint Chutney,Chole Masala (Spiced Chickpeas) with 1 Bhatura & Pickled Onions,Tandoori Chicken (2 pcs leg/thigh) with Mint Raita & Green Salad,"Sprouted Moong Chaat with Onion, Tomato, Lemon & Chaat Masala",556,15.29,57.14,"Obesity, Diabetes","Indian, Low Carb, Traditional"
1512,179.01,74.67,57.07,25.11,29.2,1636,Besan Chilla (2 savory gram flour pancakes) with Green Coriander Chutney,Chole Masala (Spiced Chickpeas) with 1 Bhatura & Pickled Onions,Chicken Tikka Masala with 2 Whole Wheat Tandoori Rotis & Salad,"Fresh Fruit Chaat (Papaya, Apple, Guava & Chaat Masala)",355,13.98,92.93,Obesity,"Indian, Traditional, Balanced"
1259,191.56,50.37,33.37,24.27,23.99,1287,Ragi Dosa (2 pcs) with Tomato Onion Chutney & Buttermilk,Malabar Fish Curry with Steamed Rice & Beetroot Thoran,"Moong Dal Khichdi with Desi Ghee, Curd & Roasted Papad","Fresh Fruit Chaat (Papaya, Apple, Guava & Chaat Masala)",559,10.66,78.78,"Obesity, Hypertension, Heart Disease, Kidney Disease","Indian, Low Fat, Dash, Balanced"
1734,216.79,86.26,58.78,13.74,33.04,1897,"Masala Dosa with Potato Filling, Sambar & Coconut Chutney",Bhindi Do Pyaza with 2 Whole Wheat Rotis & Dal Palak,Chicken Tikka Masala with 2 Whole Wheat Tandoori Rotis & Salad,"Sprouted Moong Chaat with Onion, Tomato, Lemon & Chaat Masala",493,15.49,76.77,,"Indian, High Protein, Traditional"
1423,163.14,73.15,53.07,25.01,24.61,1418,Moong Dal Cheela with Paneer Stuffing & Mint Chutney,Malabar Fish Curry with Steamed Rice & Beetroot Thoran,Egg Curry (2 Eggs) with 1.5 Whole Wheat Rotis & Kachumber Salad,"Fresh Fruit Chaat (Papaya, Apple, Guava & Chaat Masala)",549,11.52,95.4,Obesity,"Indian, Low Carb, Traditional"
1459,175.21,71.76,52.81,14.28,19.67,1500,Vegetable Upma with Roasted Cashews & Filter Coffee,Homestyle Chicken Curry with 2 Chapatis & Onion Salad,Malabar Fish Curry with Steamed Rice & Beetroot Thoran,1 Vegetable Samosa with Mint Chutney & Masala Chai,351,10.42,35.83,Obesity,"Indian, Traditional, Balanced"
1485,183.04,82.79,47.76,10.66,27.63,1490,Ragi Dosa (2 pcs) with Tomato Onion Chutney & Buttermilk,Malabar Fish Curry with Steamed Rice & Beetroot Thoran,Soya Chunks Curry with 1 cup Brown Rice & Fresh Salad,Paneer Tikka (3 grilled cubes) with Mint Coriander Chutney,844,15.29,43.91,"Obesity, Diabetes, Heart Disease","Indian, Low Fat, Dash, Balanced"
1715,226.57,72.8,58.63,16.82,32.97,1848,Besan Chilla (2 savory gram flour pancakes) with Green Coriander Chutney,Malabar Fish Curry with Steamed Rice & Beetroot Thoran,"Mix Vegetable Subzi (Beans, Carrot, Peas) with 2 Chapatis & Dal Fry",1 Vegetable Samosa with Mint Chutney & Masala Chai,460,14.6,60.85,,"Indian, Traditional, Balanced"
1501,174.69,70.75,59.23,10.52,29.21,1524,2 Methi Theplas with Fresh Curd (Dahi) & Mint Chutney,Chole Masala (Spiced Chickpeas) with 1 Bhatura & Pickled Onions,Soya Chunks Curry with 1 cup Brown Rice & Fresh Salad,Paneer Tikka (3 grilled cubes) with Mint Coriander Chutney,694,15.6,39.36,"Obesity, Diabetes","Indian, Low Carb, Traditional"
1448,181.5,77.21,46.19,11.42,33.09,1467,Moong Dal Cheela with Paneer Stuffing & Mint Chutney,Bhindi Do Pyaza with 2 Whole Wheat Rotis & Dal Palak,Soya Chunks Curry with 1 cup Brown Rice & Fresh Salad,Khaman Dhokla (2 steamed pcs) with Green Coriander Chutney,675,15.66,55.35,"Obesity, Diabetes, Heart Disease","Indian, Low Fat, Dash, Balanced"
1205,199.24,39.87,28.44,11.34,24.36,1320,"Poha with Peanuts, Curry Leaves & Lemon with Green Tea","South Indian Meals: Sambar, Rasam, Cabbage Poriyal & Steamed Rice",Lauki Chana Dal Curry with 2 Phulkas & Cucumber Tomato Salad,Khaman Dhokla (2 steamed pcs) with Green Coriander Chutney,272,11.07,55.64,"Obesity, Hypertension, Heart Disease, Kidney Disease","Indian, Low Fat, Dash, Balanced"
1540,188.34,63.95,60.73,14.18,25.82,1614,Ragi Dosa (2 pcs) with Tomato Onion Chutney & Buttermilk,Malabar Fish Curry with Steamed Rice & Beetroot Thoran,Palak Paneer (Spinach Cottage Cheese) with 2 Whole Wheat Chapatis,1 Vegetable Samosa with Mint Chutney & Masala Chai,856,13.69,52.22,Obesity,"Indian, Traditional, Balanced"
1602,253.45,55.41,41.53,13.15,34.75,1743,"Masala Dosa with Potato Filling, Sambar & Coconut Chutney",Rajma Masala (Kidney Beans Curry) with Jeera Rice & Kachumber,Lauki Chana Dal Curry with 2 Phulkas & Cucumber Tomato Salad,Khaman Dhokla (2 steamed pcs) with Green Coriander Chutney,344,14.19,50.08,Heart Disease,"Indian, Low Fat, Dash, Balanced"
1497,166.03,72.66,62.12,26.17,23.91,1609,2 Idlis with Sambhar (1 katori) & Coconut Chutney (2 tbsp),Paneer Butter Masala with 2 Whole Wheat Phulkas & Boondi Raita,Chicken Tikka Masala with 2 Whole Wheat Tandoori Rotis & Salad,"Fresh Fruit Chaat (Papaya, Apple, Guava & Chaat Masala)",610,10.35,82.83,Obesity,"Indian, Low Carb, Traditional"
1285,197.67,55.51,31.31,12.99,23.93,1486,2 Idlis with Sambhar (1 katori) & Coconut Chutney (2 tbsp),Fish Curry (Rohu in Mustard Gravy) with Steamed Rice & Green Salad,"Mix Vegetable Subzi (Beans, Carrot, Peas) with 2 Chapatis & Dal Fry",Bhel Puri (Puffed Rice with Veggies & Tamarind Chutney),310,10.59,43.95,"Obesity, Heart Disease","Indian, Low Fat, Dash, Balanced"
1573,249.61,58.39,38.06,12.89,31.35,1447,"Poha with Peanuts, Curry Leaves & Lemon with Green Tea",Rajma Masala (Kidney Beans Curry) with Jeera Rice & Kachumber,"Moong Dal Khichdi with Desi Ghee, Curd & Roasted Papad",Roasted Chana (Bhuna Chana - 50g) with Masala Chai,414,15.83,39.0,"Obesity, Heart Disease","Indian, Low Fat, Dash, Balanced"
1522,217.68,51.94,50.85,14.27,33.9,1576,Ragi Dosa (2 pcs) with Tomato Onion Chutney & Buttermilk,Chole Masala (Spiced Chickpeas) with 1 Bhatura & Pickled Onions,Aloo Gobi Matar Masala with 2 Whole Wheat Rotis & Plain Dahi,"Sprouted Moong Chaat with Onion, Tomato, Lemon & Chaat Masala",647,15.36,75.04,"Obesity, Heart Disease","Indian, Vegetarian, Balanced"
1502,224.07,43.8,48.48,16.49,29.56,1639,"Masala Dosa with Potato Filling, Sambar & Coconut Chutney",Baingan Bharta with 2 Bajra Rotis & Plain Dahi,"Moong Dal Khichdi with Desi Ghee, Curd & Roasted Papad",Bhel Puri (Puffed Rice with Veggies & Tamarind Chutney),467,13.75,41.56,"Obesity, Heart Disease","Indian, Vegetarian, Balanced"
1430,190.48,62.62,46.68,10.15,28.7,1508,Besan Chilla (2 savory gram flour pancakes) with Green Coriander Chutney,Dal Tadka (Yellow Lentil) with Steamed Basmati Rice & Cucumber Salad,"Mix Vegetable Subzi (Beans, Carrot, Peas) with 2 Chapatis & Dal Fry",Paneer Tikka (3 grilled cubes) with Mint Coriander Chutney,520,12.37,50.74,"Obesity, Diabetes, Heart Disease","Indian, Low Fat, Dash, Balanced"
1754,236.46,69.63,60.94,15.26,35.4,1823,Ragi Dosa (2 pcs) with Tomato Onion Chutney & Buttermilk,Chole Masala (Spiced Chickpeas) with 1 Bhatura & Pickled Onions,Soya Chunks Curry with 1 cup Brown Rice & Fresh Salad,1 Vegetable Samosa with Mint Chutney & Masala Chai,731,18.97,43.88,,"Indian, Vegetarian, Balanced"
1400,174.57,71.12,47.25,10.2,31.37,1395,Ragi Dosa (2 pcs) with Tomato Onion Chutney & Buttermilk,Bhindi Do Pyaza with 2 Whole Wheat Rotis & Dal Palak,Soya Chunks Curry with 1 cup Brown Rice & Fresh Salad,Paneer Tikka (3 grilled cubes) with Mint Coriander Chutney,895,15.69,54.85,"Obesity, Hypertension, Diabetes, Heart Disease, Kidney Disease","Indian, Low Fat, Dash, Balanced"
1730,220.66,79.09,61.21,16.62,29.03,2051,2 Idlis with Sambhar (1 katori) & Coconut Chutney (2 tbsp),Chole Masala (Spiced Chickpeas) with 1 Bhatura & Pickled Onions,Chicken Tikka Masala with 2 Whole Wheat Tandoori Rotis & Salad,Bhel Puri (Puffed Rice with Veggies & Tamarind Chutney),375,14.94,45.96,,"Indian, Traditional, Balanced"
1676,179.36,91.81,66.31,15.09,23.32,1827,2 Boiled Eggs with 2 Multigrain Toasts & Masala Chai,Hyderabadi Chicken Biryani with Mirchi ka Salan & Onion Raita,Egg Curry (2 Eggs) with 1.5 Whole Wheat Rotis & Kachumber Salad,"Sprouted Moong Chaat with Onion, Tomato, Lemon & Chaat Masala",494,14.16,46.53,,"Indian, High Protein, Traditional"
1560,216.63,66.23,46.9,13.64,37.58,1462,"Masala Dosa with Potato Filling, Sambar & Coconut Chutney",Baingan Bharta with 2 Bajra Rotis & Plain Dahi,Soya Chunks Curry with 1 cup Brown Rice & Fresh Salad,Roasted Chana (Bhuna Chana - 50g) with Masala Chai,566,18.35,41.01,"Obesity, Heart Disease","Indian, Low Fat, Dash, Balanced"
1589,171.75,91.7,60.31,11.06,22.7,1579,Moong Dal Cheela with Paneer Stuffing & Mint Chutney,Malabar Fish Curry with Steamed Rice & Beetroot Thoran,Malabar Fish Curry with Steamed Rice & Beetroot Thoran,Paneer Tikka (3 grilled cubes) with Mint Coriander Chutney,745,11.75,47.48,"Obesity, Diabetes","Indian, Low Carb, Traditional"
1593,171.72,69.55,70.64,13.84,26.37,1615,Vegetable Upma with Roasted Cashews & Filter Coffee,Bhindi Do Pyaza with 2 Whole Wheat Rotis & Dal Palak,Egg Curry (2 Eggs) with 1.5 Whole Wheat Rotis & Kachumber Salad,Paneer Tikka (3 grilled cubes) with Mint Coriander Chutney,731,12.85,63.83,"Obesity, Diabetes","Indian, Low Carb, Traditional"
1515,205.67,65.27,48.71,12.02,32.37,1678,Besan Chilla (2 savory gram flour pancakes) with Green Coriander Chutney,"South Indian Meals: Sambar, Rasam, Cabbage Poriyal & Steamed Rice",Lauki Chana Dal Curry with 2 Phulkas & Cucumber Tomato Salad,Paneer Tikka (3 grilled cubes) with Mint Coriander Chutney,582,13.1,67.66,"Obesity, Heart Disease","Indian, Vegetarian, Balanced"
1504,215.5,62.23,44.69,27.77,29.44,1451,2 Methi Theplas with Fresh Curd (Dahi) & Mint Chutney,Fish Curry (Rohu in Mustard Gravy) with Steamed Rice & Green Salad,Aloo Gobi Matar Masala with 2 Whole Wheat Rotis & Plain Dahi,"Fresh Fruit Chaat (Papaya, Apple, Guava & Chaat Masala)",551,12.11,116.52,"Obesity, Heart Disease","Indian, Low Fat, Dash, Balanced"
1249,190.65,44.61,34.98,14.81,31.1,1360,Ragi Dosa (2 pcs) with Tomato Onion Chutney & Buttermilk,Bhindi Do Pyaza with 2 Whole Wheat Rotis & Dal Palak,Lauki Chana Dal Curry with 2 Phulkas & Cucumber Tomato Salad,Bhel Puri (Puffed Rice with Veggies & Tamarind Chutney),594,13.05,57.93,"Obesity, Hypertension, Heart Disease, Kidney Disease","Indian, Low Fat, Dash, Balanced"
1287,136.43,79.38,48.08,24.67,27.7,1453,Besan Chilla (2 savory gram flour pancakes) with Green Coriander Chutney,Bhindi Do Pyaza with 2 Whole Wheat Rotis & Dal Palak,Tandoori Chicken (2 pcs leg/thigh) with Mint Raita & Green Salad,"Fresh Fruit Chaat (Papaya, Apple, Guava & Chaat Masala)",474,12.09,106.1,"Obesity, Heart Disease","Indian, Low Carb, Traditional"
1480,192.9,54.13,54.74,9.7,27.17,1505,"Masala Dosa with Potato Filling, Sambar & Coconut Chutney",Bhindi Do Pyaza with 2 Whole Wheat Rotis & Dal Palak,Egg Curry (2 Eggs) with 1.5 Whole Wheat Rotis & Kachumber Salad,Roasted Makhana (Foxnuts - 30g) with Green Tea,462,12.52,53.02,"Obesity, Diabetes","Indian, Traditional, Balanced"
1471,177.01,74.01,52.83,12.85,21.63,1489,Moong Dal Cheela with Paneer Stuffing & Mint Chutney,Malabar Fish Curry with Steamed Rice & Beetroot Thoran,Malabar Fish Curry with Steamed Rice & Beetroot Thoran,1 Vegetable Samosa with Mint Chutney & Masala Chai,523,10.9,40.6,"Obesity, Diabetes","Indian, Traditional, Balanced"
1515,241.57,59.03,35.73,26.02,26.12,1452,"Poha with Peanuts, Curry Leaves & Lemon with Green Tea",Dal Tadka (Yellow Lentil) with Steamed Basmati Rice & Cucumber Salad,Malabar Fish Curry with Steamed Rice & Beetroot Thoran,"Fresh Fruit Chaat (Papaya, Apple, Guava & Chaat Masala)",342,12.96,99.26,"Obesity, Heart Disease","Indian, Low Fat, Dash, Balanced"
1555,211.33,78.12,45.04,14.41,27.5,1659,Ragi Dosa (2 pcs) with Tomato Onion Chutney & Buttermilk,Hyderabadi Chicken Biryani with Mirchi ka Salan & Onion Raita,Soya Chunks Curry with 1 cup Brown Rice & Fresh Salad,Bhel Puri (Puffed Rice with Veggies & Tamarind Chutney),632,15.74,37.92,"Obesity, Heart Disease","Indian, Low Fat, Dash, Balanced"
1564,250.66,52.57,39.64,11.84,35.84,1444,Ragi Dosa (2 pcs) with Tomato Onion Chutney & Buttermilk,Rajma Masala (Kidney Beans Curry) with Jeera Rice & Kachumber,Aloo Gobi Matar Masala with 2 Whole Wheat Rotis & Plain Dahi,Roasted Makhana (Foxnuts - 30g) with Green Tea,677,14.99,63.86,"Obesity, Heart Disease","Indian, Low Fat, Dash, Balanced"
1474,198.61,80.68,40.85,10.07,27.54,1627,2 Idlis with Sambhar (1 katori) & Coconut Chutney (2 tbsp),Hyderabadi Chicken Biryani with Mirchi ka Salan & Onion Raita,Soya Chunks Curry with 1 cup Brown Rice & Fresh Salad,"Sprouted Moong Chaat with Onion, Tomato, Lemon & Chaat Masala",431,14.42,42.6,"Obesity, Heart Disease","Indian, Low Fat, Dash, Balanced"
1709,209.95,53.71,74.29,16.85,27.57,1781,"Masala Dosa with Potato Filling, Sambar & Coconut Chutney",Paneer Butter Masala with 2 Whole Wheat Phulkas & Boondi Raita,"Mix Vegetable Subzi (Beans, Carrot, Peas) with 2 Chapatis & Dal Fry",1 Vegetable Samosa with Mint Chutney & Masala Chai,665,11.68,45.76,,"Indian, Vegetarian, Balanced"
1537,224.11,81.11,35.72,11.32,39.57,1579,Besan Chilla (2 savory gram flour pancakes) with Green Coriander Chutney,Rajma Masala (Kidney Beans Curry) with Jeera Rice & Kachumber,Soya Chunks Curry with 1 cup Brown Rice & Fresh Salad,"Sprouted Moong Chaat with Onion, Tomato, Lemon & Chaat Masala",466,18.9,61.27,"Obesity, Heart Disease","Indian, Low Fat, Dash, Balanced"
1572,196.67,61.8,60.06,17.67,31.23,1713,2 Methi Theplas with Fresh Curd (Dahi) & Mint Chutney,Bhindi Do Pyaza with 2 Whole Wheat Rotis & Dal Palak,Egg Curry (2 Eggs) with 1.5 Whole Wheat Rotis & Kachumber Salad,Bhel Puri (Puffed Rice with Veggies & Tamarind Chutney),626,14.85,66.46,Obesity,"Indian, Traditional, Balanced"
1495,205.29,54.3,51.64,8.46,25.48,1466,1 Crispy Aloo Paratha with Fresh Curd (Dahi) & Zeera Pickle,Dal Tadka (Yellow Lentil) with Steamed Basmati Rice & Cucumber Salad,Palak Paneer (Spinach Cottage Cheese) with 2 Whole Wheat Chapatis,Roasted Makhana (Foxnuts - 30g) with Green Tea,671,12.39,42.89,"Obesity, Heart Disease","Indian, Vegetarian, Balanced"
1518,190.34,74.64,50.69,28.02,32.29,1551,Besan Chilla (2 savory gram flour pancakes) with Green Coriander Chutney,Homestyle Chicken Curry with 2 Chapatis & Onion Salad,Aloo Gobi Matar Masala with 2 Whole Wheat Rotis & Plain Dahi,"Fresh Fruit Chaat (Papaya, Apple, Guava & Chaat Masala)",425,13.15,122.12,"Obesity, Heart Disease","Indian, Traditional, Balanced"
1600,216.21,77.9,47.24,16.36,26.24,1482,Vegetable Upma with Roasted Cashews & Filter Coffee,Malabar Fish Curry with Steamed Rice & Beetroot Thoran,Malabar Fish Curry with Steamed Rice & Beetroot Thoran,Roasted Chana (Bhuna Chana - 50g) with Masala Chai,453,12.86,38.9,Heart Disease,"Indian, Low Fat, Dash, Balanced"
1575,251.49,62.98,35.78,28.3,30.94,1564,Ragi Dosa (2 pcs) with Tomato Onion Chutney & Buttermilk,Dal Tadka (Yellow Lentil) with Steamed Basmati Rice & Cucumber Salad,Malabar Fish Curry with Steamed Rice & Beetroot Thoran,"Fresh Fruit Chaat (Papaya, Apple, Guava & Chaat Masala)",617,13.54,99.21,"Obesity, Heart Disease","Indian, Low Fat, Dash, Balanced"
1687,162.63,107.15,67.58,14.11,21.96,1766,2 Boiled Eggs with 2 Multigrain Toasts & Masala Chai,Homestyle Chicken Curry with 2 Chapatis & Onion Salad,Malabar Fish Curry with Steamed Rice & Beetroot Thoran,Paneer Tikka (3 grilled cubes) with Mint Coriander Chutney,650,13.05,37.87,,"Indian, Low Carb, Traditional"
1437,211.04,51.64,44.07,13.39,32.41,1401,"Poha with Peanuts, Curry Leaves & Lemon with Green Tea",Bhindi Do Pyaza with 2 Whole Wheat Rotis & Dal Palak,Aloo Gobi Matar Masala with 2 Whole Wheat Rotis & Plain Dahi,"Sprouted Moong Chaat with Onion, Tomato, Lemon & Chaat Masala",506,14.72,96.01,"Obesity, Heart Disease","Indian, Low Fat, Dash, Balanced"
1643,208.08,61.09,64.73,16.98,31.76,1731,Ragi Dosa (2 pcs) with Tomato Onion Chutney & Buttermilk,Paneer Butter Masala with 2 Whole Wheat Phulkas & Boondi Raita,Lauki Chana Dal Curry with 2 Phulkas & Cucumber Tomato Salad,Khaman Dhokla (2 steamed pcs) with Green Coriander Chutney,932,13.78,48.96,,"Indian, Vegetarian, Balanced"
1331,196.62,59.14,35.08,12.07,25.2,1417,Ragi Dosa (2 pcs) with Tomato Onion Chutney & Buttermilk,Malabar Fish Curry with Steamed Rice & Beetroot Thoran,"Moong Dal Khichdi with Desi Ghee, Curd & Roasted Papad","Sprouted Moong Chaat with Onion, Tomato, Lemon & Chaat Masala",588,12.36,46.4,"Obesity, Heart Disease","Indian, Low Fat, Dash, Balanced"
1307,170.33,73.55,37.72,23.98,26.99,1411,Ragi Dosa (2 pcs) with Tomato Onion Chutney & Buttermilk,Rajma Masala (Kidney Beans Curry) with Jeera Rice & Kachumber,Tandoori Chicken (2 pcs leg/thigh) with Mint Raita & Green Salad,"Fresh Fruit Chaat (Papaya, Apple, Guava & Chaat Masala)",565,12.51,88.51,"Obesity, Heart Disease","Indian, Low Fat, Dash, Balanced"
1521,183.31,71.67,57.49,10.57,22.9,1567,"Poha with Peanuts, Curry Leaves & Lemon with Green Tea",Hyderabadi Chicken Biryani with Mirchi ka Salan & Onion Raita,Palak Paneer (Spinach Cottage Cheese) with 2 Whole Wheat Chapatis,"Sprouted Moong Chaat with Onion, Tomato, Lemon & Chaat Masala",589,14.19,61.38,"Obesity, Diabetes","Indian, Traditional, Balanced"
1657,148.95,115.02,68.19,11.01,20.13,1835,2 Methi Theplas with Fresh Curd (Dahi) & Mint Chutney,Fish Curry (Rohu in Mustard Gravy) with Steamed Rice & Green Salad,Tandoori Chicken (2 pcs leg/thigh) with Mint Raita & Green Salad,Paneer Tikka (3 grilled cubes) with Mint Coriander Chutney,773,12.68,48.83,Diabetes,"Indian, Low Carb, Traditional"
1642,197.85,64.63,67.65,12.82,32.52,1720,2 Methi Theplas with Fresh Curd (Dahi) & Mint Chutney,Chole Masala (Spiced Chickpeas) with 1 Bhatura & Pickled Onions,Lauki Chana Dal Curry with 2 Phulkas & Cucumber Tomato Salad,Paneer Tikka (3 grilled cubes) with Mint Coriander Chutney,704,14.91,50.45,,"Indian, Vegetarian, Balanced"
1652,204.73,86.0,55.54,11.84,25.62,1927,2 Idlis with Sambhar (1 katori) & Coconut Chutney (2 tbsp),"South Indian Meals: Sambar, Rasam, Cabbage Poriyal & Steamed Rice",Chicken Tikka Masala with 2 Whole Wheat Tandoori Rotis & Salad,Paneer Tikka (3 grilled cubes) with Mint Coriander Chutney,576,11.95,58.02,,"Indian, High Protein, Traditional"
1460,163.08,91.62,50.28,8.23,17.56,1566,1 Crispy Aloo Paratha with Fresh Curd (Dahi) & Zeera Pickle,Fish Curry (Rohu in Mustard Gravy) with Steamed Rice & Green Salad,Tandoori Chicken (2 pcs leg/thigh) with Mint Raita & Green Salad,Roasted Makhana (Foxnuts - 30g) with Green Tea,472,10.74,37.03,Obesity,"Indian, Low Carb, Traditional"
1448,180.33,61.55,53.79,8.93,19.83,1463,"Poha with Peanuts, Curry Leaves & Lemon with Green Tea",Dal Tadka (Yellow Lentil) with Steamed Basmati Rice & Cucumber Salad,Egg Curry (2 Eggs) with 1.5 Whole Wheat Rotis & Kachumber Salad,Paneer Tikka (3 grilled cubes) with Mint Coriander Chutney,505,12.37,47.71,Obesity,"Indian, Traditional, Balanced"
1369,171.47,62.97,48.97,15.36,23.49,1459,2 Boiled Eggs with 2 Multigrain Toasts & Masala Chai,Malabar Fish Curry with Steamed Rice & Beetroot Thoran,Lauki Chana Dal Curry with 2 Phulkas & Cucumber Tomato Salad,1 Vegetable Samosa with Mint Chutney & Masala Chai,413,11.29,34.15,"Obesity, Heart Disease","Indian, Low Carb, Traditional"
1627,213.92,74.97,52.24,16.48,29.41,1810,1 Crispy Aloo Paratha with Fresh Curd (Dahi) & Zeera Pickle,Homestyle Chicken Curry with 2 Chapatis & Onion Salad,Lauki Chana Dal Curry with 2 Phulkas & Cucumber Tomato Salad,Bhel Puri (Puffed Rice with Veggies & Tamarind Chutney),439,13.68,52.13,,"Indian, Traditional, Balanced"
1389,194.21,64.71,39.18,11.69,24.12,1337,2 Methi Theplas with Fresh Curd (Dahi) & Mint Chutney,Fish Curry (Rohu in Mustard Gravy) with Steamed Rice & Green Salad,"Moong Dal Khichdi with Desi Ghee, Curd & Roasted Papad",Roasted Chana (Bhuna Chana - 50g) with Masala Chai,496,12.06,27.77,"Obesity, Hypertension, Diabetes, Heart Disease, Kidney Disease","Indian, Low Fat, Dash, Balanced"
1574,160.0,87.16,66.79,12.63,16.63,1797,1 Crispy Aloo Paratha with Fresh Curd (Dahi) & Zeera Pickle,Hyderabadi Chicken Biryani with Mirchi ka Salan & Onion Raita,Tandoori Chicken (2 pcs leg/thigh) with Mint Raita & Green Salad,1 Vegetable Samosa with Mint Chutney & Masala Chai,476,10.49,34.51,Obesity,"Indian, Low Carb, Traditional"
1448,187.65,77.08,43.4,8.25,25.14,1493,Besan Chilla (2 savory gram flour pancakes) with Green Coriander Chutney,Dal Tadka (Yellow Lentil) with Steamed Basmati Rice & Cucumber Salad,Chicken Tikka Masala with 2 Whole Wheat Tandoori Rotis & Salad,Roasted Makhana (Foxnuts - 30g) with Green Tea,321,12.57,37.61,"Obesity, Diabetes, Heart Disease","Indian, Low Fat, Dash, Balanced"
1353,202.34,43.11,43.2,13.67,24.42,1596,2 Idlis with Sambhar (1 katori) & Coconut Chutney (2 tbsp),Chole Masala (Spiced Chickpeas) with 1 Bhatura & Pickled Onions,"Moong Dal Khichdi with Desi Ghee, Curd & Roasted Papad",Bhel Puri (Puffed Rice with Veggies & Tamarind Chutney),339,11.46,29.89,"Obesity, Heart Disease","Indian, Low Fat, Dash, Balanced"
1386,175.76,61.63,50.14,24.52,28.08,1413,2 Idlis with Sambhar (1 katori) & Coconut Chutney (2 tbsp),Paneer Butter Masala with 2 Whole Wheat Phulkas & Boondi Raita,Soya Chunks Curry with 1 cup Brown Rice & Fresh Salad,"Fresh Fruit Chaat (Papaya, Apple, Guava & Chaat Masala)",666,12.31,77.12,"Obesity, Heart Disease","Indian, Vegetarian, Balanced"
1344,179.64,63.4,41.64,10.74,19.33,1447,"Poha with Peanuts, Curry Leaves & Lemon with Green Tea",Homestyle Chicken Curry with 2 Chapatis & Onion Salad,"Moong Dal Khichdi with Desi Ghee, Curd & Roasted Papad",Khaman Dhokla (2 steamed pcs) with Green Coriander Chutney,302,11.58,36.6,Obesity,"Indian, Low Fat, Dash, Balanced"
1436,221.83,57.25,36.31,14.96,35.21,1576,Besan Chilla (2 savory gram flour pancakes) with Green Coriander Chutney,Rajma Masala (Kidney Beans Curry) with Jeera Rice & Kachumber,Lauki Chana Dal Curry with 2 Phulkas & Cucumber Tomato Salad,Bhel Puri (Puffed Rice with Veggies & Tamarind Chutney),342,14.76,53.76,"Obesity, Heart Disease","Indian, Low Fat, Dash, Balanced"
1378,147.38,52.77,65.15,12.2,18.79,1292,Vegetable Upma with Roasted Cashews & Filter Coffee,Paneer Butter Masala with 2 Whole Wheat Phulkas & Boondi Raita,Egg Curry (2 Eggs) with 1.5 Whole Wheat Rotis & Kachumber Salad,Roasted Makhana (Foxnuts - 30g) with Green Tea,614,9.49,30.99,"Obesity, Hypertension, Kidney Disease","Indian, Low Carb, Traditional"
1717,209.92,71.28,67.69,15.8,28.77,1798,Ragi Dosa (2 pcs) with Tomato Onion Chutney & Buttermilk,Malabar Fish Curry with Steamed Rice & Beetroot Thoran,Palak Paneer (Spinach Cottage Cheese) with 2 Whole Wheat Chapatis,1 Vegetable Samosa with Mint Chutney & Masala Chai,954,15.26,58.2,,"Indian, Traditional, Balanced"
1385,175.2,60.58,49.29,12.19,25.0,1443,Moong Dal Cheela with Paneer Stuffing & Mint Chutney,Dal Tadka (Yellow Lentil) with Steamed Basmati Rice & Cucumber Salad,Palak Paneer (Spinach Cottage Cheese) with 2 Whole Wheat Chapatis,Bhel Puri (Puffed Rice with Veggies & Tamarind Chutney),680,12.28,46.87,"Obesity, Diabetes, Heart Disease","Indian, Vegetarian, Balanced"
1446,188.63,76.34,42.51,10.7,24.29,1359,Moong Dal Cheela with Paneer Stuffing & Mint Chutney,Fish Curry (Rohu in Mustard Gravy) with Steamed Rice & Green Salad,"Moong Dal Khichdi with Desi Ghee, Curd & Roasted Papad",Roasted Chana (Bhuna Chana - 50g) with Masala Chai,559,12.14,29.69,"Obesity, Hypertension, Diabetes, Heart Disease","Indian, Low Fat, Dash, Balanced"
1722,257.39,63.96,49.14,14.71,32.24,1857,"Masala Dosa with Potato Filling, Sambar & Coconut Chutney","South Indian Meals: Sambar, Rasam, Cabbage Poriyal & Steamed Rice",Soya Chunks Curry with 1 cup Brown Rice & Fresh Salad,1 Vegetable Samosa with Mint Chutney & Masala Chai,477,15.34,53.73,Heart Disease,"Indian, Vegetarian, Balanced"
1363,214.27,46.05,36.75,8.67,25.19,1336,1 Crispy Aloo Paratha with Fresh Curd (Dahi) & Zeera Pickle,Rajma Masala (Kidney Beans Curry) with Jeera Rice & Kachumber,"Moong Dal Khichdi with Desi Ghee, Curd & Roasted Papad",Roasted Makhana (Foxnuts - 30g) with Green Tea,423,11.2,28.53,"Obesity, Hypertension, Heart Disease, Kidney Disease","Indian, Low Fat, Dash, Balanced"
1687,202.78,92.08,57.69,16.44,23.29,1818,Vegetable Upma with Roasted Cashews & Filter Coffee,Malabar Fish Curry with Steamed Rice & Beetroot Thoran,Chicken Tikka Masala with 2 Whole Wheat Tandoori Rotis & Salad,Khaman Dhokla (2 steamed pcs) with Green Coriander Chutney,399,12.63,47.24,,"Indian, High Protein, Traditional"
1528,219.15,75.72,39.35,13.08,40.0,1550,Ragi Dosa (2 pcs) with Tomato Onion Chutney & Buttermilk,Bhindi Do Pyaza with 2 Whole Wheat Rotis & Dal Palak,Soya Chunks Curry with 1 cup Brown Rice & Fresh Salad,"Sprouted Moong Chaat with Onion, Tomato, Lemon & Chaat Masala",822,19.23,74.4,"Obesity, Heart Disease","Indian, Low Fat, Dash, Balanced"
1382,196.57,40.77,48.77,11.73,30.06,1284,1 Crispy Aloo Paratha with Fresh Curd (Dahi) & Zeera Pickle,Baingan Bharta with 2 Bajra Rotis & Plain Dahi,Aloo Gobi Matar Masala with 2 Whole Wheat Rotis & Plain Dahi,Roasted Makhana (Foxnuts - 30g) with Green Tea,568,12.75,58.73,"Obesity, Hypertension, Heart Disease, Kidney Disease","Indian, Vegetarian, Balanced"
1654,198.33,70.17,66.23,14.71,23.05,1808,1 Crispy Aloo Paratha with Fresh Curd (Dahi) & Zeera Pickle,Hyderabadi Chicken Biryani with Mirchi ka Salan & Onion Raita,Palak Paneer (Spinach Cottage Cheese) with 2 Whole Wheat Chapatis,Bhel Puri (Puffed Rice with Veggies & Tamarind Chutney),686,12.93,48.43,,"Indian, Traditional, Balanced"
1709,213.17,82.9,57.43,16.98,33.41,1659,2 Boiled Eggs with 2 Multigrain Toasts & Masala Chai,Rajma Masala (Kidney Beans Curry) with Jeera Rice & Kachumber,Egg Curry (2 Eggs) with 1.5 Whole Wheat Rotis & Kachumber Salad,Roasted Chana (Bhuna Chana - 50g) with Masala Chai,531,16.98,37.2,,"Indian, Traditional, Balanced"
1553,170.48,71.07,64.74,13.67,35.79,1407,Moong Dal Cheela with Paneer Stuffing & Mint Chutney,Baingan Bharta with 2 Bajra Rotis & Plain Dahi,Palak Paneer (Spinach Cottage Cheese) with 2 Whole Wheat Chapatis,Roasted Chana (Bhuna Chana - 50g) with Masala Chai,940,17.09,54.78,"Obesity, Diabetes","Indian, Low Carb, Traditional"
1489,172.87,67.77,59.57,11.31,27.9,1367,2 Methi Theplas with Fresh Curd (Dahi) & Mint Chutney,Paneer Butter Masala with 2 Whole Wheat Phulkas & Boondi Raita,Soya Chunks Curry with 1 cup Brown Rice & Fresh Salad,Roasted Makhana (Foxnuts - 30g) with Green Tea,806,13.95,31.01,"Obesity, Hypertension, Diabetes, Kidney Disease","Indian, Low Carb, Traditional"
1456,187.77,61.87,50.01,13.53,32.65,1334,Moong Dal Cheela with Paneer Stuffing & Mint Chutney,Baingan Bharta with 2 Bajra Rotis & Plain Dahi,"Moong Dal Khichdi with Desi Ghee, Curd & Roasted Papad",Roasted Chana (Bhuna Chana - 50g) with Masala Chai,681,14.9,36.18,"Obesity, Hypertension, Diabetes, Heart Disease, Kidney Disease","Indian, Vegetarian, Balanced"
1882,223.99,97.24,68.37,14.71,22.83,2030,1 Crispy Aloo Paratha with Fresh Curd (Dahi) & Zeera Pickle,Fish Curry (Rohu in Mustard Gravy) with Steamed Rice & Green Salad,Chicken Tikka Masala with 2 Whole Wheat Tandoori Rotis & Salad,1 Vegetable Samosa with Mint Chutney & Masala Chai,507,13.5,48.95,,"Indian, High Protein, Traditional"
1366,146.82,83.4,50.77,7.69,14.68,1433,"Poha with Peanuts, Curry Leaves & Lemon with Green Tea",Hyderabadi Chicken Biryani with Mirchi ka Salan & Onion Raita,Tandoori Chicken (2 pcs leg/thigh) with Mint Raita & Green Salad,Roasted Makhana (Foxnuts - 30g) with Green Tea,347,10.88,33.34,Obesity,"Indian, Low Carb, Traditional"
1579,206.34,70.64,53.66,9.49,20.18,1679,"Masala Dosa with Potato Filling, Sambar & Coconut Chutney",Fish Curry (Rohu in Mustard Gravy) with Steamed Rice & Green Salad,"Moong Dal Khichdi with Desi Ghee, Curd & Roasted Papad",Paneer Tikka (3 grilled cubes) with Mint Coriander Chutney,562,10.79,35.87,Obesity,"Indian, Traditional, Balanced"
1499,203.49,68.99,45.89,16.32,37.99,1581,Besan Chilla (2 savory gram flour pancakes) with Green Coriander Chutney,Baingan Bharta with 2 Bajra Rotis & Plain Dahi,Soya Chunks Curry with 1 cup Brown Rice & Fresh Salad,Bhel Puri (Puffed Rice with Veggies & Tamarind Chutney),554,18.99,54.11,"Obesity, Heart Disease","Indian, Low Fat, Dash, Balanced"
1524,195.33,74.79,49.99,16.84,28.72,1565,2 Boiled Eggs with 2 Multigrain Toasts & Masala Chai,Malabar Fish Curry with Steamed Rice & Beetroot Thoran,Aloo Gobi Matar Masala with 2 Whole Wheat Rotis & Plain Dahi,"Sprouted Moong Chaat with Onion, Tomato, Lemon & Chaat Masala",527,13.43,69.31,"Obesity, Heart Disease","Indian, Traditional, Balanced"
1304,194.68,43.89,39.7,27.42,31.51,1266,Vegetable Upma with Roasted Cashews & Filter Coffee,Bhindi Do Pyaza with 2 Whole Wheat Rotis & Dal Palak,"Mix Vegetable Subzi (Beans, Carrot, Peas) with 2 Chapatis & Dal Fry","Fresh Fruit Chaat (Papaya, Apple, Guava & Chaat Masala)",448,11.33,106.14,"Obesity, Hypertension, Heart Disease, Kidney Disease","Indian, Low Fat, Dash, Balanced"
1602,230.26,52.68,52.13,16.62,37.25,1390,"Poha with Peanuts, Curry Leaves & Lemon with Green Tea",Baingan Bharta with 2 Bajra Rotis & Plain Dahi,Aloo Gobi Matar Masala with 2 Whole Wheat Rotis & Plain Dahi,Roasted Chana (Bhuna Chana - 50g) with Masala Chai,583,17.81,74.62,"Hypertension, Kidney Disease","Indian, Vegetarian, Balanced"
1688,237.9,80.54,46.55,10.16,30.93,1650,"Masala Dosa with Potato Filling, Sambar & Coconut Chutney",Malabar Fish Curry with Steamed Rice & Beetroot Thoran,Soya Chunks Curry with 1 cup Brown Rice & Fresh Salad,Roasted Makhana (Foxnuts - 30g) with Green Tea,488,15.95,39.34,Heart Disease,"Indian, Low Fat, Dash, Balanced"
1459,196.96,70.95,43.31,11.76,23.51,1732,2 Idlis with Sambhar (1 katori) & Coconut Chutney (2 tbsp),Homestyle Chicken Curry with 2 Chapatis & Onion Salad,"Moong Dal Khichdi with Desi Ghee, Curd & Roasted Papad",Khaman Dhokla (2 steamed pcs) with Green Coriander Chutney,350,11.14,31.25,"Obesity, Heart Disease","Indian, Low Fat, Dash, Balanced"
1336,194.03,51.53,39.53,13.9,26.71,1444,Ragi Dosa (2 pcs) with Tomato Onion Chutney & Buttermilk,Rajma Masala (Kidney Beans Curry) with Jeera Rice & Kachumber,Egg Curry (2 Eggs) with 1.5 Whole Wheat Rotis & Kachumber Salad,Bhel Puri (Puffed Rice with Veggies & Tamarind Chutney),519,13.36,45.03,"Obesity, Diabetes, Heart Disease","Indian, Low Fat, Dash, Balanced"
1738,249.58,53.47,60.44,14.16,28.95,1955,"Masala Dosa with Potato Filling, Sambar & Coconut Chutney",Chole Masala (Spiced Chickpeas) with 1 Bhatura & Pickled Onions,"Moong Dal Khichdi with Desi Ghee, Curd & Roasted Papad",Khaman Dhokla (2 steamed pcs) with Green Coriander Chutney,404,13.95,36.98,,"Indian, Vegetarian, Balanced"
1638,239.17,64.4,47.97,32.64,36.64,1582,2 Boiled Eggs with 2 Multigrain Toasts & Masala Chai,Rajma Masala (Kidney Beans Curry) with Jeera Rice & Kachumber,Aloo Gobi Matar Masala with 2 Whole Wheat Rotis & Plain Dahi,"Fresh Fruit Chaat (Papaya, Apple, Guava & Chaat Masala)",536,14.66,116.36,Heart Disease,"Indian, Low Fat, Dash, Balanced"
1486,231.21,44.58,43.41,14.66,27.96,1623,1 Crispy Aloo Paratha with Fresh Curd (Dahi) & Zeera Pickle,"South Indian Meals: Sambar, Rasam, Cabbage Poriyal & Steamed Rice",Aloo Gobi Matar Masala with 2 Whole Wheat Rotis & Plain Dahi,Khaman Dhokla (2 steamed pcs) with Green Coriander Chutney,479,10.95,73.03,"Obesity, Heart Disease","Indian, Low Fat, Dash, Balanced"
1380,109.89,85.21,68.13,15.22,16.9,1571,2 Boiled Eggs with 2 Multigrain Toasts & Masala Chai,Paneer Butter Masala with 2 Whole Wheat Phulkas & Boondi Raita,Tandoori Chicken (2 pcs leg/thigh) with Mint Raita & Green Salad,Khaman Dhokla (2 steamed pcs) with Green Coriander Chutney,661,10.0,27.61,Obesity,"Indian, Low Carb, Traditional"
1461,156.91,86.76,55.12,10.86,20.97,1550,Ragi Dosa (2 pcs) with Tomato Onion Chutney & Buttermilk,Malabar Fish Curry with Steamed Rice & Beetroot Thoran,Chicken Tikka Masala with 2 Whole Wheat Tandoori Rotis & Salad,Paneer Tikka (3 grilled cubes) with Mint Coriander Chutney,716,12.06,44.45,"Obesity, Diabetes","Indian, Low Carb, Traditional"
1620,202.87,75.04,58.46,14.07,24.0,1691,Vegetable Upma with Roasted Cashews & Filter Coffee,Fish Curry (Rohu in Mustard Gravy) with Steamed Rice & Green Salad,Palak Paneer (Spinach Cottage Cheese) with 2 Whole Wheat Chapatis,Khaman Dhokla (2 steamed pcs) with Green Coriander Chutney,665,13.09,54.21,,"Indian, Traditional, Balanced"
1426,153.35,93.19,50.19,10.33,19.84,1735,2 Idlis with Sambhar (1 katori) & Coconut Chutney (2 tbsp),Hyderabadi Chicken Biryani with Mirchi ka Salan & Onion Raita,Tandoori Chicken (2 pcs leg/thigh) with Mint Raita & Green Salad,"Sprouted Moong Chaat with Onion, Tomato, Lemon & Chaat Masala",388,11.07,43.64,Obesity,"Indian, Low Carb, Traditional"
1453,184.89,68.68,50.03,16.14,28.33,1565,2 Boiled Eggs with 2 Multigrain Toasts & Masala Chai,Chole Masala (Spiced Chickpeas) with 1 Bhatura & Pickled Onions,Soya Chunks Curry with 1 cup Brown Rice & Fresh Salad,Bhel Puri (Puffed Rice with Veggies & Tamarind Chutney),461,15.87,31.29,"Obesity, Heart Disease","Indian, Traditional, Balanced"
1507,194.34,60.27,53.61,14.49,33.83,1544,2 Idlis with Sambhar (1 katori) & Coconut Chutney (2 tbsp),Baingan Bharta with 2 Bajra Rotis & Plain Dahi,Egg Curry (2 Eggs) with 1.5 Whole Wheat Rotis & Kachumber Salad,Roasted Chana (Bhuna Chana - 50g) with Masala Chai,537,15.86,44.94,Obesity,"Indian, Traditional, Balanced"
1356,154.15,86.75,44.67,8.87,19.64,1555,2 Idlis with Sambhar (1 katori) & Coconut Chutney (2 tbsp),Malabar Fish Curry with Steamed Rice & Beetroot Thoran,Tandoori Chicken (2 pcs leg/thigh) with Mint Raita & Green Salad,Roasted Makhana (Foxnuts - 30g) with Green Tea,397,10.27,33.8,Obesity,"Indian, Low Fat, Dash, Balanced"
1735,201.94,81.78,68.47,12.16,33.76,1761,2 Methi Theplas with Fresh Curd (Dahi) & Mint Chutney,Chole Masala (Spiced Chickpeas) with 1 Bhatura & Pickled Onions,Soya Chunks Curry with 1 cup Brown Rice & Fresh Salad,Paneer Tikka (3 grilled cubes) with Mint Coriander Chutney,802,18.03,45.5,,"Indian, Vegetarian, Balanced"
1422,185.28,51.81,53.94,10.16,31.79,1453,2 Idlis with Sambhar (1 katori) & Coconut Chutney (2 tbsp),Baingan Bharta with 2 Bajra Rotis & Plain Dahi,Palak Paneer (Spinach Cottage Cheese) with 2 Whole Wheat Chapatis,Roasted Makhana (Foxnuts - 30g) with Green Tea,729,14.63,49.27,"Obesity, Diabetes","Indian, Vegetarian, Balanced"
1228,182.99,47.18,34.33,11.09,27.29,1276,2 Idlis with Sambhar (1 katori) & Coconut Chutney (2 tbsp),Bhindi Do Pyaza with 2 Whole Wheat Rotis & Dal Palak,"Moong Dal Khichdi with Desi Ghee, Curd & Roasted Papad",Roasted Chana (Bhuna Chana - 50g) with Masala Chai,443,11.18,35.21,"Obesity, Hypertension, Diabetes, Heart Disease, Kidney Disease","Indian, Low Fat, Dash, Balanced"
1594,190.17,71.07,62.02,13.68,27.36,1584,2 Methi Theplas with Fresh Curd (Dahi) & Mint Chutney,Malabar Fish Curry with Steamed Rice & Beetroot Thoran,Aloo Gobi Matar Masala with 2 Whole Wheat Rotis & Plain Dahi,Paneer Tikka (3 grilled cubes) with Mint Coriander Chutney,766,12.34,67.37,"Obesity, Diabetes","Indian, Traditional, Balanced"
1776,236.11,95.55,50.2,12.85,33.14,1814,2 Idlis with Sambhar (1 katori) & Coconut Chutney (2 tbsp),Hyderabadi Chicken Biryani with Mirchi ka Salan & Onion Raita,Soya Chunks Curry with 1 cup Brown Rice & Fresh Salad,Roasted Chana (Bhuna Chana - 50g) with Masala Chai,532,17.27,31.09,Heart Disease,"Indian, High Protein, Traditional"
1646,239.43,68.58,46.72,28.05,38.98,1646,"Masala Dosa with Potato Filling, Sambar & Coconut Chutney",Bhindi Do Pyaza with 2 Whole Wheat Rotis & Dal Palak,Soya Chunks Curry with 1 cup Brown Rice & Fresh Salad,"Fresh Fruit Chaat (Papaya, Apple, Guava & Chaat Masala)",580,16.9,114.74,Heart Disease,"Indian, Low Fat, Dash, Balanced"
1649,134.76,91.3,84.5,12.52,18.82,1814,"Masala Dosa with Potato Filling, Sambar & Coconut Chutney",Paneer Butter Masala with 2 Whole Wheat Phulkas & Boondi Raita,Tandoori Chicken (2 pcs leg/thigh) with Mint Raita & Green Salad,Paneer Tikka (3 grilled cubes) with Mint Coriander Chutney,856,10.48,40.26,,"Indian, Low Carb, Traditional"
1311,162.92,63.54,45.35,8.13,19.76,1293,2 Methi Theplas with Fresh Curd (Dahi) & Mint Chutney,Fish Curry (Rohu in Mustard Gravy) with Steamed Rice & Green Salad,Egg Curry (2 Eggs) with 1.5 Whole Wheat Rotis & Kachumber Salad,Roasted Makhana (Foxnuts - 30g) with Green Tea,443,10.99,35.93,"Obesity, Hypertension, Kidney Disease","Indian, Low Fat, Dash, Balanced"
1419,205.23,52.89,44.06,29.08,26.99,1340,Vegetable Upma with Roasted Cashews & Filter Coffee,Malabar Fish Curry with Steamed Rice & Beetroot Thoran,Aloo Gobi Matar Masala with 2 Whole Wheat Rotis & Plain Dahi,"Fresh Fruit Chaat (Papaya, Apple, Guava & Chaat Masala)",440,10.42,109.66,"Obesity, Hypertension, Heart Disease, Kidney Disease","Indian, Low Fat, Dash, Balanced"
1574,191.21,92.56,49.03,11.28,30.99,1618,Moong Dal Cheela with Paneer Stuffing & Mint Chutney,Rajma Masala (Kidney Beans Curry) with Jeera Rice & Kachumber,Chicken Tikka Masala with 2 Whole Wheat Tandoori Rotis & Salad,"Sprouted Moong Chaat with Onion, Tomato, Lemon & Chaat Masala",523,14.9,59.03,"Obesity, Diabetes, Heart Disease","Indian, High Protein, Traditional"
1899,203.59,87.25,83.45,13.67,30.06,1899,"Masala Dosa with Potato Filling, Sambar & Coconut Chutney",Paneer Butter Masala with 2 Whole Wheat Phulkas & Boondi Raita,Soya Chunks Curry with 1 cup Brown Rice & Fresh Salad,Paneer Tikka (3 grilled cubes) with Mint Coriander Chutney,1006,15.63,43.74,,"Indian, High Protein, Traditional"
1504,200.86,72.95,46.01,13.47,22.32,1612,Vegetable Upma with Roasted Cashews & Filter Coffee,Dal Tadka (Yellow Lentil) with Steamed Basmati Rice & Cucumber Salad,Chicken Tikka Masala with 2 Whole Wheat Tandoori Rotis & Salad,Khaman Dhokla (2 steamed pcs) with Green Coriander Chutney,319,11.4,37.95,"Obesity, Heart Disease","Indian, Low Fat, Dash, Balanced"
1404,137.93,82.72,56.8,10.61,21.31,1521,Moong Dal Cheela with Paneer Stuffing & Mint Chutney,Homestyle Chicken Curry with 2 Chapatis & Onion Salad,Egg Curry (2 Eggs) with 1.5 Whole Wheat Rotis & Kachumber Salad,Khaman Dhokla (2 steamed pcs) with Green Coriander Chutney,475,11.64,42.72,"Obesity, Diabetes","Indian, Low Carb, Traditional"
1480,181.43,52.17,63.0,11.9,25.55,1621,1 Crispy Aloo Paratha with Fresh Curd (Dahi) & Zeera Pickle,Chole Masala (Spiced Chickpeas) with 1 Bhatura & Pickled Onions,Palak Paneer (Spinach Cottage Cheese) with 2 Whole Wheat Chapatis,Khaman Dhokla (2 steamed pcs) with Green Coriander Chutney,630,13.13,47.41,"Obesity, Diabetes","Indian, Vegetarian, Balanced"
1456,198.82,59.76,48.29,12.68,21.14,1532,2 Methi Theplas with Fresh Curd (Dahi) & Mint Chutney,Fish Curry (Rohu in Mustard Gravy) with Steamed Rice & Green Salad,"Moong Dal Khichdi with Desi Ghee, Curd & Roasted Papad",1 Vegetable Samosa with Mint Chutney & Masala Chai,489,10.99,31.95,Obesity,"Indian, Traditional, Balanced"
1813,208.81,74.3,76.99,23.95,31.0,1919,2 Boiled Eggs with 2 Multigrain Toasts & Masala Chai,Paneer Butter Masala with 2 Whole Wheat Phulkas & Boondi Raita,"Mix Vegetable Subzi (Beans, Carrot, Peas) with 2 Chapatis & Dal Fry",Bhel Puri (Puffed Rice with Veggies & Tamarind Chutney),819,14.32,47.0,,"Indian, Traditional, Balanced"
1478,193.19,51.38,56.86,28.87,30.83,1448,Ragi Dosa (2 pcs) with Tomato Onion Chutney & Buttermilk,Paneer Butter Masala with 2 Whole Wheat Phulkas & Boondi Raita,"Mix Vegetable Subzi (Beans, Carrot, Peas) with 2 Chapatis & Dal Fry","Fresh Fruit Chaat (Papaya, Apple, Guava & Chaat Masala)",862,12.14,96.3,Obesity,"Indian, Vegetarian, Balanced"
1556,226.57,84.49,35.46,8.67,30.24,1468,Ragi Dosa (2 pcs) with Tomato Onion Chutney & Buttermilk,Fish Curry (Rohu in Mustard Gravy) with Steamed Rice & Green Salad,Soya Chunks Curry with 1 cup Brown Rice & Fresh Salad,Roasted Makhana (Foxnuts - 30g) with Green Tea,706,16.9,39.13,"Obesity, Heart Disease","Indian, Low Fat, Dash, Balanced"
1679,266.33,67.06,40.08,28.77,32.8,1590,"Poha with Peanuts, Curry Leaves & Lemon with Green Tea",Rajma Masala (Kidney Beans Curry) with Jeera Rice & Kachumber,Malabar Fish Curry with Steamed Rice & Beetroot Thoran,"Fresh Fruit Chaat (Papaya, Apple, Guava & Chaat Masala)",395,15.67,112.62,Heart Disease,"Indian, Low Fat, Dash, Balanced"
1414,214.61,55.1,38.29,12.4,26.17,1451,"Poha with Peanuts, Curry Leaves & Lemon with Green Tea","South Indian Meals: Sambar, Rasam, Cabbage Poriyal & Steamed Rice",Soya Chunks Curry with 1 cup Brown Rice & Fresh Salad,1 Vegetable Samosa with Mint Chutney & Masala Chai,401,14.33,52.44,"Obesity, Heart Disease","Indian, Low Fat, Dash, Balanced"
1517,189.67,70.07,52.53,11.25,25.08,1610,Moong Dal Cheela with Paneer Stuffing & Mint Chutney,Dal Tadka (Yellow Lentil) with Steamed Basmati Rice & Cucumber Salad,Egg Curry (2 Eggs) with 1.5 Whole Wheat Rotis & Kachumber Salad,Khaman Dhokla (2 steamed pcs) with Green Coriander Chutney,518,12.49,44.27,"Obesity, Diabetes","Indian, Traditional, Balanced"
1304,189.91,56.92,35.94,23.99,26.91,1304,2 Methi Theplas with Fresh Curd (Dahi) & Mint Chutney,Fish Curry (Rohu in Mustard Gravy) with Steamed Rice & Green Salad,"Mix Vegetable Subzi (Beans, Carrot, Peas) with 2 Chapatis & Dal Fry","Fresh Fruit Chaat (Papaya, Apple, Guava & Chaat Masala)",439,11.13,91.31,"Obesity, Hypertension, Heart Disease, Kidney Disease","Indian, Low Fat, Dash, Balanced"
1515,213.59,65.4,46.34,11.83,31.67,1720,2 Idlis with Sambhar (1 katori) & Coconut Chutney (2 tbsp),Chole Masala (Spiced Chickpeas) with 1 Bhatura & Pickled Onions,Soya Chunks Curry with 1 cup Brown Rice & Fresh Salad,Khaman Dhokla (2 steamed pcs) with Green Coriander Chutney,423,15.84,37.24,"Obesity, Heart Disease","Indian, Low Fat, Dash, Balanced"
1729,258.73,73.14,45.41,13.37,29.94,1801,1 Crispy Aloo Paratha with Fresh Curd (Dahi) & Zeera Pickle,Dal Tadka (Yellow Lentil) with Steamed Basmati Rice & Cucumber Salad,Malabar Fish Curry with Steamed Rice & Beetroot Thoran,"Sprouted Moong Chaat with Onion, Tomato, Lemon & Chaat Masala",497,14.14,59.33,Heart Disease,"Indian, Low Fat, Dash, Balanced"
1701,251.99,73.73,44.32,16.42,33.38,1545,Vegetable Upma with Roasted Cashews & Filter Coffee,Rajma Masala (Kidney Beans Curry) with Jeera Rice & Kachumber,Malabar Fish Curry with Steamed Rice & Beetroot Thoran,Roasted Chana (Bhuna Chana - 50g) with Masala Chai,454,15.13,41.43,Heart Disease,"Indian, Low Fat, Dash, Balanced"
1312,159.0,68.83,45.18,10.07,20.6,1478,Besan Chilla (2 savory gram flour pancakes) with Green Coriander Chutney,Fish Curry (Rohu in Mustard Gravy) with Steamed Rice & Green Salad,Egg Curry (2 Eggs) with 1.5 Whole Wheat Rotis & Kachumber Salad,Khaman Dhokla (2 steamed pcs) with Green Coriander Chutney,326,11.46,44.72,"Obesity, Diabetes","Indian, Low Fat, Dash, Balanced"
1502,240.8,61.91,33.8,26.07,31.97,1578,2 Idlis with Sambhar (1 katori) & Coconut Chutney (2 tbsp),Rajma Masala (Kidney Beans Curry) with Jeera Rice & Kachumber,Malabar Fish Curry with Steamed Rice & Beetroot Thoran,"Fresh Fruit Chaat (Papaya, Apple, Guava & Chaat Masala)",376,12.63,93.37,"Obesity, Heart Disease","Indian, Low Fat, Dash, Balanced"
1316,112.28,78.53,62.72,9.89,19.26,1396,Besan Chilla (2 savory gram flour pancakes) with Green Coriander Chutney,Paneer Butter Masala with 2 Whole Wheat Phulkas & Boondi Raita,Tandoori Chicken (2 pcs leg/thigh) with Mint Raita & Green Salad,Roasted Makhana (Foxnuts - 30g) with Green Tea,612,10.07,33.04,"Obesity, Hypertension","Indian, Low Carb, Traditional"
1638,177.08,105.44,56.77,12.58,27.04,1716,Moong Dal Cheela with Paneer Stuffing & Mint Chutney,Malabar Fish Curry with Steamed Rice & Beetroot Thoran,Chicken Tikka Masala with 2 Whole Wheat Tandoori Rotis & Salad,"Sprouted Moong Chaat with Onion, Tomato, Lemon & Chaat Masala",572,14.14,61.77,Diabetes,"Indian, High Protein, Traditional"
1444,177.37,57.68,56.16,16.57,31.31,1596,Besan Chilla (2 savory gram flour pancakes) with Green Coriander Chutney,Baingan Bharta with 2 Bajra Rotis & Plain Dahi,Egg Curry (2 Eggs) with 1.5 Whole Wheat Rotis & Kachumber Salad,Bhel Puri (Puffed Rice with Veggies & Tamarind Chutney),480,15.66,57.27,Obesity,"Indian, Traditional, Balanced"
1288,185.67,49.6,39.5,11.56,30.94,1365,1 Crispy Aloo Paratha with Fresh Curd (Dahi) & Zeera Pickle,Bhindi Do Pyaza with 2 Whole Wheat Rotis & Dal Palak,Lauki Chana Dal Curry with 2 Phulkas & Cucumber Tomato Salad,"Sprouted Moong Chaat with Onion, Tomato, Lemon & Chaat Masala",490,12.47,66.62,"Obesity, Hypertension, Diabetes, Heart Disease, Kidney Disease","Indian, Low Fat, Dash, Balanced"
1314,172.91,53.03,45.33,10.35,31.69,1209,Moong Dal Cheela with Paneer Stuffing & Mint Chutney,Baingan Bharta with 2 Bajra Rotis & Plain Dahi,"Mix Vegetable Subzi (Beans, Carrot, Peas) with 2 Chapatis & Dal Fry",Roasted Makhana (Foxnuts - 30g) with Green Tea,589,13.37,47.53,"Obesity, Hypertension, Diabetes, Heart Disease, Kidney Disease","Indian, Low Fat, Dash, Balanced"
1743,233.34,80.5,55.34,13.84,26.47,1983,2 Idlis with Sambhar (1 katori) & Coconut Chutney (2 tbsp),Dal Tadka (Yellow Lentil) with Steamed Basmati Rice & Cucumber Salad,Chicken Tikka Masala with 2 Whole Wheat Tandoori Rotis & Salad,1 Vegetable Samosa with Mint Chutney & Masala Chai,378,12.96,40.09,,"Indian, Traditional, Balanced"
1582,174.67,101.34,53.84,11.05,21.9,1697,Moong Dal Cheela with Paneer Stuffing & Mint Chutney,Fish Curry (Rohu in Mustard Gravy) with Steamed Rice & Green Salad,Chicken Tikka Masala with 2 Whole Wheat Tandoori Rotis & Salad,Khaman Dhokla (2 steamed pcs) with Green Coriander Chutney,504,12.45,45.8,"Obesity, Diabetes","Indian, Low Carb, Traditional"
1350,210.17,52.49,33.87,24.74,35.18,1374,Besan Chilla (2 savory gram flour pancakes) with Green Coriander Chutney,Rajma Masala (Kidney Beans Curry) with Jeera Rice & Kachumber,"Mix Vegetable Subzi (Beans, Carrot, Peas) with 2 Chapatis & Dal Fry","Fresh Fruit Chaat (Papaya, Apple, Guava & Chaat Masala)",350,13.36,99.44,"Obesity, Hypertension, Heart Disease, Kidney Disease","Indian, Low Fat, Dash, Balanced"
1696,192.49,60.63,76.93,17.81,23.71,1841,"Masala Dosa with Potato Filling, Sambar & Coconut Chutney",Paneer Butter Masala with 2 Whole Wheat Phulkas & Boondi Raita,Egg Curry (2 Eggs) with 1.5 Whole Wheat Rotis & Kachumber Salad,Bhel Puri (Puffed Rice with Veggies & Tamarind Chutney),664,12.11,44.92,,"Indian, Traditional, Balanced"
1281,190.56,50.7,35.1,12.4,25.99,1318,2 Boiled Eggs with 2 Multigrain Toasts & Masala Chai,"South Indian Meals: Sambar, Rasam, Cabbage Poriyal & Steamed Rice","Mix Vegetable Subzi (Beans, Carrot, Peas) with 2 Chapatis & Dal Fry",Roasted Makhana (Foxnuts - 30g) with Green Tea,392,10.85,42.95,"Obesity, Hypertension, Diabetes, Heart Disease, Kidney Disease","Indian, Low Fat, Dash, Balanced"
1466,188.71,68.82,48.04,15.29,24.12,1618,2 Methi Theplas with Fresh Curd (Dahi) & Mint Chutney,Homestyle Chicken Curry with 2 Chapatis & Onion Salad,"Moong Dal Khichdi with Desi Ghee, Curd & Roasted Papad",Bhel Puri (Puffed Rice with Veggies & Tamarind Chutney),464,12.25,35.49,"Obesity, Heart Disease","Indian, Traditional, Balanced"
1810,243.7,77.67,58.31,16.28,33.12,1727,Ragi Dosa (2 pcs) with Tomato Onion Chutney & Buttermilk,Hyderabadi Chicken Biryani with Mirchi ka Salan & Onion Raita,Aloo Gobi Matar Masala with 2 Whole Wheat Rotis & Plain Dahi,Roasted Chana (Bhuna Chana - 50g) with Masala Chai,759,15.73,59.52,,"Indian, Traditional, Balanced"
1330,169.78,78.75,38.36,12.29,20.33,1392,2 Boiled Eggs with 2 Multigrain Toasts & Masala Chai,Fish Curry (Rohu in Mustard Gravy) with Steamed Rice & Green Salad,Malabar Fish Curry with Steamed Rice & Beetroot Thoran,"Sprouted Moong Chaat with Onion, Tomato, Lemon & Chaat Masala",393,11.49,41.63,"Obesity, Hypertension, Diabetes","Indian, Low Fat, Dash, Balanced"
1329,190.59,54.01,39.88,25.18,24.62,1348,2 Methi Theplas with Fresh Curd (Dahi) & Mint Chutney,Malabar Fish Curry with Steamed Rice & Beetroot Thoran,"Moong Dal Khichdi with Desi Ghee, Curd & Roasted Papad","Fresh Fruit Chaat (Papaya, Apple, Guava & Chaat Masala)",485,10.58,79.94,"Obesity, Hypertension, Heart Disease, Kidney Disease","Indian, Low Fat, Dash, Balanced"
1520,208.35,62.55,49.36,14.49,38.68,1580,Besan Chilla (2 savory gram flour pancakes) with Green Coriander Chutney,Bhindi Do Pyaza with 2 Whole Wheat Rotis & Dal Palak,Aloo Gobi Matar Masala with 2 Whole Wheat Rotis & Plain Dahi,"Sprouted Moong Chaat with Onion, Tomato, Lemon & Chaat Masala",568,15.47,100.25,"Obesity, Heart Disease","Indian, Vegetarian, Balanced"
1488,194.57,82.92,43.15,14.62,26.89,1820,2 Idlis with Sambhar (1 katori) & Coconut Chutney (2 tbsp),Rajma Masala (Kidney Beans Curry) with Jeera Rice & Kachumber,Tandoori Chicken (2 pcs leg/thigh) with Mint Raita & Green Salad,Bhel Puri (Puffed Rice with Veggies & Tamarind Chutney),386,12.99,44.07,"Obesity, Heart Disease","Indian, Low Fat, Dash, Balanced"
1562,185.2,73.47,60.12,15.43,29.27,1503,Vegetable Upma with Roasted Cashews & Filter Coffee,Paneer Butter Masala with 2 Whole Wheat Phulkas & Boondi Raita,Soya Chunks Curry with 1 cup Brown Rice & Fresh Salad,"Sprouted Moong Chaat with Onion, Tomato, Lemon & Chaat Masala",749,14.63,48.25,Obesity,"Indian, Vegetarian, Balanced"
1320,174.92,55.37,44.82,7.32,25.93,1315,Besan Chilla (2 savory gram flour pancakes) with Green Coriander Chutney,Dal Tadka (Yellow Lentil) with Steamed Basmati Rice & Cucumber Salad,Palak Paneer (Spinach Cottage Cheese) with 2 Whole Wheat Chapatis,Roasted Makhana (Foxnuts - 30g) with Green Tea,551,12.41,42.69,"Obesity, Hypertension, Diabetes, Heart Disease, Kidney Disease","Indian, Low Fat, Dash, Balanced"
1483,185.88,72.82,51.44,12.41,24.61,1503,Vegetable Upma with Roasted Cashews & Filter Coffee,Fish Curry (Rohu in Mustard Gravy) with Steamed Rice & Green Salad,Palak Paneer (Spinach Cottage Cheese) with 2 Whole Wheat Chapatis,"Sprouted Moong Chaat with Onion, Tomato, Lemon & Chaat Masala",638,13.11,62.53,"Obesity, Diabetes, Heart Disease","Indian, Traditional, Balanced"
1539,169.47,56.65,71.95,27.32,23.47,1549,1 Crispy Aloo Paratha with Fresh Curd (Dahi) & Zeera Pickle,Paneer Butter Masala with 2 Whole Wheat Phulkas & Boondi Raita,Egg Curry (2 Eggs) with 1.5 Whole Wheat Rotis & Kachumber Salad,"Fresh Fruit Chaat (Papaya, Apple, Guava & Chaat Masala)",734,10.68,89.55,Obesity,"Indian, Low Carb, Traditional"
1661,194.19,74.46,66.86,26.74,27.96,1692,2 Methi Theplas with Fresh Curd (Dahi) & Mint Chutney,Hyderabadi Chicken Biryani with Mirchi ka Salan & Onion Raita,Palak Paneer (Spinach Cottage Cheese) with 2 Whole Wheat Chapatis,"Fresh Fruit Chaat (Papaya, Apple, Guava & Chaat Masala)",778,13.68,99.17,,"Indian, Traditional, Balanced"
1590,230.07,66.79,44.01,9.79,32.57,1496,Moong Dal Cheela with Paneer Stuffing & Mint Chutney,Dal Tadka (Yellow Lentil) with Steamed Basmati Rice & Cucumber Salad,"Mix Vegetable Subzi (Beans, Carrot, Peas) with 2 Chapatis & Dal Fry",Roasted Makhana (Foxnuts - 30g) with Green Tea,561,13.42,46.76,"Obesity, Heart Disease","Indian, Low Fat, Dash, Balanced"
1852,220.06,67.55,80.13,17.31,24.66,1913,"Masala Dosa with Potato Filling, Sambar & Coconut Chutney",Paneer Butter Masala with 2 Whole Wheat Phulkas & Boondi Raita,Malabar Fish Curry with Steamed Rice & Beetroot Thoran,1 Vegetable Samosa with Mint Chutney & Masala Chai,707,11.88,41.07,,"Indian, Traditional, Balanced"
1609,178.8,108.26,50.08,10.87,33.14,1620,Moong Dal Cheela with Paneer Stuffing & Mint Chutney,Homestyle Chicken Curry with 2 Chapatis & Onion Salad,Soya Chunks Curry with 1 cup Brown Rice & Fresh Salad,"Sprouted Moong Chaat with Onion, Tomato, Lemon & Chaat Masala",633,17.48,57.33,"Diabetes, Heart Disease","Indian, High Protein, Traditional"
1565,168.82,95.1,57.15,10.58,22.9,1745,Ragi Dosa (2 pcs) with Tomato Onion Chutney & Buttermilk,Dal Tadka (Yellow Lentil) with Steamed Basmati Rice & Cucumber Salad,Tandoori Chicken (2 pcs leg/thigh) with Mint Raita & Green Salad,Paneer Tikka (3 grilled cubes) with Mint Coriander Chutney,836,12.98,44.6,"Obesity, Diabetes","Indian, Low Carb, Traditional"
1923,178.21,80.6,101.39,20.79,27.13,1973,2 Boiled Eggs with 2 Multigrain Toasts & Masala Chai,Paneer Butter Masala with 2 Whole Wheat Phulkas & Boondi Raita,Palak Paneer (Spinach Cottage Cheese) with 2 Whole Wheat Chapatis,1 Vegetable Samosa with Mint Chutney & Masala Chai,1131,14.67,45.02,,"Indian, Traditional, Balanced"
1554,234.5,53.06,44.35,13.66,30.69,1455,1 Crispy Aloo Paratha with Fresh Curd (Dahi) & Zeera Pickle,Dal Tadka (Yellow Lentil) with Steamed Basmati Rice & Cucumber Salad,Aloo Gobi Matar Masala with 2 Whole Wheat Rotis & Plain Dahi,Roasted Chana (Bhuna Chana - 50g) with Masala Chai,512,12.87,54.34,"Obesity, Heart Disease","Indian, Low Fat, Dash, Balanced"
1539,225.27,63.96,43.79,8.93,21.53,1533,1 Crispy Aloo Paratha with Fresh Curd (Dahi) & Zeera Pickle,Fish Curry (Rohu in Mustard Gravy) with Steamed Rice & Green Salad,"Moong Dal Khichdi with Desi Ghee, Curd & Roasted Papad",Roasted Makhana (Foxnuts - 30g) with Green Tea,483,11.13,30.77,Obesity,"Indian, Low Fat, Dash, Balanced"
1570,195.99,57.49,62.14,14.8,29.79,1518,"Masala Dosa with Potato Filling, Sambar & Coconut Chutney",Paneer Butter Masala with 2 Whole Wheat Phulkas & Boondi Raita,Lauki Chana Dal Curry with 2 Phulkas & Cucumber Tomato Salad,Roasted Chana (Bhuna Chana - 50g) with Masala Chai,647,12.43,36.71,Obesity,"Indian, Vegetarian, Balanced"
1612,220.24,65.02,51.04,15.07,27.94,1518,Vegetable Upma with Roasted Cashews & Filter Coffee,Dal Tadka (Yellow Lentil) with Steamed Basmati Rice & Cucumber Salad,Egg Curry (2 Eggs) with 1.5 Whole Wheat Rotis & Kachumber Salad,Roasted Chana (Bhuna Chana - 50g) with Masala Chai,431,13.75,37.62,Heart Disease,"Indian, Traditional, Balanced"
1363,193.31,76.7,31.23,10.53,28.55,1266,Ragi Dosa (2 pcs) with Tomato Onion Chutney & Buttermilk,Fish Curry (Rohu in Mustard Gravy) with Steamed Rice & Green Salad,Soya Chunks Curry with 1 cup Brown Rice & Fresh Salad,Roasted Chana (Bhuna Chana - 50g) with Masala Chai,624,15.62,33.64,"Obesity, Hypertension, Diabetes, Heart Disease","Indian, Low Fat, Dash, Balanced"
1357,189.37,64.69,38.3,10.15,27.87,1412,Ragi Dosa (2 pcs) with Tomato Onion Chutney & Buttermilk,"South Indian Meals: Sambar, Rasam, Cabbage Poriyal & Steamed Rice",Soya Chunks Curry with 1 cup Brown Rice & Fresh Salad,Paneer Tikka (3 grilled cubes) with Mint Coriander Chutney,771,13.93,50.3,"Obesity, Diabetes, Heart Disease","Indian, Low Fat, Dash, Balanced"
1410,134.63,95.43,54.13,10.92,23.02,1451,2 Boiled Eggs with 2 Multigrain Toasts & Masala Chai,Homestyle Chicken Curry with 2 Chapatis & Onion Salad,Soya Chunks Curry with 1 cup Brown Rice & Fresh Salad,Paneer Tikka (3 grilled cubes) with Mint Coriander Chutney,612,13.92,29.93,"Obesity, Diabetes","Indian, Low Carb, Traditional"
1741,248.08,64.33,55.52,15.97,29.85,1862,"Masala Dosa with Potato Filling, Sambar & Coconut Chutney",Malabar Fish Curry with Steamed Rice & Beetroot Thoran,Aloo Gobi Matar Masala with 2 Whole Wheat Rotis & Plain Dahi,Khaman Dhokla (2 steamed pcs) with Green Coriander Chutney,459,12.89,69.95,,"Indian, Traditional, Balanced"
1488,200.49,64.6,47.63,12.48,31.55,1548,2 Methi Theplas with Fresh Curd (Dahi) & Mint Chutney,Rajma Masala (Kidney Beans Curry) with Jeera Rice & Kachumber,Egg Curry (2 Eggs) with 1.5 Whole Wheat Rotis & Kachumber Salad,"Sprouted Moong Chaat with Onion, Tomato, Lemon & Chaat Masala",500,14.98,59.61,"Obesity, Heart Disease","Indian, Low Fat, Dash, Balanced"
1453,236.37,51.65,33.11,13.75,32.07,1406,"Poha with Peanuts, Curry Leaves & Lemon with Green Tea","South Indian Meals: Sambar, Rasam, Cabbage Poriyal & Steamed Rice",Lauki Chana Dal Curry with 2 Phulkas & Cucumber Tomato Salad,Roasted Chana (Bhuna Chana - 50g) with Masala Chai,372,14.47,60.19,"Obesity, Heart Disease","Indian, Low Fat, Dash, Balanced"
1842,227.89,84.66,68.31,14.67,27.88,2005,"Poha with Peanuts, Curry Leaves & Lemon with Green Tea",Chole Masala (Spiced Chickpeas) with 1 Bhatura & Pickled Onions,Chicken Tikka Masala with 2 Whole Wheat Tandoori Rotis & Salad,Khaman Dhokla (2 steamed pcs) with Green Coriander Chutney,374,17.13,56.44,,"Indian, Traditional, Balanced"
1490,205.54,69.02,43.89,12.0,28.27,1571,2 Idlis with Sambhar (1 katori) & Coconut Chutney (2 tbsp),Hyderabadi Chicken Biryani with Mirchi ka Salan & Onion Raita,Lauki Chana Dal Curry with 2 Phulkas & Cucumber Tomato Salad,Roasted Chana (Bhuna Chana - 50g) with Masala Chai,384,12.47,32.18,"Obesity, Heart Disease","Indian, Low Fat, Dash, Balanced"
1370,186.91,50.5,48.52,11.68,25.88,1555,Besan Chilla (2 savory gram flour pancakes) with Green Coriander Chutney,Chole Masala (Spiced Chickpeas) with 1 Bhatura & Pickled Onions,"Moong Dal Khichdi with Desi Ghee, Curd & Roasted Papad",Khaman Dhokla (2 steamed pcs) with Green Coriander Chutney,349,12.49,34.78,"Obesity, Diabetes, Heart Disease","Indian, Vegetarian, Balanced"
1525,195.32,74.29,49.04,16.45,30.28,1677,2 Methi Theplas with Fresh Curd (Dahi) & Mint Chutney,Homestyle Chicken Curry with 2 Chapatis & Onion Salad,Lauki Chana Dal Curry with 2 Phulkas & Cucumber Tomato Salad,Bhel Puri (Puffed Rice with Veggies & Tamarind Chutney),459,13.94,49.88,"Obesity, Heart Disease","Indian, Traditional, Balanced"
1731,229.14,83.62,54.36,12.1,27.48,1875,"Masala Dosa with Potato Filling, Sambar & Coconut Chutney",Hyderabadi Chicken Biryani with Mirchi ka Salan & Onion Raita,Soya Chunks Curry with 1 cup Brown Rice & Fresh Salad,Khaman Dhokla (2 steamed pcs) with Green Coriander Chutney,443,15.18,36.8,,"Indian, Traditional, Balanced"
1512,202.19,67.94,49.23,15.44,25.43,1558,2 Boiled Eggs with 2 Multigrain Toasts & Masala Chai,Rajma Masala (Kidney Beans Curry) with Jeera Rice & Kachumber,Malabar Fish Curry with Steamed Rice & Beetroot Thoran,1 Vegetable Samosa with Mint Chutney & Masala Chai,427,12.72,33.06,"Obesity, Heart Disease","Indian, Traditional, Balanced"
1655,215.15,74.27,55.33,13.86,26.52,1635,2 Methi Theplas with Fresh Curd (Dahi) & Mint Chutney,Hyderabadi Chicken Biryani with Mirchi ka Salan & Onion Raita,"Moong Dal Khichdi with Desi Ghee, Curd & Roasted Papad",Roasted Chana (Bhuna Chana - 50g) with Masala Chai,563,13.46,26.02,,"Indian, Traditional, Balanced"
1559,197.2,88.97,47.7,11.31,19.47,1671,"Poha with Peanuts, Curry Leaves & Lemon with Green Tea",Fish Curry (Rohu in Mustard Gravy) with Steamed Rice & Green Salad,Chicken Tikka Masala with 2 Whole Wheat Tandoori Rotis & Salad,Khaman Dhokla (2 steamed pcs) with Green Coriander Chutney,315,13.35,50.65,Obesity,"Indian, Low Fat, Dash, Balanced"
1562,173.52,84.41,59.98,12.92,25.33,1612,"Poha with Peanuts, Curry Leaves & Lemon with Green Tea",Chole Masala (Spiced Chickpeas) with 1 Bhatura & Pickled Onions,Tandoori Chicken (2 pcs leg/thigh) with Mint Raita & Green Salad,Roasted Chana (Bhuna Chana - 50g) with Masala Chai,423,15.62,43.26,"Obesity, Diabetes","Indian, Low Carb, Traditional"
1496,189.96,75.02,49.2,13.06,22.55,1549,Vegetable Upma with Roasted Cashews & Filter Coffee,Fish Curry (Rohu in Mustard Gravy) with Steamed Rice & Green Salad,Egg Curry (2 Eggs) with 1.5 Whole Wheat Rotis & Kachumber Salad,"Sprouted Moong Chaat with Onion, Tomato, Lemon & Chaat Masala",404,12.54,57.74,"Obesity, Diabetes, Heart Disease","Indian, Traditional, Balanced"
1564,208.2,58.82,55.96,16.52,28.09,1663,"Poha with Peanuts, Curry Leaves & Lemon with Green Tea",Bhindi Do Pyaza with 2 Whole Wheat Rotis & Dal Palak,Egg Curry (2 Eggs) with 1.5 Whole Wheat Rotis & Kachumber Salad,Bhel Puri (Puffed Rice with Veggies & Tamarind Chutney),478,15.53,73.25,Obesity,"Indian, Traditional, Balanced"
1485,174.93,67.29,57.89,14.5,20.76,1637,2 Methi Theplas with Fresh Curd (Dahi) & Mint Chutney,Hyderabadi Chicken Biryani with Mirchi ka Salan & Onion Raita,Egg Curry (2 Eggs) with 1.5 Whole Wheat Rotis & Kachumber Salad,Bhel Puri (Puffed Rice with Veggies & Tamarind Chutney),458,11.9,39.1,Obesity,"Indian, Low Carb, Traditional"
1499,195.78,73.05,48.16,15.44,23.98,1580,2 Boiled Eggs with 2 Multigrain Toasts & Masala Chai,Fish Curry (Rohu in Mustard Gravy) with Steamed Rice & Green Salad,Aloo Gobi Matar Masala with 2 Whole Wheat Rotis & Plain Dahi,Khaman Dhokla (2 steamed pcs) with Green Coriander Chutney,469,11.99,54.15,"Obesity, Heart Disease","Indian, Traditional, Balanced"
1342,188.67,48.93,44.07,10.4,30.41,1327,Besan Chilla (2 savory gram flour pancakes) with Green Coriander Chutney,Baingan Bharta with 2 Bajra Rotis & Plain Dahi,"Moong Dal Khichdi with Desi Ghee, Curd & Roasted Papad",Roasted Makhana (Foxnuts - 30g) with Green Tea,483,13.87,37.54,"Obesity, Hypertension, Diabetes, Heart Disease, Kidney Disease","Indian, Low Fat, Dash, Balanced"
1434,231.49,53.54,32.31,11.47,27.88,1490,2 Idlis with Sambhar (1 katori) & Coconut Chutney (2 tbsp),Dal Tadka (Yellow Lentil) with Steamed Basmati Rice & Cucumber Salad,"Moong Dal Khichdi with Desi Ghee, Curd & Roasted Papad",Roasted Chana (Bhuna Chana - 50g) with Masala Chai,387,11.98,22.85,"Obesity, Heart Disease","Indian, Low Fat, Dash, Balanced"
1501,200.91,75.12,44.25,11.48,24.34,1570,"Poha with Peanuts, Curry Leaves & Lemon with Green Tea",Homestyle Chicken Curry with 2 Chapatis & Onion Salad,"Moong Dal Khichdi with Desi Ghee, Curd & Roasted Papad","Sprouted Moong Chaat with Onion, Tomato, Lemon & Chaat Masala",365,14.12,54.26,"Obesity, Heart Disease","Indian, Low Fat, Dash, Balanced"
1796,190.63,88.95,77.73,10.69,24.59,1989,2 Idlis with Sambhar (1 katori) & Coconut Chutney (2 tbsp),Hyderabadi Chicken Biryani with Mirchi ka Salan & Onion Raita,Palak Paneer (Spinach Cottage Cheese) with 2 Whole Wheat Chapatis,Paneer Tikka (3 grilled cubes) with Mint Coriander Chutney,891,13.36,49.82,Diabetes,"Indian, High Protein, Traditional"
1304,213.82,42.18,31.75,12.63,25.8,1418,"Poha with Peanuts, Curry Leaves & Lemon with Green Tea","South Indian Meals: Sambar, Rasam, Cabbage Poriyal & Steamed Rice","Mix Vegetable Subzi (Beans, Carrot, Peas) with 2 Chapatis & Dal Fry",Khaman Dhokla (2 steamed pcs) with Green Coriander Chutney,302,11.71,61.85,"Obesity, Heart Disease","Indian, Low Fat, Dash, Balanced"
1607,234.82,73.26,41.22,14.95,33.1,1634,Besan Chilla (2 savory gram flour pancakes) with Green Coriander Chutney,"South Indian Meals: Sambar, Rasam, Cabbage Poriyal & Steamed Rice",Malabar Fish Curry with Steamed Rice & Beetroot Thoran,Roasted Chana (Bhuna Chana - 50g) with Masala Chai,441,14.52,57.34,Heart Disease,"Indian, Low Fat, Dash, Balanced"
1690,241.0,65.84,52.3,11.45,31.16,1673,"Masala Dosa with Potato Filling, Sambar & Coconut Chutney",Bhindi Do Pyaza with 2 Whole Wheat Rotis & Dal Palak,Malabar Fish Curry with Steamed Rice & Beetroot Thoran,Roasted Makhana (Foxnuts - 30g) with Green Tea,509,13.65,56.48,,"Indian, Traditional, Balanced"
1395,177.29,73.24,44.19,14.0,22.01,1453,Moong Dal Cheela with Paneer Stuffing & Mint Chutney,Malabar Fish Curry with Steamed Rice & Beetroot Thoran,Malabar Fish Curry with Steamed Rice & Beetroot Thoran,Bhel Puri (Puffed Rice with Veggies & Tamarind Chutney),490,11.09,42.87,"Obesity, Diabetes, Heart Disease","Indian, Low Fat, Dash, Balanced"
1321,200.0,56.99,33.0,11.36,34.08,1398,Besan Chilla (2 savory gram flour pancakes) with Green Coriander Chutney,Rajma Masala (Kidney Beans Curry) with Jeera Rice & Kachumber,"Mix Vegetable Subzi (Beans, Carrot, Peas) with 2 Chapatis & Dal Fry","Sprouted Moong Chaat with Onion, Tomato, Lemon & Chaat Masala",344,14.07,62.04,"Obesity, Hypertension, Heart Disease, Kidney Disease","Indian, Low Fat, Dash, Balanced"
1416,205.66,61.91,38.28,13.38,26.76,1377,Ragi Dosa (2 pcs) with Tomato Onion Chutney & Buttermilk,Malabar Fish Curry with Steamed Rice & Beetroot Thoran,"Moong Dal Khichdi with Desi Ghee, Curd & Roasted Papad",Roasted Chana (Bhuna Chana - 50g) with Masala Chai,630,13.09,30.76,"Obesity, Hypertension, Heart Disease, Kidney Disease","Indian, Low Fat, Dash, Balanced"
1360,189.56,70.49,34.75,14.1,29.56,1333,2 Boiled Eggs with 2 Multigrain Toasts & Masala Chai,"South Indian Meals: Sambar, Rasam, Cabbage Poriyal & Steamed Rice",Soya Chunks Curry with 1 cup Brown Rice & Fresh Salad,Roasted Chana (Bhuna Chana - 50g) with Masala Chai,488,14.74,35.02,"Obesity, Hypertension, Heart Disease, Kidney Disease","Indian, Low Fat, Dash, Balanced"
1376,154.69,71.96,52.14,14.48,23.26,1489,2 Boiled Eggs with 2 Multigrain Toasts & Masala Chai,Homestyle Chicken Curry with 2 Chapatis & Onion Salad,Lauki Chana Dal Curry with 2 Phulkas & Cucumber Tomato Salad,1 Vegetable Samosa with Mint Chutney & Masala Chai,378,11.59,32.22,Obesity,"Indian, Low Carb, Traditional"
1333,166.09,72.04,42.76,25.99,24.72,1513,2 Methi Theplas with Fresh Curd (Dahi) & Mint Chutney,"South Indian Meals: Sambar, Rasam, Cabbage Poriyal & Steamed Rice",Tandoori Chicken (2 pcs leg/thigh) with Mint Raita & Green Salad,"Fresh Fruit Chaat (Papaya, Apple, Guava & Chaat Masala)",493,10.67,99.87,"Obesity, Heart Disease","Indian, Low Fat, Dash, Balanced"
1611,213.62,61.83,58.16,27.08,31.18,1627,Moong Dal Cheela with Paneer Stuffing & Mint Chutney,Chole Masala (Spiced Chickpeas) with 1 Bhatura & Pickled Onions,"Moong Dal Khichdi with Desi Ghee, Curd & Roasted Papad","Fresh Fruit Chaat (Papaya, Apple, Guava & Chaat Masala)",596,13.65,89.96,,"Indian, Vegetarian, Balanced"
1770,209.01,84.87,66.9,15.31,24.63,1864,Vegetable Upma with Roasted Cashews & Filter Coffee,Hyderabadi Chicken Biryani with Mirchi ka Salan & Onion Raita,Egg Curry (2 Eggs) with 1.5 Whole Wheat Rotis & Kachumber Salad,"Sprouted Moong Chaat with Onion, Tomato, Lemon & Chaat Masala",464,13.87,56.8,,"Indian, Traditional, Balanced"
1433,233.62,46.72,35.44,27.16,35.34,1368,Ragi Dosa (2 pcs) with Tomato Onion Chutney & Buttermilk,Rajma Masala (Kidney Beans Curry) with Jeera Rice & Kachumber,Aloo Gobi Matar Masala with 2 Whole Wheat Rotis & Plain Dahi,"Fresh Fruit Chaat (Papaya, Apple, Guava & Chaat Masala)",625,13.68,114.02,"Obesity, Hypertension, Heart Disease, Kidney Disease","Indian, Low Fat, Dash, Balanced"
1694,192.01,87.67,65.37,14.61,35.61,1721,Besan Chilla (2 savory gram flour pancakes) with Green Coriander Chutney,Paneer Butter Masala with 2 Whole Wheat Phulkas & Boondi Raita,Soya Chunks Curry with 1 cup Brown Rice & Fresh Salad,"Sprouted Moong Chaat with Onion, Tomato, Lemon & Chaat Masala",813,17.64,59.2,,"Indian, High Protein, Traditional"
1575,129.04,95.97,76.74,31.51,21.94,1690,2 Boiled Eggs with 2 Multigrain Toasts & Masala Chai,Paneer Butter Masala with 2 Whole Wheat Phulkas & Boondi Raita,Tandoori Chicken (2 pcs leg/thigh) with Mint Raita & Green Salad,"Fresh Fruit Chaat (Papaya, Apple, Guava & Chaat Masala)",790,11.33,83.6,Obesity,"Indian, Low Carb, Traditional"
1597,240.53,71.93,39.56,14.39,34.27,1597,Vegetable Upma with Roasted Cashews & Filter Coffee,Rajma Masala (Kidney Beans Curry) with Jeera Rice & Kachumber,Soya Chunks Curry with 1 cup Brown Rice & Fresh Salad,Khaman Dhokla (2 steamed pcs) with Green Coriander Chutney,458,16.61,43.16,"Obesity, Heart Disease","Indian, Low Fat, Dash, Balanced"
1434,200.91,54.11,47.27,10.55,26.73,1360,"Poha with Peanuts, Curry Leaves & Lemon with Green Tea",Rajma Masala (Kidney Beans Curry) with Jeera Rice & Kachumber,Aloo Gobi Matar Masala with 2 Whole Wheat Rotis & Plain Dahi,Paneer Tikka (3 grilled cubes) with Mint Coriander Chutney,541,12.95,66.14,"Obesity, Hypertension, Heart Disease, Kidney Disease","Indian, Low Fat, Dash, Balanced"
1663,190.04,88.07,60.39,14.0,29.65,1718,Moong Dal Cheela with Paneer Stuffing & Mint Chutney,Homestyle Chicken Curry with 2 Chapatis & Onion Salad,Aloo Gobi Matar Masala with 2 Whole Wheat Rotis & Plain Dahi,Khaman Dhokla (2 steamed pcs) with Green Coriander Chutney,603,13.35,68.71,,"Indian, High Protein, Traditional"
1231,161.34,51.11,42.94,14.76,28.71,1320,2 Boiled Eggs with 2 Multigrain Toasts & Masala Chai,Baingan Bharta with 2 Bajra Rotis & Plain Dahi,Lauki Chana Dal Curry with 2 Phulkas & Cucumber Tomato Salad,Khaman Dhokla (2 steamed pcs) with Green Coriander Chutney,451,13.07,38.31,"Obesity, Hypertension, Heart Disease, Kidney Disease","Indian, Low Fat, Dash, Balanced"
1395,140.43,73.62,61.35,9.63,23.36,1472,Besan Chilla (2 savory gram flour pancakes) with Green Coriander Chutney,Malabar Fish Curry with Steamed Rice & Beetroot Thoran,Palak Paneer (Spinach Cottage Cheese) with 2 Whole Wheat Chapatis,Paneer Tikka (3 grilled cubes) with Mint Coriander Chutney,757,12.27,53.35,"Obesity, Diabetes","Indian, Low Carb, Traditional"
1615,179.75,58.96,74.22,11.69,22.49,1605,"Masala Dosa with Potato Filling, Sambar & Coconut Chutney",Paneer Butter Masala with 2 Whole Wheat Phulkas & Boondi Raita,Egg Curry (2 Eggs) with 1.5 Whole Wheat Rotis & Kachumber Salad,Roasted Makhana (Foxnuts - 30g) with Green Tea,661,11.2,36.17,Diabetes,"Indian, Traditional, Balanced"
1385,194.58,51.46,45.11,14.14,32.61,1481,2 Methi Theplas with Fresh Curd (Dahi) & Mint Chutney,Bhindi Do Pyaza with 2 Whole Wheat Rotis & Dal Palak,"Mix Vegetable Subzi (Beans, Carrot, Peas) with 2 Chapatis & Dal Fry",Khaman Dhokla (2 steamed pcs) with Green Coriander Chutney,546,13.08,62.42,"Obesity, Heart Disease","Indian, Low Fat, Dash, Balanced"
1568,214.11,64.35,52.01,13.66,22.77,1649,2 Methi Theplas with Fresh Curd (Dahi) & Mint Chutney,Fish Curry (Rohu in Mustard Gravy) with Steamed Rice & Green Salad,"Moong Dal Khichdi with Desi Ghee, Curd & Roasted Papad",1 Vegetable Samosa with Mint Chutney & Masala Chai,526,11.84,34.4,Obesity,"Indian, Traditional, Balanced"
1858,228.19,84.09,69.37,16.06,24.7,1945,2 Methi Theplas with Fresh Curd (Dahi) & Mint Chutney,Hyderabadi Chicken Biryani with Mirchi ka Salan & Onion Raita,Malabar Fish Curry with Steamed Rice & Beetroot Thoran,1 Vegetable Samosa with Mint Chutney & Masala Chai,566,13.38,40.76,,"Indian, Traditional, Balanced"
1563,217.01,61.71,51.67,14.52,28.83,1726,2 Idlis with Sambhar (1 katori) & Coconut Chutney (2 tbsp),Bhindi Do Pyaza with 2 Whole Wheat Rotis & Dal Palak,Malabar Fish Curry with Steamed Rice & Beetroot Thoran,1 Vegetable Samosa with Mint Chutney & Masala Chai,495,12.38,54.3,"Obesity, Heart Disease","Indian, Traditional, Balanced"
1312,197.83,56.54,33.74,9.18,26.64,1391,2 Idlis with Sambhar (1 katori) & Coconut Chutney (2 tbsp),Malabar Fish Curry with Steamed Rice & Beetroot Thoran,Lauki Chana Dal Curry with 2 Phulkas & Cucumber Tomato Salad,Roasted Makhana (Foxnuts - 30g) with Green Tea,348,10.85,37.2,"Obesity, Hypertension, Heart Disease, Kidney Disease","Indian, Low Fat, Dash, Balanced"
1301,191.61,58.53,33.68,7.92,23.77,1288,Besan Chilla (2 savory gram flour pancakes) with Green Coriander Chutney,Dal Tadka (Yellow Lentil) with Steamed Basmati Rice & Cucumber Salad,Malabar Fish Curry with Steamed Rice & Beetroot Thoran,Roasted Makhana (Foxnuts - 30g) with Green Tea,315,11.08,33.95,"Obesity, Hypertension, Diabetes, Heart Disease, Kidney Disease","Indian, Low Fat, Dash, Balanced"
1595,177.17,98.14,55.02,13.67,25.45,1878,Moong Dal Cheela with Paneer Stuffing & Mint Chutney,"South Indian Meals: Sambar, Rasam, Cabbage Poriyal & Steamed Rice",Tandoori Chicken (2 pcs leg/thigh) with Mint Raita & Green Salad,Khaman Dhokla (2 steamed pcs) with Green Coriander Chutney,606,12.34,61.02,"Obesity, Diabetes","Indian, High Protein, Traditional"
1441,201.05,64.51,42.9,13.1,39.4,1561,Besan Chilla (2 savory gram flour pancakes) with Green Coriander Chutney,Bhindi Do Pyaza with 2 Whole Wheat Rotis & Dal Palak,Lauki Chana Dal Curry with 2 Phulkas & Cucumber Tomato Salad,"Sprouted Moong Chaat with Onion, Tomato, Lemon & Chaat Masala",492,15.83,82.63,"Obesity, Heart Disease","Indian, Low Fat, Dash, Balanced"
1273,201.43,43.42,32.36,13.62,23.87,1247,Vegetable Upma with Roasted Cashews & Filter Coffee,"South Indian Meals: Sambar, Rasam, Cabbage Poriyal & Steamed Rice","Moong Dal Khichdi with Desi Ghee, Curd & Roasted Papad",Roasted Chana (Bhuna Chana - 50g) with Masala Chai,376,10.08,34.13,"Obesity, Hypertension, Heart Disease, Kidney Disease","Indian, Low Fat, Dash, Balanced"
1549,162.62,93.86,59.02,11.31,18.57,1604,2 Boiled Eggs with 2 Multigrain Toasts & Masala Chai,Hyderabadi Chicken Biryani with Mirchi ka Salan & Onion Raita,Chicken Tikka Masala with 2 Whole Wheat Tandoori Rotis & Salad,Roasted Makhana (Foxnuts - 30g) with Green Tea,408,11.77,23.53,Obesity,"Indian, Low Carb, Traditional"
1250,141.23,58.82,50.34,13.43,22.61,1382,2 Boiled Eggs with 2 Multigrain Toasts & Masala Chai,Bhindi Do Pyaza with 2 Whole Wheat Rotis & Dal Palak,Egg Curry (2 Eggs) with 1.5 Whole Wheat Rotis & Kachumber Salad,Khaman Dhokla (2 steamed pcs) with Green Coriander Chutney,457,11.48,44.16,"Obesity, Hypertension, Diabetes, Heart Disease, Kidney Disease","Indian, Low Carb, Traditional"
1454,198.93,54.69,49.61,25.2,29.78,1444,2 Methi Theplas with Fresh Curd (Dahi) & Mint Chutney,Dal Tadka (Yellow Lentil) with Steamed Basmati Rice & Cucumber Salad,Palak Paneer (Spinach Cottage Cheese) with 2 Whole Wheat Chapatis,"Fresh Fruit Chaat (Papaya, Apple, Guava & Chaat Masala)",712,13.05,97.82,"Obesity, Heart Disease","Indian, Vegetarian, Balanced"
1497,196.45,63.57,52.08,12.97,22.7,1640,"Masala Dosa with Potato Filling, Sambar & Coconut Chutney",Fish Curry (Rohu in Mustard Gravy) with Steamed Rice & Green Salad,Palak Paneer (Spinach Cottage Cheese) with 2 Whole Wheat Chapatis,Bhel Puri (Puffed Rice with Veggies & Tamarind Chutney),560,12.32,50.13,Obesity,"Indian, Traditional, Balanced"
1335,154.25,50.92,57.66,13.31,26.97,1428,Besan Chilla (2 savory gram flour pancakes) with Green Coriander Chutney,Baingan Bharta with 2 Bajra Rotis & Plain Dahi,Egg Curry (2 Eggs) with 1.5 Whole Wheat Rotis & Kachumber Salad,1 Vegetable Samosa with Mint Chutney & Masala Chai,451,13.48,47.72,"Obesity, Diabetes","Indian, Low Carb, Traditional"
1724,185.11,64.6,82.5,20.52,26.08,1724,2 Boiled Eggs with 2 Multigrain Toasts & Masala Chai,Paneer Butter Masala with 2 Whole Wheat Phulkas & Boondi Raita,Aloo Gobi Matar Masala with 2 Whole Wheat Rotis & Plain Dahi,1 Vegetable Samosa with Mint Chutney & Masala Chai,821,12.03,51.16,,"Indian, Traditional, Balanced"
1601,226.96,80.01,41.11,9.75,34.13,1529,Moong Dal Cheela with Paneer Stuffing & Mint Chutney,"South Indian Meals: Sambar, Rasam, Cabbage Poriyal & Steamed Rice",Soya Chunks Curry with 1 cup Brown Rice & Fresh Salad,Roasted Makhana (Foxnuts - 30g) with Green Tea,665,15.96,52.64,Heart Disease,"Indian, Low Fat, Dash, Balanced"
1345,191.8,67.84,34.86,8.15,24.27,1227,"Poha with Peanuts, Curry Leaves & Lemon with Green Tea",Malabar Fish Curry with Steamed Rice & Beetroot Thoran,Soya Chunks Curry with 1 cup Brown Rice & Fresh Salad,Roasted Makhana (Foxnuts - 30g) with Green Tea,400,14.52,38.98,"Obesity, Hypertension, Diabetes, Heart Disease, Kidney Disease","Indian, Low Fat, Dash, Balanced"
1533,202.52,72.35,48.3,16.33,29.36,1613,Moong Dal Cheela with Paneer Stuffing & Mint Chutney,Malabar Fish Curry with Steamed Rice & Beetroot Thoran,"Mix Vegetable Subzi (Beans, Carrot, Peas) with 2 Chapatis & Dal Fry",Bhel Puri (Puffed Rice with Veggies & Tamarind Chutney),551,13.03,55.82,"Obesity, Heart Disease","Indian, Traditional, Balanced"
1670,196.68,86.39,61.31,11.56,21.94,1734,Ragi Dosa (2 pcs) with Tomato Onion Chutney & Buttermilk,Hyderabadi Chicken Biryani with Mirchi ka Salan & Onion Raita,Malabar Fish Curry with Steamed Rice & Beetroot Thoran,Paneer Tikka (3 grilled cubes) with Mint Coriander Chutney,788,12.64,41.33,,"Indian, High Protein, Traditional"
1687,214.63,84.86,54.23,13.25,24.63,1863,"Masala Dosa with Potato Filling, Sambar & Coconut Chutney",Homestyle Chicken Curry with 2 Chapatis & Onion Salad,Malabar Fish Curry with Steamed Rice & Beetroot Thoran,Khaman Dhokla (2 steamed pcs) with Green Coriander Chutney,350,12.63,44.29,,"Indian, Traditional, Balanced"
1682,194.05,95.41,59.08,16.82,22.64,1994,"Masala Dosa with Potato Filling, Sambar & Coconut Chutney",Malabar Fish Curry with Steamed Rice & Beetroot Thoran,Tandoori Chicken (2 pcs leg/thigh) with Mint Raita & Green Salad,Bhel Puri (Puffed Rice with Veggies & Tamarind Chutney),430,12.72,49.16,,"Indian, High Protein, Traditional"
1350,189.44,55.44,42.21,11.43,24.93,1256,Vegetable Upma with Roasted Cashews & Filter Coffee,Bhindi Do Pyaza with 2 Whole Wheat Rotis & Dal Palak,Malabar Fish Curry with Steamed Rice & Beetroot Thoran,Roasted Makhana (Foxnuts - 30g) with Green Tea,449,10.95,46.37,"Obesity, Hypertension, Diabetes, Heart Disease, Kidney Disease","Indian, Low Fat, Dash, Balanced"
1701,180.45,102.28,64.96,30.06,21.47,1839,Vegetable Upma with Roasted Cashews & Filter Coffee,Hyderabadi Chicken Biryani with Mirchi ka Salan & Onion Raita,Tandoori Chicken (2 pcs leg/thigh) with Mint Raita & Green Salad,"Fresh Fruit Chaat (Papaya, Apple, Guava & Chaat Masala)",471,11.56,93.91,,"Indian, High Protein, Traditional"
1513,248.54,45.79,37.64,12.88,32.58,1486,Ragi Dosa (2 pcs) with Tomato Onion Chutney & Buttermilk,"South Indian Meals: Sambar, Rasam, Cabbage Poriyal & Steamed Rice",Aloo Gobi Matar Masala with 2 Whole Wheat Rotis & Plain Dahi,Roasted Makhana (Foxnuts - 30g) with Green Tea,682,12.99,74.85,"Obesity, Heart Disease","Indian, Low Fat, Dash, Balanced"
1507,204.9,64.27,48.99,11.31,24.2,1468,Vegetable Upma with Roasted Cashews & Filter Coffee,Hyderabadi Chicken Biryani with Mirchi ka Salan & Onion Raita,Lauki Chana Dal Curry with 2 Phulkas & Cucumber Tomato Salad,Roasted Makhana (Foxnuts - 30g) with Green Tea,377,11.21,33.42,"Obesity, Heart Disease","Indian, Traditional, Balanced"
1571,259.79,54.36,36.24,15.65,31.42,1801,2 Idlis with Sambhar (1 katori) & Coconut Chutney (2 tbsp),Rajma Masala (Kidney Beans Curry) with Jeera Rice & Kachumber,"Moong Dal Khichdi with Desi Ghee, Curd & Roasted Papad",Bhel Puri (Puffed Rice with Veggies & Tamarind Chutney),395,13.51,38.06,"Obesity, Heart Disease","Indian, Low Fat, Dash, Balanced"
1434,207.98,66.21,37.62,14.14,30.87,1523,2 Boiled Eggs with 2 Multigrain Toasts & Masala Chai,Dal Tadka (Yellow Lentil) with Steamed Basmati Rice & Cucumber Salad,Lauki Chana Dal Curry with 2 Phulkas & Cucumber Tomato Salad,"Sprouted Moong Chaat with Onion, Tomato, Lemon & Chaat Masala",413,13.82,47.81,"Obesity, Heart Disease","Indian, Low Fat, Dash, Balanced"
1945,202.2,111.1,78.13,11.98,24.18,1967,Moong Dal Cheela with Paneer Stuffing & Mint Chutney,Hyderabadi Chicken Biryani with Mirchi ka Salan & Onion Raita,Malabar Fish Curry with Steamed Rice & Beetroot Thoran,Paneer Tikka (3 grilled cubes) with Mint Coriander Chutney,841,13.52,47.25,,"Indian, High Protein, Traditional"
1888,196.09,92.22,82.3,14.45,23.73,1985,Moong Dal Cheela with Paneer Stuffing & Mint Chutney,Hyderabadi Chicken Biryani with Mirchi ka Salan & Onion Raita,Egg Curry (2 Eggs) with 1.5 Whole Wheat Rotis & Kachumber Salad,1 Vegetable Samosa with Mint Chutney & Masala Chai,642,13.7,45.19,,"Indian, High Protein, Traditional"
1419,200.19,54.93,45.25,14.56,26.82,1493,Ragi Dosa (2 pcs) with Tomato Onion Chutney & Buttermilk,Malabar Fish Curry with Steamed Rice & Beetroot Thoran,"Mix Vegetable Subzi (Beans, Carrot, Peas) with 2 Chapatis & Dal Fry",1 Vegetable Samosa with Mint Chutney & Masala Chai,574,12.26,47.93,"Obesity, Heart Disease","Indian, Low Fat, Dash, Balanced"
1644,156.67,89.03,74.67,27.53,25.75,1614,Moong Dal Cheela with Paneer Stuffing & Mint Chutney,Paneer Butter Masala with 2 Whole Wheat Phulkas & Boondi Raita,Chicken Tikka Masala with 2 Whole Wheat Tandoori Rotis & Salad,"Fresh Fruit Chaat (Papaya, Apple, Guava & Chaat Masala)",817,11.78,91.9,,"Indian, Low Carb, Traditional"
1890,177.76,91.47,92.45,17.5,22.46,2106,"Masala Dosa with Potato Filling, Sambar & Coconut Chutney",Paneer Butter Masala with 2 Whole Wheat Phulkas & Boondi Raita,Tandoori Chicken (2 pcs leg/thigh) with Mint Raita & Green Salad,1 Vegetable Samosa with Mint Chutney & Masala Chai,774,12.1,42.33,,"Indian, High Protein, Traditional"
1691,243.6,55.02,56.08,16.85,30.21,1919,"Masala Dosa with Potato Filling, Sambar & Coconut Chutney","South Indian Meals: Sambar, Rasam, Cabbage Poriyal & Steamed Rice",Palak Paneer (Spinach Cottage Cheese) with 2 Whole Wheat Chapatis,Bhel Puri (Puffed Rice with Veggies & Tamarind Chutney),646,13.89,69.54,,"Indian, Vegetarian, Balanced"
1557,230.55,60.09,45.23,29.93,35.33,1629,2 Idlis with Sambhar (1 katori) & Coconut Chutney (2 tbsp),Baingan Bharta with 2 Bajra Rotis & Plain Dahi,Malabar Fish Curry with Steamed Rice & Beetroot Thoran,"Fresh Fruit Chaat (Papaya, Apple, Guava & Chaat Masala)",524,14.53,105.1,"Obesity, Heart Disease","Indian, Low Fat, Dash, Balanced"
1593,241.63,64.07,42.64,16.88,26.32,1866,2 Idlis with Sambhar (1 katori) & Coconut Chutney (2 tbsp),Malabar Fish Curry with Steamed Rice & Beetroot Thoran,"Moong Dal Khichdi with Desi Ghee, Curd & Roasted Papad",Bhel Puri (Puffed Rice with Veggies & Tamarind Chutney),428,12.21,38.53,"Obesity, Heart Disease","Indian, Low Fat, Dash, Balanced"
1462,203.81,62.59,45.29,10.99,21.5,1500,"Poha with Peanuts, Curry Leaves & Lemon with Green Tea","South Indian Meals: Sambar, Rasam, Cabbage Poriyal & Steamed Rice",Malabar Fish Curry with Steamed Rice & Beetroot Thoran,Paneer Tikka (3 grilled cubes) with Mint Coriander Chutney,518,11.66,59.43,Obesity,"Indian, Low Fat, Dash, Balanced"
1260,176.88,66.96,32.55,9.76,27.62,1367,Besan Chilla (2 savory gram flour pancakes) with Green Coriander Chutney,Fish Curry (Rohu in Mustard Gravy) with Steamed Rice & Green Salad,Lauki Chana Dal Curry with 2 Phulkas & Cucumber Tomato Salad,"Sprouted Moong Chaat with Onion, Tomato, Lemon & Chaat Masala",326,12.55,57.38,"Obesity, Hypertension, Diabetes, Heart Disease, Kidney Disease","Indian, Low Fat, Dash, Balanced"
1385,220.74,42.13,37.51,27.4,27.99,1296,Vegetable Upma with Roasted Cashews & Filter Coffee,Dal Tadka (Yellow Lentil) with Steamed Basmati Rice & Cucumber Salad,Aloo Gobi Matar Masala with 2 Whole Wheat Rotis & Plain Dahi,"Fresh Fruit Chaat (Papaya, Apple, Guava & Chaat Masala)",393,10.31,103.79,"Obesity, Hypertension, Heart Disease, Kidney Disease","Indian, Low Fat, Dash, Balanced"
1597,201.85,75.99,54.87,25.23,24.73,1612,Moong Dal Cheela with Paneer Stuffing & Mint Chutney,Hyderabadi Chicken Biryani with Mirchi ka Salan & Onion Raita,"Moong Dal Khichdi with Desi Ghee, Curd & Roasted Papad","Fresh Fruit Chaat (Papaya, Apple, Guava & Chaat Masala)",579,11.41,81.5,Obesity,"Indian, Traditional, Balanced"
1321,194.45,57.16,35.83,12.87,27.28,1441,Ragi Dosa (2 pcs) with Tomato Onion Chutney & Buttermilk,Malabar Fish Curry with Steamed Rice & Beetroot Thoran,Lauki Chana Dal Curry with 2 Phulkas & Cucumber Tomato Salad,Khaman Dhokla (2 steamed pcs) with Green Coriander Chutney,538,12.3,46.02,"Obesity, Diabetes, Heart Disease","Indian, Low Fat, Dash, Balanced"
1556,199.23,67.11,54.24,18.04,35.14,1451,2 Boiled Eggs with 2 Multigrain Toasts & Masala Chai,Bhindi Do Pyaza with 2 Whole Wheat Rotis & Dal Palak,Aloo Gobi Matar Masala with 2 Whole Wheat Rotis & Plain Dahi,Roasted Chana (Bhuna Chana - 50g) with Masala Chai,646,14.98,65.74,Obesity,"Indian, Traditional, Balanced"
1585,206.63,92.99,43.81,16.85,27.17,1680,2 Boiled Eggs with 2 Multigrain Toasts & Masala Chai,Fish Curry (Rohu in Mustard Gravy) with Steamed Rice & Green Salad,Soya Chunks Curry with 1 cup Brown Rice & Fresh Salad,Bhel Puri (Puffed Rice with Veggies & Tamarind Chutney),515,16.32,36.02,"Obesity, Heart Disease","Indian, Low Fat, Dash, Balanced"
1293,212.68,38.35,32.51,15.9,27.48,1410,Ragi Dosa (2 pcs) with Tomato Onion Chutney & Buttermilk,"South Indian Meals: Sambar, Rasam, Cabbage Poriyal & Steamed Rice",Aloo Gobi Matar Masala with 2 Whole Wheat Rotis & Plain Dahi,Bhel Puri (Puffed Rice with Veggies & Tamarind Chutney),554,11.32,68.62,"Obesity, Heart Disease","Indian, Low Fat, Dash, Balanced"
1558,217.67,57.38,52.04,14.17,26.89,1680,"Masala Dosa with Potato Filling, Sambar & Coconut Chutney",Malabar Fish Curry with Steamed Rice & Beetroot Thoran,Lauki Chana Dal Curry with 2 Phulkas & Cucumber Tomato Salad,1 Vegetable Samosa with Mint Chutney & Masala Chai,376,11.84,45.15,Obesity,"Indian, Traditional, Balanced"
1551,224.24,68.54,41.63,15.56,34.06,1493,Ragi Dosa (2 pcs) with Tomato Onion Chutney & Buttermilk,Malabar Fish Curry with Steamed Rice & Beetroot Thoran,"Mix Vegetable Subzi (Beans, Carrot, Peas) with 2 Chapatis & Dal Fry",Roasted Chana (Bhuna Chana - 50g) with Masala Chai,665,15.24,50.15,"Obesity, Heart Disease","Indian, Low Fat, Dash, Balanced"
1313,170.49,65.58,41.74,14.47,24.12,1442,2 Boiled Eggs with 2 Multigrain Toasts & Masala Chai,Malabar Fish Curry with Steamed Rice & Beetroot Thoran,Lauki Chana Dal Curry with 2 Phulkas & Cucumber Tomato Salad,Khaman Dhokla (2 steamed pcs) with Green Coriander Chutney,387,11.41,35.71,"Obesity, Heart Disease","Indian, Low Fat, Dash, Balanced"
1498,227.28,59.7,39.94,12.46,31.29,1647,Besan Chilla (2 savory gram flour pancakes) with Green Coriander Chutney,Rajma Masala (Kidney Beans Curry) with Jeera Rice & Kachumber,"Moong Dal Khichdi with Desi Ghee, Curd & Roasted Papad",Khaman Dhokla (2 steamed pcs) with Green Coriander Chutney,382,13.9,41.48,"Obesity, Heart Disease","Indian, Low Fat, Dash, Balanced"
1580,238.33,64.37,41.98,17.63,31.05,1828,2 Idlis with Sambhar (1 katori) & Coconut Chutney (2 tbsp),Malabar Fish Curry with Steamed Rice & Beetroot Thoran,"Mix Vegetable Subzi (Beans, Carrot, Peas) with 2 Chapatis & Dal Fry",Bhel Puri (Puffed Rice with Veggies & Tamarind Chutney),404,13.09,55.07,"Obesity, Heart Disease","Indian, Low Fat, Dash, Balanced"
1440,175.97,54.83,57.6,15.31,31.96,1301,Vegetable Upma with Roasted Cashews & Filter Coffee,Baingan Bharta with 2 Bajra Rotis & Plain Dahi,Palak Paneer (Spinach Cottage Cheese) with 2 Whole Wheat Chapatis,Roasted Chana (Bhuna Chana - 50g) with Masala Chai,742,15.31,48.61,"Obesity, Hypertension, Kidney Disease","Indian, Vegetarian, Balanced"
1685,209.88,81.72,58.34,13.8,26.64,1701,2 Boiled Eggs with 2 Multigrain Toasts & Masala Chai,Hyderabadi Chicken Biryani with Mirchi ka Salan & Onion Raita,"Mix Vegetable Subzi (Beans, Carrot, Peas) with 2 Chapatis & Dal Fry",Roasted Makhana (Foxnuts - 30g) with Green Tea,484,13.37,33.7,,"Indian, Traditional, Balanced"
1425,190.71,63.04,45.11,8.4,21.42,1472,"Masala Dosa with Potato Filling, Sambar & Coconut Chutney",Homestyle Chicken Curry with 2 Chapatis & Onion Salad,"Moong Dal Khichdi with Desi Ghee, Curd & Roasted Papad",Roasted Makhana (Foxnuts - 30g) with Green Tea,333,10.57,25.86,"Obesity, Diabetes","Indian, Low Fat, Dash, Balanced"
1558,222.04,81.36,39.55,12.68,30.52,1752,2 Idlis with Sambhar (1 katori) & Coconut Chutney (2 tbsp),Malabar Fish Curry with Steamed Rice & Beetroot Thoran,Soya Chunks Curry with 1 cup Brown Rice & Fresh Salad,Khaman Dhokla (2 steamed pcs) with Green Coriander Chutney,465,15.26,41.81,"Obesity, Heart Disease","Indian, Low Fat, Dash, Balanced"
1634,199.79,71.69,62.2,17.29,28.68,1750,2 Methi Theplas with Fresh Curd (Dahi) & Mint Chutney,Malabar Fish Curry with Steamed Rice & Beetroot Thoran,Palak Paneer (Spinach Cottage Cheese) with 2 Whole Wheat Chapatis,Bhel Puri (Puffed Rice with Veggies & Tamarind Chutney),793,14.76,59.04,,"Indian, Traditional, Balanced"
1641,237.31,72.54,44.06,16.47,36.05,1580,Ragi Dosa (2 pcs) with Tomato Onion Chutney & Buttermilk,Malabar Fish Curry with Steamed Rice & Beetroot Thoran,"Mix Vegetable Subzi (Beans, Carrot, Peas) with 2 Chapatis & Dal Fry",Roasted Chana (Bhuna Chana - 50g) with Masala Chai,704,16.13,53.07,Heart Disease,"Indian, Low Fat, Dash, Balanced"
1308,141.3,68.74,50.94,8.63,20.8,1317,2 Methi Theplas with Fresh Curd (Dahi) & Mint Chutney,Homestyle Chicken Curry with 2 Chapatis & Onion Salad,Egg Curry (2 Eggs) with 1.5 Whole Wheat Rotis & Kachumber Salad,Roasted Makhana (Foxnuts - 30g) with Green Tea,423,11.26,34.69,"Obesity, Hypertension, Diabetes, Kidney Disease","Indian, Low Carb, Traditional"
1779,245.62,65.38,61.46,14.54,28.98,1959,"Masala Dosa with Potato Filling, Sambar & Coconut Chutney",Chole Masala (Spiced Chickpeas) with 1 Bhatura & Pickled Onions,Malabar Fish Curry with Steamed Rice & Beetroot Thoran,Khaman Dhokla (2 steamed pcs) with Green Coriander Chutney,389,14.33,45.58,,"Indian, Traditional, Balanced"
1487,150.69,77.11,65.61,26.04,25.12,1538,Besan Chilla (2 savory gram flour pancakes) with Green Coriander Chutney,Paneer Butter Masala with 2 Whole Wheat Phulkas & Boondi Raita,Chicken Tikka Masala with 2 Whole Wheat Tandoori Rotis & Salad,"Fresh Fruit Chaat (Papaya, Apple, Guava & Chaat Masala)",610,11.49,88.04,Obesity,"Indian, Low Carb, Traditional"
1616,204.06,77.93,55.23,14.16,32.64,1659,2 Boiled Eggs with 2 Multigrain Toasts & Masala Chai,Rajma Masala (Kidney Beans Curry) with Jeera Rice & Kachumber,Lauki Chana Dal Curry with 2 Phulkas & Cucumber Tomato Salad,Paneer Tikka (3 grilled cubes) with Mint Coriander Chutney,654,14.81,44.21,,"Indian, Traditional, Balanced"
1355,219.69,59.99,26.81,23.0,31.02,1419,2 Idlis with Sambhar (1 katori) & Coconut Chutney (2 tbsp),Dal Tadka (Yellow Lentil) with Steamed Basmati Rice & Cucumber Salad,Soya Chunks Curry with 1 cup Brown Rice & Fresh Salad,"Fresh Fruit Chaat (Papaya, Apple, Guava & Chaat Masala)",394,13.5,81.52,"Obesity, Heart Disease","Indian, Low Fat, Dash, Balanced"
1321,207.61,44.02,35.91,11.39,26.16,1486,2 Idlis with Sambhar (1 katori) & Coconut Chutney (2 tbsp),Dal Tadka (Yellow Lentil) with Steamed Basmati Rice & Cucumber Salad,Lauki Chana Dal Curry with 2 Phulkas & Cucumber Tomato Salad,1 Vegetable Samosa with Mint Chutney & Masala Chai,310,10.48,35.0,"Obesity, Heart Disease","Indian, Low Fat, Dash, Balanced"
1498,187.3,68.31,53.94,27.72,24.64,1507,2 Boiled Eggs with 2 Multigrain Toasts & Masala Chai,Hyderabadi Chicken Biryani with Mirchi ka Salan & Onion Raita,Aloo Gobi Matar Masala with 2 Whole Wheat Rotis & Plain Dahi,"Fresh Fruit Chaat (Papaya, Apple, Guava & Chaat Masala)",476,11.2,92.3,Obesity,"Indian, Traditional, Balanced"
1575,196.69,70.37,58.44,24.85,26.24,1719,2 Idlis with Sambhar (1 katori) & Coconut Chutney (2 tbsp),Hyderabadi Chicken Biryani with Mirchi ka Salan & Onion Raita,Palak Paneer (Spinach Cottage Cheese) with 2 Whole Wheat Chapatis,"Fresh Fruit Chaat (Papaya, Apple, Guava & Chaat Masala)",637,12.22,93.62,Obesity,"Indian, Traditional, Balanced"
1603,182.17,67.96,67.96,17.55,29.41,1643,Moong Dal Cheela with Paneer Stuffing & Mint Chutney,Paneer Butter Masala with 2 Whole Wheat Phulkas & Boondi Raita,Lauki Chana Dal Curry with 2 Phulkas & Cucumber Tomato Salad,Bhel Puri (Puffed Rice with Veggies & Tamarind Chutney),824,12.58,48.08,,"Indian, Vegetarian, Balanced"
1513,174.05,62.39,64.8,15.71,24.28,1464,Vegetable Upma with Roasted Cashews & Filter Coffee,Paneer Butter Masala with 2 Whole Wheat Phulkas & Boondi Raita,Soya Chunks Curry with 1 cup Brown Rice & Fresh Salad,1 Vegetable Samosa with Mint Chutney & Masala Chai,692,12.5,31.95,Obesity,"Indian, Low Carb, Traditional"
1433,182.97,82.57,42.49,11.52,25.75,1754,2 Idlis with Sambhar (1 katori) & Coconut Chutney (2 tbsp),Rajma Masala (Kidney Beans Curry) with Jeera Rice & Kachumber,Tandoori Chicken (2 pcs leg/thigh) with Mint Raita & Green Salad,Khaman Dhokla (2 steamed pcs) with Green Coriander Chutney,372,12.22,40.98,"Obesity, Diabetes, Heart Disease","Indian, Low Fat, Dash, Balanced"
1755,226.82,72.82,62.99,15.75,28.54,1850,2 Methi Theplas with Fresh Curd (Dahi) & Mint Chutney,Hyderabadi Chicken Biryani with Mirchi ka Salan & Onion Raita,Aloo Gobi Matar Masala with 2 Whole Wheat Rotis & Plain Dahi,Khaman Dhokla (2 steamed pcs) with Green Coriander Chutney,581,13.32,62.15,,"Indian, Traditional, Balanced"
1498,205.23,54.94,52.44,13.69,20.99,1600,1 Crispy Aloo Paratha with Fresh Curd (Dahi) & Zeera Pickle,Malabar Fish Curry with Steamed Rice & Beetroot Thoran,"Moong Dal Khichdi with Desi Ghee, Curd & Roasted Papad",1 Vegetable Samosa with Mint Chutney & Masala Chai,476,10.45,33.57,Obesity,"Indian, Traditional, Balanced"
1521,206.97,63.29,48.71,14.79,27.47,1712,Besan Chilla (2 savory gram flour pancakes) with Green Coriander Chutney,Dal Tadka (Yellow Lentil) with Steamed Basmati Rice & Cucumber Salad,Egg Curry (2 Eggs) with 1.5 Whole Wheat Rotis & Kachumber Salad,Bhel Puri (Puffed Rice with Veggies & Tamarind Chutney),361,13.84,49.97,"Obesity, Heart Disease","Indian, Traditional, Balanced"
1705,227.95,65.27,60.93,18.14,29.11,1716,Vegetable Upma with Roasted Cashews & Filter Coffee,Bhindi Do Pyaza with 2 Whole Wheat Rotis & Dal Palak,Malabar Fish Curry with Steamed Rice & Beetroot Thoran,1 Vegetable Samosa with Mint Chutney & Masala Chai,548,13.14,59.3,,"Indian, Traditional, Balanced"
1407,172.73,78.6,44.2,11.91,24.44,1306,Moong Dal Cheela with Paneer Stuffing & Mint Chutney,Malabar Fish Curry with Steamed Rice & Beetroot Thoran,Malabar Fish Curry with Steamed Rice & Beetroot Thoran,Roasted Chana (Bhuna Chana - 50g) with Masala Chai,529,11.91,36.61,"Obesity, Hypertension, Diabetes, Heart Disease","Indian, Low Fat, Dash, Balanced"
1472,162.24,95.32,50.57,13.32,17.38,1675,Vegetable Upma with Roasted Cashews & Filter Coffee,Fish Curry (Rohu in Mustard Gravy) with Steamed Rice & Green Salad,Tandoori Chicken (2 pcs leg/thigh) with Mint Raita & Green Salad,Khaman Dhokla (2 steamed pcs) with Green Coriander Chutney,395,10.72,41.31,Obesity,"Indian, Low Carb, Traditional"
1485,202.35,70.6,44.6,16.01,25.54,1573,Vegetable Upma with Roasted Cashews & Filter Coffee,Rajma Masala (Kidney Beans Curry) with Jeera Rice & Kachumber,Chicken Tikka Masala with 2 Whole Wheat Tandoori Rotis & Salad,Bhel Puri (Puffed Rice with Veggies & Tamarind Chutney),330,12.68,42.93,"Obesity, Heart Disease","Indian, Low Fat, Dash, Balanced"
1421,181.24,63.75,50.34,11.33,19.46,1615,2 Idlis with Sambhar (1 katori) & Coconut Chutney (2 tbsp),Fish Curry (Rohu in Mustard Gravy) with Steamed Rice & Green Salad,Egg Curry (2 Eggs) with 1.5 Whole Wheat Rotis & Kachumber Salad,1 Vegetable Samosa with Mint Chutney & Masala Chai,362,10.58,38.44,Obesity,"Indian, Traditional, Balanced"
1440,208.42,58.62,42.39,11.46,23.33,1308,Vegetable Upma with Roasted Cashews & Filter Coffee,Fish Curry (Rohu in Mustard Gravy) with Steamed Rice & Green Salad,Aloo Gobi Matar Masala with 2 Whole Wheat Rotis & Plain Dahi,Roasted Makhana (Foxnuts - 30g) with Green Tea,421,10.55,54.36,"Obesity, Hypertension, Heart Disease, Kidney Disease","Indian, Low Fat, Dash, Balanced"
1351,202.64,50.78,38.75,11.54,27.61,1381,"Poha with Peanuts, Curry Leaves & Lemon with Green Tea",Bhindi Do Pyaza with 2 Whole Wheat Rotis & Dal Palak,"Moong Dal Khichdi with Desi Ghee, Curd & Roasted Papad","Sprouted Moong Chaat with Onion, Tomato, Lemon & Chaat Masala",454,13.71,65.28,"Obesity, Hypertension, Heart Disease, Kidney Disease","Indian, Low Fat, Dash, Balanced"
1355,199.36,51.24,39.26,13.02,23.1,1588,2 Idlis with Sambhar (1 katori) & Coconut Chutney (2 tbsp),Dal Tadka (Yellow Lentil) with Steamed Basmati Rice & Cucumber Salad,Egg Curry (2 Eggs) with 1.5 Whole Wheat Rotis & Kachumber Salad,Bhel Puri (Puffed Rice with Veggies & Tamarind Chutney),316,11.12,38.31,"Obesity, Heart Disease","Indian, Low Fat, Dash, Balanced"
1456,226.68,51.88,38.03,12.99,31.87,1280,"Poha with Peanuts, Curry Leaves & Lemon with Green Tea",Rajma Masala (Kidney Beans Curry) with Jeera Rice & Kachumber,Aloo Gobi Matar Masala with 2 Whole Wheat Rotis & Plain Dahi,Roasted Chana (Bhuna Chana - 50g) with Masala Chai,408,14.8,61.55,"Obesity, Hypertension, Heart Disease, Kidney Disease","Indian, Low Fat, Dash, Balanced"
1779,239.92,73.02,60.69,14.84,28.82,2019,2 Idlis with Sambhar (1 katori) & Coconut Chutney (2 tbsp),Hyderabadi Chicken Biryani with Mirchi ka Salan & Onion Raita,Lauki Chana Dal Curry with 2 Phulkas & Cucumber Tomato Salad,1 Vegetable Samosa with Mint Chutney & Masala Chai,429,12.99,41.59,,"Indian, Traditional, Balanced"
1405,208.79,52.35,41.25,13.24,34.42,1528,2 Idlis with Sambhar (1 katori) & Coconut Chutney (2 tbsp),Bhindi Do Pyaza with 2 Whole Wheat Rotis & Dal Palak,Aloo Gobi Matar Masala with 2 Whole Wheat Rotis & Plain Dahi,"Sprouted Moong Chaat with Onion, Tomato, Lemon & Chaat Masala",520,13.04,86.57,"Obesity, Heart Disease","Indian, Low Fat, Dash, Balanced"
1492,181.39,83.89,46.39,12.78,33.62,1508,Besan Chilla (2 savory gram flour pancakes) with Green Coriander Chutney,Homestyle Chicken Curry with 2 Chapatis & Onion Salad,Lauki Chana Dal Curry with 2 Phulkas & Cucumber Tomato Salad,Roasted Chana (Bhuna Chana - 50g) with Masala Chai,381,15.08,45.77,"Obesity, Diabetes, Heart Disease","Indian, Low Fat, Dash, Balanced"
1690,191.65,83.27,67.17,10.49,25.43,1865,"Masala Dosa with Potato Filling, Sambar & Coconut Chutney",Chole Masala (Spiced Chickpeas) with 1 Bhatura & Pickled Onions,Tandoori Chicken (2 pcs leg/thigh) with Mint Raita & Green Salad,Roasted Makhana (Foxnuts - 30g) with Green Tea,426,13.77,38.56,Diabetes,"Indian, Traditional, Balanced"
1418,154.03,73.93,55.52,12.89,24.67,1344,Vegetable Upma with Roasted Cashews & Filter Coffee,Homestyle Chicken Curry with 2 Chapatis & Onion Salad,Palak Paneer (Spinach Cottage Cheese) with 2 Whole Wheat Chapatis,Roasted Chana (Bhuna Chana - 50g) with Masala Chai,595,12.8,40.51,"Obesity, Hypertension, Diabetes, Kidney Disease","Indian, Low Carb, Traditional"
1567,224.62,59.87,49.87,15.72,27.56,1805,2 Idlis with Sambhar (1 katori) & Coconut Chutney (2 tbsp),Chole Masala (Spiced Chickpeas) with 1 Bhatura & Pickled Onions,Malabar Fish Curry with Steamed Rice & Beetroot Thoran,Bhel Puri (Puffed Rice with Veggies & Tamarind Chutney),369,13.29,41.82,"Obesity, Heart Disease","Indian, Traditional, Balanced"
1548,193.86,83.22,49.14,13.3,24.31,1636,2 Boiled Eggs with 2 Multigrain Toasts & Masala Chai,"South Indian Meals: Sambar, Rasam, Cabbage Poriyal & Steamed Rice",Chicken Tikka Masala with 2 Whole Wheat Tandoori Rotis & Salad,Roasted Makhana (Foxnuts - 30g) with Green Tea,430,12.47,42.28,"Obesity, Diabetes, Heart Disease","Indian, Traditional, Balanced"
1418,191.69,70.73,41.47,12.21,36.05,1428,2 Methi Theplas with Fresh Curd (Dahi) & Mint Chutney,Bhindi Do Pyaza with 2 Whole Wheat Rotis & Dal Palak,Soya Chunks Curry with 1 cup Brown Rice & Fresh Salad,"Sprouted Moong Chaat with Onion, Tomato, Lemon & Chaat Masala",648,16.94,66.39,"Obesity, Diabetes, Heart Disease","Indian, Low Fat, Dash, Balanced"
1454,179.62,60.74,56.66,12.59,23.52,1620,2 Idlis with Sambhar (1 katori) & Coconut Chutney (2 tbsp),Malabar Fish Curry with Steamed Rice & Beetroot Thoran,Palak Paneer (Spinach Cottage Cheese) with 2 Whole Wheat Chapatis,1 Vegetable Samosa with Mint Chutney & Masala Chai,609,11.57,45.74,"Obesity, Diabetes","Indian, Traditional, Balanced"
1552,196.95,82.44,48.41,26.73,28.58,1624,Moong Dal Cheela with Paneer Stuffing & Mint Chutney,"South Indian Meals: Sambar, Rasam, Cabbage Poriyal & Steamed Rice",Chicken Tikka Masala with 2 Whole Wheat Tandoori Rotis & Salad,"Fresh Fruit Chaat (Papaya, Apple, Guava & Chaat Masala)",535,12.13,109.27,"Obesity, Heart Disease","Indian, Traditional, Balanced"
1648,155.84,71.47,84.78,12.4,24.6,1754,2 Idlis with Sambhar (1 katori) & Coconut Chutney (2 tbsp),Paneer Butter Masala with 2 Whole Wheat Phulkas & Boondi Raita,Palak Paneer (Spinach Cottage Cheese) with 2 Whole Wheat Chapatis,Paneer Tikka (3 grilled cubes) with Mint Coriander Chutney,1117,11.89,48.59,Diabetes,"Indian, Low Carb, Traditional"
1772,188.86,95.56,71.4,11.06,27.49,1815,Moong Dal Cheela with Paneer Stuffing & Mint Chutney,Hyderabadi Chicken Biryani with Mirchi ka Salan & Onion Raita,Lauki Chana Dal Curry with 2 Phulkas & Cucumber Tomato Salad,Paneer Tikka (3 grilled cubes) with Mint Coriander Chutney,789,13.31,48.53,Diabetes,"Indian, High Protein, Traditional"
1398,192.58,77.25,35.53,9.66,33.71,1357,Moong Dal Cheela with Paneer Stuffing & Mint Chutney,Rajma Masala (Kidney Beans Curry) with Jeera Rice & Kachumber,Soya Chunks Curry with 1 cup Brown Rice & Fresh Salad,"Sprouted Moong Chaat with Onion, Tomato, Lemon & Chaat Masala",561,16.12,51.74,"Obesity, Hypertension, Diabetes, Heart Disease","Indian, Low Fat, Dash, Balanced"
1579,205.21,76.99,49.8,14.88,23.28,1746,"Masala Dosa with Potato Filling, Sambar & Coconut Chutney",Homestyle Chicken Curry with 2 Chapatis & Onion Salad,Malabar Fish Curry with Steamed Rice & Beetroot Thoran,Bhel Puri (Puffed Rice with Veggies & Tamarind Chutney),329,12.12,42.93,"Obesity, Heart Disease","Indian, Traditional, Balanced"
1353,187.33,68.21,37.39,10.33,24.8,1240,Vegetable Upma with Roasted Cashews & Filter Coffee,Malabar Fish Curry with Steamed Rice & Beetroot Thoran,Soya Chunks Curry with 1 cup Brown Rice & Fresh Salad,Roasted Makhana (Foxnuts - 30g) with Green Tea,432,12.96,31.75,"Obesity, Hypertension, Diabetes, Heart Disease, Kidney Disease","Indian, Low Fat, Dash, Balanced"
1619,256.64,57.17,40.29,12.87,33.86,1730,"Masala Dosa with Potato Filling, Sambar & Coconut Chutney",Dal Tadka (Yellow Lentil) with Steamed Basmati Rice & Cucumber Salad,"Mix Vegetable Subzi (Beans, Carrot, Peas) with 2 Chapatis & Dal Fry","Sprouted Moong Chaat with Onion, Tomato, Lemon & Chaat Masala",369,14.03,62.76,Heart Disease,"Indian, Low Fat, Dash, Balanced"
1613,177.93,103.3,55.34,11.91,25.09,1629,2 Boiled Eggs with 2 Multigrain Toasts & Masala Chai,Fish Curry (Rohu in Mustard Gravy) with Steamed Rice & Green Salad,Soya Chunks Curry with 1 cup Brown Rice & Fresh Salad,Paneer Tikka (3 grilled cubes) with Mint Coriander Chutney,724,15.6,35.42,Diabetes,"Indian, High Protein, Traditional"
1535,225.08,51.7,48.17,14.14,33.32,1686,"Masala Dosa with Potato Filling, Sambar & Coconut Chutney",Bhindi Do Pyaza with 2 Whole Wheat Rotis & Dal Palak,"Mix Vegetable Subzi (Beans, Carrot, Peas) with 2 Chapatis & Dal Fry",Khaman Dhokla (2 steamed pcs) with Green Coriander Chutney,449,13.23,65.13,"Obesity, Heart Disease","Indian, Vegetarian, Balanced"
1459,208.29,47.18,49.3,14.93,32.74,1550,1 Crispy Aloo Paratha with Fresh Curd (Dahi) & Zeera Pickle,Baingan Bharta with 2 Bajra Rotis & Plain Dahi,"Mix Vegetable Subzi (Beans, Carrot, Peas) with 2 Chapatis & Dal Fry",Khaman Dhokla (2 steamed pcs) with Green Coriander Chutney,533,14.06,55.66,"Obesity, Heart Disease","Indian, Vegetarian, Balanced"
1738,174.03,107.95,69.1,14.21,21.85,2023,2 Methi Theplas with Fresh Curd (Dahi) & Mint Chutney,Hyderabadi Chicken Biryani with Mirchi ka Salan & Onion Raita,Tandoori Chicken (2 pcs leg/thigh) with Mint Raita & Green Salad,Khaman Dhokla (2 steamed pcs) with Green Coriander Chutney,565,13.13,41.65,,"Indian, Low Carb, Traditional"
1309,209.63,48.78,31.56,11.3,31.2,1399,2 Idlis with Sambhar (1 katori) & Coconut Chutney (2 tbsp),Rajma Masala (Kidney Beans Curry) with Jeera Rice & Kachumber,Aloo Gobi Matar Masala with 2 Whole Wheat Rotis & Plain Dahi,"Sprouted Moong Chaat with Onion, Tomato, Lemon & Chaat Masala",376,12.19,65.72,"Obesity, Hypertension, Heart Disease, Kidney Disease","Indian, Low Fat, Dash, Balanced"
1640,198.48,81.31,58.49,12.74,28.45,1650,Moong Dal Cheela with Paneer Stuffing & Mint Chutney,Hyderabadi Chicken Biryani with Mirchi ka Salan & Onion Raita,Aloo Gobi Matar Masala with 2 Whole Wheat Rotis & Plain Dahi,"Sprouted Moong Chaat with Onion, Tomato, Lemon & Chaat Masala",615,13.14,71.33,,"Indian, Traditional, Balanced"
1519,192.34,51.49,61.68,14.61,25.97,1623,"Masala Dosa with Potato Filling, Sambar & Coconut Chutney",Paneer Butter Masala with 2 Whole Wheat Phulkas & Boondi Raita,"Mix Vegetable Subzi (Beans, Carrot, Peas) with 2 Chapatis & Dal Fry",Khaman Dhokla (2 steamed pcs) with Green Coriander Chutney,591,10.82,43.73,Obesity,"Indian, Vegetarian, Balanced"
1608,236.55,49.24,52.52,31.29,39.39,1597,1 Crispy Aloo Paratha with Fresh Curd (Dahi) & Zeera Pickle,Baingan Bharta with 2 Bajra Rotis & Plain Dahi,"Mix Vegetable Subzi (Beans, Carrot, Peas) with 2 Chapatis & Dal Fry","Fresh Fruit Chaat (Papaya, Apple, Guava & Chaat Masala)",619,15.54,117.07,,"Indian, Vegetarian, Balanced"
1541,202.87,70.14,50.91,12.34,24.59,1646,2 Methi Theplas with Fresh Curd (Dahi) & Mint Chutney,Hyderabadi Chicken Biryani with Mirchi ka Salan & Onion Raita,"Moong Dal Khichdi with Desi Ghee, Curd & Roasted Papad","Sprouted Moong Chaat with Onion, Tomato, Lemon & Chaat Masala",515,12.54,41.53,"Obesity, Heart Disease","Indian, Traditional, Balanced"
1559,219.88,73.03,43.92,18.04,28.04,1652,2 Boiled Eggs with 2 Multigrain Toasts & Masala Chai,Rajma Masala (Kidney Beans Curry) with Jeera Rice & Kachumber,Malabar Fish Curry with Steamed Rice & Beetroot Thoran,Bhel Puri (Puffed Rice with Veggies & Tamarind Chutney),428,14.02,38.53,"Obesity, Heart Disease","Indian, Low Fat, Dash, Balanced"
1492,203.74,66.97,45.25,13.23,28.65,1469,Ragi Dosa (2 pcs) with Tomato Onion Chutney & Buttermilk,Hyderabadi Chicken Biryani with Mirchi ka Salan & Onion Raita,"Mix Vegetable Subzi (Beans, Carrot, Peas) with 2 Chapatis & Dal Fry",Roasted Chana (Bhuna Chana - 50g) with Masala Chai,587,13.59,38.87,"Obesity, Heart Disease","Indian, Low Fat, Dash, Balanced"
1590,250.57,67.02,36.73,9.99,31.15,1622,2 Idlis with Sambhar (1 katori) & Coconut Chutney (2 tbsp),Rajma Masala (Kidney Beans Curry) with Jeera Rice & Kachumber,Malabar Fish Curry with Steamed Rice & Beetroot Thoran,Roasted Makhana (Foxnuts - 30g) with Green Tea,393,13.43,38.99,"Obesity, Heart Disease","Indian, Low Fat, Dash, Balanced"
1614,139.29,110.62,68.37,13.59,22.83,1900,Besan Chilla (2 savory gram flour pancakes) with Green Coriander Chutney,Homestyle Chicken Curry with 2 Chapatis & Onion Salad,Tandoori Chicken (2 pcs leg/thigh) with Mint Raita & Green Salad,1 Vegetable Samosa with Mint Chutney & Masala Chai,424,13.27,46.92,Diabetes,"Indian, Low Carb, Traditional"
1376,184.17,60.87,43.56,8.11,20.69,1422,"Masala Dosa with Potato Filling, Sambar & Coconut Chutney",Homestyle Chicken Curry with 2 Chapatis & Onion Salad,"Moong Dal Khichdi with Desi Ghee, Curd & Roasted Papad",Roasted Makhana (Foxnuts - 30g) with Green Tea,322,10.21,24.97,"Obesity, Diabetes","Indian, Low Fat, Dash, Balanced"
1277,204.25,39.96,34.44,12.55,26.34,1495,2 Idlis with Sambhar (1 katori) & Coconut Chutney (2 tbsp),"South Indian Meals: Sambar, Rasam, Cabbage Poriyal & Steamed Rice",Lauki Chana Dal Curry with 2 Phulkas & Cucumber Tomato Salad,1 Vegetable Samosa with Mint Chutney & Masala Chai,323,9.88,47.35,"Obesity, Heart Disease","Indian, Low Fat, Dash, Balanced"
1540,232.85,62.72,39.52,16.31,28.07,1479,Vegetable Upma with Roasted Cashews & Filter Coffee,"South Indian Meals: Sambar, Rasam, Cabbage Poriyal & Steamed Rice",Malabar Fish Curry with Steamed Rice & Beetroot Thoran,Roasted Chana (Bhuna Chana - 50g) with Masala Chai,426,12.26,48.43,"Obesity, Heart Disease","Indian, Low Fat, Dash, Balanced"
1724,239.68,61.55,58.51,12.51,29.36,1881,"Masala Dosa with Potato Filling, Sambar & Coconut Chutney",Dal Tadka (Yellow Lentil) with Steamed Basmati Rice & Cucumber Salad,Palak Paneer (Spinach Cottage Cheese) with 2 Whole Wheat Chapatis,Khaman Dhokla (2 steamed pcs) with Green Coriander Chutney,630,14.14,52.85,,"Indian, Vegetarian, Balanced"
1435,206.39,73.58,34.03,10.76,33.64,1367,Besan Chilla (2 savory gram flour pancakes) with Green Coriander Chutney,Dal Tadka (Yellow Lentil) with Steamed Basmati Rice & Cucumber Salad,Soya Chunks Curry with 1 cup Brown Rice & Fresh Salad,Roasted Chana (Bhuna Chana - 50g) with Masala Chai,436,16.48,35.0,"Obesity, Hypertension, Heart Disease, Kidney Disease","Indian, Low Fat, Dash, Balanced"
1588,202.85,90.75,45.91,11.69,27.89,1641,"Poha with Peanuts, Curry Leaves & Lemon with Green Tea",Homestyle Chicken Curry with 2 Chapatis & Onion Salad,Soya Chunks Curry with 1 cup Brown Rice & Fresh Salad,Khaman Dhokla (2 steamed pcs) with Green Coriander Chutney,405,17.27,48.92,"Obesity, Heart Disease","Indian, Low Fat, Dash, Balanced"
1377,196.03,60.19,39.61,13.24,34.49,1411,Ragi Dosa (2 pcs) with Tomato Onion Chutney & Buttermilk,Baingan Bharta with 2 Bajra Rotis & Plain Dahi,Soya Chunks Curry with 1 cup Brown Rice & Fresh Salad,Khaman Dhokla (2 steamed pcs) with Green Coriander Chutney,715,17.49,45.89,"Obesity, Heart Disease","Indian, Low Fat, Dash, Balanced"
1368,206.37,43.94,41.29,11.29,30.51,1312,Ragi Dosa (2 pcs) with Tomato Onion Chutney & Buttermilk,Baingan Bharta with 2 Bajra Rotis & Plain Dahi,"Moong Dal Khichdi with Desi Ghee, Curd & Roasted Papad",Roasted Makhana (Foxnuts - 30g) with Green Tea,707,14.34,35.5,"Obesity, Hypertension, Heart Disease, Kidney Disease","Indian, Low Fat, Dash, Balanced"
1486,199.96,64.02,49.16,13.91,23.63,1591,Vegetable Upma with Roasted Cashews & Filter Coffee,Hyderabadi Chicken Biryani with Mirchi ka Salan & Onion Raita,Lauki Chana Dal Curry with 2 Phulkas & Cucumber Tomato Salad,Khaman Dhokla (2 steamed pcs) with Green Coriander Chutney,352,11.05,38.01,"Obesity, Heart Disease","Indian, Traditional, Balanced"
1383,185.52,53.34,47.96,8.5,25.96,1331,2 Methi Theplas with Fresh Curd (Dahi) & Mint Chutney,Dal Tadka (Yellow Lentil) with Steamed Basmati Rice & Cucumber Salad,Palak Paneer (Spinach Cottage Cheese) with 2 Whole Wheat Chapatis,Roasted Makhana (Foxnuts - 30g) with Green Tea,672,12.46,40.41,"Obesity, Hypertension, Diabetes, Heart Disease, Kidney Disease","Indian, Low Fat, Dash, Balanced"
1464,181.09,72.02,50.79,12.29,19.34,1500,"Poha with Peanuts, Curry Leaves & Lemon with Green Tea",Homestyle Chicken Curry with 2 Chapatis & Onion Salad,Malabar Fish Curry with Steamed Rice & Beetroot Thoran,1 Vegetable Samosa with Mint Chutney & Masala Chai,324,12.02,43.1,Obesity,"Indian, Traditional, Balanced"
1326,177.98,55.04,44.2,13.67,26.34,1403,Moong Dal Cheela with Paneer Stuffing & Mint Chutney,Bhindi Do Pyaza with 2 Whole Wheat Rotis & Dal Palak,"Moong Dal Khichdi with Desi Ghee, Curd & Roasted Papad",Bhel Puri (Puffed Rice with Veggies & Tamarind Chutney),581,11.57,47.39,"Obesity, Diabetes, Heart Disease","Indian, Low Fat, Dash, Balanced"
1521,220.98,66.1,42.6,14.9,25.92,1595,Vegetable Upma with Roasted Cashews & Filter Coffee,Fish Curry (Rohu in Mustard Gravy) with Steamed Rice & Green Salad,"Mix Vegetable Subzi (Beans, Carrot, Peas) with 2 Chapatis & Dal Fry",Khaman Dhokla (2 steamed pcs) with Green Coriander Chutney,376,11.86,50.68,"Obesity, Heart Disease","Indian, Low Fat, Dash, Balanced"
1437,176.03,51.28,60.89,13.38,24.97,1527,Vegetable Upma with Roasted Cashews & Filter Coffee,Chole Masala (Spiced Chickpeas) with 1 Bhatura & Pickled Onions,Palak Paneer (Spinach Cottage Cheese) with 2 Whole Wheat Chapatis,Khaman Dhokla (2 steamed pcs) with Green Coriander Chutney,570,12.75,45.27,"Obesity, Diabetes","Indian, Vegetarian, Balanced"
1529,191.62,54.94,61.59,13.91,25.47,1576,"Poha with Peanuts, Curry Leaves & Lemon with Green Tea",Bhindi Do Pyaza with 2 Whole Wheat Rotis & Dal Palak,Egg Curry (2 Eggs) with 1.5 Whole Wheat Rotis & Kachumber Salad,1 Vegetable Samosa with Mint Chutney & Masala Chai,478,14.12,65.07,"Obesity, Diabetes","Indian, Traditional, Balanced"
1563,214.93,61.32,52.42,15.38,29.75,1619,Ragi Dosa (2 pcs) with Tomato Onion Chutney & Buttermilk,Bhindi Do Pyaza with 2 Whole Wheat Rotis & Dal Palak,Malabar Fish Curry with Steamed Rice & Beetroot Thoran,1 Vegetable Samosa with Mint Chutney & Masala Chai,713,13.86,58.19,Obesity,"Indian, Traditional, Balanced"
1623,204.02,78.94,54.32,14.13,26.5,1789,2 Methi Theplas with Fresh Curd (Dahi) & Mint Chutney,Homestyle Chicken Curry with 2 Chapatis & Onion Salad,"Moong Dal Khichdi with Desi Ghee, Curd & Roasted Papad",Khaman Dhokla (2 steamed pcs) with Green Coriander Chutney,514,13.25,37.54,,"Indian, Traditional, Balanced"
1502,212.68,56.75,48.02,17.46,28.63,1660,2 Boiled Eggs with 2 Multigrain Toasts & Masala Chai,"South Indian Meals: Sambar, Rasam, Cabbage Poriyal & Steamed Rice",Lauki Chana Dal Curry with 2 Phulkas & Cucumber Tomato Salad,1 Vegetable Samosa with Mint Chutney & Masala Chai,444,12.28,48.52,"Obesity, Heart Disease","Indian, Traditional, Balanced"
1440,198.13,73.97,39.5,10.88,29.62,1426,Moong Dal Cheela with Paneer Stuffing & Mint Chutney,Rajma Masala (Kidney Beans Curry) with Jeera Rice & Kachumber,Malabar Fish Curry with Steamed Rice & Beetroot Thoran,"Sprouted Moong Chaat with Onion, Tomato, Lemon & Chaat Masala",508,13.44,54.49,"Obesity, Heart Disease","Indian, Low Fat, Dash, Balanced"
1643,210.2,54.15,66.66,20.15,29.76,1674,Ragi Dosa (2 pcs) with Tomato Onion Chutney & Buttermilk,Paneer Butter Masala with 2 Whole Wheat Phulkas & Boondi Raita,Aloo Gobi Matar Masala with 2 Whole Wheat Rotis & Plain Dahi,Bhel Puri (Puffed Rice with Veggies & Tamarind Chutney),953,13.12,65.0,,"Indian, Vegetarian, Balanced"
1518,187.84,58.51,60.39,15.65,33.9,1502,Vegetable Upma with Roasted Cashews & Filter Coffee,Baingan Bharta with 2 Bajra Rotis & Plain Dahi,Palak Paneer (Spinach Cottage Cheese) with 2 Whole Wheat Chapatis,"Sprouted Moong Chaat with Onion, Tomato, Lemon & Chaat Masala",780,16.27,71.03,Obesity,"Indian, Vegetarian, Balanced"
1261,166.96,59.16,40.38,6.81,16.42,1207,"Poha with Peanuts, Curry Leaves & Lemon with Green Tea",Fish Curry (Rohu in Mustard Gravy) with Steamed Rice & Green Salad,Egg Curry (2 Eggs) with 1.5 Whole Wheat Rotis & Kachumber Salad,Roasted Makhana (Foxnuts - 30g) with Green Tea,306,11.16,40.02,"Obesity, Hypertension, Kidney Disease","Indian, Low Fat, Dash, Balanced"
1479,114.44,104.5,67.87,8.72,16.11,1620,Moong Dal Cheela with Paneer Stuffing & Mint Chutney,Hyderabadi Chicken Biryani with Mirchi ka Salan & Onion Raita,Tandoori Chicken (2 pcs leg/thigh) with Mint Raita & Green Salad,Paneer Tikka (3 grilled cubes) with Mint Coriander Chutney,687,10.3,36.45,Obesity,"Indian, Low Carb, Traditional"
1577,198.08,76.61,52.39,14.45,31.23,1424,Moong Dal Cheela with Paneer Stuffing & Mint Chutney,Malabar Fish Curry with Steamed Rice & Beetroot Thoran,Aloo Gobi Matar Masala with 2 Whole Wheat Rotis & Plain Dahi,Roasted Chana (Bhuna Chana - 50g) with Masala Chai,651,13.53,61.04,Obesity,"Indian, Traditional, Balanced"
1557,192.39,70.58,56.55,11.06,27.97,1619,Moong Dal Cheela with Paneer Stuffing & Mint Chutney,Dal Tadka (Yellow Lentil) with Steamed Basmati Rice & Cucumber Salad,Palak Paneer (Spinach Cottage Cheese) with 2 Whole Wheat Chapatis,Khaman Dhokla (2 steamed pcs) with Green Coriander Chutney,770,13.52,51.32,"Obesity, Diabetes","Indian, Vegetarian, Balanced"
1674,245.59,67.6,46.42,15.25,41.04,1569,Besan Chilla (2 savory gram flour pancakes) with Green Coriander Chutney,Rajma Masala (Kidney Beans Curry) with Jeera Rice & Kachumber,Aloo Gobi Matar Masala with 2 Whole Wheat Rotis & Plain Dahi,Roasted Chana (Bhuna Chana - 50g) with Masala Chai,500,16.9,69.14,Heart Disease,"Indian, Low Fat, Dash, Balanced"
1406,161.33,68.68,53.59,23.96,22.36,1481,1 Crispy Aloo Paratha with Fresh Curd (Dahi) & Zeera Pickle,Homestyle Chicken Curry with 2 Chapatis & Onion Salad,Egg Curry (2 Eggs) with 1.5 Whole Wheat Rotis & Kachumber Salad,"Fresh Fruit Chaat (Papaya, Apple, Guava & Chaat Masala)",414,11.04,89.06,Obesity,"Indian, Low Carb, Traditional"
1441,199.62,50.75,49.59,12.67,30.59,1436,1 Crispy Aloo Paratha with Fresh Curd (Dahi) & Zeera Pickle,Chole Masala (Spiced Chickpeas) with 1 Bhatura & Pickled Onions,Lauki Chana Dal Curry with 2 Phulkas & Cucumber Tomato Salad,Roasted Chana (Bhuna Chana - 50g) with Masala Chai,437,13.65,38.0,"Obesity, Heart Disease","Indian, Vegetarian, Balanced"
1246,205.0,43.74,28.36,11.66,27.04,1317,"Poha with Peanuts, Curry Leaves & Lemon with Green Tea","South Indian Meals: Sambar, Rasam, Cabbage Poriyal & Steamed Rice","Mix Vegetable Subzi (Beans, Carrot, Peas) with 2 Chapatis & Dal Fry","Sprouted Moong Chaat with Onion, Tomato, Lemon & Chaat Masala",312,12.19,70.6,"Obesity, Hypertension, Heart Disease, Kidney Disease","Indian, Low Fat, Dash, Balanced"
1380,191.11,59.07,42.57,26.35,36.58,1303,2 Methi Theplas with Fresh Curd (Dahi) & Mint Chutney,Baingan Bharta with 2 Bajra Rotis & Plain Dahi,Soya Chunks Curry with 1 cup Brown Rice & Fresh Salad,"Fresh Fruit Chaat (Papaya, Apple, Guava & Chaat Masala)",640,16.79,93.05,"Obesity, Hypertension, Heart Disease, Kidney Disease","Indian, Low Fat, Dash, Balanced"
1486,187.25,50.75,61.75,26.76,28.48,1482,Vegetable Upma with Roasted Cashews & Filter Coffee,Chole Masala (Spiced Chickpeas) with 1 Bhatura & Pickled Onions,Palak Paneer (Spinach Cottage Cheese) with 2 Whole Wheat Chapatis,"Fresh Fruit Chaat (Papaya, Apple, Guava & Chaat Masala)",619,13.19,95.2,Obesity,"Indian, Vegetarian, Balanced"
1592,175.06,83.16,63.04,12.05,28.31,1670,1 Crispy Aloo Paratha with Fresh Curd (Dahi) & Zeera Pickle,Baingan Bharta with 2 Bajra Rotis & Plain Dahi,Tandoori Chicken (2 pcs leg/thigh) with Mint Raita & Green Salad,Roasted Makhana (Foxnuts - 30g) with Green Tea,647,14.71,47.55,"Obesity, Diabetes","Indian, Traditional, Balanced"
1469,181.04,78.14,49.53,12.38,24.67,1737,2 Idlis with Sambhar (1 katori) & Coconut Chutney (2 tbsp),Rajma Masala (Kidney Beans Curry) with Jeera Rice & Kachumber,Tandoori Chicken (2 pcs leg/thigh) with Mint Raita & Green Salad,1 Vegetable Samosa with Mint Chutney & Masala Chai,395,11.9,38.59,"Obesity, Diabetes, Heart Disease","Indian, Traditional, Balanced"
1647,216.29,56.16,63.4,13.1,26.09,1726,1 Crispy Aloo Paratha with Fresh Curd (Dahi) & Zeera Pickle,Dal Tadka (Yellow Lentil) with Steamed Basmati Rice & Cucumber Salad,Palak Paneer (Spinach Cottage Cheese) with 2 Whole Wheat Chapatis,1 Vegetable Samosa with Mint Chutney & Masala Chai,706,13.0,48.72,,"Indian, Vegetarian, Balanced"
1437,175.95,65.43,54.04,7.86,21.69,1527,2 Idlis with Sambhar (1 katori) & Coconut Chutney (2 tbsp),Hyderabadi Chicken Biryani with Mirchi ka Salan & Onion Raita,Palak Paneer (Spinach Cottage Cheese) with 2 Whole Wheat Chapatis,Roasted Makhana (Foxnuts - 30g) with Green Tea,577,11.21,35.06,"Obesity, Diabetes","Indian, Traditional, Balanced"
1715,191.79,64.71,78.91,31.3,31.97,1676,Ragi Dosa (2 pcs) with Tomato Onion Chutney & Buttermilk,Paneer Butter Masala with 2 Whole Wheat Phulkas & Boondi Raita,Palak Paneer (Spinach Cottage Cheese) with 2 Whole Wheat Chapatis,"Fresh Fruit Chaat (Papaya, Apple, Guava & Chaat Masala)",1258,14.54,110.77,,"Indian, Vegetarian, Balanced"
1496,187.84,54.42,60.56,15.55,23.23,1623,2 Boiled Eggs with 2 Multigrain Toasts & Masala Chai,Chole Masala (Spiced Chickpeas) with 1 Bhatura & Pickled Onions,"Moong Dal Khichdi with Desi Ghee, Curd & Roasted Papad",1 Vegetable Samosa with Mint Chutney & Masala Chai,445,12.38,23.14,Obesity,"Indian, Traditional, Balanced"
1412,183.09,67.73,46.84,10.54,25.86,1571,2 Idlis with Sambhar (1 katori) & Coconut Chutney (2 tbsp),Malabar Fish Curry with Steamed Rice & Beetroot Thoran,Lauki Chana Dal Curry with 2 Phulkas & Cucumber Tomato Salad,Paneer Tikka (3 grilled cubes) with Mint Coriander Chutney,545,11.04,45.25,"Obesity, Diabetes, Heart Disease","Indian, Low Fat, Dash, Balanced"
1534,238.09,59.61,38.41,15.67,34.22,1711,Besan Chilla (2 savory gram flour pancakes) with Green Coriander Chutney,Dal Tadka (Yellow Lentil) with Steamed Basmati Rice & Cucumber Salad,Lauki Chana Dal Curry with 2 Phulkas & Cucumber Tomato Salad,Bhel Puri (Puffed Rice with Veggies & Tamarind Chutney),350,14.57,53.31,"Obesity, Heart Disease","Indian, Low Fat, Dash, Balanced"
1658,180.23,70.9,72.59,16.13,30.97,1464,Moong Dal Cheela with Paneer Stuffing & Mint Chutney,Paneer Butter Masala with 2 Whole Wheat Phulkas & Boondi Raita,Aloo Gobi Matar Masala with 2 Whole Wheat Rotis & Plain Dahi,Roasted Chana (Bhuna Chana - 50g) with Masala Chai,921,12.94,56.26,,"Indian, Vegetarian, Balanced"
1610,245.79,77.45,34.75,13.24,40.58,1473,Ragi Dosa (2 pcs) with Tomato Onion Chutney & Buttermilk,Rajma Masala (Kidney Beans Curry) with Jeera Rice & Kachumber,Soya Chunks Curry with 1 cup Brown Rice & Fresh Salad,Roasted Chana (Bhuna Chana - 50g) with Masala Chai,724,19.81,41.0,Heart Disease,"Indian, Low Fat, Dash, Balanced"
1439,194.35,58.76,48.33,10.52,26.54,1462,2 Methi Theplas with Fresh Curd (Dahi) & Mint Chutney,Rajma Masala (Kidney Beans Curry) with Jeera Rice & Kachumber,"Moong Dal Khichdi with Desi Ghee, Curd & Roasted Papad",Paneer Tikka (3 grilled cubes) with Mint Coriander Chutney,645,12.2,35.95,"Obesity, Diabetes, Heart Disease","Indian, Vegetarian, Balanced"
1779,221.39,77.45,67.58,12.47,28.64,1963,2 Idlis with Sambhar (1 katori) & Coconut Chutney (2 tbsp),Chole Masala (Spiced Chickpeas) with 1 Bhatura & Pickled Onions,Malabar Fish Curry with Steamed Rice & Beetroot Thoran,Paneer Tikka (3 grilled cubes) with Mint Coriander Chutney,627,14.1,46.1,,"Indian, Traditional, Balanced"
1417,207.56,70.12,33.27,12.28,34.43,1412,Besan Chilla (2 savory gram flour pancakes) with Green Coriander Chutney,"South Indian Meals: Sambar, Rasam, Cabbage Poriyal & Steamed Rice",Soya Chunks Curry with 1 cup Brown Rice & Fresh Salad,Roasted Chana (Bhuna Chana - 50g) with Masala Chai,457,16.06,49.23,"Obesity, Heart Disease","Indian, Low Fat, Dash, Balanced"
1552,201.66,60.84,56.73,13.57,27.7,1646,"Poha with Peanuts, Curry Leaves & Lemon with Green Tea",Bhindi Do Pyaza with 2 Whole Wheat Rotis & Dal Palak,Egg Curry (2 Eggs) with 1.5 Whole Wheat Rotis & Kachumber Salad,Khaman Dhokla (2 steamed pcs) with Green Coriander Chutney,475,15.13,71.52,Obesity,"Indian, Traditional, Balanced"
1341,200.0,54.91,36.36,11.73,33.18,1373,Besan Chilla (2 savory gram flour pancakes) with Green Coriander Chutney,Rajma Masala (Kidney Beans Curry) with Jeera Rice & Kachumber,Aloo Gobi Matar Masala with 2 Whole Wheat Rotis & Plain Dahi,"Sprouted Moong Chaat with Onion, Tomato, Lemon & Chaat Masala",390,13.64,73.0,"Obesity, Hypertension, Heart Disease, Kidney Disease","Indian, Low Fat, Dash, Balanced"
1436,186.77,82.31,41.06,24.5,23.71,1489,Ragi Dosa (2 pcs) with Tomato Onion Chutney & Buttermilk,Fish Curry (Rohu in Mustard Gravy) with Steamed Rice & Green Salad,Chicken Tikka Masala with 2 Whole Wheat Tandoori Rotis & Salad,"Fresh Fruit Chaat (Papaya, Apple, Guava & Chaat Masala)",544,12.35,92.11,"Obesity, Heart Disease","Indian, Low Fat, Dash, Balanced"
1392,200.67,53.61,42.69,12.49,33.44,1475,1 Crispy Aloo Paratha with Fresh Curd (Dahi) & Zeera Pickle,Bhindi Do Pyaza with 2 Whole Wheat Rotis & Dal Palak,Lauki Chana Dal Curry with 2 Phulkas & Cucumber Tomato Salad,"Sprouted Moong Chaat with Onion, Tomato, Lemon & Chaat Masala",529,13.48,72.0,"Obesity, Heart Disease","Indian, Low Fat, Dash, Balanced"
1670,215.47,75.0,57.38,15.47,23.26,1742,Vegetable Upma with Roasted Cashews & Filter Coffee,Dal Tadka (Yellow Lentil) with Steamed Basmati Rice & Cucumber Salad,Chicken Tikka Masala with 2 Whole Wheat Tandoori Rotis & Salad,1 Vegetable Samosa with Mint Chutney & Masala Chai,373,12.09,38.83,,"Indian, Traditional, Balanced"
1681,211.87,68.87,62.99,12.99,26.5,1722,"Masala Dosa with Potato Filling, Sambar & Coconut Chutney",Malabar Fish Curry with Steamed Rice & Beetroot Thoran,Aloo Gobi Matar Masala with 2 Whole Wheat Rotis & Plain Dahi,Paneer Tikka (3 grilled cubes) with Mint Coriander Chutney,641,11.86,67.12,,"Indian, Traditional, Balanced"
1661,226.39,68.09,53.6,18.41,34.65,1493,Vegetable Upma with Roasted Cashews & Filter Coffee,Baingan Bharta with 2 Bajra Rotis & Plain Dahi,Malabar Fish Curry with Steamed Rice & Beetroot Thoran,Roasted Chana (Bhuna Chana - 50g) with Masala Chai,577,16.23,46.19,,"Indian, Traditional, Balanced"
1377,204.66,41.26,44.21,17.63,33.06,1410,Ragi Dosa (2 pcs) with Tomato Onion Chutney & Buttermilk,Baingan Bharta with 2 Bajra Rotis & Plain Dahi,Aloo Gobi Matar Masala with 2 Whole Wheat Rotis & Plain Dahi,Bhel Puri (Puffed Rice with Veggies & Tamarind Chutney),693,14.67,67.65,"Obesity, Heart Disease","Indian, Low Fat, Dash, Balanced"
1430,180.29,67.0,49.59,9.07,25.57,1421,Moong Dal Cheela with Paneer Stuffing & Mint Chutney,Rajma Masala (Kidney Beans Curry) with Jeera Rice & Kachumber,"Moong Dal Khichdi with Desi Ghee, Curd & Roasted Papad",Paneer Tikka (3 grilled cubes) with Mint Coriander Chutney,681,11.73,36.39,"Obesity, Diabetes, Heart Disease","Indian, Vegetarian, Balanced"
1423,161.17,73.09,55.2,8.46,16.44,1442,"Poha with Peanuts, Curry Leaves & Lemon with Green Tea",Fish Curry (Rohu in Mustard Gravy) with Steamed Rice & Green Salad,Egg Curry (2 Eggs) with 1.5 Whole Wheat Rotis & Kachumber Salad,Paneer Tikka (3 grilled cubes) with Mint Coriander Chutney,512,11.92,49.91,Obesity,"Indian, Low Carb, Traditional"
1426,158.49,71.69,57.15,13.89,22.23,1440,2 Boiled Eggs with 2 Multigrain Toasts & Masala Chai,Malabar Fish Curry with Steamed Rice & Beetroot Thoran,Aloo Gobi Matar Masala with 2 Whole Wheat Rotis & Plain Dahi,Paneer Tikka (3 grilled cubes) with Mint Coriander Chutney,641,10.93,52.24,"Obesity, Diabetes","Indian, Low Carb, Traditional"
1397,220.37,54.12,33.45,13.75,27.95,1553,"Masala Dosa with Potato Filling, Sambar & Coconut Chutney","South Indian Meals: Sambar, Rasam, Cabbage Poriyal & Steamed Rice",Soya Chunks Curry with 1 cup Brown Rice & Fresh Salad,Bhel Puri (Puffed Rice with Veggies & Tamarind Chutney),376,13.31,48.26,"Obesity, Heart Disease","Indian, Low Fat, Dash, Balanced"
1402,210.18,75.24,30.26,23.4,28.84,1472,2 Idlis with Sambhar (1 katori) & Coconut Chutney (2 tbsp),Fish Curry (Rohu in Mustard Gravy) with Steamed Rice & Green Salad,Soya Chunks Curry with 1 cup Brown Rice & Fresh Salad,"Fresh Fruit Chaat (Papaya, Apple, Guava & Chaat Masala)",425,13.72,87.34,"Obesity, Heart Disease","Indian, Low Fat, Dash, Balanced"
1415,211.45,57.28,38.35,16.61,28.69,1536,Ragi Dosa (2 pcs) with Tomato Onion Chutney & Buttermilk,Malabar Fish Curry with Steamed Rice & Beetroot Thoran,"Mix Vegetable Subzi (Beans, Carrot, Peas) with 2 Chapatis & Dal Fry",Bhel Puri (Puffed Rice with Veggies & Tamarind Chutney),570,13.14,53.03,"Obesity, Heart Disease","Indian, Low Fat, Dash, Balanced"
1492,235.6,49.82,40.18,13.23,30.13,1482,"Poha with Peanuts, Curry Leaves & Lemon with Green Tea",Rajma Masala (Kidney Beans Curry) with Jeera Rice & Kachumber,Aloo Gobi Matar Masala with 2 Whole Wheat Rotis & Plain Dahi,Khaman Dhokla (2 steamed pcs) with Green Coriander Chutney,378,14.12,69.51,"Obesity, Heart Disease","Indian, Low Fat, Dash, Balanced"
1492,200.22,59.49,50.78,11.79,30.74,1424,1 Crispy Aloo Paratha with Fresh Curd (Dahi) & Zeera Pickle,Rajma Masala (Kidney Beans Curry) with Jeera Rice & Kachumber,Palak Paneer (Spinach Cottage Cheese) with 2 Whole Wheat Chapatis,Roasted Chana (Bhuna Chana - 50g) with Masala Chai,678,14.42,45.7,"Obesity, Heart Disease","Indian, Vegetarian, Balanced"
1526,165.76,82.48,59.82,14.1,32.13,1506,2 Boiled Eggs with 2 Multigrain Toasts & Masala Chai,Baingan Bharta with 2 Bajra Rotis & Plain Dahi,Soya Chunks Curry with 1 cup Brown Rice & Fresh Salad,Paneer Tikka (3 grilled cubes) with Mint Coriander Chutney,808,17.52,39.98,Obesity,"Indian, Low Carb, Traditional"
1753,193.51,81.55,73.81,18.45,26.19,1773,Moong Dal Cheela with Paneer Stuffing & Mint Chutney,Paneer Butter Masala with 2 Whole Wheat Phulkas & Boondi Raita,Malabar Fish Curry with Steamed Rice & Beetroot Thoran,Bhel Puri (Puffed Rice with Veggies & Tamarind Chutney),868,12.68,46.6,,"Indian, Traditional, Balanced"
1452,186.32,50.5,57.5,11.73,24.59,1334,"Poha with Peanuts, Curry Leaves & Lemon with Green Tea",Paneer Butter Masala with 2 Whole Wheat Phulkas & Boondi Raita,"Mix Vegetable Subzi (Beans, Carrot, Peas) with 2 Chapatis & Dal Fry",Roasted Makhana (Foxnuts - 30g) with Green Tea,610,11.92,45.3,"Obesity, Hypertension, Diabetes, Kidney Disease","Indian, Vegetarian, Balanced"
1622,217.36,73.9,51.83,15.05,21.29,1728,"Poha with Peanuts, Curry Leaves & Lemon with Green Tea",Fish Curry (Rohu in Mustard Gravy) with Steamed Rice & Green Salad,Egg Curry (2 Eggs) with 1.5 Whole Wheat Rotis & Kachumber Salad,Bhel Puri (Puffed Rice with Veggies & Tamarind Chutney),372,14.6,58.52,,"Indian, Traditional, Balanced"
1554,171.11,57.2,72.64,27.58,23.69,1563,1 Crispy Aloo Paratha with Fresh Curd (Dahi) & Zeera Pickle,Paneer Butter Masala with 2 Whole Wheat Phulkas & Boondi Raita,Egg Curry (2 Eggs) with 1.5 Whole Wheat Rotis & Kachumber Salad,"Fresh Fruit Chaat (Papaya, Apple, Guava & Chaat Masala)",741,10.78,90.41,Obesity,"Indian, Low Carb, Traditional"
1456,231.22,47.65,38.69,13.8,29.42,1652,1 Crispy Aloo Paratha with Fresh Curd (Dahi) & Zeera Pickle,"South Indian Meals: Sambar, Rasam, Cabbage Poriyal & Steamed Rice",Lauki Chana Dal Curry with 2 Phulkas & Cucumber Tomato Salad,Khaman Dhokla (2 steamed pcs) with Green Coriander Chutney,423,11.59,58.84,"Obesity, Heart Disease","Indian, Low Fat, Dash, Balanced"
1605,209.36,65.72,56.38,16.05,23.67,1798,"Masala Dosa with Potato Filling, Sambar & Coconut Chutney",Malabar Fish Curry with Steamed Rice & Beetroot Thoran,Egg Curry (2 Eggs) with 1.5 Whole Wheat Rotis & Kachumber Salad,Bhel Puri (Puffed Rice with Veggies & Tamarind Chutney),385,12.6,49.17,,"Indian, Traditional, Balanced"
1637,232.54,60.18,52.93,18.23,27.97,1730,1 Crispy Aloo Paratha with Fresh Curd (Dahi) & Zeera Pickle,Malabar Fish Curry with Steamed Rice & Beetroot Thoran,Aloo Gobi Matar Masala with 2 Whole Wheat Rotis & Plain Dahi,Bhel Puri (Puffed Rice with Veggies & Tamarind Chutney),536,12.53,69.29,,"Indian, Traditional, Balanced"
1509,207.68,64.68,47.73,13.94,34.09,1534,Ragi Dosa (2 pcs) with Tomato Onion Chutney & Buttermilk,Bhindi Do Pyaza with 2 Whole Wheat Rotis & Dal Palak,Soya Chunks Curry with 1 cup Brown Rice & Fresh Salad,1 Vegetable Samosa with Mint Chutney & Masala Chai,767,16.75,54.85,"Obesity, Heart Disease","Indian, Low Fat, Dash, Balanced"
1589,194.23,66.62,62.47,15.79,24.87,1648,Ragi Dosa (2 pcs) with Tomato Onion Chutney & Buttermilk,Paneer Butter Masala with 2 Whole Wheat Phulkas & Boondi Raita,Malabar Fish Curry with Steamed Rice & Beetroot Thoran,Khaman Dhokla (2 steamed pcs) with Green Coriander Chutney,864,12.24,41.65,Obesity,"Indian, Traditional, Balanced"
1593,232.2,56.7,50.43,13.8,32.38,1720,Ragi Dosa (2 pcs) with Tomato Onion Chutney & Buttermilk,Chole Masala (Spiced Chickpeas) with 1 Bhatura & Pickled Onions,"Moong Dal Khichdi with Desi Ghee, Curd & Roasted Papad","Sprouted Moong Chaat with Onion, Tomato, Lemon & Chaat Masala",656,15.93,50.96,"Obesity, Heart Disease","Indian, Vegetarian, Balanced"
1557,198.51,76.97,51.03,12.29,29.06,1489,Ragi Dosa (2 pcs) with Tomato Onion Chutney & Buttermilk,Fish Curry (Rohu in Mustard Gravy) with Steamed Rice & Green Salad,Palak Paneer (Spinach Cottage Cheese) with 2 Whole Wheat Chapatis,Roasted Chana (Bhuna Chana - 50g) with Masala Chai,896,15.62,49.58,"Obesity, Heart Disease","Indian, Traditional, Balanced"
1470,175.52,60.24,59.69,9.04,22.73,1515,1 Crispy Aloo Paratha with Fresh Curd (Dahi) & Zeera Pickle,Dal Tadka (Yellow Lentil) with Steamed Basmati Rice & Cucumber Salad,Palak Paneer (Spinach Cottage Cheese) with 2 Whole Wheat Chapatis,Paneer Tikka (3 grilled cubes) with Mint Coriander Chutney,800,11.59,46.92,"Obesity, Diabetes","Indian, Vegetarian, Balanced"
1367,204.03,55.37,36.86,14.02,23.72,1446,2 Methi Theplas with Fresh Curd (Dahi) & Mint Chutney,Dal Tadka (Yellow Lentil) with Steamed Basmati Rice & Cucumber Salad,Malabar Fish Curry with Steamed Rice & Beetroot Thoran,Bhel Puri (Puffed Rice with Veggies & Tamarind Chutney),409,11.37,37.74,"Obesity, Heart Disease","Indian, Low Fat, Dash, Balanced"
1562,195.78,67.74,57.05,10.59,22.65,1573,1 Crispy Aloo Paratha with Fresh Curd (Dahi) & Zeera Pickle,Malabar Fish Curry with Steamed Rice & Beetroot Thoran,Egg Curry (2 Eggs) with 1.5 Whole Wheat Rotis & Kachumber Salad,Roasted Makhana (Foxnuts - 30g) with Green Tea,498,12.06,43.2,Obesity,"Indian, Traditional, Balanced"
1680,217.62,60.41,64.75,13.68,31.26,1713,2 Idlis with Sambhar (1 katori) & Coconut Chutney (2 tbsp),Paneer Butter Masala with 2 Whole Wheat Phulkas & Boondi Raita,"Mix Vegetable Subzi (Beans, Carrot, Peas) with 2 Chapatis & Dal Fry",Roasted Makhana (Foxnuts - 30g) with Green Tea,735,12.24,43.39,,"Indian, Vegetarian, Balanced"
1854,205.42,79.45,81.42,15.27,26.59,1952,2 Methi Theplas with Fresh Curd (Dahi) & Mint Chutney,Hyderabadi Chicken Biryani with Mirchi ka Salan & Onion Raita,Palak Paneer (Spinach Cottage Cheese) with 2 Whole Wheat Chapatis,1 Vegetable Samosa with Mint Chutney & Masala Chai,826,14.64,49.85,,"Indian, Traditional, Balanced"
1548,189.34,91.05,45.93,13.85,30.35,1426,Vegetable Upma with Roasted Cashews & Filter Coffee,Homestyle Chicken Curry with 2 Chapatis & Onion Salad,Soya Chunks Curry with 1 cup Brown Rice & Fresh Salad,Roasted Chana (Bhuna Chana - 50g) with Masala Chai,470,16.09,33.41,"Obesity, Diabetes, Heart Disease","Indian, Low Fat, Dash, Balanced"
1467,199.1,72.27,43.13,17.43,25.11,1600,2 Boiled Eggs with 2 Multigrain Toasts & Masala Chai,Fish Curry (Rohu in Mustard Gravy) with Steamed Rice & Green Salad,"Mix Vegetable Subzi (Beans, Carrot, Peas) with 2 Chapatis & Dal Fry",Bhel Puri (Puffed Rice with Veggies & Tamarind Chutney),416,12.7,43.32,"Obesity, Heart Disease","Indian, Low Fat, Dash, Balanced"
1387,138.56,81.55,55.58,9.43,24.01,1414,Moong Dal Cheela with Paneer Stuffing & Mint Chutney,Homestyle Chicken Curry with 2 Chapatis & Onion Salad,"Mix Vegetable Subzi (Beans, Carrot, Peas) with 2 Chapatis & Dal Fry",Paneer Tikka (3 grilled cubes) with Mint Coriander Chutney,631,11.21,47.04,"Obesity, Diabetes","Indian, Low Carb, Traditional"
1474,210.05,55.22,46.49,11.6,36.22,1425,2 Methi Theplas with Fresh Curd (Dahi) & Mint Chutney,Bhindi Do Pyaza with 2 Whole Wheat Rotis & Dal Palak,Lauki Chana Dal Curry with 2 Phulkas & Cucumber Tomato Salad,Roasted Makhana (Foxnuts - 30g) with Green Tea,613,14.36,59.52,"Obesity, Heart Disease","Indian, Low Fat, Dash, Balanced"
1636,236.87,65.11,47.99,28.68,38.17,1516,Moong Dal Cheela with Paneer Stuffing & Mint Chutney,Rajma Masala (Kidney Beans Curry) with Jeera Rice & Kachumber,Aloo Gobi Matar Masala with 2 Whole Wheat Rotis & Plain Dahi,"Fresh Fruit Chaat (Papaya, Apple, Guava & Chaat Masala)",639,14.29,125.42,Heart Disease,"Indian, Low Fat, Dash, Balanced"
1649,210.95,73.9,56.64,12.8,32.01,1714,Moong Dal Cheela with Paneer Stuffing & Mint Chutney,"South Indian Meals: Sambar, Rasam, Cabbage Poriyal & Steamed Rice","Mix Vegetable Subzi (Beans, Carrot, Peas) with 2 Chapatis & Dal Fry",Paneer Tikka (3 grilled cubes) with Mint Coriander Chutney,790,12.91,70.64,,"Indian, Vegetarian, Balanced"
1382,172.83,73.37,44.26,11.85,28.38,1460,2 Idlis with Sambhar (1 katori) & Coconut Chutney (2 tbsp),Bhindi Do Pyaza with 2 Whole Wheat Rotis & Dal Palak,Chicken Tikka Masala with 2 Whole Wheat Tandoori Rotis & Salad,Roasted Chana (Bhuna Chana - 50g) with Masala Chai,436,12.76,45.73,"Obesity, Diabetes, Heart Disease","Indian, Low Fat, Dash, Balanced"
1725,263.49,61.31,48.46,14.94,37.8,1736,1 Crispy Aloo Paratha with Fresh Curd (Dahi) & Zeera Pickle,Rajma Masala (Kidney Beans Curry) with Jeera Rice & Kachumber,Aloo Gobi Matar Masala with 2 Whole Wheat Rotis & Plain Dahi,"Sprouted Moong Chaat with Onion, Tomato, Lemon & Chaat Masala",567,15.6,85.48,Heart Disease,"Indian, Vegetarian, Balanced"
1693,205.67,77.7,64.4,12.36,25.34,1953,2 Idlis with Sambhar (1 katori) & Coconut Chutney (2 tbsp),Hyderabadi Chicken Biryani with Mirchi ka Salan & Onion Raita,Palak Paneer (Spinach Cottage Cheese) with 2 Whole Wheat Chapatis,Khaman Dhokla (2 steamed pcs) with Green Coriander Chutney,652,13.19,46.74,,"Indian, Traditional, Balanced"
1446,163.71,77.71,55.54,11.96,23.24,1813,2 Idlis with Sambhar (1 katori) & Coconut Chutney (2 tbsp),Chole Masala (Spiced Chickpeas) with 1 Bhatura & Pickled Onions,Tandoori Chicken (2 pcs leg/thigh) with Mint Raita & Green Salad,Khaman Dhokla (2 steamed pcs) with Green Coriander Chutney,374,12.15,37.89,"Obesity, Diabetes","Indian, Low Carb, Traditional"
1615,186.45,81.71,62.53,15.95,23.55,1855,"Poha with Peanuts, Curry Leaves & Lemon with Green Tea",Chole Masala (Spiced Chickpeas) with 1 Bhatura & Pickled Onions,Tandoori Chicken (2 pcs leg/thigh) with Mint Raita & Green Salad,Bhel Puri (Puffed Rice with Veggies & Tamarind Chutney),395,15.32,52.53,,"Indian, Traditional, Balanced"
1435,167.08,58.24,60.72,14.26,28.8,1454,Besan Chilla (2 savory gram flour pancakes) with Green Coriander Chutney,Paneer Butter Masala with 2 Whole Wheat Phulkas & Boondi Raita,Aloo Gobi Matar Masala with 2 Whole Wheat Rotis & Plain Dahi,"Sprouted Moong Chaat with Onion, Tomato, Lemon & Chaat Masala",673,12.05,69.92,Obesity,"Indian, Low Carb, Traditional"
1230,160.28,69.21,35.49,22.57,25.4,1328,Ragi Dosa (2 pcs) with Tomato Onion Chutney & Buttermilk,Rajma Masala (Kidney Beans Curry) with Jeera Rice & Kachumber,Tandoori Chicken (2 pcs leg/thigh) with Mint Raita & Green Salad,"Fresh Fruit Chaat (Papaya, Apple, Guava & Chaat Masala)",532,11.77,83.28,"Obesity, Hypertension, Heart Disease, Kidney Disease","Indian, Low Fat, Dash, Balanced"
1737,161.35,112.72,71.94,11.44,23.52,1790,Moong Dal Cheela with Paneer Stuffing & Mint Chutney,Malabar Fish Curry with Steamed Rice & Beetroot Thoran,Chicken Tikka Masala with 2 Whole Wheat Tandoori Rotis & Salad,Paneer Tikka (3 grilled cubes) with Mint Coriander Chutney,776,13.14,51.59,Diabetes,"Indian, Low Carb, Traditional"
1771,201.85,89.05,67.51,12.55,30.87,1921,"Masala Dosa with Potato Filling, Sambar & Coconut Chutney",Homestyle Chicken Curry with 2 Chapatis & Onion Salad,Palak Paneer (Spinach Cottage Cheese) with 2 Whole Wheat Chapatis,"Sprouted Moong Chaat with Onion, Tomato, Lemon & Chaat Masala",673,15.88,70.5,,"Indian, High Protein, Traditional"
1379,148.58,78.42,52.73,12.31,20.57,1572,Moong Dal Cheela with Paneer Stuffing & Mint Chutney,"South Indian Meals: Sambar, Rasam, Cabbage Poriyal & Steamed Rice",Tandoori Chicken (2 pcs leg/thigh) with Mint Raita & Green Salad,1 Vegetable Samosa with Mint Chutney & Masala Chai,526,10.15,48.69,"Obesity, Diabetes","Indian, Low Carb, Traditional"
1416,214.92,54.26,38.38,13.68,22.32,1517,1 Crispy Aloo Paratha with Fresh Curd (Dahi) & Zeera Pickle,Dal Tadka (Yellow Lentil) with Steamed Basmati Rice & Cucumber Salad,Malabar Fish Curry with Steamed Rice & Beetroot Thoran,Bhel Puri (Puffed Rice with Veggies & Tamarind Chutney),383,10.85,38.47,"Obesity, Heart Disease","Indian, Low Fat, Dash, Balanced"
1482,197.24,59.79,50.5,16.83,36.04,1528,Moong Dal Cheela with Paneer Stuffing & Mint Chutney,Baingan Bharta with 2 Bajra Rotis & Plain Dahi,Lauki Chana Dal Curry with 2 Phulkas & Cucumber Tomato Salad,Bhel Puri (Puffed Rice with Veggies & Tamarind Chutney),637,15.59,57.31,"Obesity, Heart Disease","Indian, Vegetarian, Balanced"
1586,220.25,54.69,55.54,11.75,34.39,1581,2 Methi Theplas with Fresh Curd (Dahi) & Mint Chutney,Chole Masala (Spiced Chickpeas) with 1 Bhatura & Pickled Onions,Lauki Chana Dal Curry with 2 Phulkas & Cucumber Tomato Salad,Roasted Makhana (Foxnuts - 30g) with Green Tea,513,15.17,43.37,Obesity,"Indian, Vegetarian, Balanced"
1711,214.92,83.12,56.85,15.67,33.89,1545,Moong Dal Cheela with Paneer Stuffing & Mint Chutney,Malabar Fish Curry with Steamed Rice & Beetroot Thoran,Aloo Gobi Matar Masala with 2 Whole Wheat Rotis & Plain Dahi,Roasted Chana (Bhuna Chana - 50g) with Masala Chai,706,14.68,66.23,,"Indian, Traditional, Balanced"
1420,134.68,67.87,68.93,11.15,23.89,1389,Moong Dal Cheela with Paneer Stuffing & Mint Chutney,Paneer Butter Masala with 2 Whole Wheat Phulkas & Boondi Raita,Lauki Chana Dal Curry with 2 Phulkas & Cucumber Tomato Salad,Paneer Tikka (3 grilled cubes) with Mint Coriander Chutney,894,10.35,41.41,"Obesity, Hypertension, Diabetes, Kidney Disease","Indian, Low Carb, Traditional"
1554,249.57,51.92,39.49,13.53,30.65,1734,2 Idlis with Sambhar (1 katori) & Coconut Chutney (2 tbsp),Dal Tadka (Yellow Lentil) with Steamed Basmati Rice & Cucumber Salad,Aloo Gobi Matar Masala with 2 Whole Wheat Rotis & Plain Dahi,Khaman Dhokla (2 steamed pcs) with Green Coriander Chutney,404,12.0,60.43,"Obesity, Heart Disease","Indian, Low Fat, Dash, Balanced"
1514,177.61,93.83,48.81,11.26,22.81,1713,Besan Chilla (2 savory gram flour pancakes) with Green Coriander Chutney,Fish Curry (Rohu in Mustard Gravy) with Steamed Rice & Green Salad,Chicken Tikka Masala with 2 Whole Wheat Tandoori Rotis & Salad,Khaman Dhokla (2 steamed pcs) with Green Coriander Chutney,334,12.85,47.61,"Obesity, Diabetes, Heart Disease","Indian, High Protein, Traditional"
1522,211.71,59.55,49.59,10.99,31.65,1597,"Masala Dosa with Potato Filling, Sambar & Coconut Chutney",Rajma Masala (Kidney Beans Curry) with Jeera Rice & Kachumber,Palak Paneer (Spinach Cottage Cheese) with 2 Whole Wheat Chapatis,"Sprouted Moong Chaat with Onion, Tomato, Lemon & Chaat Masala",590,14.65,62.46,"Obesity, Heart Disease","Indian, Vegetarian, Balanced"
1527,222.39,66.49,41.93,10.62,37.95,1516,2 Idlis with Sambhar (1 katori) & Coconut Chutney (2 tbsp),Baingan Bharta with 2 Bajra Rotis & Plain Dahi,Soya Chunks Curry with 1 cup Brown Rice & Fresh Salad,Roasted Makhana (Foxnuts - 30g) with Green Tea,590,18.03,41.27,"Obesity, Heart Disease","Indian, Low Fat, Dash, Balanced"
1177,156.42,63.42,33.58,23.36,22.47,1350,Ragi Dosa (2 pcs) with Tomato Onion Chutney & Buttermilk,"South Indian Meals: Sambar, Rasam, Cabbage Poriyal & Steamed Rice",Tandoori Chicken (2 pcs leg/thigh) with Mint Raita & Green Salad,"Fresh Fruit Chaat (Papaya, Apple, Guava & Chaat Masala)",531,10.04,91.75,"Obesity, Hypertension, Heart Disease, Kidney Disease","Indian, Low Fat, Dash, Balanced"
1543,226.27,71.77,39.61,12.67,35.38,1578,2 Methi Theplas with Fresh Curd (Dahi) & Mint Chutney,Rajma Masala (Kidney Beans Curry) with Jeera Rice & Kachumber,Soya Chunks Curry with 1 cup Brown Rice & Fresh Salad,Khaman Dhokla (2 steamed pcs) with Green Coriander Chutney,546,17.09,43.63,"Obesity, Heart Disease","Indian, Low Fat, Dash, Balanced"
1446,175.89,74.97,49.11,14.1,25.41,1441,2 Boiled Eggs with 2 Multigrain Toasts & Masala Chai,Hyderabadi Chicken Biryani with Mirchi ka Salan & Onion Raita,Lauki Chana Dal Curry with 2 Phulkas & Cucumber Tomato Salad,Roasted Chana (Bhuna Chana - 50g) with Masala Chai,428,12.66,25.5,"Obesity, Heart Disease","Indian, Traditional, Balanced"
1547,220.99,63.31,46.03,11.12,31.16,1597,Ragi Dosa (2 pcs) with Tomato Onion Chutney & Buttermilk,Dal Tadka (Yellow Lentil) with Steamed Basmati Rice & Cucumber Salad,Lauki Chana Dal Curry with 2 Phulkas & Cucumber Tomato Salad,Paneer Tikka (3 grilled cubes) with Mint Coriander Chutney,795,13.87,49.22,"Obesity, Heart Disease","Indian, Low Fat, Dash, Balanced"
1226,195.22,55.49,25.05,6.35,25.85,1244,2 Idlis with Sambhar (1 katori) & Coconut Chutney (2 tbsp),Dal Tadka (Yellow Lentil) with Steamed Basmati Rice & Cucumber Salad,Soya Chunks Curry with 1 cup Brown Rice & Fresh Salad,Roasted Makhana (Foxnuts - 30g) with Green Tea,353,12.26,24.61,"Obesity, Hypertension, Heart Disease, Kidney Disease","Indian, Low Fat, Dash, Balanced"
1747,205.55,90.01,64.16,11.44,27.38,1829,1 Crispy Aloo Paratha with Fresh Curd (Dahi) & Zeera Pickle,Rajma Masala (Kidney Beans Curry) with Jeera Rice & Kachumber,Chicken Tikka Masala with 2 Whole Wheat Tandoori Rotis & Salad,Paneer Tikka (3 grilled cubes) with Mint Coriander Chutney,649,14.0,50.26,,"Indian, High Protein, Traditional"
1398,201.02,40.76,48.43,13.98,30.12,1461,"Masala Dosa with Potato Filling, Sambar & Coconut Chutney",Baingan Bharta with 2 Bajra Rotis & Plain Dahi,Aloo Gobi Matar Masala with 2 Whole Wheat Rotis & Plain Dahi,Khaman Dhokla (2 steamed pcs) with Green Coriander Chutney,457,12.72,61.41,"Obesity, Heart Disease","Indian, Vegetarian, Balanced"
1463,204.61,51.76,49.73,24.04,27.33,1477,1 Crispy Aloo Paratha with Fresh Curd (Dahi) & Zeera Pickle,Dal Tadka (Yellow Lentil) with Steamed Basmati Rice & Cucumber Salad,Palak Paneer (Spinach Cottage Cheese) with 2 Whole Wheat Chapatis,"Fresh Fruit Chaat (Papaya, Apple, Guava & Chaat Masala)",661,12.07,95.6,"Obesity, Heart Disease","Indian, Vegetarian, Balanced"
1569,244.3,61.02,39.37,28.76,40.9,1597,Besan Chilla (2 savory gram flour pancakes) with Green Coriander Chutney,Rajma Masala (Kidney Beans Curry) with Jeera Rice & Kachumber,"Mix Vegetable Subzi (Beans, Carrot, Peas) with 2 Chapatis & Dal Fry","Fresh Fruit Chaat (Papaya, Apple, Guava & Chaat Masala)",407,15.53,115.59,"Obesity, Heart Disease","Indian, Low Fat, Dash, Balanced"
1417,137.12,87.96,58.89,13.8,23.24,1643,2 Boiled Eggs with 2 Multigrain Toasts & Masala Chai,Chole Masala (Spiced Chickpeas) with 1 Bhatura & Pickled Onions,Tandoori Chicken (2 pcs leg/thigh) with Mint Raita & Green Salad,"Sprouted Moong Chaat with Onion, Tomato, Lemon & Chaat Masala",449,13.52,42.78,"Obesity, Diabetes","Indian, Low Carb, Traditional"
1440,204.27,47.82,48.63,16.71,34.13,1379,Vegetable Upma with Roasted Cashews & Filter Coffee,Baingan Bharta with 2 Bajra Rotis & Plain Dahi,Aloo Gobi Matar Masala with 2 Whole Wheat Rotis & Plain Dahi,"Sprouted Moong Chaat with Onion, Tomato, Lemon & Chaat Masala",547,14.4,78.73,"Obesity, Hypertension, Heart Disease, Kidney Disease","Indian, Vegetarian, Balanced"
1496,162.24,78.14,61.41,14.47,22.0,1721,Vegetable Upma with Roasted Cashews & Filter Coffee,Chole Masala (Spiced Chickpeas) with 1 Bhatura & Pickled Onions,Tandoori Chicken (2 pcs leg/thigh) with Mint Raita & Green Salad,Khaman Dhokla (2 steamed pcs) with Green Coriander Chutney,396,12.22,39.51,Obesity,"Indian, Low Carb, Traditional"
1422,125.63,85.73,63.58,9.26,21.38,1556,Besan Chilla (2 savory gram flour pancakes) with Green Coriander Chutney,Homestyle Chicken Curry with 2 Chapatis & Onion Salad,Egg Curry (2 Eggs) with 1.5 Whole Wheat Rotis & Kachumber Salad,Paneer Tikka (3 grilled cubes) with Mint Coriander Chutney,519,12.12,47.06,"Obesity, Diabetes","Indian, Low Carb, Traditional"
1811,207.93,97.25,66.53,13.12,28.48,1831,Moong Dal Cheela with Paneer Stuffing & Mint Chutney,Hyderabadi Chicken Biryani with Mirchi ka Salan & Onion Raita,Soya Chunks Curry with 1 cup Brown Rice & Fresh Salad,1 Vegetable Samosa with Mint Chutney & Masala Chai,671,15.97,38.55,,"Indian, High Protein, Traditional"
1453,183.74,71.23,49.21,15.65,26.42,1561,2 Boiled Eggs with 2 Multigrain Toasts & Masala Chai,Bhindi Do Pyaza with 2 Whole Wheat Rotis & Dal Palak,Malabar Fish Curry with Steamed Rice & Beetroot Thoran,Khaman Dhokla (2 steamed pcs) with Green Coriander Chutney,511,12.72,47.75,"Obesity, Heart Disease","Indian, Traditional, Balanced"
1322,172.99,51.92,48.37,8.43,28.35,1379,2 Idlis with Sambhar (1 katori) & Coconut Chutney (2 tbsp),Bhindi Do Pyaza with 2 Whole Wheat Rotis & Dal Palak,Palak Paneer (Spinach Cottage Cheese) with 2 Whole Wheat Chapatis,Roasted Makhana (Foxnuts - 30g) with Green Tea,673,12.26,54.02,"Obesity, Hypertension, Diabetes, Heart Disease, Kidney Disease","Indian, Low Carb, Traditional"
1631,214.75,74.25,53.89,13.07,26.03,1742,2 Methi Theplas with Fresh Curd (Dahi) & Mint Chutney,Hyderabadi Chicken Biryani with Mirchi ka Salan & Onion Raita,"Moong Dal Khichdi with Desi Ghee, Curd & Roasted Papad","Sprouted Moong Chaat with Onion, Tomato, Lemon & Chaat Masala",545,13.27,43.96,,"Indian, Traditional, Balanced"
1771,238.76,78.89,56.77,16.5,30.7,1837,Vegetable Upma with Roasted Cashews & Filter Coffee,Hyderabadi Chicken Biryani with Mirchi ka Salan & Onion Raita,"Mix Vegetable Subzi (Beans, Carrot, Peas) with 2 Chapatis & Dal Fry","Sprouted Moong Chaat with Onion, Tomato, Lemon & Chaat Masala",458,14.19,62.71,,"Indian, Traditional, Balanced"
1892,222.33,83.03,75.67,15.88,28.14,1908,Moong Dal Cheela with Paneer Stuffing & Mint Chutney,Hyderabadi Chicken Biryani with Mirchi ka Salan & Onion Raita,Aloo Gobi Matar Masala with 2 Whole Wheat Rotis & Plain Dahi,1 Vegetable Samosa with Mint Chutney & Masala Chai,682,13.32,63.1,,"Indian, Traditional, Balanced"
1500,186.86,63.78,55.74,9.26,20.55,1516,"Poha with Peanuts, Curry Leaves & Lemon with Green Tea",Dal Tadka (Yellow Lentil) with Steamed Basmati Rice & Cucumber Salad,Egg Curry (2 Eggs) with 1.5 Whole Wheat Rotis & Kachumber Salad,Paneer Tikka (3 grilled cubes) with Mint Coriander Chutney,523,12.82,49.44,"Obesity, Diabetes","Indian, Traditional, Balanced"
1607,197.12,92.19,51.14,27.05,25.89,1655,2 Methi Theplas with Fresh Curd (Dahi) & Mint Chutney,Fish Curry (Rohu in Mustard Gravy) with Steamed Rice & Green Salad,Chicken Tikka Masala with 2 Whole Wheat Tandoori Rotis & Salad,"Fresh Fruit Chaat (Papaya, Apple, Guava & Chaat Masala)",493,13.05,99.41,Heart Disease,"Indian, High Protein, Traditional"
1869,207.21,70.92,86.57,12.03,30.13,1991,"Masala Dosa with Potato Filling, Sambar & Coconut Chutney",Chole Masala (Spiced Chickpeas) with 1 Bhatura & Pickled Onions,Palak Paneer (Spinach Cottage Cheese) with 2 Whole Wheat Chapatis,Paneer Tikka (3 grilled cubes) with Mint Coriander Chutney,881,15.76,57.71,,"Indian, Vegetarian, Balanced"
1436,210.52,52.35,44.41,12.47,32.6,1635,2 Idlis with Sambhar (1 katori) & Coconut Chutney (2 tbsp),Chole Masala (Spiced Chickpeas) with 1 Bhatura & Pickled Onions,"Mix Vegetable Subzi (Beans, Carrot, Peas) with 2 Chapatis & Dal Fry","Sprouted Moong Chaat with Onion, Tomato, Lemon & Chaat Masala",368,13.8,56.88,"Obesity, Heart Disease","Indian, Low Fat, Dash, Balanced"
1409,210.4,55.61,39.29,15.56,25.24,1481,"Poha with Peanuts, Curry Leaves & Lemon with Green Tea",Malabar Fish Curry with Steamed Rice & Beetroot Thoran,"Mix Vegetable Subzi (Beans, Carrot, Peas) with 2 Chapatis & Dal Fry",Bhel Puri (Puffed Rice with Veggies & Tamarind Chutney),339,13.0,56.75,"Obesity, Heart Disease","Indian, Low Fat, Dash, Balanced"
1696,262.74,63.73,44.26,14.46,38.82,1762,1 Crispy Aloo Paratha with Fresh Curd (Dahi) & Zeera Pickle,Rajma Masala (Kidney Beans Curry) with Jeera Rice & Kachumber,"Mix Vegetable Subzi (Beans, Carrot, Peas) with 2 Chapatis & Dal Fry","Sprouted Moong Chaat with Onion, Tomato, Lemon & Chaat Masala",510,16.09,72.1,Heart Disease,"Indian, Low Fat, Dash, Balanced"
1464,154.84,54.98,71.13,14.55,21.6,1383,Vegetable Upma with Roasted Cashews & Filter Coffee,Paneer Butter Masala with 2 Whole Wheat Phulkas & Boondi Raita,Aloo Gobi Matar Masala with 2 Whole Wheat Rotis & Plain Dahi,Paneer Tikka (3 grilled cubes) with Mint Coriander Chutney,821,9.28,53.01,"Obesity, Hypertension, Kidney Disease","Indian, Low Carb, Traditional"
1429,183.6,72.04,44.6,16.03,28.29,1391,2 Boiled Eggs with 2 Multigrain Toasts & Masala Chai,Malabar Fish Curry with Steamed Rice & Beetroot Thoran,"Mix Vegetable Subzi (Beans, Carrot, Peas) with 2 Chapatis & Dal Fry",Roasted Chana (Bhuna Chana - 50g) with Masala Chai,462,13.2,36.12,"Obesity, Hypertension, Heart Disease, Kidney Disease","Indian, Low Fat, Dash, Balanced"
1681,182.77,103.41,60.57,16.97,23.2,1874,2 Boiled Eggs with 2 Multigrain Toasts & Masala Chai,Malabar Fish Curry with Steamed Rice & Beetroot Thoran,Chicken Tikka Masala with 2 Whole Wheat Tandoori Rotis & Salad,Khaman Dhokla (2 steamed pcs) with Green Coriander Chutney,455,13.64,39.63,,"Indian, High Protein, Traditional"
1772,216.73,78.76,67.43,17.11,30.66,1788,Ragi Dosa (2 pcs) with Tomato Onion Chutney & Buttermilk,Paneer Butter Masala with 2 Whole Wheat Phulkas & Boondi Raita,Malabar Fish Curry with Steamed Rice & Beetroot Thoran,"Sprouted Moong Chaat with Onion, Tomato, Lemon & Chaat Masala",998,14.89,60.54,,"Indian, Traditional, Balanced"
1370,198.1,64.28,36.21,13.79,32.57,1432,2 Boiled Eggs with 2 Multigrain Toasts & Masala Chai,Rajma Masala (Kidney Beans Curry) with Jeera Rice & Kachumber,Lauki Chana Dal Curry with 2 Phulkas & Cucumber Tomato Salad,"Sprouted Moong Chaat with Onion, Tomato, Lemon & Chaat Masala",405,14.27,49.43,"Obesity, Heart Disease","Indian, Low Fat, Dash, Balanced"
1457,207.0,64.16,42.47,12.83,29.24,1552,1 Crispy Aloo Paratha with Fresh Curd (Dahi) & Zeera Pickle,Malabar Fish Curry with Steamed Rice & Beetroot Thoran,Lauki Chana Dal Curry with 2 Phulkas & Cucumber Tomato Salad,"Sprouted Moong Chaat with Onion, Tomato, Lemon & Chaat Masala",461,12.83,60.38,"Obesity, Heart Disease","Indian, Low Fat, Dash, Balanced"
1461,233.71,47.72,38.22,10.1,29.91,1301,"Poha with Peanuts, Curry Leaves & Lemon with Green Tea",Rajma Masala (Kidney Beans Curry) with Jeera Rice & Kachumber,Aloo Gobi Matar Masala with 2 Whole Wheat Rotis & Plain Dahi,Roasted Makhana (Foxnuts - 30g) with Green Tea,390,13.91,63.73,"Obesity, Hypertension, Heart Disease, Kidney Disease","Indian, Low Fat, Dash, Balanced"
1485,207.82,71.07,41.66,13.75,26.11,1704,Ragi Dosa (2 pcs) with Tomato Onion Chutney & Buttermilk,"South Indian Meals: Sambar, Rasam, Cabbage Poriyal & Steamed Rice",Chicken Tikka Masala with 2 Whole Wheat Tandoori Rotis & Salad,Khaman Dhokla (2 steamed pcs) with Green Coriander Chutney,545,12.76,56.12,"Obesity, Heart Disease","Indian, Low Fat, Dash, Balanced"
1530,192.21,80.2,49.29,11.51,21.92,1808,"Masala Dosa with Potato Filling, Sambar & Coconut Chutney",Dal Tadka (Yellow Lentil) with Steamed Basmati Rice & Cucumber Salad,Tandoori Chicken (2 pcs leg/thigh) with Mint Raita & Green Salad,Khaman Dhokla (2 steamed pcs) with Green Coriander Chutney,352,11.41,38.99,"Obesity, Diabetes","Indian, Traditional, Balanced"
1816,202.88,94.04,71.3,28.81,32.67,1865,Moong Dal Cheela with Paneer Stuffing & Mint Chutney,Chole Masala (Spiced Chickpeas) with 1 Bhatura & Pickled Onions,Chicken Tikka Masala with 2 Whole Wheat Tandoori Rotis & Salad,"Fresh Fruit Chaat (Papaya, Apple, Guava & Chaat Masala)",596,15.67,105.41,,"Indian, High Protein, Traditional"
1474,175.11,60.59,60.59,27.01,25.0,1424,2 Methi Theplas with Fresh Curd (Dahi) & Mint Chutney,Paneer Butter Masala with 2 Whole Wheat Phulkas & Boondi Raita,Malabar Fish Curry with Steamed Rice & Beetroot Thoran,"Fresh Fruit Chaat (Papaya, Apple, Guava & Chaat Masala)",728,10.68,83.13,Obesity,"Indian, Traditional, Balanced"
1316,170.31,51.32,48.85,9.22,29.08,1274,Ragi Dosa (2 pcs) with Tomato Onion Chutney & Buttermilk,Bhindi Do Pyaza with 2 Whole Wheat Rotis & Dal Palak,Palak Paneer (Spinach Cottage Cheese) with 2 Whole Wheat Chapatis,Roasted Makhana (Foxnuts - 30g) with Green Tea,874,13.59,57.4,"Obesity, Hypertension, Diabetes, Heart Disease, Kidney Disease","Indian, Low Carb, Traditional"
1531,149.78,100.7,60.07,11.76,20.22,1837,Besan Chilla (2 savory gram flour pancakes) with Green Coriander Chutney,Hyderabadi Chicken Biryani with Mirchi ka Salan & Onion Raita,Tandoori Chicken (2 pcs leg/thigh) with Mint Raita & Green Salad,Khaman Dhokla (2 steamed pcs) with Green Coriander Chutney,397,12.05,40.82,"Obesity, Diabetes","Indian, Low Carb, Traditional"
1510,201.51,76.63,45.4,12.06,24.13,1593,Ragi Dosa (2 pcs) with Tomato Onion Chutney & Buttermilk,Hyderabadi Chicken Biryani with Mirchi ka Salan & Onion Raita,Malabar Fish Curry with Steamed Rice & Beetroot Thoran,"Sprouted Moong Chaat with Onion, Tomato, Lemon & Chaat Masala",574,12.99,48.72,"Obesity, Heart Disease","Indian, Low Fat, Dash, Balanced"
1427,190.16,60.99,47.34,13.55,31.73,1402,2 Boiled Eggs with 2 Multigrain Toasts & Masala Chai,Bhindi Do Pyaza with 2 Whole Wheat Rotis & Dal Palak,"Mix Vegetable Subzi (Beans, Carrot, Peas) with 2 Chapatis & Dal Fry",Roasted Makhana (Foxnuts - 30g) with Green Tea,539,13.45,50.93,"Obesity, Diabetes, Heart Disease","Indian, Low Fat, Dash, Balanced"
1320,162.24,65.5,46.78,12.0,22.86,1456,Besan Chilla (2 savory gram flour pancakes) with Green Coriander Chutney,Fish Curry (Rohu in Mustard Gravy) with Steamed Rice & Green Salad,Palak Paneer (Spinach Cottage Cheese) with 2 Whole Wheat Chapatis,Bhel Puri (Puffed Rice with Veggies & Tamarind Chutney),538,12.36,51.02,"Obesity, Diabetes, Heart Disease","Indian, Low Fat, Dash, Balanced"
1464,179.31,87.54,43.2,11.48,30.4,1327,Moong Dal Cheela with Paneer Stuffing & Mint Chutney,Malabar Fish Curry with Steamed Rice & Beetroot Thoran,Soya Chunks Curry with 1 cup Brown Rice & Fresh Salad,Roasted Chana (Bhuna Chana - 50g) with Masala Chai,621,15.53,36.43,"Obesity, Hypertension, Diabetes, Heart Disease","Indian, Low Fat, Dash, Balanced"
1517,199.33,62.9,51.94,11.41,37.54,1395,Moong Dal Cheela with Paneer Stuffing & Mint Chutney,Baingan Bharta with 2 Bajra Rotis & Plain Dahi,Lauki Chana Dal Curry with 2 Phulkas & Cucumber Tomato Salad,Roasted Makhana (Foxnuts - 30g) with Green Tea,687,15.84,52.16,"Obesity, Hypertension, Heart Disease, Kidney Disease","Indian, Vegetarian, Balanced"
1728,199.73,72.64,72.74,15.95,28.29,1797,2 Methi Theplas with Fresh Curd (Dahi) & Mint Chutney,Malabar Fish Curry with Steamed Rice & Beetroot Thoran,Palak Paneer (Spinach Cottage Cheese) with 2 Whole Wheat Chapatis,1 Vegetable Samosa with Mint Chutney & Masala Chai,835,14.57,56.47,,"Indian, Traditional, Balanced"
1502,221.23,63.55,41.57,13.61,27.22,1571,Ragi Dosa (2 pcs) with Tomato Onion Chutney & Buttermilk,Fish Curry (Rohu in Mustard Gravy) with Steamed Rice & Green Salad,Aloo Gobi Matar Masala with 2 Whole Wheat Rotis & Plain Dahi,Khaman Dhokla (2 steamed pcs) with Green Coriander Chutney,633,12.88,65.65,"Obesity, Heart Disease","Indian, Low Fat, Dash, Balanced"
1547,203.49,74.8,49.73,10.35,22.3,1611,Ragi Dosa (2 pcs) with Tomato Onion Chutney & Buttermilk,Fish Curry (Rohu in Mustard Gravy) with Steamed Rice & Green Salad,"Moong Dal Khichdi with Desi Ghee, Curd & Roasted Papad",Paneer Tikka (3 grilled cubes) with Mint Coriander Chutney,827,12.38,39.06,"Obesity, Heart Disease","Indian, Traditional, Balanced"
1418,158.74,72.54,54.91,11.28,18.78,1460,Vegetable Upma with Roasted Cashews & Filter Coffee,Homestyle Chicken Curry with 2 Chapatis & Onion Salad,"Moong Dal Khichdi with Desi Ghee, Curd & Roasted Papad",Paneer Tikka (3 grilled cubes) with Mint Coriander Chutney,532,9.96,31.29,Obesity,"Indian, Low Carb, Traditional"
1503,173.66,86.53,52.24,26.12,22.59,1684,"Masala Dosa with Potato Filling, Sambar & Coconut Chutney",Malabar Fish Curry with Steamed Rice & Beetroot Thoran,Tandoori Chicken (2 pcs leg/thigh) with Mint Raita & Green Salad,"Fresh Fruit Chaat (Papaya, Apple, Guava & Chaat Masala)",408,10.99,93.39,Obesity,"Indian, Low Carb, Traditional"
1414,226.21,44.26,38.14,13.9,29.18,1656,2 Idlis with Sambhar (1 katori) & Coconut Chutney (2 tbsp),"South Indian Meals: Sambar, Rasam, Cabbage Poriyal & Steamed Rice",Lauki Chana Dal Curry with 2 Phulkas & Cucumber Tomato Salad,1 Vegetable Samosa with Mint Chutney & Masala Chai,358,10.94,52.44,"Obesity, Heart Disease","Indian, Low Fat, Dash, Balanced"
1473,198.77,69.26,45.26,13.16,34.63,1529,2 Methi Theplas with Fresh Curd (Dahi) & Mint Chutney,Bhindi Do Pyaza with 2 Whole Wheat Rotis & Dal Palak,Soya Chunks Curry with 1 cup Brown Rice & Fresh Salad,Khaman Dhokla (2 steamed pcs) with Green Coriander Chutney,643,16.4,55.79,"Obesity, Heart Disease","Indian, Low Fat, Dash, Balanced"
1736,234.28,79.01,54.55,12.23,31.74,1818,1 Crispy Aloo Paratha with Fresh Curd (Dahi) & Zeera Pickle,"South Indian Meals: Sambar, Rasam, Cabbage Poriyal & Steamed Rice",Soya Chunks Curry with 1 cup Brown Rice & Fresh Salad,Paneer Tikka (3 grilled cubes) with Mint Coriander Chutney,788,15.65,60.61,,"Indian, Vegetarian, Balanced"
1525,198.89,74.0,48.08,10.72,29.45,1447,Moong Dal Cheela with Paneer Stuffing & Mint Chutney,Malabar Fish Curry with Steamed Rice & Beetroot Thoran,"Mix Vegetable Subzi (Beans, Carrot, Peas) with 2 Chapatis & Dal Fry",Roasted Makhana (Foxnuts - 30g) with Green Tea,576,12.7,49.23,"Obesity, Heart Disease","Indian, Traditional, Balanced"
1514,233.99,42.96,45.65,14.63,28.33,1676,"Masala Dosa with Potato Filling, Sambar & Coconut Chutney","South Indian Meals: Sambar, Rasam, Cabbage Poriyal & Steamed Rice","Mix Vegetable Subzi (Beans, Carrot, Peas) with 2 Chapatis & Dal Fry",1 Vegetable Samosa with Mint Chutney & Masala Chai,361,11.2,56.76,"Obesity, Heart Disease","Indian, Low Fat, Dash, Balanced"
1466,170.68,79.38,51.52,12.38,26.67,1511,2 Methi Theplas with Fresh Curd (Dahi) & Mint Chutney,Homestyle Chicken Curry with 2 Chapatis & Onion Salad,Soya Chunks Curry with 1 cup Brown Rice & Fresh Salad,1 Vegetable Samosa with Mint Chutney & Masala Chai,511,14.47,36.14,"Obesity, Diabetes, Heart Disease","Indian, Low Carb, Traditional"
1539,171.1,85.24,58.05,9.87,24.4,1561,2 Methi Theplas with Fresh Curd (Dahi) & Mint Chutney,Hyderabadi Chicken Biryani with Mirchi ka Salan & Onion Raita,Soya Chunks Curry with 1 cup Brown Rice & Fresh Salad,Paneer Tikka (3 grilled cubes) with Mint Coriander Chutney,695,14.0,35.08,"Obesity, Diabetes","Indian, Low Carb, Traditional"
1569,201.6,56.81,61.94,9.54,29.74,1671,2 Idlis with Sambhar (1 katori) & Coconut Chutney (2 tbsp),Chole Masala (Spiced Chickpeas) with 1 Bhatura & Pickled Onions,Palak Paneer (Spinach Cottage Cheese) with 2 Whole Wheat Chapatis,Roasted Makhana (Foxnuts - 30g) with Green Tea,644,14.36,44.2,Obesity,"Indian, Vegetarian, Balanced"
1526,209.15,71.27,46.05,11.15,24.58,1590,"Masala Dosa with Potato Filling, Sambar & Coconut Chutney",Fish Curry (Rohu in Mustard Gravy) with Steamed Rice & Green Salad,Soya Chunks Curry with 1 cup Brown Rice & Fresh Salad,1 Vegetable Samosa with Mint Chutney & Masala Chai,413,13.61,36.55,"Obesity, Heart Disease","Indian, Low Fat, Dash, Balanced"
1715,244.04,58.4,57.21,15.74,37.02,1748,2 Idlis with Sambhar (1 katori) & Coconut Chutney (2 tbsp),Chole Masala (Spiced Chickpeas) with 1 Bhatura & Pickled Onions,Aloo Gobi Matar Masala with 2 Whole Wheat Rotis & Plain Dahi,Roasted Chana (Bhuna Chana - 50g) with Masala Chai,503,15.63,59.06,,"Indian, Vegetarian, Balanced"
1419,198.72,67.33,39.63,11.16,22.41,1380,2 Boiled Eggs with 2 Multigrain Toasts & Masala Chai,Dal Tadka (Yellow Lentil) with Steamed Basmati Rice & Cucumber Salad,Malabar Fish Curry with Steamed Rice & Beetroot Thoran,Roasted Makhana (Foxnuts - 30g) with Green Tea,398,11.45,24.33,"Obesity, Hypertension, Heart Disease, Kidney Disease","Indian, Low Fat, Dash, Balanced"
1398,183.08,56.5,49.41,13.48,29.55,1323,2 Boiled Eggs with 2 Multigrain Toasts & Masala Chai,Bhindi Do Pyaza with 2 Whole Wheat Rotis & Dal Palak,Aloo Gobi Matar Masala with 2 Whole Wheat Rotis & Plain Dahi,Roasted Makhana (Foxnuts - 30g) with Green Tea,571,12.48,60.99,"Obesity, Hypertension, Diabetes, Heart Disease, Kidney Disease","Indian, Traditional, Balanced"
1508,189.94,72.06,51.63,11.82,31.0,1483,Ragi Dosa (2 pcs) with Tomato Onion Chutney & Buttermilk,Baingan Bharta with 2 Bajra Rotis & Plain Dahi,Chicken Tikka Masala with 2 Whole Wheat Tandoori Rotis & Salad,Roasted Makhana (Foxnuts - 30g) with Green Tea,692,15.86,46.34,"Obesity, Diabetes, Heart Disease","Indian, Traditional, Balanced"
1629,216.16,64.04,57.44,13.1,33.21,1588,2 Methi Theplas with Fresh Curd (Dahi) & Mint Chutney,Rajma Masala (Kidney Beans Curry) with Jeera Rice & Kachumber,Aloo Gobi Matar Masala with 2 Whole Wheat Rotis & Plain Dahi,Paneer Tikka (3 grilled cubes) with Mint Coriander Chutney,751,14.03,68.38,,"Indian, Vegetarian, Balanced"
1422,197.13,50.52,48.9,13.1,24.14,1534,1 Crispy Aloo Paratha with Fresh Curd (Dahi) & Zeera Pickle,Dal Tadka (Yellow Lentil) with Steamed Basmati Rice & Cucumber Salad,Palak Paneer (Spinach Cottage Cheese) with 2 Whole Wheat Chapatis,Bhel Puri (Puffed Rice with Veggies & Tamarind Chutney),609,12.02,46.66,"Obesity, Heart Disease","Indian, Vegetarian, Balanced"
1711,202.34,64.17,73.15,17.75,32.94,1679,2 Methi Theplas with Fresh Curd (Dahi) & Mint Chutney,Paneer Butter Masala with 2 Whole Wheat Phulkas & Boondi Raita,Aloo Gobi Matar Masala with 2 Whole Wheat Rotis & Plain Dahi,"Sprouted Moong Chaat with Onion, Tomato, Lemon & Chaat Masala",907,13.8,77.75,,"Indian, Vegetarian, Balanced"
1661,225.99,69.86,54.74,28.33,37.91,1651,2 Methi Theplas with Fresh Curd (Dahi) & Mint Chutney,Chole Masala (Spiced Chickpeas) with 1 Bhatura & Pickled Onions,Soya Chunks Curry with 1 cup Brown Rice & Fresh Salad,"Fresh Fruit Chaat (Papaya, Apple, Guava & Chaat Masala)",610,18.1,96.91,,"Indian, Vegetarian, Balanced"
1699,190.08,87.5,65.15,14.53,27.71,1732,Vegetable Upma with Roasted Cashews & Filter Coffee,Homestyle Chicken Curry with 2 Chapatis & Onion Salad,"Mix Vegetable Subzi (Beans, Carrot, Peas) with 2 Chapatis & Dal Fry",Paneer Tikka (3 grilled cubes) with Mint Coriander Chutney,613,12.96,54.98,,"Indian, High Protein, Traditional"
1867,229.75,75.77,73.22,11.52,33.12,1927,"Masala Dosa with Potato Filling, Sambar & Coconut Chutney",Rajma Masala (Kidney Beans Curry) with Jeera Rice & Kachumber,Palak Paneer (Spinach Cottage Cheese) with 2 Whole Wheat Chapatis,Paneer Tikka (3 grilled cubes) with Mint Coriander Chutney,897,15.95,61.81,,"Indian, Vegetarian, Balanced"
1662,263.12,48.97,46.14,16.67,30.41,1772,"Masala Dosa with Potato Filling, Sambar & Coconut Chutney",Dal Tadka (Yellow Lentil) with Steamed Basmati Rice & Cucumber Salad,Aloo Gobi Matar Masala with 2 Whole Wheat Rotis & Plain Dahi,Bhel Puri (Puffed Rice with Veggies & Tamarind Chutney),400,12.79,63.87,Heart Disease,"Indian, Low Fat, Dash, Balanced"
1501,220.53,65.75,40.51,13.5,29.5,1527,"Poha with Peanuts, Curry Leaves & Lemon with Green Tea",Malabar Fish Curry with Steamed Rice & Beetroot Thoran,"Mix Vegetable Subzi (Beans, Carrot, Peas) with 2 Chapatis & Dal Fry","Sprouted Moong Chaat with Onion, Tomato, Lemon & Chaat Masala",387,14.75,72.61,"Obesity, Heart Disease","Indian, Low Fat, Dash, Balanced"
1520,160.09,87.24,59.72,12.68,21.23,1592,Moong Dal Cheela with Paneer Stuffing & Mint Chutney,Malabar Fish Curry with Steamed Rice & Beetroot Thoran,Chicken Tikka Masala with 2 Whole Wheat Tandoori Rotis & Salad,1 Vegetable Samosa with Mint Chutney & Masala Chai,510,11.51,41.73,"Obesity, Diabetes","Indian, Low Carb, Traditional"
1332,141.19,76.41,51.85,15.3,27.11,1568,Besan Chilla (2 savory gram flour pancakes) with Green Coriander Chutney,Baingan Bharta with 2 Bajra Rotis & Plain Dahi,Tandoori Chicken (2 pcs leg/thigh) with Mint Raita & Green Salad,Bhel Puri (Puffed Rice with Veggies & Tamarind Chutney),467,14.07,50.91,"Obesity, Heart Disease","Indian, Low Carb, Traditional"
1522,226.08,65.4,40.79,17.27,26.55,1608,Vegetable Upma with Roasted Cashews & Filter Coffee,Fish Curry (Rohu in Mustard Gravy) with Steamed Rice & Green Salad,Lauki Chana Dal Curry with 2 Phulkas & Cucumber Tomato Salad,Bhel Puri (Puffed Rice with Veggies & Tamarind Chutney),369,12.41,49.32,"Obesity, Heart Disease","Indian, Low Fat, Dash, Balanced"
1533,206.77,73.86,45.88,10.8,22.94,1492,Vegetable Upma with Roasted Cashews & Filter Coffee,Dal Tadka (Yellow Lentil) with Steamed Basmati Rice & Cucumber Salad,Chicken Tikka Masala with 2 Whole Wheat Tandoori Rotis & Salad,Roasted Makhana (Foxnuts - 30g) with Green Tea,344,11.62,33.33,"Obesity, Heart Disease","Indian, Low Fat, Dash, Balanced"
1472,169.17,87.56,50.45,12.47,23.69,1669,Besan Chilla (2 savory gram flour pancakes) with Green Coriander Chutney,Malabar Fish Curry with Steamed Rice & Beetroot Thoran,Chicken Tikka Masala with 2 Whole Wheat Tandoori Rotis & Salad,Khaman Dhokla (2 steamed pcs) with Green Coriander Chutney,345,12.56,47.28,"Obesity, Diabetes, Heart Disease","Indian, Low Carb, Traditional"
1551,172.22,64.68,69.23,12.73,26.68,1668,2 Idlis with Sambhar (1 katori) & Coconut Chutney (2 tbsp),Paneer Butter Masala with 2 Whole Wheat Phulkas & Boondi Raita,Lauki Chana Dal Curry with 2 Phulkas & Cucumber Tomato Salad,Paneer Tikka (3 grilled cubes) with Mint Coriander Chutney,842,10.92,42.45,"Obesity, Diabetes","Indian, Low Carb, Traditional"
1518,228.08,69.66,37.62,13.06,29.7,1652,Ragi Dosa (2 pcs) with Tomato Onion Chutney & Buttermilk,Fish Curry (Rohu in Mustard Gravy) with Steamed Rice & Green Salad,Lauki Chana Dal Curry with 2 Phulkas & Cucumber Tomato Salad,Khaman Dhokla (2 steamed pcs) with Green Coriander Chutney,597,14.07,51.8,"Obesity, Heart Disease","Indian, Low Fat, Dash, Balanced"
1255,141.09,77.33,43.07,11.42,26.31,1432,Ragi Dosa (2 pcs) with Tomato Onion Chutney & Buttermilk,Bhindi Do Pyaza with 2 Whole Wheat Rotis & Dal Palak,Tandoori Chicken (2 pcs leg/thigh) with Mint Raita & Green Salad,"Sprouted Moong Chaat with Onion, Tomato, Lemon & Chaat Masala",658,13.01,64.5,"Obesity, Diabetes, Heart Disease","Indian, Low Fat, Dash, Balanced"
1403,162.62,78.42,48.27,10.65,24.38,1632,2 Idlis with Sambhar (1 katori) & Coconut Chutney (2 tbsp),Homestyle Chicken Curry with 2 Chapatis & Onion Salad,Egg Curry (2 Eggs) with 1.5 Whole Wheat Rotis & Kachumber Salad,"Sprouted Moong Chaat with Onion, Tomato, Lemon & Chaat Masala",350,12.44,52.75,"Obesity, Diabetes, Heart Disease","Indian, Low Carb, Traditional"
1786,243.96,48.77,70.45,16.26,31.21,1887,"Masala Dosa with Potato Filling, Sambar & Coconut Chutney",Chole Masala (Spiced Chickpeas) with 1 Bhatura & Pickled Onions,Aloo Gobi Matar Masala with 2 Whole Wheat Rotis & Plain Dahi,1 Vegetable Samosa with Mint Chutney & Masala Chai,459,13.95,62.22,,"Indian, Vegetarian, Balanced"
1487,199.62,60.16,50.54,15.21,30.72,1541,2 Methi Theplas with Fresh Curd (Dahi) & Mint Chutney,Baingan Bharta with 2 Bajra Rotis & Plain Dahi,Malabar Fish Curry with Steamed Rice & Beetroot Thoran,Khaman Dhokla (2 steamed pcs) with Green Coriander Chutney,579,14.52,49.07,"Obesity, Heart Disease","Indian, Traditional, Balanced"
1510,138.9,100.76,61.3,8.86,20.74,1631,Moong Dal Cheela with Paneer Stuffing & Mint Chutney,Dal Tadka (Yellow Lentil) with Steamed Basmati Rice & Cucumber Salad,Tandoori Chicken (2 pcs leg/thigh) with Mint Raita & Green Salad,Paneer Tikka (3 grilled cubes) with Mint Coriander Chutney,732,11.37,41.97,"Obesity, Diabetes","Indian, Low Carb, Traditional"
1655,153.38,88.02,78.41,12.43,20.57,1723,1 Crispy Aloo Paratha with Fresh Curd (Dahi) & Zeera Pickle,Paneer Butter Masala with 2 Whole Wheat Phulkas & Boondi Raita,Tandoori Chicken (2 pcs leg/thigh) with Mint Raita & Green Salad,Roasted Makhana (Foxnuts - 30g) with Green Tea,814,11.07,36.44,Diabetes,"Indian, Low Carb, Traditional"
1645,265.07,54.96,40.57,14.93,35.7,1828,"Masala Dosa with Potato Filling, Sambar & Coconut Chutney","South Indian Meals: Sambar, Rasam, Cabbage Poriyal & Steamed Rice","Mix Vegetable Subzi (Beans, Carrot, Peas) with 2 Chapatis & Dal Fry","Sprouted Moong Chaat with Onion, Tomato, Lemon & Chaat Masala",404,13.96,80.39,Heart Disease,"Indian, Low Fat, Dash, Balanced"
1417,216.5,51.85,39.05,12.51,28.34,1507,2 Methi Theplas with Fresh Curd (Dahi) & Mint Chutney,Rajma Masala (Kidney Beans Curry) with Jeera Rice & Kachumber,"Moong Dal Khichdi with Desi Ghee, Curd & Roasted Papad",Khaman Dhokla (2 steamed pcs) with Green Coriander Chutney,463,12.61,35.07,"Obesity, Heart Disease","Indian, Low Fat, Dash, Balanced"
1699,208.56,79.34,62.03,12.9,23.01,2000,2 Idlis with Sambhar (1 katori) & Coconut Chutney (2 tbsp),Hyderabadi Chicken Biryani with Mirchi ka Salan & Onion Raita,Egg Curry (2 Eggs) with 1.5 Whole Wheat Rotis & Kachumber Salad,Khaman Dhokla (2 steamed pcs) with Green Coriander Chutney,406,12.47,40.64,,"Indian, Traditional, Balanced"
1553,218.2,83.95,38.16,12.76,33.14,1558,2 Idlis with Sambhar (1 katori) & Coconut Chutney (2 tbsp),Malabar Fish Curry with Steamed Rice & Beetroot Thoran,Soya Chunks Curry with 1 cup Brown Rice & Fresh Salad,Roasted Chana (Bhuna Chana - 50g) with Masala Chai,505,16.31,35.44,"Obesity, Heart Disease","Indian, Low Fat, Dash, Balanced"
1397,178.1,62.57,49.1,22.63,30.78,1338,Moong Dal Cheela with Paneer Stuffing & Mint Chutney,Rajma Masala (Kidney Beans Curry) with Jeera Rice & Kachumber,Palak Paneer (Spinach Cottage Cheese) with 2 Whole Wheat Chapatis,"Fresh Fruit Chaat (Papaya, Apple, Guava & Chaat Masala)",725,13.19,96.1,"Obesity, Hypertension, Heart Disease, Kidney Disease","Indian, Vegetarian, Balanced"
1403,181.09,52.19,52.57,11.93,25.44,1566,"Masala Dosa with Potato Filling, Sambar & Coconut Chutney",Bhindi Do Pyaza with 2 Whole Wheat Rotis & Dal Palak,Egg Curry (2 Eggs) with 1.5 Whole Wheat Rotis & Kachumber Salad,Khaman Dhokla (2 steamed pcs) with Green Coriander Chutney,417,11.84,54.71,"Obesity, Diabetes","Indian, Traditional, Balanced"
1591,165.25,75.06,71.74,11.9,24.9,1568,1 Crispy Aloo Paratha with Fresh Curd (Dahi) & Zeera Pickle,Paneer Butter Masala with 2 Whole Wheat Phulkas & Boondi Raita,Soya Chunks Curry with 1 cup Brown Rice & Fresh Salad,Paneer Tikka (3 grilled cubes) with Mint Coriander Chutney,941,13.19,38.27,"Obesity, Diabetes","Indian, Low Carb, Traditional"
1614,221.43,81.54,46.0,14.12,27.64,1826,2 Idlis with Sambhar (1 katori) & Coconut Chutney (2 tbsp),Hyderabadi Chicken Biryani with Mirchi ka Salan & Onion Raita,Soya Chunks Curry with 1 cup Brown Rice & Fresh Salad,Bhel Puri (Puffed Rice with Veggies & Tamarind Chutney),444,14.91,35.54,Heart Disease,"Indian, Low Fat, Dash, Balanced"
1798,217.48,78.9,70.65,15.05,28.22,2069,2 Idlis with Sambhar (1 katori) & Coconut Chutney (2 tbsp),Chole Masala (Spiced Chickpeas) with 1 Bhatura & Pickled Onions,Chicken Tikka Masala with 2 Whole Wheat Tandoori Rotis & Salad,1 Vegetable Samosa with Mint Chutney & Masala Chai,408,14.53,42.64,,"Indian, Traditional, Balanced"
1562,170.68,56.83,74.54,16.34,23.6,1643,1 Crispy Aloo Paratha with Fresh Curd (Dahi) & Zeera Pickle,Paneer Butter Masala with 2 Whole Wheat Phulkas & Boondi Raita,Palak Paneer (Spinach Cottage Cheese) with 2 Whole Wheat Chapatis,Bhel Puri (Puffed Rice with Veggies & Tamarind Chutney),914,11.89,48.39,Obesity,"Indian, Low Carb, Traditional"
1555,201.13,67.7,54.95,15.86,33.59,1685,2 Boiled Eggs with 2 Multigrain Toasts & Masala Chai,Chole Masala (Spiced Chickpeas) with 1 Bhatura & Pickled Onions,Lauki Chana Dal Curry with 2 Phulkas & Cucumber Tomato Salad,"Sprouted Moong Chaat with Onion, Tomato, Lemon & Chaat Masala",456,15.86,51.84,Obesity,"Indian, Traditional, Balanced"
1681,185.2,62.0,78.31,18.22,23.15,1802,1 Crispy Aloo Paratha with Fresh Curd (Dahi) & Zeera Pickle,Paneer Butter Masala with 2 Whole Wheat Phulkas & Boondi Raita,Egg Curry (2 Eggs) with 1.5 Whole Wheat Rotis & Kachumber Salad,Bhel Puri (Puffed Rice with Veggies & Tamarind Chutney),762,12.08,46.4,,"Indian, Traditional, Balanced"
1568,195.06,73.41,56.0,11.54,32.72,1479,"Poha with Peanuts, Curry Leaves & Lemon with Green Tea",Baingan Bharta with 2 Bajra Rotis & Plain Dahi,Soya Chunks Curry with 1 cup Brown Rice & Fresh Salad,Paneer Tikka (3 grilled cubes) with Mint Coriander Chutney,747,18.88,56.63,Obesity,"Indian, Vegetarian, Balanced"
1414,156.88,60.39,61.88,12.75,23.45,1563,2 Idlis with Sambhar (1 katori) & Coconut Chutney (2 tbsp),Paneer Butter Masala with 2 Whole Wheat Phulkas & Boondi Raita,Egg Curry (2 Eggs) with 1.5 Whole Wheat Rotis & Kachumber Salad,"Sprouted Moong Chaat with Onion, Tomato, Lemon & Chaat Masala",629,11.07,48.11,"Obesity, Diabetes","Indian, Low Carb, Traditional"
1885,198.3,87.14,85.19,17.49,25.43,2086,2 Idlis with Sambhar (1 katori) & Coconut Chutney (2 tbsp),Paneer Butter Masala with 2 Whole Wheat Phulkas & Boondi Raita,Chicken Tikka Masala with 2 Whole Wheat Tandoori Rotis & Salad,1 Vegetable Samosa with Mint Chutney & Masala Chai,733,12.6,41.4,,"Indian, High Protein, Traditional"
1670,230.32,67.03,53.62,13.74,32.2,1703,Moong Dal Cheela with Paneer Stuffing & Mint Chutney,Dal Tadka (Yellow Lentil) with Steamed Basmati Rice & Cucumber Salad,Lauki Chana Dal Curry with 2 Phulkas & Cucumber Tomato Salad,1 Vegetable Samosa with Mint Chutney & Masala Chai,568,13.63,47.47,,"Indian, Vegetarian, Balanced"
1607,180.14,85.72,59.41,13.26,31.19,1570,Ragi Dosa (2 pcs) with Tomato Onion Chutney & Buttermilk,Homestyle Chicken Curry with 2 Chapatis & Onion Salad,Palak Paneer (Spinach Cottage Cheese) with 2 Whole Wheat Chapatis,Roasted Chana (Bhuna Chana - 50g) with Masala Chai,897,16.44,49.75,Diabetes,"Indian, High Protein, Traditional"
1445,188.56,72.28,45.92,25.95,30.01,1602,2 Idlis with Sambhar (1 katori) & Coconut Chutney (2 tbsp),Bhindi Do Pyaza with 2 Whole Wheat Rotis & Dal Palak,Chicken Tikka Masala with 2 Whole Wheat Tandoori Rotis & Salad,"Fresh Fruit Chaat (Papaya, Apple, Guava & Chaat Masala)",444,12.27,105.43,"Obesity, Heart Disease","Indian, Low Fat, Dash, Balanced"
1412,151.8,66.91,59.47,13.71,18.61,1489,Vegetable Upma with Roasted Cashews & Filter Coffee,Homestyle Chicken Curry with 2 Chapatis & Onion Salad,Egg Curry (2 Eggs) with 1.5 Whole Wheat Rotis & Kachumber Salad,1 Vegetable Samosa with Mint Chutney & Masala Chai,350,10.53,37.31,Obesity,"Indian, Low Carb, Traditional"
1336,182.25,51.18,45.23,13.69,35.13,1360,Besan Chilla (2 savory gram flour pancakes) with Green Coriander Chutney,Baingan Bharta with 2 Bajra Rotis & Plain Dahi,Aloo Gobi Matar Masala with 2 Whole Wheat Rotis & Plain Dahi,"Sprouted Moong Chaat with Onion, Tomato, Lemon & Chaat Masala",506,14.92,79.41,"Obesity, Hypertension, Diabetes, Heart Disease, Kidney Disease","Indian, Low Fat, Dash, Balanced"
1780,220.36,76.14,67.41,20.49,28.44,1831,2 Boiled Eggs with 2 Multigrain Toasts & Masala Chai,Malabar Fish Curry with Steamed Rice & Beetroot Thoran,Aloo Gobi Matar Masala with 2 Whole Wheat Rotis & Plain Dahi,1 Vegetable Samosa with Mint Chutney & Masala Chai,590,13.66,60.58,,"Indian, Traditional, Balanced"
1411,219.33,45.36,40.19,12.06,25.45,1435,"Poha with Peanuts, Curry Leaves & Lemon with Green Tea",Dal Tadka (Yellow Lentil) with Steamed Basmati Rice & Cucumber Salad,Lauki Chana Dal Curry with 2 Phulkas & Cucumber Tomato Salad,1 Vegetable Samosa with Mint Chutney & Masala Chai,310,12.54,45.26,"Obesity, Heart Disease","Indian, Low Fat, Dash, Balanced"
1228,160.67,48.22,44.93,7.83,26.33,1281,2 Idlis with Sambhar (1 katori) & Coconut Chutney (2 tbsp),Bhindi Do Pyaza with 2 Whole Wheat Rotis & Dal Palak,Palak Paneer (Spinach Cottage Cheese) with 2 Whole Wheat Chapatis,Roasted Makhana (Foxnuts - 30g) with Green Tea,625,11.39,50.18,"Obesity, Hypertension, Diabetes, Heart Disease, Kidney Disease","Indian, Low Fat, Dash, Balanced"
1497,198.53,57.3,54.4,15.34,31.71,1720,2 Idlis with Sambhar (1 katori) & Coconut Chutney (2 tbsp),Bhindi Do Pyaza with 2 Whole Wheat Rotis & Dal Palak,Palak Paneer (Spinach Cottage Cheese) with 2 Whole Wheat Chapatis,Bhel Puri (Puffed Rice with Veggies & Tamarind Chutney),725,14.09,67.15,Obesity,"Indian, Vegetarian, Balanced"
1857,225.05,78.35,72.97,10.12,26.15,1894,"Masala Dosa with Potato Filling, Sambar & Coconut Chutney",Hyderabadi Chicken Biryani with Mirchi ka Salan & Onion Raita,Palak Paneer (Spinach Cottage Cheese) with 2 Whole Wheat Chapatis,Roasted Makhana (Foxnuts - 30g) with Green Tea,691,14.1,45.31,,"Indian, Traditional, Balanced"
1834,228.16,74.75,71.17,13.67,25.93,1953,"Masala Dosa with Potato Filling, Sambar & Coconut Chutney",Fish Curry (Rohu in Mustard Gravy) with Steamed Rice & Green Salad,Palak Paneer (Spinach Cottage Cheese) with 2 Whole Wheat Chapatis,1 Vegetable Samosa with Mint Chutney & Masala Chai,691,14.1,55.55,,"Indian, Traditional, Balanced"
1248,166.15,45.68,45.07,27.34,29.72,1195,2 Boiled Eggs with 2 Multigrain Toasts & Masala Chai,Baingan Bharta with 2 Bajra Rotis & Plain Dahi,Aloo Gobi Matar Masala with 2 Whole Wheat Rotis & Plain Dahi,"Fresh Fruit Chaat (Papaya, Apple, Guava & Chaat Masala)",520,12.35,95.78,"Obesity, Hypertension, Heart Disease, Kidney Disease","Indian, Low Fat, Dash, Balanced"
1409,178.86,68.1,46.32,9.46,23.26,1409,2 Methi Theplas with Fresh Curd (Dahi) & Mint Chutney,Homestyle Chicken Curry with 2 Chapatis & Onion Salad,"Moong Dal Khichdi with Desi Ghee, Curd & Roasted Papad",Roasted Makhana (Foxnuts - 30g) with Green Tea,469,11.53,27.4,"Obesity, Diabetes, Heart Disease","Indian, Low Fat, Dash, Balanced"
1484,237.29,48.92,38.06,10.97,24.08,1408,Vegetable Upma with Roasted Cashews & Filter Coffee,Dal Tadka (Yellow Lentil) with Steamed Basmati Rice & Cucumber Salad,"Moong Dal Khichdi with Desi Ghee, Curd & Roasted Papad",Roasted Makhana (Foxnuts - 30g) with Green Tea,389,10.86,24.3,"Obesity, Heart Disease","Indian, Low Fat, Dash, Balanced"
1749,113.5,113.71,95.25,16.62,19.22,1906,2 Boiled Eggs with 2 Multigrain Toasts & Masala Chai,Paneer Butter Masala with 2 Whole Wheat Phulkas & Boondi Raita,Tandoori Chicken (2 pcs leg/thigh) with Mint Raita & Green Salad,Paneer Tikka (3 grilled cubes) with Mint Coriander Chutney,1034,12.06,35.62,,"Indian, Low Carb, Traditional"
1481,214.21,56.63,45.59,14.63,24.95,1472,Vegetable Upma with Roasted Cashews & Filter Coffee,Rajma Masala (Kidney Beans Curry) with Jeera Rice & Kachumber,Malabar Fish Curry with Steamed Rice & Beetroot Thoran,1 Vegetable Samosa with Mint Chutney & Masala Chai,371,11.58,38.5,"Obesity, Heart Disease","Indian, Low Fat, Dash, Balanced"
1455,218.22,64.05,36.77,25.36,29.1,1485,Besan Chilla (2 savory gram flour pancakes) with Green Coriander Chutney,Dal Tadka (Yellow Lentil) with Steamed Basmati Rice & Cucumber Salad,Malabar Fish Curry with Steamed Rice & Beetroot Thoran,"Fresh Fruit Chaat (Papaya, Apple, Guava & Chaat Masala)",357,12.33,94.06,"Obesity, Heart Disease","Indian, Low Fat, Dash, Balanced"
1444,173.48,52.94,61.59,9.75,27.52,1431,2 Methi Theplas with Fresh Curd (Dahi) & Mint Chutney,Chole Masala (Spiced Chickpeas) with 1 Bhatura & Pickled Onions,Palak Paneer (Spinach Cottage Cheese) with 2 Whole Wheat Chapatis,Roasted Makhana (Foxnuts - 30g) with Green Tea,688,13.85,42.64,"Obesity, Diabetes","Indian, Low Carb, Traditional"
1406,190.83,61.52,44.18,10.78,34.78,1283,2 Methi Theplas with Fresh Curd (Dahi) & Mint Chutney,Baingan Bharta with 2 Bajra Rotis & Plain Dahi,Soya Chunks Curry with 1 cup Brown Rice & Fresh Salad,Roasted Makhana (Foxnuts - 30g) with Green Tea,647,17.14,40.16,"Obesity, Hypertension, Diabetes, Heart Disease, Kidney Disease","Indian, Low Fat, Dash, Balanced"
1419,181.97,47.53,56.49,9.89,29.22,1387,"Masala Dosa with Potato Filling, Sambar & Coconut Chutney",Baingan Bharta with 2 Bajra Rotis & Plain Dahi,Palak Paneer (Spinach Cottage Cheese) with 2 Whole Wheat Chapatis,Roasted Makhana (Foxnuts - 30g) with Green Tea,668,13.96,47.9,"Obesity, Hypertension, Diabetes, Kidney Disease","Indian, Vegetarian, Balanced"
1725,221.46,87.31,56.0,27.9,28.21,1799,Besan Chilla (2 savory gram flour pancakes) with Green Coriander Chutney,Hyderabadi Chicken Biryani with Mirchi ka Salan & Onion Raita,Malabar Fish Curry with Steamed Rice & Beetroot Thoran,"Fresh Fruit Chaat (Papaya, Apple, Guava & Chaat Masala)",432,13.42,98.81,,"Indian, High Protein, Traditional"
1626,200.48,92.08,50.01,15.89,31.68,1727,2 Methi Theplas with Fresh Curd (Dahi) & Mint Chutney,Homestyle Chicken Curry with 2 Chapatis & Onion Salad,Soya Chunks Curry with 1 cup Brown Rice & Fresh Salad,Bhel Puri (Puffed Rice with Veggies & Tamarind Chutney),559,17.17,45.14,Heart Disease,"Indian, High Protein, Traditional"
1692,156.82,97.44,76.11,14.12,26.44,1722,Moong Dal Cheela with Paneer Stuffing & Mint Chutney,Paneer Butter Masala with 2 Whole Wheat Phulkas & Boondi Raita,Chicken Tikka Masala with 2 Whole Wheat Tandoori Rotis & Salad,"Sprouted Moong Chaat with Onion, Tomato, Lemon & Chaat Masala",836,13.32,55.98,,"Indian, Low Carb, Traditional"
1535,249.29,52.3,36.36,14.01,28.34,1497,"Poha with Peanuts, Curry Leaves & Lemon with Green Tea","South Indian Meals: Sambar, Rasam, Cabbage Poriyal & Steamed Rice","Moong Dal Khichdi with Desi Ghee, Curd & Roasted Papad",Roasted Chana (Bhuna Chana - 50g) with Masala Chai,419,14.01,49.62,"Obesity, Heart Disease","Indian, Low Fat, Dash, Balanced"
1619,218.77,64.66,54.48,11.37,26.21,1668,2 Methi Theplas with Fresh Curd (Dahi) & Mint Chutney,Dal Tadka (Yellow Lentil) with Steamed Basmati Rice & Cucumber Salad,"Moong Dal Khichdi with Desi Ghee, Curd & Roasted Papad",Paneer Tikka (3 grilled cubes) with Mint Coriander Chutney,722,12.45,35.74,,"Indian, Vegetarian, Balanced"
1767,202.94,82.67,70.13,14.48,24.42,1945,2 Methi Theplas with Fresh Curd (Dahi) & Mint Chutney,Hyderabadi Chicken Biryani with Mirchi ka Salan & Onion Raita,Egg Curry (2 Eggs) with 1.5 Whole Wheat Rotis & Kachumber Salad,Khaman Dhokla (2 steamed pcs) with Green Coriander Chutney,546,13.83,44.85,,"Indian, Traditional, Balanced"
1652,182.36,75.26,70.57,10.98,24.26,1737,"Masala Dosa with Potato Filling, Sambar & Coconut Chutney",Malabar Fish Curry with Steamed Rice & Beetroot Thoran,Palak Paneer (Spinach Cottage Cheese) with 2 Whole Wheat Chapatis,Paneer Tikka (3 grilled cubes) with Mint Coriander Chutney,825,12.78,54.9,Diabetes,"Indian, Traditional, Balanced"
1559,176.17,80.42,60.48,10.36,26.09,1681,Besan Chilla (2 savory gram flour pancakes) with Green Coriander Chutney,Hyderabadi Chicken Biryani with Mirchi ka Salan & Onion Raita,Lauki Chana Dal Curry with 2 Phulkas & Cucumber Tomato Salad,Paneer Tikka (3 grilled cubes) with Mint Coriander Chutney,555,12.6,46.32,"Obesity, Diabetes","Indian, Traditional, Balanced"
1306,171.07,63.7,41.16,7.96,22.55,1190,Moong Dal Cheela with Paneer Stuffing & Mint Chutney,Fish Curry (Rohu in Mustard Gravy) with Steamed Rice & Green Salad,Aloo Gobi Matar Masala with 2 Whole Wheat Rotis & Plain Dahi,Roasted Makhana (Foxnuts - 30g) with Green Tea,514,10.2,51.27,"Obesity, Hypertension, Diabetes, Heart Disease, Kidney Disease","Indian, Low Fat, Dash, Balanced"
1677,236.36,55.09,57.76,16.88,38.99,1677,1 Crispy Aloo Paratha with Fresh Curd (Dahi) & Zeera Pickle,Baingan Bharta with 2 Bajra Rotis & Plain Dahi,Aloo Gobi Matar Masala with 2 Whole Wheat Rotis & Plain Dahi,"Sprouted Moong Chaat with Onion, Tomato, Lemon & Chaat Masala",692,16.66,90.63,,"Indian, Vegetarian, Balanced"
1559,239.78,67.34,37.98,15.76,29.03,1802,2 Idlis with Sambhar (1 katori) & Coconut Chutney (2 tbsp),Fish Curry (Rohu in Mustard Gravy) with Steamed Rice & Green Salad,"Mix Vegetable Subzi (Beans, Carrot, Peas) with 2 Chapatis & Dal Fry",Bhel Puri (Puffed Rice with Veggies & Tamarind Chutney),376,12.84,53.31,"Obesity, Heart Disease","Indian, Low Fat, Dash, Balanced"
1653,195.53,93.9,56.54,11.64,21.81,1751,"Poha with Peanuts, Curry Leaves & Lemon with Green Tea",Hyderabadi Chicken Biryani with Mirchi ka Salan & Onion Raita,Chicken Tikka Masala with 2 Whole Wheat Tandoori Rotis & Salad,"Sprouted Moong Chaat with Onion, Tomato, Lemon & Chaat Masala",359,14.38,57.12,,"Indian, High Protein, Traditional"
1412,201.05,47.25,47.82,24.94,27.48,1487,1 Crispy Aloo Paratha with Fresh Curd (Dahi) & Zeera Pickle,"South Indian Meals: Sambar, Rasam, Cabbage Poriyal & Steamed Rice",Palak Paneer (Spinach Cottage Cheese) with 2 Whole Wheat Chapatis,"Fresh Fruit Chaat (Papaya, Apple, Guava & Chaat Masala)",666,11.39,107.11,"Obesity, Heart Disease","Indian, Low Fat, Dash, Balanced"
1481,209.33,67.78,39.99,11.7,33.18,1374,Moong Dal Cheela with Paneer Stuffing & Mint Chutney,Dal Tadka (Yellow Lentil) with Steamed Basmati Rice & Cucumber Salad,Lauki Chana Dal Curry with 2 Phulkas & Cucumber Tomato Salad,Roasted Chana (Bhuna Chana - 50g) with Masala Chai,536,13.84,39.59,"Obesity, Hypertension, Heart Disease, Kidney Disease","Indian, Low Fat, Dash, Balanced"
1571,125.89,77.98,85.21,14.94,19.28,1615,2 Boiled Eggs with 2 Multigrain Toasts & Masala Chai,Paneer Butter Masala with 2 Whole Wheat Phulkas & Boondi Raita,Egg Curry (2 Eggs) with 1.5 Whole Wheat Rotis & Kachumber Salad,Paneer Tikka (3 grilled cubes) with Mint Coriander Chutney,898,11.28,34.31,Obesity,"Indian, Low Carb, Traditional"
1402,168.2,71.01,50.83,12.15,18.58,1393,Vegetable Upma with Roasted Cashews & Filter Coffee,Malabar Fish Curry with Steamed Rice & Beetroot Thoran,Malabar Fish Curry with Steamed Rice & Beetroot Thoran,Paneer Tikka (3 grilled cubes) with Mint Coriander Chutney,531,9.74,39.66,"Obesity, Hypertension, Kidney Disease","Indian, Low Carb, Traditional"
1657,244.06,54.75,52.42,14.3,31.03,1840,"Masala Dosa with Potato Filling, Sambar & Coconut Chutney",Bhindi Do Pyaza with 2 Whole Wheat Rotis & Dal Palak,"Moong Dal Khichdi with Desi Ghee, Curd & Roasted Papad",Khaman Dhokla (2 steamed pcs) with Green Coriander Chutney,507,13.3,53.53,,"Indian, Vegetarian, Balanced"
1345,163.08,74.71,44.01,10.23,23.73,1354,2 Boiled Eggs with 2 Multigrain Toasts & Masala Chai,Dal Tadka (Yellow Lentil) with Steamed Basmati Rice & Cucumber Salad,Soya Chunks Curry with 1 cup Brown Rice & Fresh Salad,Paneer Tikka (3 grilled cubes) with Mint Coriander Chutney,590,13.23,26.72,"Obesity, Hypertension, Diabetes, Heart Disease, Kidney Disease","Indian, Low Fat, Dash, Balanced"
1499,215.01,61.12,44.88,10.72,27.7,1489,1 Crispy Aloo Paratha with Fresh Curd (Dahi) & Zeera Pickle,Malabar Fish Curry with Steamed Rice & Beetroot Thoran,Lauki Chana Dal Curry with 2 Phulkas & Cucumber Tomato Salad,Roasted Makhana (Foxnuts - 30g) with Green Tea,469,12.08,43.94,"Obesity, Heart Disease","Indian, Low Fat, Dash, Balanced"
1245,172.32,46.9,41.53,9.72,29.72,1200,Besan Chilla (2 savory gram flour pancakes) with Green Coriander Chutney,Bhindi Do Pyaza with 2 Whole Wheat Rotis & Dal Palak,Aloo Gobi Matar Masala with 2 Whole Wheat Rotis & Plain Dahi,Roasted Makhana (Foxnuts - 30g) with Green Tea,462,11.72,66.8,"Obesity, Hypertension, Diabetes, Heart Disease, Kidney Disease","Indian, Low Fat, Dash, Balanced"
1609,204.85,87.7,50.76,10.03,21.74,1752,2 Idlis with Sambhar (1 katori) & Coconut Chutney (2 tbsp),Fish Curry (Rohu in Mustard Gravy) with Steamed Rice & Green Salad,Malabar Fish Curry with Steamed Rice & Beetroot Thoran,Paneer Tikka (3 grilled cubes) with Mint Coriander Chutney,584,11.4,44.11,,"Indian, High Protein, Traditional"
1487,245.85,51.92,33.1,9.63,31.37,1558,2 Idlis with Sambhar (1 katori) & Coconut Chutney (2 tbsp),Dal Tadka (Yellow Lentil) with Steamed Basmati Rice & Cucumber Salad,"Mix Vegetable Subzi (Beans, Carrot, Peas) with 2 Chapatis & Dal Fry",Roasted Makhana (Foxnuts - 30g) with Green Tea,360,12.22,40.78,"Obesity, Heart Disease","Indian, Low Fat, Dash, Balanced"
1570,244.1,54.65,41.8,10.28,28.16,1531,2 Methi Theplas with Fresh Curd (Dahi) & Mint Chutney,Dal Tadka (Yellow Lentil) with Steamed Basmati Rice & Cucumber Salad,"Moong Dal Khichdi with Desi Ghee, Curd & Roasted Papad",Roasted Makhana (Foxnuts - 30g) with Green Tea,528,12.74,28.16,"Obesity, Heart Disease","Indian, Low Fat, Dash, Balanced"
1658,179.16,84.72,68.24,14.47,28.52,1548,2 Boiled Eggs with 2 Multigrain Toasts & Masala Chai,Paneer Butter Masala with 2 Whole Wheat Phulkas & Boondi Raita,Soya Chunks Curry with 1 cup Brown Rice & Fresh Salad,Roasted Makhana (Foxnuts - 30g) with Green Tea,847,15.42,25.14,,"Indian, Traditional, Balanced"
1603,218.35,79.3,46.49,15.71,27.79,1742,Vegetable Upma with Roasted Cashews & Filter Coffee,"South Indian Meals: Sambar, Rasam, Cabbage Poriyal & Steamed Rice",Chicken Tikka Masala with 2 Whole Wheat Tandoori Rotis & Salad,"Sprouted Moong Chaat with Onion, Tomato, Lemon & Chaat Masala",395,13.04,70.22,Heart Disease,"Indian, Low Fat, Dash, Balanced"
1323,217.77,43.48,32.01,24.33,31.82,1360,2 Idlis with Sambhar (1 katori) & Coconut Chutney (2 tbsp),Rajma Masala (Kidney Beans Curry) with Jeera Rice & Kachumber,Aloo Gobi Matar Masala with 2 Whole Wheat Rotis & Plain Dahi,"Fresh Fruit Chaat (Papaya, Apple, Guava & Chaat Masala)",378,11.29,101.95,"Obesity, Hypertension, Heart Disease, Kidney Disease","Indian, Low Fat, Dash, Balanced"
1485,168.4,92.94,48.81,10.98,20.92,1586,"Masala Dosa with Potato Filling, Sambar & Coconut Chutney",Fish Curry (Rohu in Mustard Gravy) with Steamed Rice & Green Salad,Tandoori Chicken (2 pcs leg/thigh) with Mint Raita & Green Salad,Roasted Chana (Bhuna Chana - 50g) with Masala Chai,398,11.94,35.25,"Obesity, Diabetes","Indian, Low Carb, Traditional"
1294,169.25,56.48,43.67,11.83,29.62,1352,Moong Dal Cheela with Paneer Stuffing & Mint Chutney,Bhindi Do Pyaza with 2 Whole Wheat Rotis & Dal Palak,"Mix Vegetable Subzi (Beans, Carrot, Peas) with 2 Chapatis & Dal Fry",Khaman Dhokla (2 steamed pcs) with Green Coriander Chutney,550,11.83,58.7,"Obesity, Hypertension, Diabetes, Heart Disease, Kidney Disease","Indian, Low Fat, Dash, Balanced"
1788,248.52,52.38,67.59,16.84,33.47,1967,2 Idlis with Sambhar (1 katori) & Coconut Chutney (2 tbsp),Chole Masala (Spiced Chickpeas) with 1 Bhatura & Pickled Onions,Aloo Gobi Matar Masala with 2 Whole Wheat Rotis & Plain Dahi,1 Vegetable Samosa with Mint Chutney & Masala Chai,492,14.34,63.79,,"Indian, Vegetarian, Balanced"
1464,171.77,90.75,47.2,10.89,22.06,1657,Besan Chilla (2 savory gram flour pancakes) with Green Coriander Chutney,Fish Curry (Rohu in Mustard Gravy) with Steamed Rice & Green Salad,Chicken Tikka Masala with 2 Whole Wheat Tandoori Rotis & Salad,Khaman Dhokla (2 steamed pcs) with Green Coriander Chutney,323,12.43,46.05,"Obesity, Diabetes, Heart Disease","Indian, Low Fat, Dash, Balanced"
